iteration,expanded_state,parent,action,generated_successors,frontier_before,frontier_after,explored,g,h,f
1,"(34, 16)",START,None,"[('(34, 15)', 'South', 1), ('(33, 16)', 'West', 1)]","['(34, 16)']","['(34, 15)', '(33, 16)']","['(34, 16)']",0,48,48
2,"(34, 15)","(34, 16)",South,"[('(34, 16)', 'North', 1), ('(34, 14)', 'South', 1)]","['(34, 15)', '(33, 16)']","['(33, 16)', '(34, 14)']","['(34, 15)', '(34, 16)']",1,47,48
3,"(33, 16)","(34, 16)",West,"[('(34, 16)', 'East', 1), ('(32, 16)', 'West', 1)]","['(33, 16)', '(34, 14)']","['(34, 14)', '(32, 16)']","['(34, 15)', '(34, 16)', '(33, 16)']",1,47,48
4,"(34, 14)","(34, 15)",South,"[('(34, 15)', 'North', 1), ('(33, 14)', 'West', 1)]","['(34, 14)', '(32, 16)']","['(32, 16)', '(33, 14)']","['(34, 15)', '(34, 16)', '(34, 14)', '(33, 16)']",2,46,48
5,"(32, 16)","(33, 16)",West,"[('(33, 16)', 'East', 1), ('(31, 16)', 'West', 1)]","['(32, 16)', '(33, 14)']","['(33, 14)', '(31, 16)']","['(33, 16)', '(34, 16)', '(32, 16)', '(34, 15)', '(34, 14)']",2,46,48
6,"(33, 14)","(34, 14)",West,"[('(34, 14)', 'East', 1), ('(32, 14)', 'West', 1)]","['(33, 14)', '(31, 16)']","['(31, 16)', '(32, 14)']","['(33, 16)', '(34, 16)', '(32, 16)', '(34, 15)', '(33, 14)', '(34, 14)']",3,45,48
7,"(31, 16)","(32, 16)",West,"[('(32, 16)', 'East', 1), ('(30, 16)', 'West', 1)]","['(31, 16)', '(32, 14)']","['(32, 14)', '(30, 16)']","['(33, 16)', '(34, 16)', '(31, 16)', '(32, 16)', '(34, 15)', '(33, 14)', '(34, 14)']",3,45,48
8,"(32, 14)","(33, 14)",West,"[('(33, 14)', 'East', 1), ('(31, 14)', 'West', 1)]","['(32, 14)', '(30, 16)']","['(30, 16)', '(31, 14)']","['(33, 16)', '(32, 14)', '(34, 16)', '(31, 16)', '(32, 16)', '(34, 15)', '(33, 14)', '(34, 14)']",4,44,48
9,"(30, 16)","(31, 16)",West,"[('(31, 16)', 'East', 1), ('(29, 16)', 'West', 1)]","['(30, 16)', '(31, 14)']","['(31, 14)', '(29, 16)']","['(33, 16)', '(32, 14)', '(34, 16)', '(30, 16)', '(31, 16)', '(32, 16)', '(34, 15)', '(33, 14)', '(34, 14)']",4,44,48
10,"(31, 14)","(32, 14)",West,"[('(32, 14)', 'East', 1), ('(30, 14)', 'West', 1)]","['(31, 14)', '(29, 16)']","['(29, 16)', '(30, 14)']","['(31, 14)', '(33, 16)', '(32, 14)', '(34, 16)', '(30, 16)', '(31, 16)', '(32, 16)', '(34, 15)', '(33, 14)', '(34, 14)']",5,43,48
11,"(29, 16)","(30, 16)",West,"[('(30, 16)', 'East', 1), ('(28, 16)', 'West', 1)]","['(29, 16)', '(30, 14)']","['(30, 14)', '(28, 16)']","['(31, 14)', '(33, 16)', '(32, 14)', '(34, 16)', '(29, 16)', '(30, 16)', '(31, 16)', '(32, 16)', '(34, 15)', '(33, 14)', '(34, 14)']",5,43,48
12,"(30, 14)","(31, 14)",West,"[('(30, 13)', 'South', 1), ('(31, 14)', 'East', 1)]","['(30, 14)', '(28, 16)']","['(28, 16)', '(30, 13)']","['(30, 14)', '(31, 14)', '(33, 16)', '(32, 14)', '(34, 16)', '(29, 16)', '(30, 16)', '(31, 16)', '(32, 16)', '(34, 15)', '(33, 14)', '(34, 14)']",6,42,48
13,"(28, 16)","(29, 16)",West,"[('(29, 16)', 'East', 1), ('(27, 16)', 'West', 1)]","['(28, 16)', '(30, 13)']","['(30, 13)', '(27, 16)']","['(30, 14)', '(31, 14)', '(33, 16)', '(32, 14)', '(28, 16)', '(34, 16)', '(29, 16)', '(30, 16)', '(31, 16)', '(32, 16)', '(34, 15)', '(33, 14)', '(34, 14)']",6,42,48
14,"(30, 13)","(30, 14)",South,"[('(30, 14)', 'North', 1), ('(30, 12)', 'South', 1)]","['(30, 13)', '(27, 16)']","['(27, 16)', '(30, 12)']","['(30, 14)', '(31, 14)', '(33, 16)', '(32, 14)', '(28, 16)', '(34, 16)', '(29, 16)', '(30, 13)', '(30, 16)', '(31, 16)', '(32, 16)', '(34, 15)', '(33, 14)', '(34, 14)']",7,41,48
15,"(27, 16)","(28, 16)",West,"[('(28, 16)', 'East', 1), ('(26, 16)', 'West', 1)]","['(27, 16)', '(30, 12)']","['(30, 12)', '(26, 16)']","['(30, 14)', '(31, 14)', '(33, 16)', '(32, 14)', '(28, 16)', '(34, 16)', '(29, 16)', '(30, 13)', '(30, 16)', '(31, 16)', '(32, 16)', '(27, 16)', '(34, 15)', '(33, 14)', '(34, 14)']",7,41,48
16,"(30, 12)","(30, 13)",South,"[('(30, 13)', 'North', 1), ('(31, 12)', 'East', 1)]","['(30, 12)', '(26, 16)']","['(26, 16)', '(31, 12)']","['(30, 14)', '(31, 14)', '(33, 16)', '(32, 14)', '(28, 16)', '(34, 16)', '(29, 16)', '(30, 13)', '(30, 16)', '(31, 16)', '(32, 16)', '(27, 16)', '(30, 12)', '(34, 15)', '(33, 14)', '(34, 14)']",8,40,48
17,"(26, 16)","(27, 16)",West,"[('(27, 16)', 'East', 1), ('(25, 16)', 'West', 1)]","['(26, 16)', '(31, 12)']","['(25, 16)', '(31, 12)']","['(30, 14)', '(31, 14)', '(33, 16)', '(32, 14)', '(28, 16)', '(34, 16)', '(29, 16)', '(30, 13)', '(30, 16)', '(31, 16)', '(26, 16)', '(32, 16)', '(27, 16)', '(30, 12)', '(34, 15)', '(33, 14)', '(34, 14)']",8,40,48
18,"(25, 16)","(26, 16)",West,"[('(25, 15)', 'South', 1), ('(26, 16)', 'East', 1), ('(24, 16)', 'West', 1)]","['(25, 16)', '(31, 12)']","['(25, 15)', '(31, 12)', '(24, 16)']","['(25, 16)', '(30, 14)', '(31, 14)', '(33, 16)', '(32, 14)', '(28, 16)', '(34, 16)', '(29, 16)', '(30, 13)', '(30, 16)', '(31, 16)', '(26, 16)', '(32, 16)', '(27, 16)', '(30, 12)', '(34, 15)', '(33, 14)', '(34, 14)']",9,39,48
19,"(25, 15)","(25, 16)",South,"[('(25, 16)', 'North', 1), ('(25, 14)', 'South', 1)]","['(25, 15)', '(31, 12)', '(24, 16)']","['(24, 16)', '(31, 12)', '(25, 14)']","['(31, 14)', '(34, 16)', '(27, 16)', '(30, 12)', '(33, 14)', '(25, 16)', '(29, 16)', '(31, 16)', '(34, 15)', '(30, 14)', '(33, 16)', '(32, 14)', '(25, 15)', '(26, 16)', '(34, 14)', '(28, 16)', '(30, 13)', '(30, 16)', '(32, 16)']",10,38,48
20,"(24, 16)","(25, 16)",West,"[('(25, 16)', 'East', 1), ('(23, 16)', 'West', 1)]","['(24, 16)', '(31, 12)', '(25, 14)']","['(25, 14)', '(31, 12)', '(23, 16)']","['(31, 14)', '(34, 16)', '(27, 16)', '(30, 12)', '(33, 14)', '(25, 16)', '(29, 16)', '(31, 16)', '(34, 15)', '(30, 14)', '(33, 16)', '(32, 14)', '(24, 16)', '(25, 15)', '(26, 16)', '(34, 14)', '(28, 16)', '(30, 13)', '(30, 16)', '(32, 16)']",10,38,48
21,"(25, 14)","(25, 15)",South,"[('(25, 15)', 'North', 1), ('(26, 14)', 'East', 1)]","['(25, 14)', '(31, 12)', '(23, 16)']","['(23, 16)', '(31, 12)', '(26, 14)']","['(31, 14)', '(34, 16)', '(27, 16)', '(30, 12)', '(33, 14)', '(25, 16)', '(29, 16)', '(31, 16)', '(34, 15)', '(30, 14)', '(33, 16)', '(32, 14)', '(24, 16)', '(25, 15)', '(26, 16)', '(34, 14)', '(28, 16)', '(30, 13)', '(30, 16)', '(32, 16)', '(25, 14)']",11,37,48
22,"(23, 16)","(24, 16)",West,"[('(24, 16)', 'East', 1), ('(22, 16)', 'West', 1)]","['(23, 16)', '(31, 12)', '(26, 14)']","['(22, 16)', '(26, 14)', '(31, 12)']","['(31, 14)', '(23, 16)', '(34, 16)', '(27, 16)', '(30, 12)', '(33, 14)', '(25, 16)', '(29, 16)', '(31, 16)', '(34, 15)', '(30, 14)', '(33, 16)', '(32, 14)', '(24, 16)', '(25, 15)', '(26, 16)', '(34, 14)', '(28, 16)', '(30, 13)', '(30, 16)', '(32, 16)', '(25, 14)']",11,37,48
23,"(22, 16)","(23, 16)",West,"[('(23, 16)', 'East', 1), ('(21, 16)', 'West', 1)]","['(22, 16)', '(26, 14)', '(31, 12)']","['(21, 16)', '(26, 14)', '(31, 12)']","['(31, 14)', '(23, 16)', '(34, 16)', '(27, 16)', '(30, 12)', '(33, 14)', '(25, 16)', '(29, 16)', '(31, 16)', '(22, 16)', '(34, 15)', '(30, 14)', '(33, 16)', '(32, 14)', '(24, 16)', '(25, 15)', '(26, 16)', '(34, 14)', '(28, 16)', '(30, 13)', '(30, 16)', '(32, 16)', '(25, 14)']",12,36,48
24,"(21, 16)","(22, 16)",West,"[('(22, 16)', 'East', 1), ('(20, 16)', 'West', 1)]","['(21, 16)', '(26, 14)', '(31, 12)']","['(20, 16)', '(26, 14)', '(31, 12)']","['(21, 16)', '(31, 14)', '(23, 16)', '(34, 16)', '(27, 16)', '(30, 12)', '(33, 14)', '(25, 16)', '(29, 16)', '(31, 16)', '(22, 16)', '(34, 15)', '(30, 14)', '(33, 16)', '(32, 14)', '(24, 16)', '(25, 15)', '(26, 16)', '(34, 14)', '(28, 16)', '(30, 13)', '(30, 16)', '(32, 16)', '(25, 14)']",13,35,48
25,"(20, 16)","(21, 16)",West,"[('(21, 16)', 'East', 1), ('(19, 16)', 'West', 1)]","['(20, 16)', '(26, 14)', '(31, 12)']","['(19, 16)', '(26, 14)', '(31, 12)']","['(21, 16)', '(31, 14)', '(23, 16)', '(34, 16)', '(27, 16)', '(30, 12)', '(33, 14)', '(25, 16)', '(29, 16)', '(31, 16)', '(20, 16)', '(22, 16)', '(34, 15)', '(30, 14)', '(33, 16)', '(32, 14)', '(24, 16)', '(25, 15)', '(26, 16)', '(34, 14)', '(28, 16)', '(30, 13)', '(30, 16)', '(32, 16)', '(25, 14)']",14,34,48
26,"(19, 16)","(20, 16)",West,"[('(20, 16)', 'East', 1), ('(18, 16)', 'West', 1)]","['(19, 16)', '(26, 14)', '(31, 12)']","['(18, 16)', '(26, 14)', '(31, 12)']","['(21, 16)', '(31, 14)', '(23, 16)', '(34, 16)', '(27, 16)', '(30, 12)', '(33, 14)', '(25, 16)', '(29, 16)', '(31, 16)', '(20, 16)', '(22, 16)', '(34, 15)', '(30, 14)', '(33, 16)', '(32, 14)', '(24, 16)', '(25, 15)', '(26, 16)', '(34, 14)', '(28, 16)', '(30, 13)', '(30, 16)', '(19, 16)', '(32, 16)', '(25, 14)']",15,33,48
27,"(18, 16)","(19, 16)",West,"[('(19, 16)', 'East', 1), ('(17, 16)', 'West', 1)]","['(18, 16)', '(26, 14)', '(31, 12)']","['(17, 16)', '(26, 14)', '(31, 12)']","['(21, 16)', '(31, 14)', '(23, 16)', '(34, 16)', '(27, 16)', '(30, 12)', '(33, 14)', '(25, 16)', '(18, 16)', '(29, 16)', '(31, 16)', '(20, 16)', '(22, 16)', '(34, 15)', '(30, 14)', '(33, 16)', '(32, 14)', '(24, 16)', '(25, 15)', '(26, 16)', '(34, 14)', '(28, 16)', '(30, 13)', '(30, 16)', '(19, 16)', '(32, 16)', '(25, 14)']",16,32,48
28,"(17, 16)","(18, 16)",West,"[('(18, 16)', 'East', 1), ('(16, 16)', 'West', 1)]","['(17, 16)', '(26, 14)', '(31, 12)']","['(16, 16)', '(26, 14)', '(31, 12)']","['(21, 16)', '(31, 14)', '(23, 16)', '(34, 16)', '(27, 16)', '(30, 12)', '(33, 14)', '(25, 16)', '(18, 16)', '(29, 16)', '(31, 16)', '(20, 16)', '(22, 16)', '(34, 15)', '(30, 14)', '(33, 16)', '(32, 14)', '(24, 16)', '(25, 15)', '(26, 16)', '(34, 14)', '(28, 16)', '(30, 13)', '(17, 16)', '(30, 16)', '(19, 16)', '(32, 16)', '(25, 14)']",17,31,48
29,"(16, 16)","(17, 16)",West,"[('(17, 16)', 'East', 1), ('(15, 16)', 'West', 1)]","['(16, 16)', '(26, 14)', '(31, 12)']","['(15, 16)', '(26, 14)', '(31, 12)']","['(21, 16)', '(31, 14)', '(23, 16)', '(34, 16)', '(27, 16)', '(30, 12)', '(33, 14)', '(25, 16)', '(16, 16)', '(18, 16)', '(29, 16)', '(31, 16)', '(20, 16)', '(22, 16)', '(34, 15)', '(30, 14)', '(33, 16)', '(32, 14)', '(24, 16)', '(25, 15)', '(26, 16)', '(34, 14)', '(28, 16)', '(30, 13)', '(17, 16)', '(30, 16)', '(19, 16)', '(32, 16)', '(25, 14)']",18,30,48
30,"(15, 16)","(16, 16)",West,"[('(16, 16)', 'East', 1), ('(14, 16)', 'West', 1)]","['(15, 16)', '(26, 14)', '(31, 12)']","['(14, 16)', '(26, 14)', '(31, 12)']","['(21, 16)', '(31, 14)', '(23, 16)', '(34, 16)', '(27, 16)', '(30, 12)', '(33, 14)', '(25, 16)', '(16, 16)', '(18, 16)', '(29, 16)', '(31, 16)', '(20, 16)', '(22, 16)', '(34, 15)', '(30, 14)', '(33, 16)', '(32, 14)', '(24, 16)', '(25, 15)', '(26, 16)', '(15, 16)', '(34, 14)', '(28, 16)', '(30, 13)', '(17, 16)', '(30, 16)', '(19, 16)', '(32, 16)', '(25, 14)']",19,29,48
31,"(14, 16)","(15, 16)",West,"[('(15, 16)', 'East', 1), ('(13, 16)', 'West', 1)]","['(14, 16)', '(26, 14)', '(31, 12)']","['(13, 16)', '(26, 14)', '(31, 12)']","['(21, 16)', '(31, 14)', '(23, 16)', '(34, 16)', '(14, 16)', '(27, 16)', '(30, 12)', '(33, 14)', '(25, 16)', '(16, 16)', '(18, 16)', '(29, 16)', '(31, 16)', '(20, 16)', '(22, 16)', '(34, 15)', '(30, 14)', '(33, 16)', '(32, 14)', '(24, 16)', '(25, 15)', '(26, 16)', '(15, 16)', '(34, 14)', '(28, 16)', '(30, 13)', '(17, 16)', '(30, 16)', '(19, 16)', '(32, 16)', '(25, 14)']",20,28,48
32,"(13, 16)","(14, 16)",West,"[('(14, 16)', 'East', 1), ('(12, 16)', 'West', 1)]","['(13, 16)', '(26, 14)', '(31, 12)']","['(12, 16)', '(26, 14)', '(31, 12)']","['(21, 16)', '(31, 14)', '(23, 16)', '(34, 16)', '(14, 16)', '(27, 16)', '(30, 12)', '(33, 14)', '(25, 16)', '(16, 16)', '(18, 16)', '(29, 16)', '(31, 16)', '(20, 16)', '(22, 16)', '(34, 15)', '(30, 14)', '(33, 16)', '(32, 14)', '(24, 16)', '(13, 16)', '(25, 15)', '(26, 16)', '(15, 16)', '(34, 14)', '(28, 16)', '(30, 13)', '(17, 16)', '(30, 16)', '(19, 16)', '(32, 16)', '(25, 14)']",21,27,48
33,"(12, 16)","(13, 16)",West,"[('(13, 16)', 'East', 1), ('(11, 16)', 'West', 1)]","['(12, 16)', '(26, 14)', '(31, 12)']","['(11, 16)', '(26, 14)', '(31, 12)']","['(21, 16)', '(31, 14)', '(23, 16)', '(34, 16)', '(12, 16)', '(14, 16)', '(27, 16)', '(30, 12)', '(33, 14)', '(25, 16)', '(16, 16)', '(18, 16)', '(29, 16)', '(31, 16)', '(20, 16)', '(22, 16)', '(34, 15)', '(30, 14)', '(33, 16)', '(32, 14)', '(24, 16)', '(13, 16)', '(25, 15)', '(26, 16)', '(15, 16)', '(34, 14)', '(28, 16)', '(30, 13)', '(17, 16)', '(30, 16)', '(19, 16)', '(32, 16)', '(25, 14)']",22,26,48
34,"(11, 16)","(12, 16)",West,"[('(12, 16)', 'East', 1), ('(10, 16)', 'West', 1)]","['(11, 16)', '(26, 14)', '(31, 12)']","['(10, 16)', '(26, 14)', '(31, 12)']","['(21, 16)', '(31, 14)', '(23, 16)', '(34, 16)', '(12, 16)', '(14, 16)', '(27, 16)', '(30, 12)', '(33, 14)', '(25, 16)', '(16, 16)', '(18, 16)', '(29, 16)', '(31, 16)', '(20, 16)', '(22, 16)', '(34, 15)', '(30, 14)', '(11, 16)', '(33, 16)', '(32, 14)', '(24, 16)', '(13, 16)', '(25, 15)', '(26, 16)', '(15, 16)', '(34, 14)', '(28, 16)', '(30, 13)', '(17, 16)', '(30, 16)', '(19, 16)', '(32, 16)', '(25, 14)']",23,25,48
35,"(10, 16)","(11, 16)",West,"[('(11, 16)', 'East', 1), ('(9, 16)', 'West', 1)]","['(10, 16)', '(26, 14)', '(31, 12)']","['(9, 16)', '(26, 14)', '(31, 12)']","['(21, 16)', '(31, 14)', '(23, 16)', '(34, 16)', '(12, 16)', '(14, 16)', '(27, 16)', '(30, 12)', '(33, 14)', '(25, 16)', '(16, 16)', '(18, 16)', '(29, 16)', '(31, 16)', '(20, 16)', '(22, 16)', '(34, 15)', '(30, 14)', '(11, 16)', '(33, 16)', '(32, 14)', '(24, 16)', '(13, 16)', '(25, 15)', '(26, 16)', '(15, 16)', '(34, 14)', '(28, 16)', '(30, 13)', '(17, 16)', '(30, 16)', '(19, 16)', '(10, 16)', '(32, 16)', '(25, 14)']",24,24,48
36,"(9, 16)","(10, 16)",West,"[('(10, 16)', 'East', 1), ('(8, 16)', 'West', 1)]","['(9, 16)', '(26, 14)', '(31, 12)']","['(8, 16)', '(26, 14)', '(31, 12)']","['(21, 16)', '(31, 14)', '(23, 16)', '(34, 16)', '(12, 16)', '(14, 16)', '(27, 16)', '(30, 12)', '(33, 14)', '(25, 16)', '(16, 16)', '(18, 16)', '(29, 16)', '(31, 16)', '(20, 16)', '(22, 16)', '(34, 15)', '(9, 16)', '(30, 14)', '(11, 16)', '(33, 16)', '(32, 14)', '(24, 16)', '(13, 16)', '(25, 15)', '(26, 16)', '(15, 16)', '(34, 14)', '(28, 16)', '(30, 13)', '(17, 16)', '(30, 16)', '(19, 16)', '(10, 16)', '(32, 16)', '(25, 14)']",25,23,48
37,"(8, 16)","(9, 16)",West,"[('(9, 16)', 'East', 1), ('(7, 16)', 'West', 1)]","['(8, 16)', '(26, 14)', '(31, 12)']","['(7, 16)', '(26, 14)', '(31, 12)']","['(21, 16)', '(31, 14)', '(23, 16)', '(34, 16)', '(12, 16)', '(14, 16)', '(27, 16)', '(30, 12)', '(33, 14)', '(25, 16)', '(16, 16)', '(18, 16)', '(29, 16)', '(31, 16)', '(20, 16)', '(22, 16)', '(34, 15)', '(9, 16)', '(30, 14)', '(11, 16)', '(33, 16)', '(32, 14)', '(24, 16)', '(13, 16)', '(25, 15)', '(26, 16)', '(15, 16)', '(34, 14)', '(28, 16)', '(30, 13)', '(17, 16)', '(30, 16)', '(19, 16)', '(8, 16)', '(10, 16)', '(32, 16)', '(25, 14)']",26,22,48
38,"(7, 16)","(8, 16)",West,"[('(8, 16)', 'East', 1), ('(6, 16)', 'West', 1)]","['(7, 16)', '(26, 14)', '(31, 12)']","['(6, 16)', '(26, 14)', '(31, 12)']","['(21, 16)', '(31, 14)', '(23, 16)', '(34, 16)', '(12, 16)', '(14, 16)', '(27, 16)', '(30, 12)', '(33, 14)', '(25, 16)', '(16, 16)', '(18, 16)', '(29, 16)', '(7, 16)', '(31, 16)', '(20, 16)', '(22, 16)', '(34, 15)', '(9, 16)', '(30, 14)', '(11, 16)', '(33, 16)', '(32, 14)', '(24, 16)', '(13, 16)', '(25, 15)', '(26, 16)', '(15, 16)', '(34, 14)', '(28, 16)', '(30, 13)', '(17, 16)', '(30, 16)', '(19, 16)', '(8, 16)', '(10, 16)', '(32, 16)', '(25, 14)']",27,21,48
39,"(6, 16)","(7, 16)",West,"[('(7, 16)', 'East', 1), ('(5, 16)', 'West', 1)]","['(6, 16)', '(26, 14)', '(31, 12)']","['(5, 16)', '(26, 14)', '(31, 12)']","['(21, 16)', '(31, 14)', '(23, 16)', '(34, 16)', '(12, 16)', '(14, 16)', '(27, 16)', '(30, 12)', '(33, 14)', '(25, 16)', '(16, 16)', '(18, 16)', '(29, 16)', '(7, 16)', '(31, 16)', '(20, 16)', '(22, 16)', '(34, 15)', '(9, 16)', '(30, 14)', '(11, 16)', '(33, 16)', '(32, 14)', '(24, 16)', '(13, 16)', '(25, 15)', '(26, 16)', '(15, 16)', '(6, 16)', '(34, 14)', '(28, 16)', '(30, 13)', '(17, 16)', '(30, 16)', '(19, 16)', '(8, 16)', '(10, 16)', '(32, 16)', '(25, 14)']",28,20,48
40,"(5, 16)","(6, 16)",West,"[('(6, 16)', 'East', 1), ('(4, 16)', 'West', 1)]","['(5, 16)', '(26, 14)', '(31, 12)']","['(4, 16)', '(26, 14)', '(31, 12)']","['(21, 16)', '(31, 14)', '(23, 16)', '(34, 16)', '(12, 16)', '(14, 16)', '(5, 16)', '(27, 16)', '(30, 12)', '(33, 14)', '(25, 16)', '(16, 16)', '(18, 16)', '(29, 16)', '(7, 16)', '(31, 16)', '(20, 16)', '(22, 16)', '(34, 15)', '(9, 16)', '(30, 14)', '(11, 16)', '(33, 16)', '(32, 14)', '(24, 16)', '(13, 16)', '(25, 15)', '(26, 16)', '(15, 16)', '(6, 16)', '(34, 14)', '(28, 16)', '(30, 13)', '(17, 16)', '(30, 16)', '(19, 16)', '(8, 16)', '(10, 16)', '(32, 16)', '(25, 14)']",29,19,48
41,"(4, 16)","(5, 16)",West,"[('(5, 16)', 'East', 1), ('(3, 16)', 'West', 1)]","['(4, 16)', '(26, 14)', '(31, 12)']","['(3, 16)', '(26, 14)', '(31, 12)']","['(21, 16)', '(31, 14)', '(23, 16)', '(34, 16)', '(12, 16)', '(14, 16)', '(5, 16)', '(27, 16)', '(30, 12)', '(33, 14)', '(25, 16)', '(16, 16)', '(18, 16)', '(29, 16)', '(7, 16)', '(31, 16)', '(20, 16)', '(22, 16)', '(34, 15)', '(9, 16)', '(30, 14)', '(11, 16)', '(33, 16)', '(32, 14)', '(24, 16)', '(13, 16)', '(25, 15)', '(26, 16)', '(15, 16)', '(6, 16)', '(34, 14)', '(4, 16)', '(28, 16)', '(30, 13)', '(17, 16)', '(30, 16)', '(19, 16)', '(8, 16)', '(10, 16)', '(32, 16)', '(25, 14)']",30,18,48
42,"(3, 16)","(4, 16)",West,"[('(4, 16)', 'East', 1), ('(2, 16)', 'West', 1)]","['(3, 16)', '(26, 14)', '(31, 12)']","['(2, 16)', '(26, 14)', '(31, 12)']","['(21, 16)', '(31, 14)', '(23, 16)', '(34, 16)', '(12, 16)', '(14, 16)', '(3, 16)', '(5, 16)', '(27, 16)', '(30, 12)', '(33, 14)', '(25, 16)', '(16, 16)', '(18, 16)', '(29, 16)', '(7, 16)', '(31, 16)', '(20, 16)', '(22, 16)', '(34, 15)', '(9, 16)', '(30, 14)', '(11, 16)', '(33, 16)', '(32, 14)', '(24, 16)', '(13, 16)', '(25, 15)', '(26, 16)', '(15, 16)', '(6, 16)', '(34, 14)', '(4, 16)', '(28, 16)', '(30, 13)', '(17, 16)', '(30, 16)', '(19, 16)', '(8, 16)', '(10, 16)', '(32, 16)', '(25, 14)']",31,17,48
43,"(2, 16)","(3, 16)",West,"[('(3, 16)', 'East', 1), ('(1, 16)', 'West', 1)]","['(2, 16)', '(26, 14)', '(31, 12)']","['(1, 16)', '(26, 14)', '(31, 12)']","['(21, 16)', '(31, 14)', '(23, 16)', '(34, 16)', '(12, 16)', '(14, 16)', '(3, 16)', '(5, 16)', '(27, 16)', '(30, 12)', '(33, 14)', '(25, 16)', '(16, 16)', '(18, 16)', '(29, 16)', '(7, 16)', '(31, 16)', '(20, 16)', '(22, 16)', '(34, 15)', '(9, 16)', '(30, 14)', '(11, 16)', '(33, 16)', '(32, 14)', '(2, 16)', '(24, 16)', '(13, 16)', '(25, 15)', '(26, 16)', '(15, 16)', '(6, 16)', '(34, 14)', '(4, 16)', '(28, 16)', '(30, 13)', '(17, 16)', '(30, 16)', '(19, 16)', '(8, 16)', '(10, 16)', '(32, 16)', '(25, 14)']",32,16,48
44,"(1, 16)","(2, 16)",West,"[('(1, 15)', 'South', 1), ('(2, 16)', 'East', 1)]","['(1, 16)', '(26, 14)', '(31, 12)']","['(1, 15)', '(26, 14)', '(31, 12)']","['(21, 16)', '(31, 14)', '(23, 16)', '(34, 16)', '(12, 16)', '(14, 16)', '(3, 16)', '(5, 16)', '(27, 16)', '(30, 12)', '(33, 14)', '(25, 16)', '(16, 16)', '(18, 16)', '(29, 16)', '(7, 16)', '(31, 16)', '(20, 16)', '(22, 16)', '(34, 15)', '(9, 16)', '(30, 14)', '(11, 16)', '(33, 16)', '(32, 14)', '(2, 16)', '(24, 16)', '(13, 16)', '(25, 15)', '(26, 16)', '(15, 16)', '(6, 16)', '(34, 14)', '(4, 16)', '(28, 16)', '(30, 13)', '(17, 16)', '(30, 16)', '(19, 16)', '(8, 16)', '(10, 16)', '(32, 16)', '(25, 14)', '(1, 16)']",33,15,48
45,"(1, 15)","(1, 16)",South,"[('(1, 16)', 'North', 1), ('(1, 14)', 'South', 1)]","['(1, 15)', '(26, 14)', '(31, 12)']","['(1, 14)', '(26, 14)', '(31, 12)']","['(21, 16)', '(31, 14)', '(23, 16)', '(34, 16)', '(12, 16)', '(14, 16)', '(3, 16)', '(5, 16)', '(27, 16)', '(30, 12)', '(33, 14)', '(25, 16)', '(16, 16)', '(1, 15)', '(18, 16)', '(29, 16)', '(7, 16)', '(31, 16)', '(20, 16)', '(22, 16)', '(34, 15)', '(9, 16)', '(30, 14)', '(11, 16)', '(33, 16)', '(32, 14)', '(2, 16)', '(24, 16)', '(13, 16)', '(25, 15)', '(26, 16)', '(15, 16)', '(6, 16)', '(34, 14)', '(4, 16)', '(28, 16)', '(30, 13)', '(17, 16)', '(30, 16)', '(19, 16)', '(8, 16)', '(10, 16)', '(32, 16)', '(25, 14)', '(1, 16)']",34,14,48
46,"(1, 14)","(1, 15)",South,"[('(1, 15)', 'North', 1), ('(1, 13)', 'South', 1)]","['(1, 14)', '(26, 14)', '(31, 12)']","['(1, 13)', '(26, 14)', '(31, 12)']","['(21, 16)', '(31, 14)', '(23, 16)', '(34, 16)', '(12, 16)', '(14, 16)', '(3, 16)', '(5, 16)', '(27, 16)', '(30, 12)', '(33, 14)', '(25, 16)', '(16, 16)', '(1, 15)', '(18, 16)', '(29, 16)', '(7, 16)', '(31, 16)', '(20, 16)', '(22, 16)', '(34, 15)', '(9, 16)', '(30, 14)', '(11, 16)', '(33, 16)', '(32, 14)', '(2, 16)', '(24, 16)', '(13, 16)', '(25, 15)', '(1, 14)', '(26, 16)', '(15, 16)', '(6, 16)', '(34, 14)', '(4, 16)', '(28, 16)', '(30, 13)', '(17, 16)', '(30, 16)', '(19, 16)', '(8, 16)', '(10, 16)', '(32, 16)', '(25, 14)', '(1, 16)']",35,13,48
47,"(1, 13)","(1, 14)",South,"[('(1, 14)', 'North', 1), ('(1, 12)', 'South', 1)]","['(1, 13)', '(26, 14)', '(31, 12)']","['(1, 12)', '(26, 14)', '(31, 12)']","['(21, 16)', '(31, 14)', '(23, 16)', '(34, 16)', '(12, 16)', '(14, 16)', '(3, 16)', '(5, 16)', '(27, 16)', '(30, 12)', '(33, 14)', '(25, 16)', '(16, 16)', '(1, 15)', '(18, 16)', '(29, 16)', '(7, 16)', '(31, 16)', '(20, 16)', '(22, 16)', '(34, 15)', '(9, 16)', '(30, 14)', '(11, 16)', '(33, 16)', '(32, 14)', '(2, 16)', '(24, 16)', '(13, 16)', '(25, 15)', '(1, 14)', '(26, 16)', '(15, 16)', '(6, 16)', '(34, 14)', '(4, 16)', '(28, 16)', '(30, 13)', '(17, 16)', '(30, 16)', '(19, 16)', '(8, 16)', '(10, 16)', '(32, 16)', '(1, 13)', '(25, 14)', '(1, 16)']",36,12,48
48,"(1, 12)","(1, 13)",South,"[('(1, 13)', 'North', 1), ('(1, 11)', 'South', 1)]","['(1, 12)', '(26, 14)', '(31, 12)']","['(1, 11)', '(26, 14)', '(31, 12)']","['(21, 16)', '(31, 14)', '(23, 16)', '(34, 16)', '(12, 16)', '(14, 16)', '(3, 16)', '(5, 16)', '(27, 16)', '(30, 12)', '(33, 14)', '(25, 16)', '(1, 12)', '(16, 16)', '(1, 15)', '(18, 16)', '(29, 16)', '(7, 16)', '(31, 16)', '(20, 16)', '(22, 16)', '(34, 15)', '(9, 16)', '(30, 14)', '(11, 16)', '(33, 16)', '(32, 14)', '(2, 16)', '(24, 16)', '(13, 16)', '(25, 15)', '(1, 14)', '(26, 16)', '(15, 16)', '(6, 16)', '(34, 14)', '(4, 16)', '(28, 16)', '(30, 13)', '(17, 16)', '(30, 16)', '(19, 16)', '(8, 16)', '(10, 16)', '(32, 16)', '(1, 13)', '(25, 14)', '(1, 16)']",37,11,48
49,"(1, 11)","(1, 12)",South,"[('(1, 12)', 'North', 1), ('(1, 10)', 'South', 1)]","['(1, 11)', '(26, 14)', '(31, 12)']","['(1, 10)', '(26, 14)', '(31, 12)']","['(21, 16)', '(31, 14)', '(23, 16)', '(34, 16)', '(12, 16)', '(14, 16)', '(3, 16)', '(5, 16)', '(27, 16)', '(30, 12)', '(33, 14)', '(25, 16)', '(1, 12)', '(16, 16)', '(1, 15)', '(18, 16)', '(29, 16)', '(7, 16)', '(31, 16)', '(20, 16)', '(22, 16)', '(34, 15)', '(9, 16)', '(30, 14)', '(11, 16)', '(33, 16)', '(32, 14)', '(1, 11)', '(2, 16)', '(24, 16)', '(13, 16)', '(25, 15)', '(1, 14)', '(26, 16)', '(15, 16)', '(6, 16)', '(34, 14)', '(4, 16)', '(28, 16)', '(30, 13)', '(17, 16)', '(30, 16)', '(19, 16)', '(8, 16)', '(10, 16)', '(32, 16)', '(1, 13)', '(25, 14)', '(1, 16)']",38,10,48
50,"(1, 10)","(1, 11)",South,"[('(1, 11)', 'North', 1), ('(1, 9)', 'South', 1)]","['(1, 10)', '(26, 14)', '(31, 12)']","['(1, 9)', '(26, 14)', '(31, 12)']","['(21, 16)', '(31, 14)', '(23, 16)', '(34, 16)', '(12, 16)', '(14, 16)', '(3, 16)', '(5, 16)', '(27, 16)', '(30, 12)', '(33, 14)', '(25, 16)', '(1, 12)', '(16, 16)', '(1, 15)', '(18, 16)', '(29, 16)', '(7, 16)', '(31, 16)', '(20, 16)', '(22, 16)', '(34, 15)', '(9, 16)', '(30, 14)', '(11, 16)', '(33, 16)', '(32, 14)', '(1, 11)', '(2, 16)', '(24, 16)', '(13, 16)', '(25, 15)', '(1, 14)', '(26, 16)', '(15, 16)', '(6, 16)', '(34, 14)', '(4, 16)', '(28, 16)', '(30, 13)', '(17, 16)', '(30, 16)', '(19, 16)', '(8, 16)', '(10, 16)', '(32, 16)', '(1, 13)', '(25, 14)', '(1, 10)', '(1, 16)']",39,9,48
51,"(1, 9)","(1, 10)",South,"[('(1, 10)', 'North', 1), ('(1, 8)', 'South', 1)]","['(1, 9)', '(26, 14)', '(31, 12)']","['(1, 8)', '(26, 14)', '(31, 12)']","['(21, 16)', '(31, 14)', '(23, 16)', '(34, 16)', '(12, 16)', '(14, 16)', '(3, 16)', '(5, 16)', '(27, 16)', '(30, 12)', '(33, 14)', '(1, 9)', '(25, 16)', '(1, 12)', '(16, 16)', '(1, 15)', '(18, 16)', '(29, 16)', '(7, 16)', '(31, 16)', '(20, 16)', '(22, 16)', '(34, 15)', '(9, 16)', '(30, 14)', '(11, 16)', '(33, 16)', '(32, 14)', '(1, 11)', '(2, 16)', '(24, 16)', '(13, 16)', '(25, 15)', '(1, 14)', '(26, 16)', '(15, 16)', '(6, 16)', '(34, 14)', '(4, 16)', '(28, 16)', '(30, 13)', '(17, 16)', '(30, 16)', '(19, 16)', '(8, 16)', '(10, 16)', '(32, 16)', '(1, 13)', '(25, 14)', '(1, 10)', '(1, 16)']",40,8,48
52,"(1, 8)","(1, 9)",South,"[('(1, 9)', 'North', 1), ('(1, 7)', 'South', 1)]","['(1, 8)', '(26, 14)', '(31, 12)']","['(1, 7)', '(26, 14)', '(31, 12)']","['(21, 16)', '(31, 14)', '(23, 16)', '(34, 16)', '(12, 16)', '(14, 16)', '(3, 16)', '(5, 16)', '(27, 16)', '(30, 12)', '(33, 14)', '(1, 9)', '(25, 16)', '(1, 12)', '(16, 16)', '(1, 15)', '(18, 16)', '(29, 16)', '(7, 16)', '(31, 16)', '(20, 16)', '(22, 16)', '(34, 15)', '(9, 16)', '(30, 14)', '(11, 16)', '(33, 16)', '(32, 14)', '(1, 11)', '(2, 16)', '(24, 16)', '(13, 16)', '(25, 15)', '(1, 14)', '(1, 8)', '(26, 16)', '(15, 16)', '(6, 16)', '(34, 14)', '(4, 16)', '(28, 16)', '(30, 13)', '(17, 16)', '(30, 16)', '(19, 16)', '(8, 16)', '(10, 16)', '(32, 16)', '(1, 13)', '(25, 14)', '(1, 10)', '(1, 16)']",41,7,48
53,"(1, 7)","(1, 8)",South,"[('(1, 8)', 'North', 1), ('(2, 7)', 'East', 1)]","['(1, 7)', '(26, 14)', '(31, 12)']","['(31, 12)', '(26, 14)', '(2, 7)']","['(21, 16)', '(31, 14)', '(23, 16)', '(34, 16)', '(12, 16)', '(14, 16)', '(3, 16)', '(5, 16)', '(27, 16)', '(30, 12)', '(33, 14)', '(1, 9)', '(25, 16)', '(1, 12)', '(16, 16)', '(1, 15)', '(18, 16)', '(29, 16)', '(7, 16)', '(31, 16)', '(20, 16)', '(22, 16)', '(34, 15)', '(9, 16)', '(30, 14)', '(11, 16)', '(33, 16)', '(32, 14)', '(1, 11)', '(2, 16)', '(24, 16)', '(13, 16)', '(25, 15)', '(1, 14)', '(1, 8)', '(26, 16)', '(15, 16)', '(6, 16)', '(34, 14)', '(4, 16)', '(28, 16)', '(30, 13)', '(17, 16)', '(30, 16)', '(19, 16)', '(8, 16)', '(10, 16)', '(32, 16)', '(1, 13)', '(25, 14)', '(1, 10)', '(1, 16)', '(1, 7)']",42,6,48
54,"(31, 12)","(30, 12)",East,"[('(32, 12)', 'East', 1), ('(30, 12)', 'West', 1)]","['(31, 12)', '(26, 14)', '(2, 7)']","['(26, 14)', '(2, 7)', '(32, 12)']","['(21, 16)', '(31, 14)', '(23, 16)', '(34, 16)', '(12, 16)', '(14, 16)', '(3, 16)', '(5, 16)', '(27, 16)', '(30, 12)', '(33, 14)', '(1, 9)', '(25, 16)', '(1, 12)', '(16, 16)', '(1, 15)', '(18, 16)', '(29, 16)', '(7, 16)', '(31, 16)', '(20, 16)', '(22, 16)', '(34, 15)', '(9, 16)', '(30, 14)', '(11, 16)', '(33, 16)', '(32, 14)', '(1, 11)', '(2, 16)', '(24, 16)', '(13, 16)', '(25, 15)', '(1, 14)', '(1, 8)', '(26, 16)', '(15, 16)', '(6, 16)', '(31, 12)', '(34, 14)', '(4, 16)', '(28, 16)', '(30, 13)', '(17, 16)', '(30, 16)', '(19, 16)', '(8, 16)', '(10, 16)', '(32, 16)', '(1, 13)', '(25, 14)', '(1, 10)', '(1, 16)', '(1, 7)']",9,41,50
55,"(26, 14)","(25, 14)",East,"[('(27, 14)', 'East', 1), ('(25, 14)', 'West', 1)]","['(26, 14)', '(2, 7)', '(32, 12)']","['(2, 7)', '(32, 12)', '(27, 14)']","['(21, 16)', '(31, 14)', '(23, 16)', '(34, 16)', '(12, 16)', '(14, 16)', '(3, 16)', '(5, 16)', '(27, 16)', '(30, 12)', '(33, 14)', '(1, 9)', '(25, 16)', '(1, 12)', '(16, 16)', '(1, 15)', '(26, 14)', '(18, 16)', '(29, 16)', '(7, 16)', '(31, 16)', '(20, 16)', '(22, 16)', '(34, 15)', '(9, 16)', '(30, 14)', '(11, 16)', '(33, 16)', '(32, 14)', '(1, 11)', '(2, 16)', '(24, 16)', '(13, 16)', '(25, 15)', '(1, 14)', '(1, 8)', '(26, 16)', '(15, 16)', '(6, 16)', '(31, 12)', '(34, 14)', '(4, 16)', '(28, 16)', '(30, 13)', '(17, 16)', '(30, 16)', '(19, 16)', '(8, 16)', '(10, 16)', '(32, 16)', '(1, 13)', '(25, 14)', '(1, 10)', '(1, 16)', '(1, 7)']",12,38,50
56,"(2, 7)","(1, 7)",East,"[('(3, 7)', 'East', 1), ('(1, 7)', 'West', 1)]","['(2, 7)', '(32, 12)', '(27, 14)']","['(32, 12)', '(27, 14)', '(3, 7)']","['(21, 16)', '(31, 14)', '(23, 16)', '(34, 16)', '(12, 16)', '(14, 16)', '(3, 16)', '(5, 16)', '(27, 16)', '(30, 12)', '(33, 14)', '(1, 9)', '(25, 16)', '(1, 12)', '(16, 16)', '(1, 15)', '(26, 14)', '(18, 16)', '(29, 16)', '(7, 16)', '(31, 16)', '(20, 16)', '(22, 16)', '(34, 15)', '(9, 16)', '(30, 14)', '(11, 16)', '(33, 16)', '(32, 14)', '(1, 11)', '(2, 7)', '(2, 16)', '(24, 16)', '(13, 16)', '(25, 15)', '(1, 14)', '(1, 8)', '(26, 16)', '(15, 16)', '(6, 16)', '(31, 12)', '(34, 14)', '(4, 16)', '(28, 16)', '(30, 13)', '(17, 16)', '(30, 16)', '(19, 16)', '(8, 16)', '(10, 16)', '(32, 16)', '(1, 13)', '(25, 14)', '(1, 10)', '(1, 16)', '(1, 7)']",43,7,50
57,"(32, 12)","(31, 12)",East,"[('(33, 12)', 'East', 1), ('(31, 12)', 'West', 1)]","['(32, 12)', '(27, 14)', '(3, 7)']","['(27, 14)', '(3, 7)', '(33, 12)']","['(21, 16)', '(31, 14)', '(23, 16)', '(34, 16)', '(12, 16)', '(14, 16)', '(3, 16)', '(5, 16)', '(27, 16)', '(30, 12)', '(33, 14)', '(1, 9)', '(32, 12)', '(25, 16)', '(1, 12)', '(16, 16)', '(1, 15)', '(26, 14)', '(18, 16)', '(29, 16)', '(7, 16)', '(31, 16)', '(20, 16)', '(22, 16)', '(34, 15)', '(9, 16)', '(30, 14)', '(11, 16)', '(33, 16)', '(32, 14)', '(1, 11)', '(2, 7)', '(2, 16)', '(24, 16)', '(13, 16)', '(25, 15)', '(1, 14)', '(1, 8)', '(26, 16)', '(15, 16)', '(6, 16)', '(31, 12)', '(34, 14)', '(4, 16)', '(28, 16)', '(30, 13)', '(17, 16)', '(30, 16)', '(19, 16)', '(8, 16)', '(10, 16)', '(32, 16)', '(1, 13)', '(25, 14)', '(1, 10)', '(1, 16)', '(1, 7)']",10,42,52
58,"(27, 14)","(26, 14)",East,"[('(27, 13)', 'South', 1), ('(26, 14)', 'West', 1)]","['(27, 14)', '(3, 7)', '(33, 12)']","['(3, 7)', '(33, 12)', '(27, 13)']","['(21, 16)', '(31, 14)', '(23, 16)', '(34, 16)', '(12, 16)', '(14, 16)', '(3, 16)', '(5, 16)', '(27, 16)', '(30, 12)', '(33, 14)', '(1, 9)', '(32, 12)', '(25, 16)', '(1, 12)', '(16, 16)', '(1, 15)', '(26, 14)', '(18, 16)', '(29, 16)', '(7, 16)', '(31, 16)', '(20, 16)', '(22, 16)', '(34, 15)', '(9, 16)', '(30, 14)', '(11, 16)', '(33, 16)', '(32, 14)', '(1, 11)', '(2, 7)', '(2, 16)', '(24, 16)', '(13, 16)', '(25, 15)', '(1, 14)', '(1, 8)', '(26, 16)', '(15, 16)', '(6, 16)', '(31, 12)', '(34, 14)', '(4, 16)', '(28, 16)', '(30, 13)', '(17, 16)', '(27, 14)', '(30, 16)', '(19, 16)', '(8, 16)', '(10, 16)', '(32, 16)', '(1, 13)', '(25, 14)', '(1, 10)', '(1, 16)', '(1, 7)']",13,39,52
59,"(3, 7)","(2, 7)",East,"[('(4, 7)', 'East', 1), ('(2, 7)', 'West', 1)]","['(3, 7)', '(33, 12)', '(27, 13)']","['(27, 13)', '(33, 12)', '(4, 7)']","['(21, 16)', '(31, 14)', '(23, 16)', '(34, 16)', '(12, 16)', '(3, 7)', '(14, 16)', '(3, 16)', '(5, 16)', '(27, 16)', '(30, 12)', '(33, 14)', '(1, 9)', '(32, 12)', '(25, 16)', '(1, 12)', '(16, 16)', '(1, 15)', '(26, 14)', '(18, 16)', '(29, 16)', '(7, 16)', '(31, 16)', '(20, 16)', '(22, 16)', '(34, 15)', '(9, 16)', '(30, 14)', '(11, 16)', '(33, 16)', '(32, 14)', '(1, 11)', '(2, 7)', '(2, 16)', '(24, 16)', '(13, 16)', '(25, 15)', '(1, 14)', '(1, 8)', '(26, 16)', '(15, 16)', '(6, 16)', '(31, 12)', '(34, 14)', '(4, 16)', '(28, 16)', '(30, 13)', '(17, 16)', '(27, 14)', '(30, 16)', '(19, 16)', '(8, 16)', '(10, 16)', '(32, 16)', '(1, 13)', '(25, 14)', '(1, 10)', '(1, 16)', '(1, 7)']",44,8,52
60,"(27, 13)","(27, 14)",South,"[('(27, 14)', 'North', 1), ('(27, 12)', 'South', 1)]","['(27, 13)', '(33, 12)', '(4, 7)']","['(27, 12)', '(4, 7)', '(33, 12)']","['(21, 16)', '(31, 14)', '(23, 16)', '(34, 16)', '(12, 16)', '(3, 7)', '(14, 16)', '(3, 16)', '(27, 13)', '(5, 16)', '(27, 16)', '(30, 12)', '(33, 14)', '(1, 9)', '(32, 12)', '(25, 16)', '(1, 12)', '(16, 16)', '(1, 15)', '(26, 14)', '(18, 16)', '(29, 16)', '(7, 16)', '(31, 16)', '(20, 16)', '(22, 16)', '(34, 15)', '(9, 16)', '(30, 14)', '(11, 16)', '(33, 16)', '(32, 14)', '(1, 11)', '(2, 7)', '(2, 16)', '(24, 16)', '(13, 16)', '(25, 15)', '(1, 14)', '(1, 8)', '(26, 16)', '(15, 16)', '(6, 16)', '(31, 12)', '(34, 14)', '(4, 16)', '(28, 16)', '(30, 13)', '(17, 16)', '(27, 14)', '(30, 16)', '(19, 16)', '(8, 16)', '(10, 16)', '(32, 16)', '(1, 13)', '(25, 14)', '(1, 10)', '(1, 16)', '(1, 7)']",14,38,52
61,"(27, 12)","(27, 13)",South,"[('(27, 13)', 'North', 1), ('(27, 11)', 'South', 1)]","['(27, 12)', '(4, 7)', '(33, 12)']","['(27, 11)', '(4, 7)', '(33, 12)']","['(21, 16)', '(31, 14)', '(23, 16)', '(34, 16)', '(12, 16)', '(3, 7)', '(14, 16)', '(3, 16)', '(27, 13)', '(5, 16)', '(27, 16)', '(30, 12)', '(33, 14)', '(1, 9)', '(32, 12)', '(25, 16)', '(1, 12)', '(16, 16)', '(1, 15)', '(26, 14)', '(18, 16)', '(29, 16)', '(7, 16)', '(31, 16)', '(20, 16)', '(22, 16)', '(34, 15)', '(27, 12)', '(9, 16)', '(30, 14)', '(11, 16)', '(33, 16)', '(32, 14)', '(1, 11)', '(2, 7)', '(2, 16)', '(24, 16)', '(13, 16)', '(25, 15)', '(1, 14)', '(1, 8)', '(26, 16)', '(15, 16)', '(6, 16)', '(31, 12)', '(34, 14)', '(4, 16)', '(28, 16)', '(30, 13)', '(17, 16)', '(27, 14)', '(30, 16)', '(19, 16)', '(8, 16)', '(10, 16)', '(32, 16)', '(1, 13)', '(25, 14)', '(1, 10)', '(1, 16)', '(1, 7)']",15,37,52
62,"(27, 11)","(27, 12)",South,"[('(27, 12)', 'North', 1), ('(26, 11)', 'West', 1)]","['(27, 11)', '(4, 7)', '(33, 12)']","['(26, 11)', '(4, 7)', '(33, 12)']","['(21, 16)', '(31, 14)', '(23, 16)', '(34, 16)', '(12, 16)', '(3, 7)', '(14, 16)', '(3, 16)', '(27, 13)', '(5, 16)', '(27, 16)', '(30, 12)', '(33, 14)', '(1, 9)', '(32, 12)', '(25, 16)', '(1, 12)', '(16, 16)', '(1, 15)', '(26, 14)', '(18, 16)', '(29, 16)', '(7, 16)', '(31, 16)', '(20, 16)', '(22, 16)', '(34, 15)', '(27, 12)', '(9, 16)', '(30, 14)', '(11, 16)', '(33, 16)', '(32, 14)', '(1, 11)', '(2, 7)', '(2, 16)', '(24, 16)', '(13, 16)', '(25, 15)', '(1, 14)', '(1, 8)', '(26, 16)', '(15, 16)', '(6, 16)', '(31, 12)', '(34, 14)', '(4, 16)', '(27, 11)', '(28, 16)', '(30, 13)', '(17, 16)', '(27, 14)', '(30, 16)', '(19, 16)', '(8, 16)', '(10, 16)', '(32, 16)', '(1, 13)', '(25, 14)', '(1, 10)', '(1, 16)', '(1, 7)']",16,36,52
63,"(26, 11)","(27, 11)",West,"[('(27, 11)', 'East', 1), ('(25, 11)', 'West', 1)]","['(26, 11)', '(4, 7)', '(33, 12)']","['(25, 11)', '(4, 7)', '(33, 12)']","['(21, 16)', '(31, 14)', '(23, 16)', '(34, 16)', '(12, 16)', '(3, 7)', '(14, 16)', '(3, 16)', '(27, 13)', '(5, 16)', '(27, 16)', '(30, 12)', '(33, 14)', '(1, 9)', '(32, 12)', '(25, 16)', '(1, 12)', '(26, 11)', '(16, 16)', '(1, 15)', '(26, 14)', '(18, 16)', '(29, 16)', '(7, 16)', '(31, 16)', '(20, 16)', '(22, 16)', '(34, 15)', '(27, 12)', '(9, 16)', '(30, 14)', '(11, 16)', '(33, 16)', '(32, 14)', '(1, 11)', '(2, 7)', '(2, 16)', '(24, 16)', '(13, 16)', '(25, 15)', '(1, 14)', '(1, 8)', '(26, 16)', '(15, 16)', '(6, 16)', '(31, 12)', '(34, 14)', '(4, 16)', '(27, 11)', '(28, 16)', '(30, 13)', '(17, 16)', '(27, 14)', '(30, 16)', '(19, 16)', '(8, 16)', '(10, 16)', '(32, 16)', '(1, 13)', '(25, 14)', '(1, 10)', '(1, 16)', '(1, 7)']",17,35,52
64,"(25, 11)","(26, 11)",West,"[('(26, 11)', 'East', 1), ('(24, 11)', 'West', 1)]","['(25, 11)', '(4, 7)', '(33, 12)']","['(24, 11)', '(4, 7)', '(33, 12)']","['(21, 16)', '(31, 14)', '(23, 16)', '(34, 16)', '(12, 16)', '(3, 7)', '(14, 16)', '(3, 16)', '(27, 13)', '(5, 16)', '(27, 16)', '(30, 12)', '(33, 14)', '(1, 9)', '(32, 12)', '(25, 16)', '(1, 12)', '(26, 11)', '(16, 16)', '(1, 15)', '(26, 14)', '(18, 16)', '(29, 16)', '(7, 16)', '(31, 16)', '(20, 16)', '(22, 16)', '(34, 15)', '(27, 12)', '(9, 16)', '(30, 14)', '(11, 16)', '(33, 16)', '(32, 14)', '(1, 11)', '(2, 7)', '(2, 16)', '(24, 16)', '(13, 16)', '(25, 15)', '(1, 14)', '(1, 8)', '(26, 16)', '(15, 16)', '(6, 16)', '(31, 12)', '(25, 11)', '(34, 14)', '(4, 16)', '(27, 11)', '(28, 16)', '(30, 13)', '(17, 16)', '(27, 14)', '(30, 16)', '(19, 16)', '(8, 16)', '(10, 16)', '(32, 16)', '(1, 13)', '(25, 14)', '(1, 10)', '(1, 16)', '(1, 7)']",18,34,52
65,"(24, 11)","(25, 11)",West,"[('(24, 12)', 'North', 1), ('(25, 11)', 'East', 1)]","['(24, 11)', '(4, 7)', '(33, 12)']","['(33, 12)', '(4, 7)', '(24, 12)']","['(21, 16)', '(31, 14)', '(23, 16)', '(34, 16)', '(12, 16)', '(3, 7)', '(14, 16)', '(3, 16)', '(27, 13)', '(5, 16)', '(27, 16)', '(30, 12)', '(33, 14)', '(1, 9)', '(32, 12)', '(24, 11)', '(25, 16)', '(1, 12)', '(26, 11)', '(16, 16)', '(1, 15)', '(26, 14)', '(18, 16)', '(29, 16)', '(7, 16)', '(31, 16)', '(20, 16)', '(22, 16)', '(34, 15)', '(27, 12)', '(9, 16)', '(30, 14)', '(11, 16)', '(33, 16)', '(32, 14)', '(1, 11)', '(2, 7)', '(2, 16)', '(24, 16)', '(13, 16)', '(25, 15)', '(1, 14)', '(1, 8)', '(26, 16)', '(15, 16)', '(6, 16)', '(31, 12)', '(25, 11)', '(34, 14)', '(4, 16)', '(27, 11)', '(28, 16)', '(30, 13)', '(17, 16)', '(27, 14)', '(30, 16)', '(19, 16)', '(8, 16)', '(10, 16)', '(32, 16)', '(1, 13)', '(25, 14)', '(1, 10)', '(1, 16)', '(1, 7)']",19,33,52
66,"(33, 12)","(32, 12)",East,"[('(34, 12)', 'East', 1), ('(32, 12)', 'West', 1)]","['(33, 12)', '(4, 7)', '(24, 12)']","['(4, 7)', '(24, 12)', '(34, 12)']","['(21, 16)', '(31, 14)', '(23, 16)', '(34, 16)', '(12, 16)', '(3, 7)', '(14, 16)', '(3, 16)', '(27, 13)', '(5, 16)', '(27, 16)', '(30, 12)', '(33, 14)', '(1, 9)', '(32, 12)', '(24, 11)', '(25, 16)', '(1, 12)', '(26, 11)', '(16, 16)', '(1, 15)', '(26, 14)', '(18, 16)', '(29, 16)', '(7, 16)', '(31, 16)', '(20, 16)', '(22, 16)', '(34, 15)', '(27, 12)', '(9, 16)', '(30, 14)', '(11, 16)', '(33, 16)', '(32, 14)', '(1, 11)', '(2, 7)', '(2, 16)', '(24, 16)', '(13, 16)', '(25, 15)', '(1, 14)', '(1, 8)', '(26, 16)', '(15, 16)', '(6, 16)', '(31, 12)', '(25, 11)', '(34, 14)', '(4, 16)', '(27, 11)', '(28, 16)', '(30, 13)', '(17, 16)', '(27, 14)', '(30, 16)', '(19, 16)', '(8, 16)', '(33, 12)', '(10, 16)', '(32, 16)', '(1, 13)', '(25, 14)', '(1, 10)', '(1, 16)', '(1, 7)']",11,43,54
67,"(4, 7)","(3, 7)",East,"[('(4, 8)', 'North', 1), ('(3, 7)', 'West', 1)]","['(4, 7)', '(24, 12)', '(34, 12)']","['(24, 12)', '(34, 12)', '(4, 8)']","['(21, 16)', '(31, 14)', '(23, 16)', '(34, 16)', '(12, 16)', '(3, 7)', '(14, 16)', '(3, 16)', '(27, 13)', '(5, 16)', '(27, 16)', '(30, 12)', '(33, 14)', '(1, 9)', '(32, 12)', '(24, 11)', '(25, 16)', '(1, 12)', '(26, 11)', '(16, 16)', '(1, 15)', '(26, 14)', '(18, 16)', '(29, 16)', '(7, 16)', '(31, 16)', '(20, 16)', '(22, 16)', '(34, 15)', '(27, 12)', '(9, 16)', '(30, 14)', '(11, 16)', '(33, 16)', '(32, 14)', '(1, 11)', '(2, 7)', '(2, 16)', '(24, 16)', '(13, 16)', '(25, 15)', '(1, 14)', '(1, 8)', '(26, 16)', '(15, 16)', '(6, 16)', '(31, 12)', '(25, 11)', '(4, 7)', '(34, 14)', '(4, 16)', '(27, 11)', '(28, 16)', '(30, 13)', '(17, 16)', '(27, 14)', '(30, 16)', '(19, 16)', '(8, 16)', '(33, 12)', '(10, 16)', '(32, 16)', '(1, 13)', '(25, 14)', '(1, 10)', '(1, 16)', '(1, 7)']",45,9,54
68,"(24, 12)","(24, 11)",North,"[('(24, 11)', 'South', 1), ('(23, 12)', 'West', 1)]","['(24, 12)', '(34, 12)', '(4, 8)']","['(23, 12)', '(4, 8)', '(34, 12)']","['(21, 16)', '(31, 14)', '(23, 16)', '(34, 16)', '(12, 16)', '(3, 7)', '(14, 16)', '(3, 16)', '(27, 13)', '(5, 16)', '(27, 16)', '(30, 12)', '(33, 14)', '(1, 9)', '(32, 12)', '(24, 11)', '(25, 16)', '(1, 12)', '(26, 11)', '(16, 16)', '(1, 15)', '(26, 14)', '(18, 16)', '(29, 16)', '(7, 16)', '(31, 16)', '(20, 16)', '(22, 16)', '(34, 15)', '(27, 12)', '(9, 16)', '(30, 14)', '(11, 16)', '(33, 16)', '(32, 14)', '(1, 11)', '(2, 7)', '(2, 16)', '(24, 16)', '(13, 16)', '(25, 15)', '(1, 14)', '(1, 8)', '(26, 16)', '(15, 16)', '(6, 16)', '(31, 12)', '(25, 11)', '(4, 7)', '(34, 14)', '(4, 16)', '(27, 11)', '(28, 16)', '(30, 13)', '(17, 16)', '(27, 14)', '(30, 16)', '(19, 16)', '(8, 16)', '(33, 12)', '(10, 16)', '(32, 16)', '(1, 13)', '(25, 14)', '(1, 10)', '(1, 16)', '(1, 7)', '(24, 12)']",20,34,54
69,"(23, 12)","(24, 12)",West,"[('(24, 12)', 'East', 1), ('(22, 12)', 'West', 1)]","['(23, 12)', '(4, 8)', '(34, 12)']","['(22, 12)', '(4, 8)', '(34, 12)']","['(21, 16)', '(31, 14)', '(23, 16)', '(34, 16)', '(12, 16)', '(3, 7)', '(14, 16)', '(3, 16)', '(27, 13)', '(5, 16)', '(27, 16)', '(30, 12)', '(33, 14)', '(1, 9)', '(32, 12)', '(24, 11)', '(25, 16)', '(1, 12)', '(26, 11)', '(16, 16)', '(1, 15)', '(26, 14)', '(18, 16)', '(29, 16)', '(7, 16)', '(31, 16)', '(20, 16)', '(23, 12)', '(22, 16)', '(34, 15)', '(27, 12)', '(9, 16)', '(30, 14)', '(11, 16)', '(33, 16)', '(32, 14)', '(1, 11)', '(2, 7)', '(2, 16)', '(24, 16)', '(13, 16)', '(25, 15)', '(1, 14)', '(1, 8)', '(26, 16)', '(15, 16)', '(6, 16)', '(31, 12)', '(25, 11)', '(4, 7)', '(34, 14)', '(4, 16)', '(27, 11)', '(28, 16)', '(30, 13)', '(17, 16)', '(27, 14)', '(30, 16)', '(19, 16)', '(8, 16)', '(33, 12)', '(10, 16)', '(32, 16)', '(1, 13)', '(25, 14)', '(1, 10)', '(1, 16)', '(1, 7)', '(24, 12)']",21,33,54
70,"(22, 12)","(23, 12)",West,"[('(23, 12)', 'East', 1), ('(21, 12)', 'West', 1)]","['(22, 12)', '(4, 8)', '(34, 12)']","['(21, 12)', '(4, 8)', '(34, 12)']","['(21, 16)', '(31, 14)', '(23, 16)', '(34, 16)', '(12, 16)', '(3, 7)', '(14, 16)', '(3, 16)', '(27, 13)', '(5, 16)', '(27, 16)', '(30, 12)', '(33, 14)', '(1, 9)', '(32, 12)', '(24, 11)', '(25, 16)', '(1, 12)', '(26, 11)', '(16, 16)', '(1, 15)', '(26, 14)', '(18, 16)', '(29, 16)', '(7, 16)', '(31, 16)', '(20, 16)', '(23, 12)', '(22, 16)', '(34, 15)', '(27, 12)', '(9, 16)', '(30, 14)', '(11, 16)', '(33, 16)', '(32, 14)', '(1, 11)', '(2, 7)', '(2, 16)', '(24, 16)', '(13, 16)', '(25, 15)', '(1, 14)', '(1, 8)', '(26, 16)', '(15, 16)', '(6, 16)', '(31, 12)', '(25, 11)', '(4, 7)', '(34, 14)', '(22, 12)', '(4, 16)', '(27, 11)', '(28, 16)', '(30, 13)', '(17, 16)', '(27, 14)', '(30, 16)', '(19, 16)', '(8, 16)', '(33, 12)', '(10, 16)', '(32, 16)', '(1, 13)', '(25, 14)', '(1, 10)', '(1, 16)', '(1, 7)', '(24, 12)']",22,32,54
71,"(21, 12)","(22, 12)",West,"[('(22, 12)', 'East', 1), ('(20, 12)', 'West', 1)]","['(21, 12)', '(4, 8)', '(34, 12)']","['(20, 12)', '(4, 8)', '(34, 12)']","['(21, 16)', '(31, 14)', '(23, 16)', '(34, 16)', '(12, 16)', '(3, 7)', '(14, 16)', '(3, 16)', '(27, 13)', '(5, 16)', '(27, 16)', '(30, 12)', '(33, 14)', '(1, 9)', '(32, 12)', '(24, 11)', '(25, 16)', '(1, 12)', '(26, 11)', '(16, 16)', '(1, 15)', '(26, 14)', '(18, 16)', '(29, 16)', '(7, 16)', '(21, 12)', '(31, 16)', '(20, 16)', '(23, 12)', '(22, 16)', '(34, 15)', '(27, 12)', '(9, 16)', '(30, 14)', '(11, 16)', '(33, 16)', '(32, 14)', '(1, 11)', '(2, 7)', '(2, 16)', '(24, 16)', '(13, 16)', '(25, 15)', '(1, 14)', '(1, 8)', '(26, 16)', '(15, 16)', '(6, 16)', '(31, 12)', '(25, 11)', '(4, 7)', '(34, 14)', '(22, 12)', '(4, 16)', '(27, 11)', '(28, 16)', '(30, 13)', '(17, 16)', '(27, 14)', '(30, 16)', '(19, 16)', '(8, 16)', '(33, 12)', '(10, 16)', '(32, 16)', '(1, 13)', '(25, 14)', '(1, 10)', '(1, 16)', '(1, 7)', '(24, 12)']",23,31,54
72,"(20, 12)","(21, 12)",West,"[('(20, 11)', 'South', 1), ('(21, 12)', 'East', 1), ('(19, 12)', 'West', 1)]","['(20, 12)', '(4, 8)', '(34, 12)']","['(20, 11)', '(19, 12)', '(34, 12)', '(4, 8)']","['(21, 16)', '(31, 14)', '(23, 16)', '(34, 16)', '(12, 16)', '(3, 7)', '(14, 16)', '(3, 16)', '(27, 13)', '(5, 16)', '(27, 16)', '(30, 12)', '(33, 14)', '(1, 9)', '(32, 12)', '(24, 11)', '(25, 16)', '(1, 12)', '(26, 11)', '(16, 16)', '(1, 15)', '(26, 14)', '(18, 16)', '(29, 16)', '(7, 16)', '(21, 12)', '(31, 16)', '(20, 16)', '(23, 12)', '(22, 16)', '(34, 15)', '(27, 12)', '(9, 16)', '(30, 14)', '(11, 16)', '(33, 16)', '(32, 14)', '(1, 11)', '(2, 7)', '(2, 16)', '(24, 16)', '(13, 16)', '(25, 15)', '(1, 14)', '(1, 8)', '(26, 16)', '(15, 16)', '(6, 16)', '(31, 12)', '(20, 12)', '(25, 11)', '(4, 7)', '(34, 14)', '(22, 12)', '(4, 16)', '(27, 11)', '(28, 16)', '(30, 13)', '(17, 16)', '(27, 14)', '(30, 16)', '(19, 16)', '(8, 16)', '(33, 12)', '(10, 16)', '(32, 16)', '(1, 13)', '(25, 14)', '(1, 10)', '(1, 16)', '(1, 7)', '(24, 12)']",24,30,54
73,"(20, 11)","(20, 12)",South,"[('(20, 12)', 'North', 1), ('(20, 10)', 'South', 1), ('(19, 11)', 'West', 1)]","['(20, 11)', '(19, 12)', '(34, 12)', '(4, 8)']","['(19, 12)', '(20, 10)', '(34, 12)', '(4, 8)', '(19, 11)']","['(20, 11)', '(21, 16)', '(31, 14)', '(23, 16)', '(34, 16)', '(12, 16)', '(3, 7)', '(14, 16)', '(3, 16)', '(27, 13)', '(5, 16)', '(27, 16)', '(30, 12)', '(33, 14)', '(1, 9)', '(32, 12)', '(24, 11)', '(25, 16)', '(1, 12)', '(26, 11)', '(16, 16)', '(1, 15)', '(26, 14)', '(18, 16)', '(29, 16)', '(7, 16)', '(21, 12)', '(31, 16)', '(20, 16)', '(23, 12)', '(22, 16)', '(34, 15)', '(27, 12)', '(9, 16)', '(30, 14)', '(11, 16)', '(33, 16)', '(32, 14)', '(1, 11)', '(2, 7)', '(2, 16)', '(24, 16)', '(13, 16)', '(25, 15)', '(1, 14)', '(1, 8)', '(26, 16)', '(15, 16)', '(6, 16)', '(31, 12)', '(20, 12)', '(25, 11)', '(4, 7)', '(34, 14)', '(22, 12)', '(4, 16)', '(27, 11)', '(28, 16)', '(30, 13)', '(17, 16)', '(27, 14)', '(30, 16)', '(19, 16)', '(8, 16)', '(33, 12)', '(10, 16)', '(32, 16)', '(1, 13)', '(25, 14)', '(1, 10)', '(1, 16)', '(1, 7)', '(24, 12)']",25,29,54
74,"(19, 12)","(20, 12)",West,"[('(19, 11)', 'South', 1), ('(20, 12)', 'East', 1), ('(18, 12)', 'West', 1)]","['(19, 12)', '(20, 10)', '(34, 12)', '(4, 8)', '(19, 11)']","['(20, 10)', '(19, 11)', '(34, 12)', '(4, 8)', '(18, 12)']","['(20, 11)', '(21, 16)', '(31, 14)', '(23, 16)', '(34, 16)', '(12, 16)', '(3, 7)', '(14, 16)', '(3, 16)', '(27, 13)', '(5, 16)', '(27, 16)', '(30, 12)', '(19, 12)', '(33, 14)', '(1, 9)', '(32, 12)', '(24, 11)', '(25, 16)', '(1, 12)', '(26, 11)', '(16, 16)', '(1, 15)', '(26, 14)', '(18, 16)', '(29, 16)', '(7, 16)', '(21, 12)', '(31, 16)', '(20, 16)', '(23, 12)', '(22, 16)', '(34, 15)', '(27, 12)', '(9, 16)', '(30, 14)', '(11, 16)', '(33, 16)', '(32, 14)', '(1, 11)', '(2, 7)', '(2, 16)', '(24, 16)', '(13, 16)', '(25, 15)', '(1, 14)', '(1, 8)', '(26, 16)', '(15, 16)', '(6, 16)', '(31, 12)', '(20, 12)', '(25, 11)', '(4, 7)', '(34, 14)', '(22, 12)', '(4, 16)', '(27, 11)', '(28, 16)', '(30, 13)', '(17, 16)', '(27, 14)', '(30, 16)', '(19, 16)', '(8, 16)', '(33, 12)', '(10, 16)', '(32, 16)', '(1, 13)', '(25, 14)', '(1, 10)', '(1, 16)', '(1, 7)', '(24, 12)']",25,29,54
75,"(20, 10)","(20, 11)",South,"[('(20, 11)', 'North', 1), ('(20, 9)', 'South', 1)]","['(20, 10)', '(19, 11)', '(34, 12)', '(4, 8)', '(18, 12)']","['(19, 11)', '(18, 12)', '(34, 12)', '(4, 8)', '(20, 9)']","['(20, 11)', '(21, 16)', '(31, 14)', '(23, 16)', '(34, 16)', '(12, 16)', '(3, 7)', '(14, 16)', '(3, 16)', '(27, 13)', '(5, 16)', '(27, 16)', '(30, 12)', '(19, 12)', '(33, 14)', '(1, 9)', '(32, 12)', '(24, 11)', '(25, 16)', '(1, 12)', '(26, 11)', '(16, 16)', '(1, 15)', '(26, 14)', '(18, 16)', '(29, 16)', '(7, 16)', '(21, 12)', '(20, 10)', '(31, 16)', '(20, 16)', '(23, 12)', '(22, 16)', '(34, 15)', '(27, 12)', '(9, 16)', '(30, 14)', '(11, 16)', '(33, 16)', '(32, 14)', '(1, 11)', '(2, 7)', '(2, 16)', '(24, 16)', '(13, 16)', '(25, 15)', '(1, 14)', '(1, 8)', '(26, 16)', '(15, 16)', '(6, 16)', '(31, 12)', '(20, 12)', '(25, 11)', '(4, 7)', '(34, 14)', '(22, 12)', '(4, 16)', '(27, 11)', '(28, 16)', '(30, 13)', '(17, 16)', '(27, 14)', '(30, 16)', '(19, 16)', '(8, 16)', '(33, 12)', '(10, 16)', '(32, 16)', '(1, 13)', '(25, 14)', '(1, 10)', '(1, 16)', '(1, 7)', '(24, 12)']",26,28,54
76,"(19, 11)","(20, 11)",West,"[('(19, 12)', 'North', 1), ('(20, 11)', 'East', 1)]","['(19, 11)', '(18, 12)', '(34, 12)', '(4, 8)', '(20, 9)']","['(18, 12)', '(20, 9)', '(34, 12)', '(4, 8)']","['(20, 11)', '(21, 16)', '(31, 14)', '(23, 16)', '(34, 16)', '(12, 16)', '(3, 7)', '(14, 16)', '(3, 16)', '(27, 13)', '(5, 16)', '(27, 16)', '(30, 12)', '(19, 12)', '(33, 14)', '(1, 9)', '(32, 12)', '(24, 11)', '(25, 16)', '(1, 12)', '(26, 11)', '(16, 16)', '(1, 15)', '(26, 14)', '(18, 16)', '(29, 16)', '(7, 16)', '(21, 12)', '(20, 10)', '(31, 16)', '(20, 16)', '(23, 12)', '(22, 16)', '(34, 15)', '(27, 12)', '(19, 11)', '(9, 16)', '(30, 14)', '(11, 16)', '(33, 16)', '(32, 14)', '(1, 11)', '(2, 7)', '(2, 16)', '(24, 16)', '(13, 16)', '(25, 15)', '(1, 14)', '(1, 8)', '(26, 16)', '(15, 16)', '(6, 16)', '(31, 12)', '(20, 12)', '(25, 11)', '(4, 7)', '(34, 14)', '(22, 12)', '(4, 16)', '(27, 11)', '(28, 16)', '(30, 13)', '(17, 16)', '(27, 14)', '(30, 16)', '(19, 16)', '(8, 16)', '(33, 12)', '(10, 16)', '(32, 16)', '(1, 13)', '(25, 14)', '(1, 10)', '(1, 16)', '(1, 7)', '(24, 12)']",26,28,54
77,"(18, 12)","(19, 12)",West,"[('(19, 12)', 'East', 1), ('(17, 12)', 'West', 1)]","['(18, 12)', '(20, 9)', '(34, 12)', '(4, 8)']","['(20, 9)', '(17, 12)', '(34, 12)', '(4, 8)']","['(21, 16)', '(27, 13)', '(32, 12)', '(1, 15)', '(26, 14)', '(19, 11)', '(11, 16)', '(32, 14)', '(1, 8)', '(26, 16)', '(15, 16)', '(18, 12)', '(34, 14)', '(22, 12)', '(28, 16)', '(30, 13)', '(17, 16)', '(32, 16)', '(1, 10)', '(24, 12)', '(25, 11)', '(34, 16)', '(5, 16)', '(1, 12)', '(26, 11)', '(18, 16)', '(7, 16)', '(20, 10)', '(22, 16)', '(9, 16)', '(24, 16)', '(13, 16)', '(25, 15)', '(1, 14)', '(31, 12)', '(20, 12)', '(33, 12)', '(1, 7)', '(1, 16)', '(31, 14)', '(3, 7)', '(14, 16)', '(3, 16)', '(33, 14)', '(1, 9)', '(24, 11)', '(16, 16)', '(31, 16)', '(20, 16)', '(23, 12)', '(27, 12)', '(33, 16)', '(1, 11)', '(27, 14)', '(10, 16)', '(1, 13)', '(25, 14)', '(20, 11)', '(23, 16)', '(12, 16)', '(27, 16)', '(30, 12)', '(19, 12)', '(25, 16)', '(29, 16)', '(21, 12)', '(34, 15)', '(30, 14)', '(2, 7)', '(2, 16)', '(6, 16)', '(4, 7)', '(4, 16)', '(27, 11)', '(30, 16)', '(19, 16)', '(8, 16)']",26,28,54
78,"(20, 9)","(20, 10)",South,"[('(20, 10)', 'North', 1), ('(21, 9)', 'East', 1)]","['(20, 9)', '(17, 12)', '(34, 12)', '(4, 8)']","['(17, 12)', '(4, 8)', '(34, 12)', '(21, 9)']","['(21, 16)', '(27, 13)', '(32, 12)', '(1, 15)', '(26, 14)', '(19, 11)', '(11, 16)', '(32, 14)', '(1, 8)', '(26, 16)', '(15, 16)', '(18, 12)', '(34, 14)', '(22, 12)', '(28, 16)', '(30, 13)', '(17, 16)', '(32, 16)', '(1, 10)', '(24, 12)', '(25, 11)', '(34, 16)', '(5, 16)', '(1, 12)', '(26, 11)', '(18, 16)', '(7, 16)', '(20, 10)', '(22, 16)', '(9, 16)', '(24, 16)', '(13, 16)', '(25, 15)', '(1, 14)', '(31, 12)', '(20, 12)', '(33, 12)', '(1, 7)', '(1, 16)', '(31, 14)', '(3, 7)', '(14, 16)', '(3, 16)', '(33, 14)', '(1, 9)', '(24, 11)', '(16, 16)', '(31, 16)', '(20, 16)', '(23, 12)', '(27, 12)', '(33, 16)', '(1, 11)', '(20, 9)', '(27, 14)', '(10, 16)', '(1, 13)', '(25, 14)', '(20, 11)', '(23, 16)', '(12, 16)', '(27, 16)', '(30, 12)', '(19, 12)', '(25, 16)', '(29, 16)', '(21, 12)', '(34, 15)', '(30, 14)', '(2, 7)', '(2, 16)', '(6, 16)', '(4, 7)', '(4, 16)', '(27, 11)', '(30, 16)', '(19, 16)', '(8, 16)']",27,27,54
79,"(17, 12)","(18, 12)",West,"[('(17, 13)', 'North', 1), ('(18, 12)', 'East', 1), ('(16, 12)', 'West', 1)]","['(17, 12)', '(4, 8)', '(34, 12)', '(21, 9)']","['(16, 12)', '(34, 12)', '(21, 9)', '(17, 13)', '(4, 8)']","['(21, 16)', '(27, 13)', '(17, 12)', '(32, 12)', '(1, 15)', '(26, 14)', '(19, 11)', '(11, 16)', '(32, 14)', '(1, 8)', '(26, 16)', '(15, 16)', '(18, 12)', '(34, 14)', '(22, 12)', '(28, 16)', '(30, 13)', '(17, 16)', '(32, 16)', '(1, 10)', '(24, 12)', '(25, 11)', '(34, 16)', '(5, 16)', '(1, 12)', '(26, 11)', '(18, 16)', '(7, 16)', '(20, 10)', '(22, 16)', '(9, 16)', '(24, 16)', '(13, 16)', '(25, 15)', '(1, 14)', '(31, 12)', '(20, 12)', '(33, 12)', '(1, 7)', '(1, 16)', '(31, 14)', '(3, 7)', '(14, 16)', '(3, 16)', '(33, 14)', '(1, 9)', '(24, 11)', '(16, 16)', '(31, 16)', '(20, 16)', '(23, 12)', '(27, 12)', '(33, 16)', '(1, 11)', '(20, 9)', '(27, 14)', '(10, 16)', '(1, 13)', '(25, 14)', '(20, 11)', '(23, 16)', '(12, 16)', '(27, 16)', '(30, 12)', '(19, 12)', '(25, 16)', '(29, 16)', '(21, 12)', '(34, 15)', '(30, 14)', '(2, 7)', '(2, 16)', '(6, 16)', '(4, 7)', '(4, 16)', '(27, 11)', '(30, 16)', '(19, 16)', '(8, 16)']",27,27,54
80,"(16, 12)","(17, 12)",West,"[('(17, 12)', 'East', 1), ('(15, 12)', 'West', 1)]","['(16, 12)', '(34, 12)', '(21, 9)', '(17, 13)', '(4, 8)']","['(15, 12)', '(34, 12)', '(21, 9)', '(17, 13)', '(4, 8)']","['(21, 16)', '(27, 13)', '(17, 12)', '(32, 12)', '(1, 15)', '(26, 14)', '(19, 11)', '(11, 16)', '(32, 14)', '(1, 8)', '(26, 16)', '(15, 16)', '(18, 12)', '(34, 14)', '(22, 12)', '(28, 16)', '(30, 13)', '(17, 16)', '(32, 16)', '(1, 10)', '(24, 12)', '(25, 11)', '(34, 16)', '(5, 16)', '(1, 12)', '(26, 11)', '(18, 16)', '(7, 16)', '(20, 10)', '(22, 16)', '(9, 16)', '(24, 16)', '(13, 16)', '(25, 15)', '(1, 14)', '(16, 12)', '(31, 12)', '(20, 12)', '(33, 12)', '(1, 7)', '(1, 16)', '(31, 14)', '(3, 7)', '(14, 16)', '(3, 16)', '(33, 14)', '(1, 9)', '(24, 11)', '(16, 16)', '(31, 16)', '(20, 16)', '(23, 12)', '(27, 12)', '(33, 16)', '(1, 11)', '(20, 9)', '(27, 14)', '(10, 16)', '(1, 13)', '(25, 14)', '(20, 11)', '(23, 16)', '(12, 16)', '(27, 16)', '(30, 12)', '(19, 12)', '(25, 16)', '(29, 16)', '(21, 12)', '(34, 15)', '(30, 14)', '(2, 7)', '(2, 16)', '(6, 16)', '(4, 7)', '(4, 16)', '(27, 11)', '(30, 16)', '(19, 16)', '(8, 16)']",28,26,54
81,"(15, 12)","(16, 12)",West,"[('(16, 12)', 'East', 1), ('(14, 12)', 'West', 1)]","['(15, 12)', '(34, 12)', '(21, 9)', '(17, 13)', '(4, 8)']","['(14, 12)', '(34, 12)', '(21, 9)', '(17, 13)', '(4, 8)']","['(21, 16)', '(27, 13)', '(17, 12)', '(32, 12)', '(1, 15)', '(26, 14)', '(19, 11)', '(11, 16)', '(32, 14)', '(1, 8)', '(26, 16)', '(15, 16)', '(18, 12)', '(34, 14)', '(22, 12)', '(28, 16)', '(30, 13)', '(17, 16)', '(32, 16)', '(1, 10)', '(24, 12)', '(25, 11)', '(34, 16)', '(5, 16)', '(1, 12)', '(26, 11)', '(18, 16)', '(7, 16)', '(20, 10)', '(22, 16)', '(9, 16)', '(24, 16)', '(13, 16)', '(25, 15)', '(1, 14)', '(16, 12)', '(31, 12)', '(20, 12)', '(33, 12)', '(1, 7)', '(1, 16)', '(31, 14)', '(3, 7)', '(14, 16)', '(3, 16)', '(33, 14)', '(1, 9)', '(24, 11)', '(16, 16)', '(31, 16)', '(20, 16)', '(23, 12)', '(27, 12)', '(33, 16)', '(1, 11)', '(20, 9)', '(27, 14)', '(10, 16)', '(1, 13)', '(25, 14)', '(20, 11)', '(23, 16)', '(12, 16)', '(27, 16)', '(30, 12)', '(19, 12)', '(25, 16)', '(29, 16)', '(21, 12)', '(34, 15)', '(30, 14)', '(2, 7)', '(2, 16)', '(6, 16)', '(4, 7)', '(4, 16)', '(27, 11)', '(30, 16)', '(19, 16)', '(8, 16)', '(15, 12)']",29,25,54
82,"(14, 12)","(15, 12)",West,"[('(14, 11)', 'South', 1), ('(15, 12)', 'East', 1), ('(13, 12)', 'West', 1)]","['(14, 12)', '(34, 12)', '(21, 9)', '(17, 13)', '(4, 8)']","['(14, 11)', '(34, 12)', '(13, 12)', '(17, 13)', '(4, 8)', '(21, 9)']","['(21, 16)', '(27, 13)', '(17, 12)', '(32, 12)', '(1, 15)', '(26, 14)', '(19, 11)', '(11, 16)', '(32, 14)', '(1, 8)', '(26, 16)', '(15, 16)', '(18, 12)', '(34, 14)', '(22, 12)', '(28, 16)', '(30, 13)', '(17, 16)', '(32, 16)', '(1, 10)', '(24, 12)', '(25, 11)', '(34, 16)', '(5, 16)', '(1, 12)', '(26, 11)', '(18, 16)', '(7, 16)', '(20, 10)', '(22, 16)', '(14, 12)', '(9, 16)', '(24, 16)', '(13, 16)', '(25, 15)', '(1, 14)', '(16, 12)', '(31, 12)', '(20, 12)', '(33, 12)', '(1, 7)', '(1, 16)', '(31, 14)', '(3, 7)', '(14, 16)', '(3, 16)', '(33, 14)', '(1, 9)', '(24, 11)', '(16, 16)', '(31, 16)', '(20, 16)', '(23, 12)', '(27, 12)', '(33, 16)', '(1, 11)', '(20, 9)', '(27, 14)', '(10, 16)', '(1, 13)', '(25, 14)', '(20, 11)', '(23, 16)', '(12, 16)', '(27, 16)', '(30, 12)', '(19, 12)', '(25, 16)', '(29, 16)', '(21, 12)', '(34, 15)', '(30, 14)', '(2, 7)', '(2, 16)', '(6, 16)', '(4, 7)', '(4, 16)', '(27, 11)', '(30, 16)', '(19, 16)', '(8, 16)', '(15, 12)']",30,24,54
83,"(14, 11)","(14, 12)",South,"[('(14, 12)', 'North', 1), ('(14, 10)', 'South', 1)]","['(14, 11)', '(34, 12)', '(13, 12)', '(17, 13)', '(4, 8)', '(21, 9)']","['(13, 12)', '(34, 12)', '(14, 10)', '(17, 13)', '(4, 8)', '(21, 9)']","['(21, 16)', '(27, 13)', '(17, 12)', '(32, 12)', '(1, 15)', '(26, 14)', '(19, 11)', '(11, 16)', '(32, 14)', '(1, 8)', '(26, 16)', '(15, 16)', '(18, 12)', '(34, 14)', '(22, 12)', '(28, 16)', '(30, 13)', '(17, 16)', '(32, 16)', '(1, 10)', '(24, 12)', '(25, 11)', '(34, 16)', '(5, 16)', '(1, 12)', '(26, 11)', '(18, 16)', '(7, 16)', '(20, 10)', '(22, 16)', '(14, 12)', '(9, 16)', '(24, 16)', '(13, 16)', '(25, 15)', '(1, 14)', '(16, 12)', '(31, 12)', '(20, 12)', '(33, 12)', '(1, 7)', '(1, 16)', '(31, 14)', '(3, 7)', '(14, 16)', '(3, 16)', '(33, 14)', '(1, 9)', '(24, 11)', '(16, 16)', '(31, 16)', '(20, 16)', '(23, 12)', '(27, 12)', '(33, 16)', '(1, 11)', '(20, 9)', '(14, 11)', '(27, 14)', '(10, 16)', '(1, 13)', '(25, 14)', '(20, 11)', '(23, 16)', '(12, 16)', '(27, 16)', '(30, 12)', '(19, 12)', '(25, 16)', '(29, 16)', '(21, 12)', '(34, 15)', '(30, 14)', '(2, 7)', '(2, 16)', '(6, 16)', '(4, 7)', '(4, 16)', '(27, 11)', '(30, 16)', '(19, 16)', '(8, 16)', '(15, 12)']",31,23,54
84,"(13, 12)","(14, 12)",West,"[('(14, 12)', 'East', 1), ('(12, 12)', 'West', 1)]","['(13, 12)', '(34, 12)', '(14, 10)', '(17, 13)', '(4, 8)', '(21, 9)']","['(14, 10)', '(34, 12)', '(12, 12)', '(17, 13)', '(4, 8)', '(21, 9)']","['(21, 16)', '(27, 13)', '(17, 12)', '(32, 12)', '(1, 15)', '(26, 14)', '(19, 11)', '(11, 16)', '(32, 14)', '(1, 8)', '(26, 16)', '(15, 16)', '(18, 12)', '(34, 14)', '(22, 12)', '(28, 16)', '(30, 13)', '(17, 16)', '(32, 16)', '(1, 10)', '(24, 12)', '(25, 11)', '(13, 12)', '(34, 16)', '(5, 16)', '(1, 12)', '(26, 11)', '(18, 16)', '(7, 16)', '(20, 10)', '(22, 16)', '(14, 12)', '(9, 16)', '(24, 16)', '(13, 16)', '(25, 15)', '(1, 14)', '(16, 12)', '(31, 12)', '(20, 12)', '(33, 12)', '(1, 7)', '(1, 16)', '(31, 14)', '(3, 7)', '(14, 16)', '(3, 16)', '(33, 14)', '(1, 9)', '(24, 11)', '(16, 16)', '(31, 16)', '(20, 16)', '(23, 12)', '(27, 12)', '(33, 16)', '(1, 11)', '(20, 9)', '(14, 11)', '(27, 14)', '(10, 16)', '(1, 13)', '(25, 14)', '(20, 11)', '(23, 16)', '(12, 16)', '(27, 16)', '(30, 12)', '(19, 12)', '(25, 16)', '(29, 16)', '(21, 12)', '(34, 15)', '(30, 14)', '(2, 7)', '(2, 16)', '(6, 16)', '(4, 7)', '(4, 16)', '(27, 11)', '(30, 16)', '(19, 16)', '(8, 16)', '(15, 12)']",31,23,54
85,"(14, 10)","(14, 11)",South,"[('(14, 11)', 'North', 1), ('(15, 10)', 'East', 1)]","['(14, 10)', '(34, 12)', '(12, 12)', '(17, 13)', '(4, 8)', '(21, 9)']","['(12, 12)', '(34, 12)', '(21, 9)', '(17, 13)', '(4, 8)', '(15, 10)']","['(21, 16)', '(27, 13)', '(17, 12)', '(32, 12)', '(1, 15)', '(26, 14)', '(19, 11)', '(11, 16)', '(32, 14)', '(1, 8)', '(26, 16)', '(15, 16)', '(18, 12)', '(34, 14)', '(22, 12)', '(28, 16)', '(30, 13)', '(17, 16)', '(32, 16)', '(1, 10)', '(24, 12)', '(25, 11)', '(13, 12)', '(34, 16)', '(14, 10)', '(5, 16)', '(1, 12)', '(26, 11)', '(18, 16)', '(7, 16)', '(20, 10)', '(22, 16)', '(14, 12)', '(9, 16)', '(24, 16)', '(13, 16)', '(25, 15)', '(1, 14)', '(16, 12)', '(31, 12)', '(20, 12)', '(33, 12)', '(1, 7)', '(1, 16)', '(31, 14)', '(3, 7)', '(14, 16)', '(3, 16)', '(33, 14)', '(1, 9)', '(24, 11)', '(16, 16)', '(31, 16)', '(20, 16)', '(23, 12)', '(27, 12)', '(33, 16)', '(1, 11)', '(20, 9)', '(14, 11)', '(27, 14)', '(10, 16)', '(1, 13)', '(25, 14)', '(20, 11)', '(23, 16)', '(12, 16)', '(27, 16)', '(30, 12)', '(19, 12)', '(25, 16)', '(29, 16)', '(21, 12)', '(34, 15)', '(30, 14)', '(2, 7)', '(2, 16)', '(6, 16)', '(4, 7)', '(4, 16)', '(27, 11)', '(30, 16)', '(19, 16)', '(8, 16)', '(15, 12)']",32,22,54
86,"(12, 12)","(13, 12)",West,"[('(12, 13)', 'North', 1), ('(12, 11)', 'South', 1), ('(13, 12)', 'East', 1)]","['(12, 12)', '(34, 12)', '(21, 9)', '(17, 13)', '(4, 8)', '(15, 10)']","['(12, 11)', '(4, 8)', '(34, 12)', '(17, 13)', '(15, 10)', '(12, 13)', '(21, 9)']","['(21, 16)', '(27, 13)', '(17, 12)', '(32, 12)', '(1, 15)', '(26, 14)', '(19, 11)', '(11, 16)', '(32, 14)', '(1, 8)', '(26, 16)', '(15, 16)', '(18, 12)', '(34, 14)', '(22, 12)', '(28, 16)', '(30, 13)', '(17, 16)', '(32, 16)', '(1, 10)', '(24, 12)', '(25, 11)', '(13, 12)', '(34, 16)', '(14, 10)', '(5, 16)', '(1, 12)', '(26, 11)', '(18, 16)', '(7, 16)', '(20, 10)', '(22, 16)', '(14, 12)', '(9, 16)', '(24, 16)', '(13, 16)', '(25, 15)', '(1, 14)', '(16, 12)', '(31, 12)', '(20, 12)', '(33, 12)', '(1, 7)', '(1, 16)', '(31, 14)', '(3, 7)', '(14, 16)', '(3, 16)', '(33, 14)', '(1, 9)', '(24, 11)', '(16, 16)', '(31, 16)', '(20, 16)', '(23, 12)', '(12, 12)', '(27, 12)', '(33, 16)', '(1, 11)', '(20, 9)', '(14, 11)', '(27, 14)', '(10, 16)', '(1, 13)', '(25, 14)', '(20, 11)', '(23, 16)', '(12, 16)', '(27, 16)', '(30, 12)', '(19, 12)', '(25, 16)', '(29, 16)', '(21, 12)', '(34, 15)', '(30, 14)', '(2, 7)', '(2, 16)', '(6, 16)', '(4, 7)', '(4, 16)', '(27, 11)', '(30, 16)', '(19, 16)', '(8, 16)', '(15, 12)']",32,22,54
87,"(12, 11)","(12, 12)",South,"[('(12, 12)', 'North', 1), ('(12, 10)', 'South', 1)]","['(12, 11)', '(4, 8)', '(34, 12)', '(17, 13)', '(15, 10)', '(12, 13)', '(21, 9)']","['(12, 10)', '(4, 8)', '(34, 12)', '(17, 13)', '(15, 10)', '(12, 13)', '(21, 9)']","['(21, 16)', '(27, 13)', '(17, 12)', '(32, 12)', '(1, 15)', '(26, 14)', '(19, 11)', '(11, 16)', '(32, 14)', '(1, 8)', '(26, 16)', '(15, 16)', '(18, 12)', '(34, 14)', '(22, 12)', '(28, 16)', '(30, 13)', '(17, 16)', '(32, 16)', '(1, 10)', '(24, 12)', '(25, 11)', '(13, 12)', '(34, 16)', '(14, 10)', '(5, 16)', '(1, 12)', '(26, 11)', '(18, 16)', '(7, 16)', '(20, 10)', '(22, 16)', '(14, 12)', '(9, 16)', '(24, 16)', '(13, 16)', '(25, 15)', '(1, 14)', '(16, 12)', '(31, 12)', '(20, 12)', '(33, 12)', '(1, 7)', '(1, 16)', '(31, 14)', '(3, 7)', '(14, 16)', '(3, 16)', '(33, 14)', '(1, 9)', '(24, 11)', '(16, 16)', '(31, 16)', '(20, 16)', '(23, 12)', '(12, 12)', '(27, 12)', '(33, 16)', '(1, 11)', '(20, 9)', '(14, 11)', '(27, 14)', '(10, 16)', '(1, 13)', '(25, 14)', '(20, 11)', '(23, 16)', '(12, 16)', '(27, 16)', '(30, 12)', '(19, 12)', '(25, 16)', '(29, 16)', '(21, 12)', '(34, 15)', '(30, 14)', '(2, 7)', '(2, 16)', '(6, 16)', '(12, 11)', '(4, 7)', '(4, 16)', '(27, 11)', '(30, 16)', '(19, 16)', '(8, 16)', '(15, 12)']",33,21,54
88,"(12, 10)","(12, 11)",South,"[('(12, 11)', 'North', 1), ('(11, 10)', 'West', 1)]","['(12, 10)', '(4, 8)', '(34, 12)', '(17, 13)', '(15, 10)', '(12, 13)', '(21, 9)']","['(11, 10)', '(4, 8)', '(34, 12)', '(17, 13)', '(15, 10)', '(12, 13)', '(21, 9)']","['(21, 16)', '(27, 13)', '(17, 12)', '(32, 12)', '(1, 15)', '(26, 14)', '(19, 11)', '(11, 16)', '(32, 14)', '(1, 8)', '(26, 16)', '(15, 16)', '(18, 12)', '(34, 14)', '(22, 12)', '(28, 16)', '(30, 13)', '(17, 16)', '(32, 16)', '(1, 10)', '(24, 12)', '(25, 11)', '(13, 12)', '(34, 16)', '(14, 10)', '(5, 16)', '(1, 12)', '(26, 11)', '(18, 16)', '(7, 16)', '(20, 10)', '(22, 16)', '(14, 12)', '(9, 16)', '(24, 16)', '(13, 16)', '(25, 15)', '(1, 14)', '(16, 12)', '(31, 12)', '(20, 12)', '(33, 12)', '(1, 7)', '(1, 16)', '(31, 14)', '(12, 10)', '(3, 7)', '(14, 16)', '(3, 16)', '(33, 14)', '(1, 9)', '(24, 11)', '(16, 16)', '(31, 16)', '(20, 16)', '(23, 12)', '(12, 12)', '(27, 12)', '(33, 16)', '(1, 11)', '(20, 9)', '(14, 11)', '(27, 14)', '(10, 16)', '(1, 13)', '(25, 14)', '(20, 11)', '(23, 16)', '(12, 16)', '(27, 16)', '(30, 12)', '(19, 12)', '(25, 16)', '(29, 16)', '(21, 12)', '(34, 15)', '(30, 14)', '(2, 7)', '(2, 16)', '(6, 16)', '(12, 11)', '(4, 7)', '(4, 16)', '(27, 11)', '(30, 16)', '(19, 16)', '(8, 16)', '(15, 12)']",34,20,54
89,"(11, 10)","(12, 10)",West,"[('(12, 10)', 'East', 1), ('(10, 10)', 'West', 1)]","['(11, 10)', '(4, 8)', '(34, 12)', '(17, 13)', '(15, 10)', '(12, 13)', '(21, 9)']","['(10, 10)', '(4, 8)', '(34, 12)', '(17, 13)', '(15, 10)', '(12, 13)', '(21, 9)']","['(21, 16)', '(27, 13)', '(17, 12)', '(32, 12)', '(1, 15)', '(26, 14)', '(19, 11)', '(11, 16)', '(32, 14)', '(1, 8)', '(26, 16)', '(15, 16)', '(18, 12)', '(34, 14)', '(22, 12)', '(28, 16)', '(30, 13)', '(17, 16)', '(32, 16)', '(1, 10)', '(24, 12)', '(25, 11)', '(13, 12)', '(34, 16)', '(14, 10)', '(5, 16)', '(1, 12)', '(26, 11)', '(18, 16)', '(7, 16)', '(20, 10)', '(22, 16)', '(14, 12)', '(9, 16)', '(24, 16)', '(13, 16)', '(25, 15)', '(1, 14)', '(16, 12)', '(31, 12)', '(20, 12)', '(33, 12)', '(1, 7)', '(1, 16)', '(31, 14)', '(12, 10)', '(3, 7)', '(14, 16)', '(3, 16)', '(33, 14)', '(1, 9)', '(24, 11)', '(16, 16)', '(31, 16)', '(20, 16)', '(23, 12)', '(12, 12)', '(27, 12)', '(33, 16)', '(1, 11)', '(20, 9)', '(14, 11)', '(27, 14)', '(10, 16)', '(1, 13)', '(25, 14)', '(20, 11)', '(23, 16)', '(12, 16)', '(27, 16)', '(30, 12)', '(19, 12)', '(25, 16)', '(29, 16)', '(21, 12)', '(34, 15)', '(30, 14)', '(11, 10)', '(2, 7)', '(2, 16)', '(6, 16)', '(12, 11)', '(4, 7)', '(4, 16)', '(27, 11)', '(30, 16)', '(19, 16)', '(8, 16)', '(15, 12)']",35,19,54
90,"(10, 10)","(11, 10)",West,"[('(10, 11)', 'North', 1), ('(11, 10)', 'East', 1)]","['(10, 10)', '(4, 8)', '(34, 12)', '(17, 13)', '(15, 10)', '(12, 13)', '(21, 9)']","['(34, 12)', '(4, 8)', '(21, 9)', '(17, 13)', '(15, 10)', '(12, 13)', '(10, 11)']","['(21, 16)', '(27, 13)', '(17, 12)', '(32, 12)', '(1, 15)', '(26, 14)', '(19, 11)', '(11, 16)', '(32, 14)', '(1, 8)', '(26, 16)', '(15, 16)', '(18, 12)', '(34, 14)', '(22, 12)', '(28, 16)', '(30, 13)', '(17, 16)', '(32, 16)', '(1, 10)', '(24, 12)', '(25, 11)', '(13, 12)', '(34, 16)', '(14, 10)', '(5, 16)', '(1, 12)', '(26, 11)', '(18, 16)', '(7, 16)', '(20, 10)', '(22, 16)', '(14, 12)', '(9, 16)', '(24, 16)', '(13, 16)', '(25, 15)', '(1, 14)', '(16, 12)', '(31, 12)', '(20, 12)', '(33, 12)', '(1, 7)', '(10, 10)', '(1, 16)', '(31, 14)', '(12, 10)', '(3, 7)', '(14, 16)', '(3, 16)', '(33, 14)', '(1, 9)', '(24, 11)', '(16, 16)', '(31, 16)', '(20, 16)', '(23, 12)', '(12, 12)', '(27, 12)', '(33, 16)', '(1, 11)', '(20, 9)', '(14, 11)', '(27, 14)', '(10, 16)', '(1, 13)', '(25, 14)', '(20, 11)', '(23, 16)', '(12, 16)', '(27, 16)', '(30, 12)', '(19, 12)', '(25, 16)', '(29, 16)', '(21, 12)', '(34, 15)', '(30, 14)', '(11, 10)', '(2, 7)', '(2, 16)', '(6, 16)', '(12, 11)', '(4, 7)', '(4, 16)', '(27, 11)', '(30, 16)', '(19, 16)', '(8, 16)', '(15, 12)']",36,18,54
91,"(34, 12)","(33, 12)",East,"[('(34, 11)', 'South', 1), ('(33, 12)', 'West', 1)]","['(34, 12)', '(4, 8)', '(21, 9)', '(17, 13)', '(15, 10)', '(12, 13)', '(10, 11)']","['(4, 8)', '(17, 13)', '(21, 9)', '(10, 11)', '(15, 10)', '(12, 13)', '(34, 11)']","['(21, 16)', '(27, 13)', '(17, 12)', '(32, 12)', '(1, 15)', '(26, 14)', '(34, 12)', '(19, 11)', '(11, 16)', '(32, 14)', '(1, 8)', '(26, 16)', '(15, 16)', '(18, 12)', '(34, 14)', '(22, 12)', '(28, 16)', '(30, 13)', '(17, 16)', '(32, 16)', '(1, 10)', '(24, 12)', '(25, 11)', '(13, 12)', '(34, 16)', '(14, 10)', '(5, 16)', '(1, 12)', '(26, 11)', '(18, 16)', '(7, 16)', '(20, 10)', '(22, 16)', '(14, 12)', '(9, 16)', '(24, 16)', '(13, 16)', '(25, 15)', '(1, 14)', '(16, 12)', '(31, 12)', '(20, 12)', '(33, 12)', '(1, 7)', '(10, 10)', '(1, 16)', '(31, 14)', '(12, 10)', '(3, 7)', '(14, 16)', '(3, 16)', '(33, 14)', '(1, 9)', '(24, 11)', '(16, 16)', '(31, 16)', '(20, 16)', '(23, 12)', '(12, 12)', '(27, 12)', '(33, 16)', '(1, 11)', '(20, 9)', '(14, 11)', '(27, 14)', '(10, 16)', '(1, 13)', '(25, 14)', '(20, 11)', '(23, 16)', '(12, 16)', '(27, 16)', '(30, 12)', '(19, 12)', '(25, 16)', '(29, 16)', '(21, 12)', '(34, 15)', '(30, 14)', '(11, 10)', '(2, 7)', '(2, 16)', '(6, 16)', '(12, 11)', '(4, 7)', '(4, 16)', '(27, 11)', '(30, 16)', '(19, 16)', '(8, 16)', '(15, 12)']",12,44,56
92,"(4, 8)","(4, 7)",North,"[('(4, 9)', 'North', 1), ('(4, 7)', 'South', 1)]","['(4, 8)', '(17, 13)', '(21, 9)', '(10, 11)', '(15, 10)', '(12, 13)', '(34, 11)']","['(21, 9)', '(17, 13)', '(12, 13)', '(10, 11)', '(15, 10)', '(34, 11)', '(4, 9)']","['(21, 16)', '(27, 13)', '(17, 12)', '(32, 12)', '(1, 15)', '(26, 14)', '(34, 12)', '(19, 11)', '(11, 16)', '(32, 14)', '(1, 8)', '(26, 16)', '(15, 16)', '(18, 12)', '(34, 14)', '(22, 12)', '(28, 16)', '(30, 13)', '(17, 16)', '(32, 16)', '(1, 10)', '(24, 12)', '(25, 11)', '(13, 12)', '(34, 16)', '(14, 10)', '(5, 16)', '(1, 12)', '(26, 11)', '(18, 16)', '(7, 16)', '(20, 10)', '(22, 16)', '(14, 12)', '(9, 16)', '(24, 16)', '(13, 16)', '(25, 15)', '(1, 14)', '(16, 12)', '(31, 12)', '(20, 12)', '(33, 12)', '(1, 7)', '(10, 10)', '(1, 16)', '(31, 14)', '(12, 10)', '(3, 7)', '(14, 16)', '(3, 16)', '(33, 14)', '(1, 9)', '(24, 11)', '(16, 16)', '(31, 16)', '(20, 16)', '(23, 12)', '(12, 12)', '(4, 8)', '(27, 12)', '(33, 16)', '(1, 11)', '(20, 9)', '(14, 11)', '(27, 14)', '(10, 16)', '(1, 13)', '(25, 14)', '(20, 11)', '(23, 16)', '(12, 16)', '(27, 16)', '(30, 12)', '(19, 12)', '(25, 16)', '(29, 16)', '(21, 12)', '(34, 15)', '(30, 14)', '(11, 10)', '(2, 7)', '(2, 16)', '(6, 16)', '(12, 11)', '(4, 7)', '(4, 16)', '(27, 11)', '(30, 16)', '(19, 16)', '(8, 16)', '(15, 12)']",46,10,56
93,"(21, 9)","(20, 9)",East,"[('(22, 9)', 'East', 1), ('(20, 9)', 'West', 1)]","['(21, 9)', '(17, 13)', '(12, 13)', '(10, 11)', '(15, 10)', '(34, 11)', '(4, 9)']","['(17, 13)', '(15, 10)', '(12, 13)', '(10, 11)', '(4, 9)', '(34, 11)', '(22, 9)']","['(21, 16)', '(27, 13)', '(17, 12)', '(32, 12)', '(1, 15)', '(26, 14)', '(21, 9)', '(34, 12)', '(19, 11)', '(11, 16)', '(32, 14)', '(1, 8)', '(26, 16)', '(15, 16)', '(18, 12)', '(34, 14)', '(22, 12)', '(28, 16)', '(30, 13)', '(17, 16)', '(32, 16)', '(1, 10)', '(24, 12)', '(25, 11)', '(13, 12)', '(34, 16)', '(14, 10)', '(5, 16)', '(1, 12)', '(26, 11)', '(18, 16)', '(7, 16)', '(20, 10)', '(22, 16)', '(14, 12)', '(9, 16)', '(24, 16)', '(13, 16)', '(25, 15)', '(1, 14)', '(16, 12)', '(31, 12)', '(20, 12)', '(33, 12)', '(1, 7)', '(10, 10)', '(1, 16)', '(31, 14)', '(12, 10)', '(3, 7)', '(14, 16)', '(3, 16)', '(33, 14)', '(1, 9)', '(24, 11)', '(16, 16)', '(31, 16)', '(20, 16)', '(23, 12)', '(12, 12)', '(4, 8)', '(27, 12)', '(33, 16)', '(1, 11)', '(20, 9)', '(14, 11)', '(27, 14)', '(10, 16)', '(1, 13)', '(25, 14)', '(20, 11)', '(23, 16)', '(12, 16)', '(27, 16)', '(30, 12)', '(19, 12)', '(25, 16)', '(29, 16)', '(21, 12)', '(34, 15)', '(30, 14)', '(11, 10)', '(2, 7)', '(2, 16)', '(6, 16)', '(12, 11)', '(4, 7)', '(4, 16)', '(27, 11)', '(30, 16)', '(19, 16)', '(8, 16)', '(15, 12)']",28,28,56
94,"(17, 13)","(17, 12)",North,"[('(17, 14)', 'North', 1), ('(17, 12)', 'South', 1)]","['(17, 13)', '(15, 10)', '(12, 13)', '(10, 11)', '(4, 9)', '(34, 11)', '(22, 9)']","['(15, 10)', '(10, 11)', '(12, 13)', '(22, 9)', '(4, 9)', '(34, 11)', '(17, 14)']","['(21, 16)', '(27, 13)', '(17, 12)', '(32, 12)', '(1, 15)', '(26, 14)', '(21, 9)', '(34, 12)', '(19, 11)', '(11, 16)', '(32, 14)', '(1, 8)', '(26, 16)', '(15, 16)', '(18, 12)', '(34, 14)', '(22, 12)', '(28, 16)', '(30, 13)', '(17, 16)', '(32, 16)', '(1, 10)', '(24, 12)', '(25, 11)', '(13, 12)', '(34, 16)', '(14, 10)', '(5, 16)', '(1, 12)', '(26, 11)', '(18, 16)', '(7, 16)', '(20, 10)', '(22, 16)', '(14, 12)', '(9, 16)', '(24, 16)', '(13, 16)', '(25, 15)', '(1, 14)', '(16, 12)', '(31, 12)', '(20, 12)', '(33, 12)', '(1, 7)', '(10, 10)', '(1, 16)', '(31, 14)', '(12, 10)', '(3, 7)', '(14, 16)', '(3, 16)', '(33, 14)', '(1, 9)', '(24, 11)', '(16, 16)', '(31, 16)', '(20, 16)', '(23, 12)', '(12, 12)', '(4, 8)', '(27, 12)', '(33, 16)', '(1, 11)', '(20, 9)', '(14, 11)', '(27, 14)', '(17, 13)', '(10, 16)', '(1, 13)', '(25, 14)', '(20, 11)', '(23, 16)', '(12, 16)', '(27, 16)', '(30, 12)', '(19, 12)', '(25, 16)', '(29, 16)', '(21, 12)', '(34, 15)', '(30, 14)', '(11, 10)', '(2, 7)', '(2, 16)', '(6, 16)', '(12, 11)', '(4, 7)', '(4, 16)', '(27, 11)', '(30, 16)', '(19, 16)', '(8, 16)', '(15, 12)']",28,28,56
95,"(15, 10)","(14, 10)",East,"[('(16, 10)', 'East', 1), ('(14, 10)', 'West', 1)]","['(15, 10)', '(10, 11)', '(12, 13)', '(22, 9)', '(4, 9)', '(34, 11)', '(17, 14)']","['(12, 13)', '(10, 11)', '(34, 11)', '(22, 9)', '(4, 9)', '(17, 14)', '(16, 10)']","['(21, 16)', '(27, 13)', '(17, 12)', '(32, 12)', '(1, 15)', '(26, 14)', '(21, 9)', '(34, 12)', '(19, 11)', '(11, 16)', '(32, 14)', '(1, 8)', '(26, 16)', '(15, 16)', '(18, 12)', '(34, 14)', '(22, 12)', '(28, 16)', '(30, 13)', '(17, 16)', '(32, 16)', '(1, 10)', '(24, 12)', '(25, 11)', '(13, 12)', '(34, 16)', '(14, 10)', '(5, 16)', '(1, 12)', '(26, 11)', '(18, 16)', '(7, 16)', '(20, 10)', '(22, 16)', '(14, 12)', '(9, 16)', '(24, 16)', '(13, 16)', '(25, 15)', '(1, 14)', '(16, 12)', '(31, 12)', '(20, 12)', '(33, 12)', '(1, 7)', '(10, 10)', '(1, 16)', '(31, 14)', '(12, 10)', '(3, 7)', '(14, 16)', '(3, 16)', '(33, 14)', '(1, 9)', '(24, 11)', '(16, 16)', '(31, 16)', '(20, 16)', '(23, 12)', '(12, 12)', '(4, 8)', '(27, 12)', '(33, 16)', '(1, 11)', '(20, 9)', '(14, 11)', '(27, 14)', '(17, 13)', '(10, 16)', '(1, 13)', '(25, 14)', '(20, 11)', '(23, 16)', '(12, 16)', '(27, 16)', '(30, 12)', '(19, 12)', '(25, 16)', '(29, 16)', '(21, 12)', '(34, 15)', '(30, 14)', '(11, 10)', '(2, 7)', '(2, 16)', '(15, 10)', '(6, 16)', '(12, 11)', '(4, 7)', '(4, 16)', '(27, 11)', '(30, 16)', '(19, 16)', '(8, 16)', '(15, 12)']",33,23,56
96,"(12, 13)","(12, 12)",North,"[('(12, 14)', 'North', 1), ('(12, 12)', 'South', 1)]","['(12, 13)', '(10, 11)', '(34, 11)', '(22, 9)', '(4, 9)', '(17, 14)', '(16, 10)']","['(10, 11)', '(4, 9)', '(34, 11)', '(22, 9)', '(16, 10)', '(17, 14)', '(12, 14)']","['(21, 16)', '(27, 13)', '(17, 12)', '(32, 12)', '(1, 15)', '(26, 14)', '(21, 9)', '(34, 12)', '(19, 11)', '(11, 16)', '(32, 14)', '(1, 8)', '(26, 16)', '(15, 16)', '(18, 12)', '(34, 14)', '(22, 12)', '(28, 16)', '(30, 13)', '(17, 16)', '(32, 16)', '(1, 10)', '(24, 12)', '(25, 11)', '(13, 12)', '(34, 16)', '(12, 13)', '(14, 10)', '(5, 16)', '(1, 12)', '(26, 11)', '(18, 16)', '(7, 16)', '(20, 10)', '(22, 16)', '(14, 12)', '(9, 16)', '(24, 16)', '(13, 16)', '(25, 15)', '(1, 14)', '(16, 12)', '(31, 12)', '(20, 12)', '(33, 12)', '(1, 7)', '(10, 10)', '(1, 16)', '(31, 14)', '(12, 10)', '(3, 7)', '(14, 16)', '(3, 16)', '(33, 14)', '(1, 9)', '(24, 11)', '(16, 16)', '(31, 16)', '(20, 16)', '(23, 12)', '(12, 12)', '(4, 8)', '(27, 12)', '(33, 16)', '(1, 11)', '(20, 9)', '(14, 11)', '(27, 14)', '(17, 13)', '(10, 16)', '(1, 13)', '(25, 14)', '(20, 11)', '(23, 16)', '(12, 16)', '(27, 16)', '(30, 12)', '(19, 12)', '(25, 16)', '(29, 16)', '(21, 12)', '(34, 15)', '(30, 14)', '(11, 10)', '(2, 7)', '(2, 16)', '(15, 10)', '(6, 16)', '(12, 11)', '(4, 7)', '(4, 16)', '(27, 11)', '(30, 16)', '(19, 16)', '(8, 16)', '(15, 12)']",33,23,56
97,"(10, 11)","(10, 10)",North,"[('(10, 12)', 'North', 1), ('(10, 10)', 'South', 1)]","['(10, 11)', '(4, 9)', '(34, 11)', '(22, 9)', '(16, 10)', '(17, 14)', '(12, 14)']","['(34, 11)', '(4, 9)', '(17, 14)', '(22, 9)', '(16, 10)', '(12, 14)', '(10, 12)']","['(21, 16)', '(27, 13)', '(17, 12)', '(32, 12)', '(1, 15)', '(26, 14)', '(21, 9)', '(34, 12)', '(19, 11)', '(11, 16)', '(32, 14)', '(1, 8)', '(26, 16)', '(15, 16)', '(18, 12)', '(34, 14)', '(22, 12)', '(28, 16)', '(30, 13)', '(17, 16)', '(32, 16)', '(1, 10)', '(24, 12)', '(25, 11)', '(13, 12)', '(34, 16)', '(12, 13)', '(14, 10)', '(5, 16)', '(1, 12)', '(26, 11)', '(18, 16)', '(7, 16)', '(20, 10)', '(22, 16)', '(14, 12)', '(9, 16)', '(24, 16)', '(13, 16)', '(25, 15)', '(1, 14)', '(16, 12)', '(31, 12)', '(20, 12)', '(33, 12)', '(1, 7)', '(10, 10)', '(1, 16)', '(31, 14)', '(12, 10)', '(3, 7)', '(14, 16)', '(3, 16)', '(33, 14)', '(1, 9)', '(24, 11)', '(16, 16)', '(31, 16)', '(20, 16)', '(23, 12)', '(12, 12)', '(4, 8)', '(27, 12)', '(33, 16)', '(1, 11)', '(20, 9)', '(14, 11)', '(27, 14)', '(17, 13)', '(10, 16)', '(1, 13)', '(25, 14)', '(20, 11)', '(23, 16)', '(12, 16)', '(27, 16)', '(30, 12)', '(19, 12)', '(25, 16)', '(29, 16)', '(21, 12)', '(34, 15)', '(30, 14)', '(10, 11)', '(11, 10)', '(2, 7)', '(2, 16)', '(15, 10)', '(6, 16)', '(12, 11)', '(4, 7)', '(4, 16)', '(27, 11)', '(30, 16)', '(19, 16)', '(8, 16)', '(15, 12)']",37,19,56
98,"(34, 11)","(34, 12)",South,"[('(34, 12)', 'North', 1), ('(34, 10)', 'South', 1)]","['(34, 11)', '(4, 9)', '(17, 14)', '(22, 9)', '(16, 10)', '(12, 14)', '(10, 12)']","['(34, 10)', '(22, 9)', '(4, 9)', '(10, 12)', '(16, 10)', '(12, 14)', '(17, 14)']","['(21, 16)', '(27, 13)', '(17, 12)', '(32, 12)', '(1, 15)', '(26, 14)', '(21, 9)', '(34, 12)', '(19, 11)', '(11, 16)', '(32, 14)', '(1, 8)', '(26, 16)', '(15, 16)', '(18, 12)', '(34, 14)', '(22, 12)', '(28, 16)', '(30, 13)', '(17, 16)', '(32, 16)', '(1, 10)', '(24, 12)', '(25, 11)', '(13, 12)', '(34, 16)', '(12, 13)', '(14, 10)', '(5, 16)', '(1, 12)', '(26, 11)', '(18, 16)', '(7, 16)', '(20, 10)', '(22, 16)', '(14, 12)', '(9, 16)', '(24, 16)', '(13, 16)', '(25, 15)', '(1, 14)', '(16, 12)', '(31, 12)', '(20, 12)', '(34, 11)', '(33, 12)', '(1, 7)', '(10, 10)', '(1, 16)', '(31, 14)', '(12, 10)', '(3, 7)', '(14, 16)', '(3, 16)', '(33, 14)', '(1, 9)', '(24, 11)', '(16, 16)', '(31, 16)', '(20, 16)', '(23, 12)', '(12, 12)', '(4, 8)', '(27, 12)', '(33, 16)', '(1, 11)', '(20, 9)', '(14, 11)', '(27, 14)', '(17, 13)', '(10, 16)', '(1, 13)', '(25, 14)', '(20, 11)', '(23, 16)', '(12, 16)', '(27, 16)', '(30, 12)', '(19, 12)', '(25, 16)', '(29, 16)', '(21, 12)', '(34, 15)', '(30, 14)', '(10, 11)', '(11, 10)', '(2, 7)', '(2, 16)', '(15, 10)', '(6, 16)', '(12, 11)', '(4, 7)', '(4, 16)', '(27, 11)', '(30, 16)', '(19, 16)', '(8, 16)', '(15, 12)']",13,43,56
99,"(34, 10)","(34, 11)",South,"[('(34, 11)', 'North', 1), ('(33, 10)', 'West', 1)]","['(34, 10)', '(22, 9)', '(4, 9)', '(10, 12)', '(16, 10)', '(12, 14)', '(17, 14)']","['(33, 10)', '(22, 9)', '(4, 9)', '(10, 12)', '(16, 10)', '(12, 14)', '(17, 14)']","['(21, 16)', '(34, 10)', '(27, 13)', '(17, 12)', '(32, 12)', '(1, 15)', '(26, 14)', '(21, 9)', '(34, 12)', '(19, 11)', '(11, 16)', '(32, 14)', '(1, 8)', '(26, 16)', '(15, 16)', '(18, 12)', '(34, 14)', '(22, 12)', '(28, 16)', '(30, 13)', '(17, 16)', '(32, 16)', '(1, 10)', '(24, 12)', '(25, 11)', '(13, 12)', '(34, 16)', '(12, 13)', '(14, 10)', '(5, 16)', '(1, 12)', '(26, 11)', '(18, 16)', '(7, 16)', '(20, 10)', '(22, 16)', '(14, 12)', '(9, 16)', '(24, 16)', '(13, 16)', '(25, 15)', '(1, 14)', '(16, 12)', '(31, 12)', '(20, 12)', '(34, 11)', '(33, 12)', '(1, 7)', '(10, 10)', '(1, 16)', '(31, 14)', '(12, 10)', '(3, 7)', '(14, 16)', '(3, 16)', '(33, 14)', '(1, 9)', '(24, 11)', '(16, 16)', '(31, 16)', '(20, 16)', '(23, 12)', '(12, 12)', '(4, 8)', '(27, 12)', '(33, 16)', '(1, 11)', '(20, 9)', '(14, 11)', '(27, 14)', '(17, 13)', '(10, 16)', '(1, 13)', '(25, 14)', '(20, 11)', '(23, 16)', '(12, 16)', '(27, 16)', '(30, 12)', '(19, 12)', '(25, 16)', '(29, 16)', '(21, 12)', '(34, 15)', '(30, 14)', '(10, 11)', '(11, 10)', '(2, 7)', '(2, 16)', '(15, 10)', '(6, 16)', '(12, 11)', '(4, 7)', '(4, 16)', '(27, 11)', '(30, 16)', '(19, 16)', '(8, 16)', '(15, 12)']",14,42,56
100,"(33, 10)","(34, 10)",West,"[('(34, 10)', 'East', 1), ('(32, 10)', 'West', 1)]","['(33, 10)', '(22, 9)', '(4, 9)', '(10, 12)', '(16, 10)', '(12, 14)', '(17, 14)']","['(32, 10)', '(22, 9)', '(4, 9)', '(10, 12)', '(16, 10)', '(12, 14)', '(17, 14)']","['(21, 16)', '(34, 10)', '(27, 13)', '(17, 12)', '(32, 12)', '(1, 15)', '(26, 14)', '(21, 9)', '(34, 12)', '(19, 11)', '(11, 16)', '(32, 14)', '(1, 8)', '(26, 16)', '(15, 16)', '(18, 12)', '(34, 14)', '(22, 12)', '(28, 16)', '(30, 13)', '(17, 16)', '(32, 16)', '(1, 10)', '(24, 12)', '(25, 11)', '(13, 12)', '(34, 16)', '(12, 13)', '(14, 10)', '(5, 16)', '(1, 12)', '(26, 11)', '(18, 16)', '(7, 16)', '(20, 10)', '(22, 16)', '(14, 12)', '(9, 16)', '(33, 10)', '(24, 16)', '(13, 16)', '(25, 15)', '(1, 14)', '(16, 12)', '(31, 12)', '(20, 12)', '(34, 11)', '(33, 12)', '(1, 7)', '(10, 10)', '(1, 16)', '(31, 14)', '(12, 10)', '(3, 7)', '(14, 16)', '(3, 16)', '(33, 14)', '(1, 9)', '(24, 11)', '(16, 16)', '(31, 16)', '(20, 16)', '(23, 12)', '(12, 12)', '(4, 8)', '(27, 12)', '(33, 16)', '(1, 11)', '(20, 9)', '(14, 11)', '(27, 14)', '(17, 13)', '(10, 16)', '(1, 13)', '(25, 14)', '(20, 11)', '(23, 16)', '(12, 16)', '(27, 16)', '(30, 12)', '(19, 12)', '(25, 16)', '(29, 16)', '(21, 12)', '(34, 15)', '(30, 14)', '(10, 11)', '(11, 10)', '(2, 7)', '(2, 16)', '(15, 10)', '(6, 16)', '(12, 11)', '(4, 7)', '(4, 16)', '(27, 11)', '(30, 16)', '(19, 16)', '(8, 16)', '(15, 12)']",15,41,56
101,"(32, 10)","(33, 10)",West,"[('(33, 10)', 'East', 1), ('(31, 10)', 'West', 1)]","['(32, 10)', '(22, 9)', '(4, 9)', '(10, 12)', '(16, 10)', '(12, 14)', '(17, 14)']","['(31, 10)', '(22, 9)', '(4, 9)', '(10, 12)', '(16, 10)', '(12, 14)', '(17, 14)']","['(21, 16)', '(34, 10)', '(27, 13)', '(17, 12)', '(32, 12)', '(1, 15)', '(26, 14)', '(21, 9)', '(34, 12)', '(19, 11)', '(11, 16)', '(32, 14)', '(1, 8)', '(26, 16)', '(15, 16)', '(18, 12)', '(34, 14)', '(22, 12)', '(28, 16)', '(30, 13)', '(17, 16)', '(32, 16)', '(1, 10)', '(24, 12)', '(25, 11)', '(13, 12)', '(34, 16)', '(12, 13)', '(14, 10)', '(5, 16)', '(1, 12)', '(26, 11)', '(18, 16)', '(7, 16)', '(20, 10)', '(22, 16)', '(14, 12)', '(9, 16)', '(33, 10)', '(24, 16)', '(13, 16)', '(25, 15)', '(1, 14)', '(16, 12)', '(31, 12)', '(20, 12)', '(34, 11)', '(33, 12)', '(1, 7)', '(10, 10)', '(1, 16)', '(31, 14)', '(12, 10)', '(3, 7)', '(14, 16)', '(3, 16)', '(33, 14)', '(1, 9)', '(24, 11)', '(16, 16)', '(31, 16)', '(20, 16)', '(23, 12)', '(12, 12)', '(4, 8)', '(27, 12)', '(33, 16)', '(1, 11)', '(20, 9)', '(14, 11)', '(27, 14)', '(17, 13)', '(10, 16)', '(1, 13)', '(25, 14)', '(20, 11)', '(23, 16)', '(12, 16)', '(27, 16)', '(30, 12)', '(19, 12)', '(25, 16)', '(29, 16)', '(21, 12)', '(34, 15)', '(30, 14)', '(10, 11)', '(11, 10)', '(2, 7)', '(2, 16)', '(15, 10)', '(6, 16)', '(12, 11)', '(4, 7)', '(4, 16)', '(27, 11)', '(30, 16)', '(19, 16)', '(8, 16)', '(32, 10)', '(15, 12)']",16,40,56
102,"(31, 10)","(32, 10)",West,"[('(32, 10)', 'East', 1), ('(30, 10)', 'West', 1)]","['(31, 10)', '(22, 9)', '(4, 9)', '(10, 12)', '(16, 10)', '(12, 14)', '(17, 14)']","['(30, 10)', '(22, 9)', '(4, 9)', '(10, 12)', '(16, 10)', '(12, 14)', '(17, 14)']","['(21, 16)', '(34, 10)', '(27, 13)', '(17, 12)', '(32, 12)', '(1, 15)', '(26, 14)', '(21, 9)', '(34, 12)', '(19, 11)', '(11, 16)', '(32, 14)', '(1, 8)', '(26, 16)', '(15, 16)', '(18, 12)', '(34, 14)', '(22, 12)', '(28, 16)', '(30, 13)', '(17, 16)', '(32, 16)', '(1, 10)', '(24, 12)', '(25, 11)', '(13, 12)', '(34, 16)', '(12, 13)', '(14, 10)', '(5, 16)', '(1, 12)', '(26, 11)', '(18, 16)', '(7, 16)', '(20, 10)', '(31, 10)', '(22, 16)', '(14, 12)', '(9, 16)', '(33, 10)', '(24, 16)', '(13, 16)', '(25, 15)', '(1, 14)', '(16, 12)', '(31, 12)', '(20, 12)', '(34, 11)', '(33, 12)', '(1, 7)', '(10, 10)', '(1, 16)', '(31, 14)', '(12, 10)', '(3, 7)', '(14, 16)', '(3, 16)', '(33, 14)', '(1, 9)', '(24, 11)', '(16, 16)', '(31, 16)', '(20, 16)', '(23, 12)', '(12, 12)', '(4, 8)', '(27, 12)', '(33, 16)', '(1, 11)', '(20, 9)', '(14, 11)', '(27, 14)', '(17, 13)', '(10, 16)', '(1, 13)', '(25, 14)', '(20, 11)', '(23, 16)', '(12, 16)', '(27, 16)', '(30, 12)', '(19, 12)', '(25, 16)', '(29, 16)', '(21, 12)', '(34, 15)', '(30, 14)', '(10, 11)', '(11, 10)', '(2, 7)', '(2, 16)', '(15, 10)', '(6, 16)', '(12, 11)', '(4, 7)', '(4, 16)', '(27, 11)', '(30, 16)', '(19, 16)', '(8, 16)', '(32, 10)', '(15, 12)']",17,39,56
103,"(30, 10)","(31, 10)",West,"[('(30, 9)', 'South', 1), ('(31, 10)', 'East', 1), ('(29, 10)', 'West', 1)]","['(30, 10)', '(22, 9)', '(4, 9)', '(10, 12)', '(16, 10)', '(12, 14)', '(17, 14)']","['(30, 9)', '(29, 10)', '(4, 9)', '(22, 9)', '(16, 10)', '(12, 14)', '(17, 14)', '(10, 12)']","['(21, 16)', '(34, 10)', '(27, 13)', '(17, 12)', '(32, 12)', '(1, 15)', '(26, 14)', '(21, 9)', '(34, 12)', '(19, 11)', '(11, 16)', '(32, 14)', '(1, 8)', '(26, 16)', '(15, 16)', '(18, 12)', '(34, 14)', '(22, 12)', '(28, 16)', '(30, 13)', '(17, 16)', '(32, 16)', '(1, 10)', '(24, 12)', '(25, 11)', '(13, 12)', '(34, 16)', '(12, 13)', '(14, 10)', '(5, 16)', '(1, 12)', '(26, 11)', '(18, 16)', '(7, 16)', '(20, 10)', '(31, 10)', '(22, 16)', '(14, 12)', '(9, 16)', '(33, 10)', '(24, 16)', '(13, 16)', '(25, 15)', '(1, 14)', '(16, 12)', '(31, 12)', '(20, 12)', '(34, 11)', '(33, 12)', '(1, 7)', '(10, 10)', '(1, 16)', '(31, 14)', '(12, 10)', '(3, 7)', '(14, 16)', '(3, 16)', '(33, 14)', '(1, 9)', '(24, 11)', '(16, 16)', '(31, 16)', '(20, 16)', '(23, 12)', '(12, 12)', '(4, 8)', '(27, 12)', '(33, 16)', '(1, 11)', '(20, 9)', '(14, 11)', '(27, 14)', '(17, 13)', '(30, 10)', '(10, 16)', '(1, 13)', '(25, 14)', '(20, 11)', '(23, 16)', '(12, 16)', '(27, 16)', '(30, 12)', '(19, 12)', '(25, 16)', '(29, 16)', '(21, 12)', '(34, 15)', '(30, 14)', '(10, 11)', '(11, 10)', '(2, 7)', '(2, 16)', '(15, 10)', '(6, 16)', '(12, 11)', '(4, 7)', '(4, 16)', '(27, 11)', '(30, 16)', '(19, 16)', '(8, 16)', '(32, 10)', '(15, 12)']",18,38,56
104,"(30, 9)","(30, 10)",South,"[('(30, 10)', 'North', 1), ('(30, 8)', 'South', 1)]","['(30, 9)', '(29, 10)', '(4, 9)', '(22, 9)', '(16, 10)', '(12, 14)', '(17, 14)', '(10, 12)']","['(29, 10)', '(30, 8)', '(4, 9)', '(22, 9)', '(16, 10)', '(12, 14)', '(17, 14)', '(10, 12)']","['(21, 16)', '(34, 10)', '(27, 13)', '(17, 12)', '(30, 9)', '(32, 12)', '(1, 15)', '(26, 14)', '(21, 9)', '(34, 12)', '(19, 11)', '(11, 16)', '(32, 14)', '(1, 8)', '(26, 16)', '(15, 16)', '(18, 12)', '(34, 14)', '(22, 12)', '(28, 16)', '(30, 13)', '(17, 16)', '(32, 16)', '(1, 10)', '(24, 12)', '(25, 11)', '(13, 12)', '(34, 16)', '(12, 13)', '(14, 10)', '(5, 16)', '(1, 12)', '(26, 11)', '(18, 16)', '(7, 16)', '(20, 10)', '(31, 10)', '(22, 16)', '(14, 12)', '(9, 16)', '(33, 10)', '(24, 16)', '(13, 16)', '(25, 15)', '(1, 14)', '(16, 12)', '(31, 12)', '(20, 12)', '(34, 11)', '(33, 12)', '(1, 7)', '(10, 10)', '(1, 16)', '(31, 14)', '(12, 10)', '(3, 7)', '(14, 16)', '(3, 16)', '(33, 14)', '(1, 9)', '(24, 11)', '(16, 16)', '(31, 16)', '(20, 16)', '(23, 12)', '(12, 12)', '(4, 8)', '(27, 12)', '(33, 16)', '(1, 11)', '(20, 9)', '(14, 11)', '(27, 14)', '(17, 13)', '(30, 10)', '(10, 16)', '(1, 13)', '(25, 14)', '(20, 11)', '(23, 16)', '(12, 16)', '(27, 16)', '(30, 12)', '(19, 12)', '(25, 16)', '(29, 16)', '(21, 12)', '(34, 15)', '(30, 14)', '(10, 11)', '(11, 10)', '(2, 7)', '(2, 16)', '(15, 10)', '(6, 16)', '(12, 11)', '(4, 7)', '(4, 16)', '(27, 11)', '(30, 16)', '(19, 16)', '(8, 16)', '(32, 10)', '(15, 12)']",19,37,56
105,"(29, 10)","(30, 10)",West,"[('(30, 10)', 'East', 1)]","['(29, 10)', '(30, 8)', '(4, 9)', '(22, 9)', '(16, 10)', '(12, 14)', '(17, 14)', '(10, 12)']","['(30, 8)', '(22, 9)', '(4, 9)', '(10, 12)', '(16, 10)', '(12, 14)', '(17, 14)']","['(21, 16)', '(34, 10)', '(27, 13)', '(17, 12)', '(30, 9)', '(32, 12)', '(1, 15)', '(26, 14)', '(21, 9)', '(34, 12)', '(19, 11)', '(11, 16)', '(32, 14)', '(1, 8)', '(26, 16)', '(15, 16)', '(18, 12)', '(34, 14)', '(22, 12)', '(28, 16)', '(30, 13)', '(17, 16)', '(32, 16)', '(1, 10)', '(24, 12)', '(25, 11)', '(13, 12)', '(34, 16)', '(12, 13)', '(14, 10)', '(5, 16)', '(1, 12)', '(26, 11)', '(18, 16)', '(7, 16)', '(20, 10)', '(31, 10)', '(22, 16)', '(14, 12)', '(9, 16)', '(33, 10)', '(24, 16)', '(13, 16)', '(25, 15)', '(1, 14)', '(16, 12)', '(31, 12)', '(20, 12)', '(34, 11)', '(33, 12)', '(1, 7)', '(10, 10)', '(1, 16)', '(31, 14)', '(12, 10)', '(3, 7)', '(14, 16)', '(3, 16)', '(33, 14)', '(1, 9)', '(24, 11)', '(16, 16)', '(29, 10)', '(31, 16)', '(20, 16)', '(23, 12)', '(12, 12)', '(4, 8)', '(27, 12)', '(33, 16)', '(1, 11)', '(20, 9)', '(14, 11)', '(27, 14)', '(17, 13)', '(30, 10)', '(10, 16)', '(1, 13)', '(25, 14)', '(20, 11)', '(23, 16)', '(12, 16)', '(27, 16)', '(30, 12)', '(19, 12)', '(25, 16)', '(29, 16)', '(21, 12)', '(34, 15)', '(30, 14)', '(10, 11)', '(11, 10)', '(2, 7)', '(2, 16)', '(15, 10)', '(6, 16)', '(12, 11)', '(4, 7)', '(4, 16)', '(27, 11)', '(30, 16)', '(19, 16)', '(8, 16)', '(32, 10)', '(15, 12)']",19,37,56
106,"(30, 8)","(30, 9)",South,"[('(30, 9)', 'North', 1), ('(31, 8)', 'East', 1)]","['(30, 8)', '(22, 9)', '(4, 9)', '(10, 12)', '(16, 10)', '(12, 14)', '(17, 14)']","['(4, 9)', '(22, 9)', '(17, 14)', '(10, 12)', '(16, 10)', '(12, 14)', '(31, 8)']","['(21, 16)', '(34, 10)', '(27, 13)', '(17, 12)', '(30, 9)', '(32, 12)', '(1, 15)', '(26, 14)', '(21, 9)', '(34, 12)', '(19, 11)', '(11, 16)', '(32, 14)', '(1, 8)', '(26, 16)', '(15, 16)', '(18, 12)', '(34, 14)', '(22, 12)', '(28, 16)', '(30, 13)', '(17, 16)', '(32, 16)', '(1, 10)', '(24, 12)', '(25, 11)', '(13, 12)', '(34, 16)', '(12, 13)', '(14, 10)', '(5, 16)', '(1, 12)', '(26, 11)', '(18, 16)', '(7, 16)', '(20, 10)', '(31, 10)', '(22, 16)', '(14, 12)', '(9, 16)', '(33, 10)', '(24, 16)', '(13, 16)', '(25, 15)', '(1, 14)', '(16, 12)', '(31, 12)', '(20, 12)', '(34, 11)', '(33, 12)', '(1, 7)', '(10, 10)', '(1, 16)', '(31, 14)', '(12, 10)', '(3, 7)', '(14, 16)', '(3, 16)', '(33, 14)', '(1, 9)', '(24, 11)', '(16, 16)', '(29, 10)', '(31, 16)', '(20, 16)', '(23, 12)', '(12, 12)', '(4, 8)', '(27, 12)', '(30, 8)', '(33, 16)', '(1, 11)', '(20, 9)', '(14, 11)', '(27, 14)', '(17, 13)', '(30, 10)', '(10, 16)', '(1, 13)', '(25, 14)', '(20, 11)', '(23, 16)', '(12, 16)', '(27, 16)', '(30, 12)', '(19, 12)', '(25, 16)', '(29, 16)', '(21, 12)', '(34, 15)', '(30, 14)', '(10, 11)', '(11, 10)', '(2, 7)', '(2, 16)', '(15, 10)', '(6, 16)', '(12, 11)', '(4, 7)', '(4, 16)', '(27, 11)', '(30, 16)', '(19, 16)', '(8, 16)', '(32, 10)', '(15, 12)']",20,36,56
107,"(4, 9)","(4, 8)",North,"[('(4, 10)', 'North', 1), ('(4, 8)', 'South', 1)]","['(4, 9)', '(22, 9)', '(17, 14)', '(10, 12)', '(16, 10)', '(12, 14)', '(31, 8)']","['(22, 9)', '(16, 10)', '(17, 14)', '(10, 12)', '(31, 8)', '(12, 14)', '(4, 10)']","['(21, 16)', '(4, 9)', '(34, 10)', '(27, 13)', '(17, 12)', '(30, 9)', '(32, 12)', '(1, 15)', '(26, 14)', '(21, 9)', '(34, 12)', '(19, 11)', '(11, 16)', '(32, 14)', '(1, 8)', '(26, 16)', '(15, 16)', '(18, 12)', '(34, 14)', '(22, 12)', '(28, 16)', '(30, 13)', '(17, 16)', '(32, 16)', '(1, 10)', '(24, 12)', '(25, 11)', '(13, 12)', '(34, 16)', '(12, 13)', '(14, 10)', '(5, 16)', '(1, 12)', '(26, 11)', '(18, 16)', '(7, 16)', '(20, 10)', '(31, 10)', '(22, 16)', '(14, 12)', '(9, 16)', '(33, 10)', '(24, 16)', '(13, 16)', '(25, 15)', '(1, 14)', '(16, 12)', '(31, 12)', '(20, 12)', '(34, 11)', '(33, 12)', '(1, 7)', '(10, 10)', '(1, 16)', '(31, 14)', '(12, 10)', '(3, 7)', '(14, 16)', '(3, 16)', '(33, 14)', '(1, 9)', '(24, 11)', '(16, 16)', '(29, 10)', '(31, 16)', '(20, 16)', '(23, 12)', '(12, 12)', '(4, 8)', '(27, 12)', '(30, 8)', '(33, 16)', '(1, 11)', '(20, 9)', '(14, 11)', '(27, 14)', '(17, 13)', '(30, 10)', '(10, 16)', '(1, 13)', '(25, 14)', '(20, 11)', '(23, 16)', '(12, 16)', '(27, 16)', '(30, 12)', '(19, 12)', '(25, 16)', '(29, 16)', '(21, 12)', '(34, 15)', '(30, 14)', '(10, 11)', '(11, 10)', '(2, 7)', '(2, 16)', '(15, 10)', '(6, 16)', '(12, 11)', '(4, 7)', '(4, 16)', '(27, 11)', '(30, 16)', '(19, 16)', '(8, 16)', '(32, 10)', '(15, 12)']",47,11,58
108,"(22, 9)","(21, 9)",East,"[('(23, 9)', 'East', 1), ('(21, 9)', 'West', 1)]","['(22, 9)', '(16, 10)', '(17, 14)', '(10, 12)', '(31, 8)', '(12, 14)', '(4, 10)']","['(17, 14)', '(16, 10)', '(12, 14)', '(10, 12)', '(31, 8)', '(4, 10)', '(23, 9)']","['(21, 16)', '(4, 9)', '(34, 10)', '(27, 13)', '(17, 12)', '(30, 9)', '(32, 12)', '(1, 15)', '(26, 14)', '(21, 9)', '(34, 12)', '(19, 11)', '(11, 16)', '(32, 14)', '(1, 8)', '(26, 16)', '(15, 16)', '(18, 12)', '(34, 14)', '(22, 12)', '(28, 16)', '(30, 13)', '(17, 16)', '(32, 16)', '(1, 10)', '(24, 12)', '(25, 11)', '(13, 12)', '(34, 16)', '(12, 13)', '(14, 10)', '(5, 16)', '(1, 12)', '(26, 11)', '(18, 16)', '(7, 16)', '(20, 10)', '(31, 10)', '(22, 16)', '(14, 12)', '(9, 16)', '(33, 10)', '(24, 16)', '(13, 16)', '(25, 15)', '(1, 14)', '(16, 12)', '(31, 12)', '(20, 12)', '(34, 11)', '(22, 9)', '(33, 12)', '(1, 7)', '(10, 10)', '(1, 16)', '(31, 14)', '(12, 10)', '(3, 7)', '(14, 16)', '(3, 16)', '(33, 14)', '(1, 9)', '(24, 11)', '(16, 16)', '(29, 10)', '(31, 16)', '(20, 16)', '(23, 12)', '(12, 12)', '(4, 8)', '(27, 12)', '(30, 8)', '(33, 16)', '(1, 11)', '(20, 9)', '(14, 11)', '(27, 14)', '(17, 13)', '(30, 10)', '(10, 16)', '(1, 13)', '(25, 14)', '(20, 11)', '(23, 16)', '(12, 16)', '(27, 16)', '(30, 12)', '(19, 12)', '(25, 16)', '(29, 16)', '(21, 12)', '(34, 15)', '(30, 14)', '(10, 11)', '(11, 10)', '(2, 7)', '(2, 16)', '(15, 10)', '(6, 16)', '(12, 11)', '(4, 7)', '(4, 16)', '(27, 11)', '(30, 16)', '(19, 16)', '(8, 16)', '(32, 10)', '(15, 12)']",29,29,58
109,"(17, 14)","(17, 13)",North,"[('(17, 13)', 'South', 1), ('(16, 14)', 'West', 1)]","['(17, 14)', '(16, 10)', '(12, 14)', '(10, 12)', '(31, 8)', '(4, 10)', '(23, 9)']","['(16, 10)', '(10, 12)', '(12, 14)', '(23, 9)', '(31, 8)', '(4, 10)', '(16, 14)']","['(21, 16)', '(4, 9)', '(34, 10)', '(27, 13)', '(17, 12)', '(30, 9)', '(32, 12)', '(1, 15)', '(26, 14)', '(21, 9)', '(34, 12)', '(17, 14)', '(19, 11)', '(11, 16)', '(32, 14)', '(1, 8)', '(26, 16)', '(15, 16)', '(18, 12)', '(34, 14)', '(22, 12)', '(28, 16)', '(30, 13)', '(17, 16)', '(32, 16)', '(1, 10)', '(24, 12)', '(25, 11)', '(13, 12)', '(34, 16)', '(12, 13)', '(14, 10)', '(5, 16)', '(1, 12)', '(26, 11)', '(18, 16)', '(7, 16)', '(20, 10)', '(31, 10)', '(22, 16)', '(14, 12)', '(9, 16)', '(33, 10)', '(24, 16)', '(13, 16)', '(25, 15)', '(1, 14)', '(16, 12)', '(31, 12)', '(20, 12)', '(34, 11)', '(22, 9)', '(33, 12)', '(1, 7)', '(10, 10)', '(1, 16)', '(31, 14)', '(12, 10)', '(3, 7)', '(14, 16)', '(3, 16)', '(33, 14)', '(1, 9)', '(24, 11)', '(16, 16)', '(29, 10)', '(31, 16)', '(20, 16)', '(23, 12)', '(12, 12)', '(4, 8)', '(27, 12)', '(30, 8)', '(33, 16)', '(1, 11)', '(20, 9)', '(14, 11)', '(27, 14)', '(17, 13)', '(30, 10)', '(10, 16)', '(1, 13)', '(25, 14)', '(20, 11)', '(23, 16)', '(12, 16)', '(27, 16)', '(30, 12)', '(19, 12)', '(25, 16)', '(29, 16)', '(21, 12)', '(34, 15)', '(30, 14)', '(10, 11)', '(11, 10)', '(2, 7)', '(2, 16)', '(15, 10)', '(6, 16)', '(12, 11)', '(4, 7)', '(4, 16)', '(27, 11)', '(30, 16)', '(19, 16)', '(8, 16)', '(32, 10)', '(15, 12)']",29,29,58
110,"(16, 10)","(15, 10)",East,"[('(17, 10)', 'East', 1), ('(15, 10)', 'West', 1)]","['(16, 10)', '(10, 12)', '(12, 14)', '(23, 9)', '(31, 8)', '(4, 10)', '(16, 14)']","['(12, 14)', '(10, 12)', '(16, 14)', '(23, 9)', '(31, 8)', '(4, 10)', '(17, 10)']","['(21, 16)', '(4, 9)', '(34, 10)', '(27, 13)', '(17, 12)', '(30, 9)', '(32, 12)', '(1, 15)', '(26, 14)', '(21, 9)', '(34, 12)', '(17, 14)', '(19, 11)', '(11, 16)', '(32, 14)', '(1, 8)', '(26, 16)', '(15, 16)', '(18, 12)', '(34, 14)', '(22, 12)', '(28, 16)', '(30, 13)', '(17, 16)', '(32, 16)', '(1, 10)', '(24, 12)', '(25, 11)', '(13, 12)', '(34, 16)', '(12, 13)', '(14, 10)', '(5, 16)', '(1, 12)', '(26, 11)', '(16, 10)', '(18, 16)', '(7, 16)', '(20, 10)', '(31, 10)', '(22, 16)', '(14, 12)', '(9, 16)', '(33, 10)', '(24, 16)', '(13, 16)', '(25, 15)', '(1, 14)', '(16, 12)', '(31, 12)', '(20, 12)', '(34, 11)', '(22, 9)', '(33, 12)', '(1, 7)', '(10, 10)', '(1, 16)', '(31, 14)', '(12, 10)', '(3, 7)', '(14, 16)', '(3, 16)', '(33, 14)', '(1, 9)', '(24, 11)', '(16, 16)', '(29, 10)', '(31, 16)', '(20, 16)', '(23, 12)', '(12, 12)', '(4, 8)', '(27, 12)', '(30, 8)', '(33, 16)', '(1, 11)', '(20, 9)', '(14, 11)', '(27, 14)', '(17, 13)', '(30, 10)', '(10, 16)', '(1, 13)', '(25, 14)', '(20, 11)', '(23, 16)', '(12, 16)', '(27, 16)', '(30, 12)', '(19, 12)', '(25, 16)', '(29, 16)', '(21, 12)', '(34, 15)', '(30, 14)', '(10, 11)', '(11, 10)', '(2, 7)', '(2, 16)', '(15, 10)', '(6, 16)', '(12, 11)', '(4, 7)', '(4, 16)', '(27, 11)', '(30, 16)', '(19, 16)', '(8, 16)', '(32, 10)', '(15, 12)']",34,24,58
111,"(12, 14)","(12, 13)",North,"[('(12, 13)', 'South', 1), ('(13, 14)', 'East', 1)]","['(12, 14)', '(10, 12)', '(16, 14)', '(23, 9)', '(31, 8)', '(4, 10)', '(17, 10)']","['(10, 12)', '(31, 8)', '(16, 14)', '(23, 9)', '(17, 10)', '(4, 10)', '(13, 14)']","['(21, 16)', '(4, 9)', '(34, 10)', '(27, 13)', '(17, 12)', '(30, 9)', '(32, 12)', '(1, 15)', '(26, 14)', '(21, 9)', '(34, 12)', '(17, 14)', '(19, 11)', '(11, 16)', '(32, 14)', '(1, 8)', '(26, 16)', '(15, 16)', '(18, 12)', '(34, 14)', '(22, 12)', '(28, 16)', '(30, 13)', '(17, 16)', '(32, 16)', '(1, 10)', '(24, 12)', '(25, 11)', '(13, 12)', '(34, 16)', '(12, 13)', '(14, 10)', '(5, 16)', '(1, 12)', '(26, 11)', '(16, 10)', '(18, 16)', '(7, 16)', '(20, 10)', '(31, 10)', '(22, 16)', '(14, 12)', '(9, 16)', '(33, 10)', '(24, 16)', '(13, 16)', '(25, 15)', '(1, 14)', '(16, 12)', '(31, 12)', '(20, 12)', '(34, 11)', '(22, 9)', '(33, 12)', '(1, 7)', '(10, 10)', '(1, 16)', '(31, 14)', '(12, 10)', '(3, 7)', '(14, 16)', '(3, 16)', '(33, 14)', '(1, 9)', '(24, 11)', '(16, 16)', '(29, 10)', '(31, 16)', '(20, 16)', '(23, 12)', '(12, 12)', '(4, 8)', '(27, 12)', '(30, 8)', '(33, 16)', '(1, 11)', '(20, 9)', '(12, 14)', '(14, 11)', '(27, 14)', '(17, 13)', '(30, 10)', '(10, 16)', '(1, 13)', '(25, 14)', '(20, 11)', '(23, 16)', '(12, 16)', '(27, 16)', '(30, 12)', '(19, 12)', '(25, 16)', '(29, 16)', '(21, 12)', '(34, 15)', '(30, 14)', '(10, 11)', '(11, 10)', '(2, 7)', '(2, 16)', '(15, 10)', '(6, 16)', '(12, 11)', '(4, 7)', '(4, 16)', '(27, 11)', '(30, 16)', '(19, 16)', '(8, 16)', '(32, 10)', '(15, 12)']",34,24,58
112,"(10, 12)","(10, 11)",North,"[('(10, 13)', 'North', 1), ('(10, 11)', 'South', 1)]","['(10, 12)', '(31, 8)', '(16, 14)', '(23, 9)', '(17, 10)', '(4, 10)', '(13, 14)']","['(31, 8)', '(23, 9)', '(16, 14)', '(13, 14)', '(17, 10)', '(4, 10)', '(10, 13)']","['(21, 16)', '(4, 9)', '(34, 10)', '(27, 13)', '(17, 12)', '(30, 9)', '(32, 12)', '(1, 15)', '(26, 14)', '(21, 9)', '(34, 12)', '(17, 14)', '(19, 11)', '(11, 16)', '(32, 14)', '(1, 8)', '(26, 16)', '(15, 16)', '(18, 12)', '(34, 14)', '(22, 12)', '(28, 16)', '(30, 13)', '(17, 16)', '(32, 16)', '(1, 10)', '(24, 12)', '(25, 11)', '(13, 12)', '(34, 16)', '(12, 13)', '(14, 10)', '(5, 16)', '(1, 12)', '(26, 11)', '(16, 10)', '(18, 16)', '(7, 16)', '(20, 10)', '(31, 10)', '(22, 16)', '(14, 12)', '(9, 16)', '(33, 10)', '(24, 16)', '(13, 16)', '(25, 15)', '(1, 14)', '(16, 12)', '(31, 12)', '(20, 12)', '(34, 11)', '(22, 9)', '(33, 12)', '(1, 7)', '(10, 10)', '(1, 16)', '(31, 14)', '(12, 10)', '(3, 7)', '(14, 16)', '(3, 16)', '(33, 14)', '(1, 9)', '(24, 11)', '(10, 12)', '(16, 16)', '(29, 10)', '(31, 16)', '(20, 16)', '(23, 12)', '(12, 12)', '(4, 8)', '(27, 12)', '(30, 8)', '(33, 16)', '(1, 11)', '(20, 9)', '(12, 14)', '(14, 11)', '(27, 14)', '(17, 13)', '(30, 10)', '(10, 16)', '(1, 13)', '(25, 14)', '(20, 11)', '(23, 16)', '(12, 16)', '(27, 16)', '(30, 12)', '(19, 12)', '(25, 16)', '(29, 16)', '(21, 12)', '(34, 15)', '(30, 14)', '(10, 11)', '(11, 10)', '(2, 7)', '(2, 16)', '(15, 10)', '(6, 16)', '(12, 11)', '(4, 7)', '(4, 16)', '(27, 11)', '(30, 16)', '(19, 16)', '(8, 16)', '(32, 10)', '(15, 12)']",38,20,58
113,"(31, 8)","(30, 8)",East,"[('(32, 8)', 'East', 1), ('(30, 8)', 'West', 1)]","['(31, 8)', '(23, 9)', '(16, 14)', '(13, 14)', '(17, 10)', '(4, 10)', '(10, 13)']","['(16, 14)', '(23, 9)', '(4, 10)', '(13, 14)', '(17, 10)', '(10, 13)', '(32, 8)']","['(21, 16)', '(4, 9)', '(34, 10)', '(27, 13)', '(17, 12)', '(30, 9)', '(32, 12)', '(1, 15)', '(26, 14)', '(21, 9)', '(34, 12)', '(17, 14)', '(19, 11)', '(11, 16)', '(32, 14)', '(1, 8)', '(26, 16)', '(15, 16)', '(18, 12)', '(34, 14)', '(22, 12)', '(28, 16)', '(30, 13)', '(17, 16)', '(32, 16)', '(1, 10)', '(24, 12)', '(25, 11)', '(13, 12)', '(31, 8)', '(34, 16)', '(12, 13)', '(14, 10)', '(5, 16)', '(1, 12)', '(26, 11)', '(16, 10)', '(18, 16)', '(7, 16)', '(20, 10)', '(31, 10)', '(22, 16)', '(14, 12)', '(9, 16)', '(33, 10)', '(24, 16)', '(13, 16)', '(25, 15)', '(1, 14)', '(16, 12)', '(31, 12)', '(20, 12)', '(34, 11)', '(22, 9)', '(33, 12)', '(1, 7)', '(10, 10)', '(1, 16)', '(31, 14)', '(12, 10)', '(3, 7)', '(14, 16)', '(3, 16)', '(33, 14)', '(1, 9)', '(24, 11)', '(10, 12)', '(16, 16)', '(29, 10)', '(31, 16)', '(20, 16)', '(23, 12)', '(12, 12)', '(4, 8)', '(27, 12)', '(30, 8)', '(33, 16)', '(1, 11)', '(20, 9)', '(12, 14)', '(14, 11)', '(27, 14)', '(17, 13)', '(30, 10)', '(10, 16)', '(1, 13)', '(25, 14)', '(20, 11)', '(23, 16)', '(12, 16)', '(27, 16)', '(30, 12)', '(19, 12)', '(25, 16)', '(29, 16)', '(21, 12)', '(34, 15)', '(30, 14)', '(10, 11)', '(11, 10)', '(2, 7)', '(2, 16)', '(15, 10)', '(6, 16)', '(12, 11)', '(4, 7)', '(4, 16)', '(27, 11)', '(30, 16)', '(19, 16)', '(8, 16)', '(32, 10)', '(15, 12)']",21,37,58
114,"(16, 14)","(17, 14)",West,"[('(17, 14)', 'East', 1), ('(15, 14)', 'West', 1)]","['(16, 14)', '(23, 9)', '(4, 10)', '(13, 14)', '(17, 10)', '(10, 13)', '(32, 8)']","['(15, 14)', '(23, 9)', '(4, 10)', '(13, 14)', '(17, 10)', '(32, 8)', '(10, 13)']","['(21, 16)', '(4, 9)', '(34, 10)', '(27, 13)', '(17, 12)', '(30, 9)', '(32, 12)', '(1, 15)', '(26, 14)', '(21, 9)', '(34, 12)', '(17, 14)', '(19, 11)', '(11, 16)', '(32, 14)', '(1, 8)', '(26, 16)', '(15, 16)', '(18, 12)', '(34, 14)', '(22, 12)', '(28, 16)', '(30, 13)', '(17, 16)', '(32, 16)', '(1, 10)', '(24, 12)', '(25, 11)', '(13, 12)', '(31, 8)', '(34, 16)', '(12, 13)', '(14, 10)', '(5, 16)', '(1, 12)', '(26, 11)', '(16, 10)', '(18, 16)', '(7, 16)', '(20, 10)', '(31, 10)', '(22, 16)', '(14, 12)', '(9, 16)', '(33, 10)', '(24, 16)', '(13, 16)', '(25, 15)', '(1, 14)', '(16, 12)', '(31, 12)', '(20, 12)', '(34, 11)', '(22, 9)', '(33, 12)', '(1, 7)', '(10, 10)', '(1, 16)', '(16, 14)', '(31, 14)', '(12, 10)', '(3, 7)', '(14, 16)', '(3, 16)', '(33, 14)', '(1, 9)', '(24, 11)', '(10, 12)', '(16, 16)', '(29, 10)', '(31, 16)', '(20, 16)', '(23, 12)', '(12, 12)', '(4, 8)', '(27, 12)', '(30, 8)', '(33, 16)', '(1, 11)', '(20, 9)', '(12, 14)', '(14, 11)', '(27, 14)', '(17, 13)', '(30, 10)', '(10, 16)', '(1, 13)', '(25, 14)', '(20, 11)', '(23, 16)', '(12, 16)', '(27, 16)', '(30, 12)', '(19, 12)', '(25, 16)', '(29, 16)', '(21, 12)', '(34, 15)', '(30, 14)', '(10, 11)', '(11, 10)', '(2, 7)', '(2, 16)', '(15, 10)', '(6, 16)', '(12, 11)', '(4, 7)', '(4, 16)', '(27, 11)', '(30, 16)', '(19, 16)', '(8, 16)', '(32, 10)', '(15, 12)']",30,28,58
115,"(15, 14)","(16, 14)",West,"[('(16, 14)', 'East', 1), ('(14, 14)', 'West', 1)]","['(15, 14)', '(23, 9)', '(4, 10)', '(13, 14)', '(17, 10)', '(32, 8)', '(10, 13)']","['(14, 14)', '(23, 9)', '(4, 10)', '(13, 14)', '(17, 10)', '(32, 8)', '(10, 13)']","['(21, 16)', '(4, 9)', '(34, 10)', '(27, 13)', '(17, 12)', '(30, 9)', '(32, 12)', '(1, 15)', '(26, 14)', '(15, 14)', '(21, 9)', '(34, 12)', '(17, 14)', '(19, 11)', '(11, 16)', '(32, 14)', '(1, 8)', '(26, 16)', '(15, 16)', '(18, 12)', '(34, 14)', '(22, 12)', '(28, 16)', '(30, 13)', '(17, 16)', '(32, 16)', '(1, 10)', '(24, 12)', '(25, 11)', '(13, 12)', '(31, 8)', '(34, 16)', '(12, 13)', '(14, 10)', '(5, 16)', '(1, 12)', '(26, 11)', '(16, 10)', '(18, 16)', '(7, 16)', '(20, 10)', '(31, 10)', '(22, 16)', '(14, 12)', '(9, 16)', '(33, 10)', '(24, 16)', '(13, 16)', '(25, 15)', '(1, 14)', '(16, 12)', '(31, 12)', '(20, 12)', '(34, 11)', '(22, 9)', '(33, 12)', '(1, 7)', '(10, 10)', '(1, 16)', '(16, 14)', '(31, 14)', '(12, 10)', '(3, 7)', '(14, 16)', '(3, 16)', '(33, 14)', '(1, 9)', '(24, 11)', '(10, 12)', '(16, 16)', '(29, 10)', '(31, 16)', '(20, 16)', '(23, 12)', '(12, 12)', '(4, 8)', '(27, 12)', '(30, 8)', '(33, 16)', '(1, 11)', '(20, 9)', '(12, 14)', '(14, 11)', '(27, 14)', '(17, 13)', '(30, 10)', '(10, 16)', '(1, 13)', '(25, 14)', '(20, 11)', '(23, 16)', '(12, 16)', '(27, 16)', '(30, 12)', '(19, 12)', '(25, 16)', '(29, 16)', '(21, 12)', '(34, 15)', '(30, 14)', '(10, 11)', '(11, 10)', '(2, 7)', '(2, 16)', '(15, 10)', '(6, 16)', '(12, 11)', '(4, 7)', '(4, 16)', '(27, 11)', '(30, 16)', '(19, 16)', '(8, 16)', '(32, 10)', '(15, 12)']",31,27,58
116,"(14, 14)","(15, 14)",West,"[('(15, 14)', 'East', 1), ('(13, 14)', 'West', 1)]","['(14, 14)', '(23, 9)', '(4, 10)', '(13, 14)', '(17, 10)', '(32, 8)', '(10, 13)']","['(13, 14)', '(23, 9)', '(4, 10)', '(13, 14)', '(17, 10)', '(32, 8)', '(10, 13)']","['(21, 16)', '(4, 9)', '(34, 10)', '(27, 13)', '(17, 12)', '(30, 9)', '(32, 12)', '(1, 15)', '(26, 14)', '(15, 14)', '(21, 9)', '(34, 12)', '(17, 14)', '(19, 11)', '(11, 16)', '(32, 14)', '(1, 8)', '(26, 16)', '(15, 16)', '(18, 12)', '(34, 14)', '(22, 12)', '(28, 16)', '(30, 13)', '(17, 16)', '(32, 16)', '(1, 10)', '(24, 12)', '(25, 11)', '(13, 12)', '(31, 8)', '(34, 16)', '(12, 13)', '(14, 10)', '(5, 16)', '(1, 12)', '(26, 11)', '(16, 10)', '(18, 16)', '(7, 16)', '(20, 10)', '(31, 10)', '(22, 16)', '(14, 12)', '(9, 16)', '(33, 10)', '(24, 16)', '(13, 16)', '(25, 15)', '(1, 14)', '(16, 12)', '(31, 12)', '(20, 12)', '(34, 11)', '(22, 9)', '(14, 14)', '(33, 12)', '(1, 7)', '(10, 10)', '(1, 16)', '(16, 14)', '(31, 14)', '(12, 10)', '(3, 7)', '(14, 16)', '(3, 16)', '(33, 14)', '(1, 9)', '(24, 11)', '(10, 12)', '(16, 16)', '(29, 10)', '(31, 16)', '(20, 16)', '(23, 12)', '(12, 12)', '(4, 8)', '(27, 12)', '(30, 8)', '(33, 16)', '(1, 11)', '(20, 9)', '(12, 14)', '(14, 11)', '(27, 14)', '(17, 13)', '(30, 10)', '(10, 16)', '(1, 13)', '(25, 14)', '(20, 11)', '(23, 16)', '(12, 16)', '(27, 16)', '(30, 12)', '(19, 12)', '(25, 16)', '(29, 16)', '(21, 12)', '(34, 15)', '(30, 14)', '(10, 11)', '(11, 10)', '(2, 7)', '(2, 16)', '(15, 10)', '(6, 16)', '(12, 11)', '(4, 7)', '(4, 16)', '(27, 11)', '(30, 16)', '(19, 16)', '(8, 16)', '(32, 10)', '(15, 12)']",32,26,58
117,"(13, 14)","(14, 14)",West,"[('(14, 14)', 'East', 1), ('(12, 14)', 'West', 1)]","['(13, 14)', '(23, 9)', '(4, 10)', '(13, 14)', '(17, 10)', '(32, 8)', '(10, 13)']","['(4, 10)', '(23, 9)', '(10, 13)', '(13, 14)', '(17, 10)', '(32, 8)']","['(21, 16)', '(4, 9)', '(34, 10)', '(27, 13)', '(17, 12)', '(30, 9)', '(32, 12)', '(1, 15)', '(26, 14)', '(15, 14)', '(21, 9)', '(34, 12)', '(17, 14)', '(19, 11)', '(11, 16)', '(32, 14)', '(1, 8)', '(26, 16)', '(15, 16)', '(18, 12)', '(34, 14)', '(22, 12)', '(28, 16)', '(30, 13)', '(17, 16)', '(32, 16)', '(1, 10)', '(24, 12)', '(25, 11)', '(13, 12)', '(31, 8)', '(34, 16)', '(12, 13)', '(14, 10)', '(5, 16)', '(1, 12)', '(26, 11)', '(13, 14)', '(16, 10)', '(18, 16)', '(7, 16)', '(20, 10)', '(31, 10)', '(22, 16)', '(14, 12)', '(9, 16)', '(33, 10)', '(24, 16)', '(13, 16)', '(25, 15)', '(1, 14)', '(16, 12)', '(31, 12)', '(20, 12)', '(34, 11)', '(22, 9)', '(14, 14)', '(33, 12)', '(1, 7)', '(10, 10)', '(1, 16)', '(16, 14)', '(31, 14)', '(12, 10)', '(3, 7)', '(14, 16)', '(3, 16)', '(33, 14)', '(1, 9)', '(24, 11)', '(10, 12)', '(16, 16)', '(29, 10)', '(31, 16)', '(20, 16)', '(23, 12)', '(12, 12)', '(4, 8)', '(27, 12)', '(30, 8)', '(33, 16)', '(1, 11)', '(20, 9)', '(12, 14)', '(14, 11)', '(27, 14)', '(17, 13)', '(30, 10)', '(10, 16)', '(1, 13)', '(25, 14)', '(20, 11)', '(23, 16)', '(12, 16)', '(27, 16)', '(30, 12)', '(19, 12)', '(25, 16)', '(29, 16)', '(21, 12)', '(34, 15)', '(30, 14)', '(10, 11)', '(11, 10)', '(2, 7)', '(2, 16)', '(15, 10)', '(6, 16)', '(12, 11)', '(4, 7)', '(4, 16)', '(27, 11)', '(30, 16)', '(19, 16)', '(8, 16)', '(32, 10)', '(15, 12)']",33,25,58
118,"(4, 10)","(4, 9)",North,"[('(4, 11)', 'North', 1), ('(4, 9)', 'South', 1), ('(3, 10)', 'West', 1)]","['(4, 10)', '(23, 9)', '(10, 13)', '(13, 14)', '(17, 10)', '(32, 8)']","['(23, 9)', '(17, 10)', '(10, 13)', '(13, 14)', '(32, 8)', '(4, 11)', '(3, 10)']","['(21, 16)', '(4, 9)', '(34, 10)', '(27, 13)', '(17, 12)', '(30, 9)', '(32, 12)', '(1, 15)', '(26, 14)', '(15, 14)', '(21, 9)', '(34, 12)', '(17, 14)', '(19, 11)', '(11, 16)', '(32, 14)', '(1, 8)', '(26, 16)', '(15, 16)', '(18, 12)', '(34, 14)', '(22, 12)', '(28, 16)', '(30, 13)', '(17, 16)', '(32, 16)', '(1, 10)', '(24, 12)', '(25, 11)', '(13, 12)', '(31, 8)', '(34, 16)', '(12, 13)', '(14, 10)', '(5, 16)', '(1, 12)', '(26, 11)', '(13, 14)', '(16, 10)', '(18, 16)', '(7, 16)', '(20, 10)', '(31, 10)', '(22, 16)', '(14, 12)', '(9, 16)', '(33, 10)', '(24, 16)', '(13, 16)', '(25, 15)', '(1, 14)', '(16, 12)', '(31, 12)', '(20, 12)', '(34, 11)', '(22, 9)', '(14, 14)', '(33, 12)', '(1, 7)', '(10, 10)', '(1, 16)', '(16, 14)', '(31, 14)', '(12, 10)', '(3, 7)', '(14, 16)', '(3, 16)', '(33, 14)', '(1, 9)', '(24, 11)', '(10, 12)', '(16, 16)', '(29, 10)', '(31, 16)', '(20, 16)', '(23, 12)', '(12, 12)', '(4, 8)', '(27, 12)', '(30, 8)', '(33, 16)', '(1, 11)', '(20, 9)', '(12, 14)', '(14, 11)', '(4, 10)', '(27, 14)', '(17, 13)', '(30, 10)', '(10, 16)', '(1, 13)', '(25, 14)', '(20, 11)', '(23, 16)', '(12, 16)', '(27, 16)', '(30, 12)', '(19, 12)', '(25, 16)', '(29, 16)', '(21, 12)', '(34, 15)', '(30, 14)', '(10, 11)', '(11, 10)', '(2, 7)', '(2, 16)', '(15, 10)', '(6, 16)', '(12, 11)', '(4, 7)', '(4, 16)', '(27, 11)', '(30, 16)', '(19, 16)', '(8, 16)', '(32, 10)', '(15, 12)']",48,12,60
119,"(23, 9)","(22, 9)",East,"[('(24, 9)', 'East', 1), ('(22, 9)', 'West', 1)]","['(23, 9)', '(17, 10)', '(10, 13)', '(13, 14)', '(32, 8)', '(4, 11)', '(3, 10)']","['(17, 10)', '(13, 14)', '(10, 13)', '(3, 10)', '(32, 8)', '(4, 11)', '(24, 9)']","['(21, 16)', '(4, 9)', '(34, 10)', '(27, 13)', '(17, 12)', '(30, 9)', '(32, 12)', '(1, 15)', '(26, 14)', '(15, 14)', '(21, 9)', '(34, 12)', '(17, 14)', '(19, 11)', '(11, 16)', '(32, 14)', '(1, 8)', '(26, 16)', '(15, 16)', '(18, 12)', '(34, 14)', '(22, 12)', '(28, 16)', '(30, 13)', '(17, 16)', '(32, 16)', '(1, 10)', '(24, 12)', '(25, 11)', '(13, 12)', '(31, 8)', '(34, 16)', '(12, 13)', '(14, 10)', '(5, 16)', '(1, 12)', '(26, 11)', '(13, 14)', '(16, 10)', '(18, 16)', '(7, 16)', '(20, 10)', '(31, 10)', '(22, 16)', '(14, 12)', '(9, 16)', '(33, 10)', '(24, 16)', '(13, 16)', '(25, 15)', '(1, 14)', '(16, 12)', '(31, 12)', '(20, 12)', '(34, 11)', '(22, 9)', '(14, 14)', '(33, 12)', '(1, 7)', '(10, 10)', '(1, 16)', '(16, 14)', '(31, 14)', '(12, 10)', '(3, 7)', '(14, 16)', '(3, 16)', '(33, 14)', '(1, 9)', '(24, 11)', '(10, 12)', '(16, 16)', '(29, 10)', '(31, 16)', '(20, 16)', '(23, 12)', '(12, 12)', '(4, 8)', '(27, 12)', '(30, 8)', '(33, 16)', '(1, 11)', '(20, 9)', '(12, 14)', '(14, 11)', '(4, 10)', '(27, 14)', '(17, 13)', '(30, 10)', '(10, 16)', '(1, 13)', '(25, 14)', '(20, 11)', '(23, 16)', '(12, 16)', '(27, 16)', '(30, 12)', '(19, 12)', '(25, 16)', '(29, 16)', '(21, 12)', '(23, 9)', '(34, 15)', '(30, 14)', '(10, 11)', '(11, 10)', '(2, 7)', '(2, 16)', '(15, 10)', '(6, 16)', '(12, 11)', '(4, 7)', '(4, 16)', '(27, 11)', '(30, 16)', '(19, 16)', '(8, 16)', '(32, 10)', '(15, 12)']",30,30,60
120,"(17, 10)","(16, 10)",East,"[('(17, 9)', 'South', 1), ('(16, 10)', 'West', 1)]","['(17, 10)', '(13, 14)', '(10, 13)', '(3, 10)', '(32, 8)', '(4, 11)', '(24, 9)']","['(13, 14)', '(32, 8)', '(10, 13)', '(3, 10)', '(24, 9)', '(4, 11)', '(17, 9)']","['(21, 16)', '(4, 9)', '(34, 10)', '(27, 13)', '(17, 12)', '(30, 9)', '(32, 12)', '(1, 15)', '(26, 14)', '(15, 14)', '(21, 9)', '(34, 12)', '(17, 14)', '(19, 11)', '(11, 16)', '(32, 14)', '(1, 8)', '(26, 16)', '(15, 16)', '(18, 12)', '(34, 14)', '(22, 12)', '(28, 16)', '(30, 13)', '(17, 16)', '(32, 16)', '(1, 10)', '(24, 12)', '(25, 11)', '(13, 12)', '(31, 8)', '(34, 16)', '(12, 13)', '(14, 10)', '(5, 16)', '(1, 12)', '(26, 11)', '(13, 14)', '(16, 10)', '(18, 16)', '(7, 16)', '(20, 10)', '(31, 10)', '(22, 16)', '(14, 12)', '(9, 16)', '(33, 10)', '(24, 16)', '(13, 16)', '(25, 15)', '(1, 14)', '(16, 12)', '(31, 12)', '(20, 12)', '(34, 11)', '(22, 9)', '(14, 14)', '(33, 12)', '(1, 7)', '(10, 10)', '(1, 16)', '(16, 14)', '(31, 14)', '(12, 10)', '(3, 7)', '(14, 16)', '(3, 16)', '(33, 14)', '(1, 9)', '(24, 11)', '(10, 12)', '(16, 16)', '(29, 10)', '(31, 16)', '(20, 16)', '(23, 12)', '(12, 12)', '(4, 8)', '(27, 12)', '(30, 8)', '(33, 16)', '(1, 11)', '(20, 9)', '(12, 14)', '(14, 11)', '(4, 10)', '(27, 14)', '(17, 13)', '(30, 10)', '(10, 16)', '(1, 13)', '(25, 14)', '(20, 11)', '(23, 16)', '(12, 16)', '(27, 16)', '(30, 12)', '(19, 12)', '(25, 16)', '(29, 16)', '(21, 12)', '(23, 9)', '(34, 15)', '(30, 14)', '(10, 11)', '(11, 10)', '(2, 7)', '(2, 16)', '(15, 10)', '(6, 16)', '(12, 11)', '(4, 7)', '(4, 16)', '(27, 11)', '(17, 10)', '(30, 16)', '(19, 16)', '(8, 16)', '(32, 10)', '(15, 12)']",35,25,60
121,"(10, 13)","(10, 12)",North,"[('(10, 14)', 'North', 1), ('(10, 12)', 'South', 1)]","['(10, 13)', '(32, 8)', '(17, 9)', '(3, 10)', '(24, 9)', '(4, 11)']","['(32, 8)', '(3, 10)', '(17, 9)', '(4, 11)', '(24, 9)', '(10, 14)']","['(21, 16)', '(4, 9)', '(34, 10)', '(27, 13)', '(17, 12)', '(30, 9)', '(32, 12)', '(1, 15)', '(26, 14)', '(15, 14)', '(21, 9)', '(34, 12)', '(17, 14)', '(19, 11)', '(11, 16)', '(32, 14)', '(1, 8)', '(26, 16)', '(15, 16)', '(18, 12)', '(34, 14)', '(22, 12)', '(28, 16)', '(30, 13)', '(17, 16)', '(32, 16)', '(1, 10)', '(24, 12)', '(25, 11)', '(13, 12)', '(31, 8)', '(34, 16)', '(12, 13)', '(14, 10)', '(5, 16)', '(1, 12)', '(26, 11)', '(13, 14)', '(16, 10)', '(18, 16)', '(7, 16)', '(20, 10)', '(31, 10)', '(22, 16)', '(14, 12)', '(9, 16)', '(33, 10)', '(24, 16)', '(13, 16)', '(25, 15)', '(1, 14)', '(16, 12)', '(31, 12)', '(20, 12)', '(34, 11)', '(22, 9)', '(14, 14)', '(33, 12)', '(1, 7)', '(10, 10)', '(1, 16)', '(16, 14)', '(31, 14)', '(12, 10)', '(3, 7)', '(14, 16)', '(3, 16)', '(33, 14)', '(1, 9)', '(24, 11)', '(10, 12)', '(16, 16)', '(29, 10)', '(31, 16)', '(20, 16)', '(23, 12)', '(12, 12)', '(4, 8)', '(27, 12)', '(30, 8)', '(33, 16)', '(1, 11)', '(20, 9)', '(12, 14)', '(14, 11)', '(4, 10)', '(27, 14)', '(17, 13)', '(30, 10)', '(10, 16)', '(1, 13)', '(25, 14)', '(20, 11)', '(23, 16)', '(12, 16)', '(27, 16)', '(30, 12)', '(19, 12)', '(25, 16)', '(29, 16)', '(21, 12)', '(23, 9)', '(34, 15)', '(30, 14)', '(10, 11)', '(11, 10)', '(2, 7)', '(2, 16)', '(15, 10)', '(6, 16)', '(12, 11)', '(4, 7)', '(4, 16)', '(27, 11)', '(17, 10)', '(30, 16)', '(19, 16)', '(8, 16)', '(10, 13)', '(32, 10)', '(15, 12)']",39,21,60
122,"(32, 8)","(31, 8)",East,"[('(33, 8)', 'East', 1), ('(31, 8)', 'West', 1)]","['(32, 8)', '(3, 10)', '(17, 9)', '(4, 11)', '(24, 9)', '(10, 14)']","['(3, 10)', '(4, 11)', '(17, 9)', '(10, 14)', '(24, 9)', '(33, 8)']","['(21, 16)', '(4, 9)', '(34, 10)', '(27, 13)', '(17, 12)', '(30, 9)', '(32, 12)', '(1, 15)', '(26, 14)', '(15, 14)', '(21, 9)', '(34, 12)', '(17, 14)', '(19, 11)', '(11, 16)', '(32, 14)', '(1, 8)', '(26, 16)', '(15, 16)', '(18, 12)', '(34, 14)', '(22, 12)', '(28, 16)', '(30, 13)', '(17, 16)', '(32, 16)', '(1, 10)', '(24, 12)', '(25, 11)', '(13, 12)', '(31, 8)', '(34, 16)', '(12, 13)', '(14, 10)', '(5, 16)', '(1, 12)', '(26, 11)', '(13, 14)', '(16, 10)', '(18, 16)', '(7, 16)', '(20, 10)', '(31, 10)', '(22, 16)', '(14, 12)', '(9, 16)', '(33, 10)', '(24, 16)', '(13, 16)', '(25, 15)', '(1, 14)', '(16, 12)', '(31, 12)', '(20, 12)', '(34, 11)', '(22, 9)', '(14, 14)', '(33, 12)', '(1, 7)', '(10, 10)', '(1, 16)', '(16, 14)', '(31, 14)', '(12, 10)', '(3, 7)', '(14, 16)', '(3, 16)', '(33, 14)', '(1, 9)', '(24, 11)', '(10, 12)', '(16, 16)', '(29, 10)', '(31, 16)', '(20, 16)', '(23, 12)', '(12, 12)', '(4, 8)', '(27, 12)', '(30, 8)', '(33, 16)', '(1, 11)', '(20, 9)', '(12, 14)', '(14, 11)', '(4, 10)', '(27, 14)', '(17, 13)', '(30, 10)', '(10, 16)', '(1, 13)', '(25, 14)', '(20, 11)', '(23, 16)', '(12, 16)', '(27, 16)', '(30, 12)', '(19, 12)', '(25, 16)', '(29, 16)', '(21, 12)', '(23, 9)', '(34, 15)', '(30, 14)', '(10, 11)', '(11, 10)', '(2, 7)', '(32, 8)', '(2, 16)', '(15, 10)', '(6, 16)', '(12, 11)', '(4, 7)', '(4, 16)', '(27, 11)', '(17, 10)', '(30, 16)', '(19, 16)', '(8, 16)', '(10, 13)', '(32, 10)', '(15, 12)']",22,38,60
123,"(3, 10)","(4, 10)",West,"[('(4, 10)', 'East', 1)]","['(3, 10)', '(4, 11)', '(17, 9)', '(10, 14)', '(24, 9)', '(33, 8)']","['(17, 9)', '(4, 11)', '(33, 8)', '(10, 14)', '(24, 9)']","['(21, 16)', '(4, 9)', '(34, 10)', '(27, 13)', '(17, 12)', '(30, 9)', '(32, 12)', '(1, 15)', '(26, 14)', '(15, 14)', '(21, 9)', '(34, 12)', '(17, 14)', '(19, 11)', '(11, 16)', '(32, 14)', '(1, 8)', '(26, 16)', '(15, 16)', '(18, 12)', '(34, 14)', '(22, 12)', '(28, 16)', '(30, 13)', '(17, 16)', '(32, 16)', '(1, 10)', '(24, 12)', '(25, 11)', '(13, 12)', '(31, 8)', '(34, 16)', '(12, 13)', '(14, 10)', '(3, 10)', '(5, 16)', '(1, 12)', '(26, 11)', '(13, 14)', '(16, 10)', '(18, 16)', '(7, 16)', '(20, 10)', '(31, 10)', '(22, 16)', '(14, 12)', '(9, 16)', '(33, 10)', '(24, 16)', '(13, 16)', '(25, 15)', '(1, 14)', '(16, 12)', '(31, 12)', '(20, 12)', '(34, 11)', '(22, 9)', '(14, 14)', '(33, 12)', '(1, 7)', '(10, 10)', '(1, 16)', '(16, 14)', '(31, 14)', '(12, 10)', '(3, 7)', '(14, 16)', '(3, 16)', '(33, 14)', '(1, 9)', '(24, 11)', '(10, 12)', '(16, 16)', '(29, 10)', '(31, 16)', '(20, 16)', '(23, 12)', '(12, 12)', '(4, 8)', '(27, 12)', '(30, 8)', '(33, 16)', '(1, 11)', '(20, 9)', '(12, 14)', '(14, 11)', '(4, 10)', '(27, 14)', '(17, 13)', '(30, 10)', '(10, 16)', '(1, 13)', '(25, 14)', '(20, 11)', '(23, 16)', '(12, 16)', '(27, 16)', '(30, 12)', '(19, 12)', '(25, 16)', '(29, 16)', '(21, 12)', '(23, 9)', '(34, 15)', '(30, 14)', '(10, 11)', '(11, 10)', '(2, 7)', '(32, 8)', '(2, 16)', '(15, 10)', '(6, 16)', '(12, 11)', '(4, 7)', '(4, 16)', '(27, 11)', '(17, 10)', '(30, 16)', '(19, 16)', '(8, 16)', '(10, 13)', '(32, 10)', '(15, 12)']",49,11,60
124,"(17, 9)","(17, 10)",South,"[('(17, 10)', 'North', 1), ('(17, 8)', 'South', 1)]","['(17, 9)', '(4, 11)', '(33, 8)', '(10, 14)', '(24, 9)']","['(17, 8)', '(4, 11)', '(33, 8)', '(10, 14)', '(24, 9)']","['(21, 16)', '(4, 9)', '(34, 10)', '(27, 13)', '(17, 12)', '(30, 9)', '(32, 12)', '(1, 15)', '(26, 14)', '(15, 14)', '(21, 9)', '(34, 12)', '(17, 14)', '(19, 11)', '(11, 16)', '(32, 14)', '(1, 8)', '(26, 16)', '(15, 16)', '(18, 12)', '(34, 14)', '(22, 12)', '(28, 16)', '(30, 13)', '(17, 16)', '(32, 16)', '(1, 10)', '(24, 12)', '(25, 11)', '(13, 12)', '(31, 8)', '(34, 16)', '(12, 13)', '(14, 10)', '(3, 10)', '(17, 9)', '(5, 16)', '(1, 12)', '(26, 11)', '(13, 14)', '(16, 10)', '(18, 16)', '(7, 16)', '(20, 10)', '(31, 10)', '(22, 16)', '(14, 12)', '(9, 16)', '(33, 10)', '(24, 16)', '(13, 16)', '(25, 15)', '(1, 14)', '(16, 12)', '(31, 12)', '(20, 12)', '(34, 11)', '(22, 9)', '(14, 14)', '(33, 12)', '(1, 7)', '(10, 10)', '(1, 16)', '(16, 14)', '(31, 14)', '(12, 10)', '(3, 7)', '(14, 16)', '(3, 16)', '(33, 14)', '(1, 9)', '(24, 11)', '(10, 12)', '(16, 16)', '(29, 10)', '(31, 16)', '(20, 16)', '(23, 12)', '(12, 12)', '(4, 8)', '(27, 12)', '(30, 8)', '(33, 16)', '(1, 11)', '(20, 9)', '(12, 14)', '(14, 11)', '(4, 10)', '(27, 14)', '(17, 13)', '(30, 10)', '(10, 16)', '(1, 13)', '(25, 14)', '(20, 11)', '(23, 16)', '(12, 16)', '(27, 16)', '(30, 12)', '(19, 12)', '(25, 16)', '(29, 16)', '(21, 12)', '(23, 9)', '(34, 15)', '(30, 14)', '(10, 11)', '(11, 10)', '(2, 7)', '(32, 8)', '(2, 16)', '(15, 10)', '(6, 16)', '(12, 11)', '(4, 7)', '(4, 16)', '(27, 11)', '(17, 10)', '(30, 16)', '(19, 16)', '(8, 16)', '(10, 13)', '(32, 10)', '(15, 12)']",36,24,60
125,"(17, 8)","(17, 9)",South,"[('(17, 9)', 'North', 1), ('(16, 8)', 'West', 1)]","['(17, 8)', '(4, 11)', '(33, 8)', '(10, 14)', '(24, 9)']","['(16, 8)', '(4, 11)', '(33, 8)', '(10, 14)', '(24, 9)']","['(21, 16)', '(4, 9)', '(34, 10)', '(27, 13)', '(17, 12)', '(30, 9)', '(32, 12)', '(1, 15)', '(26, 14)', '(15, 14)', '(21, 9)', '(34, 12)', '(17, 14)', '(19, 11)', '(11, 16)', '(32, 14)', '(1, 8)', '(26, 16)', '(15, 16)', '(18, 12)', '(34, 14)', '(22, 12)', '(28, 16)', '(30, 13)', '(17, 16)', '(32, 16)', '(1, 10)', '(24, 12)', '(25, 11)', '(13, 12)', '(31, 8)', '(34, 16)', '(12, 13)', '(14, 10)', '(3, 10)', '(17, 9)', '(5, 16)', '(1, 12)', '(26, 11)', '(13, 14)', '(16, 10)', '(18, 16)', '(7, 16)', '(20, 10)', '(31, 10)', '(22, 16)', '(14, 12)', '(9, 16)', '(33, 10)', '(24, 16)', '(13, 16)', '(25, 15)', '(1, 14)', '(16, 12)', '(31, 12)', '(20, 12)', '(34, 11)', '(22, 9)', '(14, 14)', '(33, 12)', '(1, 7)', '(10, 10)', '(1, 16)', '(16, 14)', '(31, 14)', '(12, 10)', '(3, 7)', '(14, 16)', '(3, 16)', '(33, 14)', '(1, 9)', '(24, 11)', '(10, 12)', '(16, 16)', '(29, 10)', '(31, 16)', '(20, 16)', '(23, 12)', '(12, 12)', '(4, 8)', '(27, 12)', '(30, 8)', '(33, 16)', '(1, 11)', '(20, 9)', '(12, 14)', '(14, 11)', '(4, 10)', '(27, 14)', '(17, 13)', '(30, 10)', '(10, 16)', '(1, 13)', '(25, 14)', '(20, 11)', '(23, 16)', '(12, 16)', '(27, 16)', '(30, 12)', '(19, 12)', '(25, 16)', '(29, 16)', '(21, 12)', '(23, 9)', '(34, 15)', '(17, 8)', '(30, 14)', '(10, 11)', '(11, 10)', '(2, 7)', '(32, 8)', '(2, 16)', '(15, 10)', '(6, 16)', '(12, 11)', '(4, 7)', '(4, 16)', '(27, 11)', '(17, 10)', '(30, 16)', '(19, 16)', '(8, 16)', '(10, 13)', '(32, 10)', '(15, 12)']",37,23,60
126,"(16, 8)","(17, 8)",West,"[('(17, 8)', 'East', 1), ('(15, 8)', 'West', 1)]","['(16, 8)', '(4, 11)', '(33, 8)', '(10, 14)', '(24, 9)']","['(15, 8)', '(4, 11)', '(33, 8)', '(10, 14)', '(24, 9)']","['(21, 16)', '(4, 9)', '(34, 10)', '(27, 13)', '(17, 12)', '(30, 9)', '(32, 12)', '(1, 15)', '(26, 14)', '(15, 14)', '(21, 9)', '(34, 12)', '(17, 14)', '(19, 11)', '(11, 16)', '(32, 14)', '(1, 8)', '(26, 16)', '(15, 16)', '(18, 12)', '(34, 14)', '(22, 12)', '(28, 16)', '(30, 13)', '(17, 16)', '(32, 16)', '(1, 10)', '(24, 12)', '(25, 11)', '(13, 12)', '(16, 8)', '(31, 8)', '(34, 16)', '(12, 13)', '(14, 10)', '(3, 10)', '(17, 9)', '(5, 16)', '(1, 12)', '(26, 11)', '(13, 14)', '(16, 10)', '(18, 16)', '(7, 16)', '(20, 10)', '(31, 10)', '(22, 16)', '(14, 12)', '(9, 16)', '(33, 10)', '(24, 16)', '(13, 16)', '(25, 15)', '(1, 14)', '(16, 12)', '(31, 12)', '(20, 12)', '(34, 11)', '(22, 9)', '(14, 14)', '(33, 12)', '(1, 7)', '(10, 10)', '(1, 16)', '(16, 14)', '(31, 14)', '(12, 10)', '(3, 7)', '(14, 16)', '(3, 16)', '(33, 14)', '(1, 9)', '(24, 11)', '(10, 12)', '(16, 16)', '(29, 10)', '(31, 16)', '(20, 16)', '(23, 12)', '(12, 12)', '(4, 8)', '(27, 12)', '(30, 8)', '(33, 16)', '(1, 11)', '(20, 9)', '(12, 14)', '(14, 11)', '(4, 10)', '(27, 14)', '(17, 13)', '(30, 10)', '(10, 16)', '(1, 13)', '(25, 14)', '(20, 11)', '(23, 16)', '(12, 16)', '(27, 16)', '(30, 12)', '(19, 12)', '(25, 16)', '(29, 16)', '(21, 12)', '(23, 9)', '(34, 15)', '(17, 8)', '(30, 14)', '(10, 11)', '(11, 10)', '(2, 7)', '(32, 8)', '(2, 16)', '(15, 10)', '(6, 16)', '(12, 11)', '(4, 7)', '(4, 16)', '(27, 11)', '(17, 10)', '(30, 16)', '(19, 16)', '(8, 16)', '(10, 13)', '(32, 10)', '(15, 12)']",38,22,60
127,"(15, 8)","(16, 8)",West,"[('(16, 8)', 'East', 1), ('(14, 8)', 'West', 1)]","['(15, 8)', '(4, 11)', '(33, 8)', '(10, 14)', '(24, 9)']","['(14, 8)', '(4, 11)', '(33, 8)', '(10, 14)', '(24, 9)']","['(21, 16)', '(4, 9)', '(34, 10)', '(27, 13)', '(17, 12)', '(30, 9)', '(32, 12)', '(1, 15)', '(26, 14)', '(15, 14)', '(21, 9)', '(34, 12)', '(17, 14)', '(19, 11)', '(11, 16)', '(32, 14)', '(1, 8)', '(26, 16)', '(15, 16)', '(18, 12)', '(34, 14)', '(22, 12)', '(28, 16)', '(30, 13)', '(17, 16)', '(32, 16)', '(1, 10)', '(24, 12)', '(25, 11)', '(13, 12)', '(16, 8)', '(31, 8)', '(34, 16)', '(12, 13)', '(14, 10)', '(3, 10)', '(17, 9)', '(5, 16)', '(1, 12)', '(26, 11)', '(13, 14)', '(16, 10)', '(18, 16)', '(7, 16)', '(20, 10)', '(31, 10)', '(22, 16)', '(14, 12)', '(9, 16)', '(33, 10)', '(24, 16)', '(13, 16)', '(25, 15)', '(1, 14)', '(16, 12)', '(31, 12)', '(20, 12)', '(34, 11)', '(22, 9)', '(14, 14)', '(33, 12)', '(1, 7)', '(10, 10)', '(1, 16)', '(16, 14)', '(31, 14)', '(12, 10)', '(3, 7)', '(14, 16)', '(3, 16)', '(33, 14)', '(1, 9)', '(24, 11)', '(10, 12)', '(16, 16)', '(29, 10)', '(31, 16)', '(20, 16)', '(23, 12)', '(12, 12)', '(4, 8)', '(27, 12)', '(30, 8)', '(33, 16)', '(1, 11)', '(20, 9)', '(12, 14)', '(14, 11)', '(4, 10)', '(27, 14)', '(17, 13)', '(30, 10)', '(10, 16)', '(1, 13)', '(25, 14)', '(20, 11)', '(23, 16)', '(12, 16)', '(27, 16)', '(30, 12)', '(19, 12)', '(25, 16)', '(15, 8)', '(29, 16)', '(21, 12)', '(23, 9)', '(34, 15)', '(17, 8)', '(30, 14)', '(10, 11)', '(11, 10)', '(2, 7)', '(32, 8)', '(2, 16)', '(15, 10)', '(6, 16)', '(12, 11)', '(4, 7)', '(4, 16)', '(27, 11)', '(17, 10)', '(30, 16)', '(19, 16)', '(8, 16)', '(10, 13)', '(32, 10)', '(15, 12)']",39,21,60
128,"(14, 8)","(15, 8)",West,"[('(15, 8)', 'East', 1), ('(13, 8)', 'West', 1)]","['(14, 8)', '(4, 11)', '(33, 8)', '(10, 14)', '(24, 9)']","['(13, 8)', '(4, 11)', '(33, 8)', '(10, 14)', '(24, 9)']","['(21, 16)', '(4, 9)', '(34, 10)', '(27, 13)', '(17, 12)', '(30, 9)', '(32, 12)', '(1, 15)', '(26, 14)', '(15, 14)', '(21, 9)', '(34, 12)', '(17, 14)', '(19, 11)', '(11, 16)', '(32, 14)', '(1, 8)', '(26, 16)', '(15, 16)', '(18, 12)', '(34, 14)', '(22, 12)', '(14, 8)', '(28, 16)', '(30, 13)', '(17, 16)', '(32, 16)', '(1, 10)', '(24, 12)', '(25, 11)', '(13, 12)', '(16, 8)', '(31, 8)', '(34, 16)', '(12, 13)', '(14, 10)', '(3, 10)', '(17, 9)', '(5, 16)', '(1, 12)', '(26, 11)', '(13, 14)', '(16, 10)', '(18, 16)', '(7, 16)', '(20, 10)', '(31, 10)', '(22, 16)', '(14, 12)', '(9, 16)', '(33, 10)', '(24, 16)', '(13, 16)', '(25, 15)', '(1, 14)', '(16, 12)', '(31, 12)', '(20, 12)', '(34, 11)', '(22, 9)', '(14, 14)', '(33, 12)', '(1, 7)', '(10, 10)', '(1, 16)', '(16, 14)', '(31, 14)', '(12, 10)', '(3, 7)', '(14, 16)', '(3, 16)', '(33, 14)', '(1, 9)', '(24, 11)', '(10, 12)', '(16, 16)', '(29, 10)', '(31, 16)', '(20, 16)', '(23, 12)', '(12, 12)', '(4, 8)', '(27, 12)', '(30, 8)', '(33, 16)', '(1, 11)', '(20, 9)', '(12, 14)', '(14, 11)', '(4, 10)', '(27, 14)', '(17, 13)', '(30, 10)', '(10, 16)', '(1, 13)', '(25, 14)', '(20, 11)', '(23, 16)', '(12, 16)', '(27, 16)', '(30, 12)', '(19, 12)', '(25, 16)', '(15, 8)', '(29, 16)', '(21, 12)', '(23, 9)', '(34, 15)', '(17, 8)', '(30, 14)', '(10, 11)', '(11, 10)', '(2, 7)', '(32, 8)', '(2, 16)', '(15, 10)', '(6, 16)', '(12, 11)', '(4, 7)', '(4, 16)', '(27, 11)', '(17, 10)', '(30, 16)', '(19, 16)', '(8, 16)', '(10, 13)', '(32, 10)', '(15, 12)']",40,20,60
129,"(13, 8)","(14, 8)",West,"[('(14, 8)', 'East', 1), ('(12, 8)', 'West', 1)]","['(13, 8)', '(4, 11)', '(33, 8)', '(10, 14)', '(24, 9)']","['(12, 8)', '(4, 11)', '(33, 8)', '(10, 14)', '(24, 9)']","['(21, 16)', '(4, 9)', '(34, 10)', '(27, 13)', '(17, 12)', '(30, 9)', '(32, 12)', '(13, 8)', '(1, 15)', '(26, 14)', '(15, 14)', '(21, 9)', '(34, 12)', '(17, 14)', '(19, 11)', '(11, 16)', '(32, 14)', '(1, 8)', '(26, 16)', '(15, 16)', '(18, 12)', '(34, 14)', '(22, 12)', '(14, 8)', '(28, 16)', '(30, 13)', '(17, 16)', '(32, 16)', '(1, 10)', '(24, 12)', '(25, 11)', '(13, 12)', '(16, 8)', '(31, 8)', '(34, 16)', '(12, 13)', '(14, 10)', '(3, 10)', '(17, 9)', '(5, 16)', '(1, 12)', '(26, 11)', '(13, 14)', '(16, 10)', '(18, 16)', '(7, 16)', '(20, 10)', '(31, 10)', '(22, 16)', '(14, 12)', '(9, 16)', '(33, 10)', '(24, 16)', '(13, 16)', '(25, 15)', '(1, 14)', '(16, 12)', '(31, 12)', '(20, 12)', '(34, 11)', '(22, 9)', '(14, 14)', '(33, 12)', '(1, 7)', '(10, 10)', '(1, 16)', '(16, 14)', '(31, 14)', '(12, 10)', '(3, 7)', '(14, 16)', '(3, 16)', '(33, 14)', '(1, 9)', '(24, 11)', '(10, 12)', '(16, 16)', '(29, 10)', '(31, 16)', '(20, 16)', '(23, 12)', '(12, 12)', '(4, 8)', '(27, 12)', '(30, 8)', '(33, 16)', '(1, 11)', '(20, 9)', '(12, 14)', '(14, 11)', '(4, 10)', '(27, 14)', '(17, 13)', '(30, 10)', '(10, 16)', '(1, 13)', '(25, 14)', '(20, 11)', '(23, 16)', '(12, 16)', '(27, 16)', '(30, 12)', '(19, 12)', '(25, 16)', '(15, 8)', '(29, 16)', '(21, 12)', '(23, 9)', '(34, 15)', '(17, 8)', '(30, 14)', '(10, 11)', '(11, 10)', '(2, 7)', '(32, 8)', '(2, 16)', '(15, 10)', '(6, 16)', '(12, 11)', '(4, 7)', '(4, 16)', '(27, 11)', '(17, 10)', '(30, 16)', '(19, 16)', '(8, 16)', '(10, 13)', '(32, 10)', '(15, 12)']",41,19,60
130,"(12, 8)","(13, 8)",West,"[('(13, 8)', 'East', 1), ('(11, 8)', 'West', 1)]","['(12, 8)', '(4, 11)', '(33, 8)', '(10, 14)', '(24, 9)']","['(11, 8)', '(4, 11)', '(33, 8)', '(10, 14)', '(24, 9)']","['(21, 16)', '(4, 9)', '(34, 10)', '(27, 13)', '(17, 12)', '(30, 9)', '(32, 12)', '(13, 8)', '(1, 15)', '(26, 14)', '(15, 14)', '(21, 9)', '(34, 12)', '(17, 14)', '(19, 11)', '(11, 16)', '(32, 14)', '(1, 8)', '(26, 16)', '(15, 16)', '(18, 12)', '(34, 14)', '(22, 12)', '(14, 8)', '(28, 16)', '(30, 13)', '(17, 16)', '(32, 16)', '(1, 10)', '(24, 12)', '(25, 11)', '(13, 12)', '(16, 8)', '(31, 8)', '(34, 16)', '(12, 13)', '(14, 10)', '(3, 10)', '(17, 9)', '(5, 16)', '(1, 12)', '(26, 11)', '(13, 14)', '(16, 10)', '(18, 16)', '(7, 16)', '(20, 10)', '(31, 10)', '(22, 16)', '(14, 12)', '(9, 16)', '(33, 10)', '(24, 16)', '(13, 16)', '(25, 15)', '(1, 14)', '(16, 12)', '(31, 12)', '(20, 12)', '(34, 11)', '(22, 9)', '(12, 8)', '(14, 14)', '(33, 12)', '(1, 7)', '(10, 10)', '(1, 16)', '(16, 14)', '(31, 14)', '(12, 10)', '(3, 7)', '(14, 16)', '(3, 16)', '(33, 14)', '(1, 9)', '(24, 11)', '(10, 12)', '(16, 16)', '(29, 10)', '(31, 16)', '(20, 16)', '(23, 12)', '(12, 12)', '(4, 8)', '(27, 12)', '(30, 8)', '(33, 16)', '(1, 11)', '(20, 9)', '(12, 14)', '(14, 11)', '(4, 10)', '(27, 14)', '(17, 13)', '(30, 10)', '(10, 16)', '(1, 13)', '(25, 14)', '(20, 11)', '(23, 16)', '(12, 16)', '(27, 16)', '(30, 12)', '(19, 12)', '(25, 16)', '(15, 8)', '(29, 16)', '(21, 12)', '(23, 9)', '(34, 15)', '(17, 8)', '(30, 14)', '(10, 11)', '(11, 10)', '(2, 7)', '(32, 8)', '(2, 16)', '(15, 10)', '(6, 16)', '(12, 11)', '(4, 7)', '(4, 16)', '(27, 11)', '(17, 10)', '(30, 16)', '(19, 16)', '(8, 16)', '(10, 13)', '(32, 10)', '(15, 12)']",42,18,60
131,"(11, 8)","(12, 8)",West,"[('(11, 7)', 'South', 1), ('(12, 8)', 'East', 1)]","['(11, 8)', '(4, 11)', '(33, 8)', '(10, 14)', '(24, 9)']","['(11, 7)', '(4, 11)', '(33, 8)', '(10, 14)', '(24, 9)']","['(21, 16)', '(4, 9)', '(34, 10)', '(27, 13)', '(17, 12)', '(30, 9)', '(32, 12)', '(13, 8)', '(1, 15)', '(26, 14)', '(15, 14)', '(21, 9)', '(34, 12)', '(17, 14)', '(19, 11)', '(11, 16)', '(32, 14)', '(1, 8)', '(26, 16)', '(15, 16)', '(18, 12)', '(34, 14)', '(22, 12)', '(14, 8)', '(28, 16)', '(30, 13)', '(17, 16)', '(32, 16)', '(1, 10)', '(24, 12)', '(25, 11)', '(13, 12)', '(16, 8)', '(31, 8)', '(34, 16)', '(12, 13)', '(14, 10)', '(3, 10)', '(17, 9)', '(5, 16)', '(1, 12)', '(26, 11)', '(13, 14)', '(16, 10)', '(18, 16)', '(7, 16)', '(20, 10)', '(31, 10)', '(22, 16)', '(14, 12)', '(9, 16)', '(33, 10)', '(24, 16)', '(13, 16)', '(25, 15)', '(1, 14)', '(16, 12)', '(31, 12)', '(20, 12)', '(34, 11)', '(22, 9)', '(12, 8)', '(14, 14)', '(33, 12)', '(1, 7)', '(10, 10)', '(1, 16)', '(16, 14)', '(31, 14)', '(12, 10)', '(3, 7)', '(14, 16)', '(3, 16)', '(33, 14)', '(1, 9)', '(24, 11)', '(10, 12)', '(16, 16)', '(29, 10)', '(31, 16)', '(20, 16)', '(23, 12)', '(12, 12)', '(4, 8)', '(27, 12)', '(30, 8)', '(33, 16)', '(1, 11)', '(20, 9)', '(12, 14)', '(14, 11)', '(4, 10)', '(27, 14)', '(17, 13)', '(30, 10)', '(10, 16)', '(1, 13)', '(25, 14)', '(20, 11)', '(23, 16)', '(12, 16)', '(27, 16)', '(30, 12)', '(19, 12)', '(11, 8)', '(25, 16)', '(15, 8)', '(29, 16)', '(21, 12)', '(23, 9)', '(34, 15)', '(17, 8)', '(30, 14)', '(10, 11)', '(11, 10)', '(2, 7)', '(32, 8)', '(2, 16)', '(15, 10)', '(6, 16)', '(12, 11)', '(4, 7)', '(4, 16)', '(27, 11)', '(17, 10)', '(30, 16)', '(19, 16)', '(8, 16)', '(10, 13)', '(32, 10)', '(15, 12)']",43,17,60
132,"(11, 7)","(11, 8)",South,"[('(11, 8)', 'North', 1), ('(11, 6)', 'South', 1)]","['(11, 7)', '(4, 11)', '(33, 8)', '(10, 14)', '(24, 9)']","['(11, 6)', '(4, 11)', '(33, 8)', '(10, 14)', '(24, 9)']","['(21, 16)', '(4, 9)', '(34, 10)', '(27, 13)', '(17, 12)', '(30, 9)', '(32, 12)', '(13, 8)', '(1, 15)', '(26, 14)', '(15, 14)', '(21, 9)', '(34, 12)', '(17, 14)', '(19, 11)', '(11, 7)', '(11, 16)', '(32, 14)', '(1, 8)', '(26, 16)', '(15, 16)', '(18, 12)', '(34, 14)', '(22, 12)', '(14, 8)', '(28, 16)', '(30, 13)', '(17, 16)', '(32, 16)', '(1, 10)', '(24, 12)', '(25, 11)', '(13, 12)', '(16, 8)', '(31, 8)', '(34, 16)', '(12, 13)', '(14, 10)', '(3, 10)', '(17, 9)', '(5, 16)', '(1, 12)', '(26, 11)', '(13, 14)', '(16, 10)', '(18, 16)', '(7, 16)', '(20, 10)', '(31, 10)', '(22, 16)', '(14, 12)', '(9, 16)', '(33, 10)', '(24, 16)', '(13, 16)', '(25, 15)', '(1, 14)', '(16, 12)', '(31, 12)', '(20, 12)', '(34, 11)', '(22, 9)', '(12, 8)', '(14, 14)', '(33, 12)', '(1, 7)', '(10, 10)', '(1, 16)', '(16, 14)', '(31, 14)', '(12, 10)', '(3, 7)', '(14, 16)', '(3, 16)', '(33, 14)', '(1, 9)', '(24, 11)', '(10, 12)', '(16, 16)', '(29, 10)', '(31, 16)', '(20, 16)', '(23, 12)', '(12, 12)', '(4, 8)', '(27, 12)', '(30, 8)', '(33, 16)', '(1, 11)', '(20, 9)', '(12, 14)', '(14, 11)', '(4, 10)', '(27, 14)', '(17, 13)', '(30, 10)', '(10, 16)', '(1, 13)', '(25, 14)', '(20, 11)', '(23, 16)', '(12, 16)', '(27, 16)', '(30, 12)', '(19, 12)', '(11, 8)', '(25, 16)', '(15, 8)', '(29, 16)', '(21, 12)', '(23, 9)', '(34, 15)', '(17, 8)', '(30, 14)', '(10, 11)', '(11, 10)', '(2, 7)', '(32, 8)', '(2, 16)', '(15, 10)', '(6, 16)', '(12, 11)', '(4, 7)', '(4, 16)', '(27, 11)', '(17, 10)', '(30, 16)', '(19, 16)', '(8, 16)', '(10, 13)', '(32, 10)', '(15, 12)']",44,16,60
133,"(11, 6)","(11, 7)",South,"[('(11, 7)', 'North', 1), ('(10, 6)', 'West', 1)]","['(11, 6)', '(4, 11)', '(33, 8)', '(10, 14)', '(24, 9)']","['(10, 6)', '(4, 11)', '(33, 8)', '(10, 14)', '(24, 9)']","['(21, 16)', '(4, 9)', '(34, 10)', '(27, 13)', '(17, 12)', '(30, 9)', '(32, 12)', '(13, 8)', '(1, 15)', '(26, 14)', '(15, 14)', '(21, 9)', '(34, 12)', '(17, 14)', '(19, 11)', '(11, 7)', '(11, 16)', '(32, 14)', '(1, 8)', '(26, 16)', '(15, 16)', '(18, 12)', '(34, 14)', '(22, 12)', '(14, 8)', '(28, 16)', '(30, 13)', '(17, 16)', '(32, 16)', '(1, 10)', '(24, 12)', '(25, 11)', '(13, 12)', '(16, 8)', '(31, 8)', '(34, 16)', '(12, 13)', '(14, 10)', '(3, 10)', '(17, 9)', '(5, 16)', '(1, 12)', '(26, 11)', '(13, 14)', '(16, 10)', '(18, 16)', '(7, 16)', '(20, 10)', '(31, 10)', '(22, 16)', '(14, 12)', '(9, 16)', '(33, 10)', '(24, 16)', '(13, 16)', '(25, 15)', '(1, 14)', '(16, 12)', '(31, 12)', '(20, 12)', '(34, 11)', '(22, 9)', '(12, 8)', '(14, 14)', '(33, 12)', '(1, 7)', '(10, 10)', '(1, 16)', '(16, 14)', '(31, 14)', '(12, 10)', '(3, 7)', '(14, 16)', '(3, 16)', '(33, 14)', '(1, 9)', '(24, 11)', '(10, 12)', '(16, 16)', '(29, 10)', '(31, 16)', '(20, 16)', '(23, 12)', '(12, 12)', '(4, 8)', '(27, 12)', '(30, 8)', '(33, 16)', '(1, 11)', '(20, 9)', '(12, 14)', '(14, 11)', '(4, 10)', '(27, 14)', '(17, 13)', '(30, 10)', '(11, 6)', '(10, 16)', '(1, 13)', '(25, 14)', '(20, 11)', '(23, 16)', '(12, 16)', '(27, 16)', '(30, 12)', '(19, 12)', '(11, 8)', '(25, 16)', '(15, 8)', '(29, 16)', '(21, 12)', '(23, 9)', '(34, 15)', '(17, 8)', '(30, 14)', '(10, 11)', '(11, 10)', '(2, 7)', '(32, 8)', '(2, 16)', '(15, 10)', '(6, 16)', '(12, 11)', '(4, 7)', '(4, 16)', '(27, 11)', '(17, 10)', '(30, 16)', '(19, 16)', '(8, 16)', '(10, 13)', '(32, 10)', '(15, 12)']",45,15,60
134,"(10, 6)","(11, 6)",West,"[('(11, 6)', 'East', 1), ('(9, 6)', 'West', 1)]","['(10, 6)', '(4, 11)', '(33, 8)', '(10, 14)', '(24, 9)']","['(9, 6)', '(4, 11)', '(33, 8)', '(10, 14)', '(24, 9)']","['(21, 16)', '(4, 9)', '(34, 10)', '(27, 13)', '(17, 12)', '(30, 9)', '(10, 6)', '(32, 12)', '(13, 8)', '(1, 15)', '(26, 14)', '(15, 14)', '(21, 9)', '(34, 12)', '(17, 14)', '(19, 11)', '(11, 7)', '(11, 16)', '(32, 14)', '(1, 8)', '(26, 16)', '(15, 16)', '(18, 12)', '(34, 14)', '(22, 12)', '(14, 8)', '(28, 16)', '(30, 13)', '(17, 16)', '(32, 16)', '(1, 10)', '(24, 12)', '(25, 11)', '(13, 12)', '(16, 8)', '(31, 8)', '(34, 16)', '(12, 13)', '(14, 10)', '(3, 10)', '(17, 9)', '(5, 16)', '(1, 12)', '(26, 11)', '(13, 14)', '(16, 10)', '(18, 16)', '(7, 16)', '(20, 10)', '(31, 10)', '(22, 16)', '(14, 12)', '(9, 16)', '(33, 10)', '(24, 16)', '(13, 16)', '(25, 15)', '(1, 14)', '(16, 12)', '(31, 12)', '(20, 12)', '(34, 11)', '(22, 9)', '(12, 8)', '(14, 14)', '(33, 12)', '(1, 7)', '(10, 10)', '(1, 16)', '(16, 14)', '(31, 14)', '(12, 10)', '(3, 7)', '(14, 16)', '(3, 16)', '(33, 14)', '(1, 9)', '(24, 11)', '(10, 12)', '(16, 16)', '(29, 10)', '(31, 16)', '(20, 16)', '(23, 12)', '(12, 12)', '(4, 8)', '(27, 12)', '(30, 8)', '(33, 16)', '(1, 11)', '(20, 9)', '(12, 14)', '(14, 11)', '(4, 10)', '(27, 14)', '(17, 13)', '(30, 10)', '(11, 6)', '(10, 16)', '(1, 13)', '(25, 14)', '(20, 11)', '(23, 16)', '(12, 16)', '(27, 16)', '(30, 12)', '(19, 12)', '(11, 8)', '(25, 16)', '(15, 8)', '(29, 16)', '(21, 12)', '(23, 9)', '(34, 15)', '(17, 8)', '(30, 14)', '(10, 11)', '(11, 10)', '(2, 7)', '(32, 8)', '(2, 16)', '(15, 10)', '(6, 16)', '(12, 11)', '(4, 7)', '(4, 16)', '(27, 11)', '(17, 10)', '(30, 16)', '(19, 16)', '(8, 16)', '(10, 13)', '(32, 10)', '(15, 12)']",46,14,60
135,"(9, 6)","(10, 6)",West,"[('(10, 6)', 'East', 1), ('(8, 6)', 'West', 1)]","['(9, 6)', '(4, 11)', '(33, 8)', '(10, 14)', '(24, 9)']","['(8, 6)', '(4, 11)', '(33, 8)', '(10, 14)', '(24, 9)']","['(21, 16)', '(4, 9)', '(34, 10)', '(27, 13)', '(17, 12)', '(30, 9)', '(10, 6)', '(32, 12)', '(13, 8)', '(1, 15)', '(26, 14)', '(15, 14)', '(21, 9)', '(34, 12)', '(17, 14)', '(19, 11)', '(11, 7)', '(11, 16)', '(32, 14)', '(1, 8)', '(26, 16)', '(15, 16)', '(18, 12)', '(34, 14)', '(22, 12)', '(14, 8)', '(28, 16)', '(30, 13)', '(17, 16)', '(32, 16)', '(1, 10)', '(24, 12)', '(25, 11)', '(13, 12)', '(16, 8)', '(31, 8)', '(34, 16)', '(12, 13)', '(14, 10)', '(3, 10)', '(17, 9)', '(5, 16)', '(1, 12)', '(26, 11)', '(13, 14)', '(16, 10)', '(18, 16)', '(7, 16)', '(20, 10)', '(31, 10)', '(22, 16)', '(14, 12)', '(9, 16)', '(33, 10)', '(24, 16)', '(13, 16)', '(25, 15)', '(1, 14)', '(16, 12)', '(31, 12)', '(20, 12)', '(34, 11)', '(22, 9)', '(12, 8)', '(14, 14)', '(33, 12)', '(1, 7)', '(10, 10)', '(1, 16)', '(16, 14)', '(31, 14)', '(12, 10)', '(3, 7)', '(14, 16)', '(3, 16)', '(33, 14)', '(1, 9)', '(24, 11)', '(10, 12)', '(16, 16)', '(29, 10)', '(31, 16)', '(20, 16)', '(23, 12)', '(12, 12)', '(4, 8)', '(27, 12)', '(30, 8)', '(33, 16)', '(1, 11)', '(20, 9)', '(12, 14)', '(14, 11)', '(4, 10)', '(27, 14)', '(17, 13)', '(30, 10)', '(11, 6)', '(10, 16)', '(1, 13)', '(25, 14)', '(20, 11)', '(23, 16)', '(12, 16)', '(27, 16)', '(30, 12)', '(19, 12)', '(11, 8)', '(25, 16)', '(15, 8)', '(29, 16)', '(21, 12)', '(23, 9)', '(34, 15)', '(17, 8)', '(30, 14)', '(10, 11)', '(11, 10)', '(2, 7)', '(32, 8)', '(2, 16)', '(15, 10)', '(6, 16)', '(12, 11)', '(4, 7)', '(4, 16)', '(27, 11)', '(17, 10)', '(9, 6)', '(30, 16)', '(19, 16)', '(8, 16)', '(10, 13)', '(32, 10)', '(15, 12)']",47,13,60
136,"(8, 6)","(9, 6)",West,"[('(9, 6)', 'East', 1), ('(7, 6)', 'West', 1)]","['(8, 6)', '(4, 11)', '(33, 8)', '(10, 14)', '(24, 9)']","['(7, 6)', '(4, 11)', '(33, 8)', '(10, 14)', '(24, 9)']","['(21, 16)', '(4, 9)', '(34, 10)', '(27, 13)', '(17, 12)', '(30, 9)', '(10, 6)', '(32, 12)', '(13, 8)', '(1, 15)', '(26, 14)', '(15, 14)', '(21, 9)', '(34, 12)', '(17, 14)', '(19, 11)', '(11, 7)', '(11, 16)', '(32, 14)', '(1, 8)', '(26, 16)', '(15, 16)', '(18, 12)', '(34, 14)', '(22, 12)', '(14, 8)', '(28, 16)', '(30, 13)', '(17, 16)', '(32, 16)', '(1, 10)', '(24, 12)', '(25, 11)', '(13, 12)', '(16, 8)', '(31, 8)', '(34, 16)', '(12, 13)', '(14, 10)', '(3, 10)', '(17, 9)', '(5, 16)', '(1, 12)', '(26, 11)', '(13, 14)', '(16, 10)', '(18, 16)', '(7, 16)', '(20, 10)', '(31, 10)', '(22, 16)', '(14, 12)', '(9, 16)', '(33, 10)', '(24, 16)', '(13, 16)', '(25, 15)', '(1, 14)', '(16, 12)', '(31, 12)', '(20, 12)', '(34, 11)', '(22, 9)', '(12, 8)', '(14, 14)', '(33, 12)', '(1, 7)', '(10, 10)', '(1, 16)', '(16, 14)', '(31, 14)', '(12, 10)', '(3, 7)', '(14, 16)', '(3, 16)', '(8, 6)', '(33, 14)', '(1, 9)', '(24, 11)', '(10, 12)', '(16, 16)', '(29, 10)', '(31, 16)', '(20, 16)', '(23, 12)', '(12, 12)', '(4, 8)', '(27, 12)', '(30, 8)', '(33, 16)', '(1, 11)', '(20, 9)', '(12, 14)', '(14, 11)', '(4, 10)', '(27, 14)', '(17, 13)', '(30, 10)', '(11, 6)', '(10, 16)', '(1, 13)', '(25, 14)', '(20, 11)', '(23, 16)', '(12, 16)', '(27, 16)', '(30, 12)', '(19, 12)', '(11, 8)', '(25, 16)', '(15, 8)', '(29, 16)', '(21, 12)', '(23, 9)', '(34, 15)', '(17, 8)', '(30, 14)', '(10, 11)', '(11, 10)', '(2, 7)', '(32, 8)', '(2, 16)', '(15, 10)', '(6, 16)', '(12, 11)', '(4, 7)', '(4, 16)', '(27, 11)', '(17, 10)', '(9, 6)', '(30, 16)', '(19, 16)', '(8, 16)', '(10, 13)', '(32, 10)', '(15, 12)']",48,12,60
137,"(7, 6)","(8, 6)",West,"[('(8, 6)', 'East', 1), ('(6, 6)', 'West', 1)]","['(7, 6)', '(4, 11)', '(33, 8)', '(10, 14)', '(24, 9)']","['(6, 6)', '(4, 11)', '(33, 8)', '(10, 14)', '(24, 9)']","['(21, 16)', '(4, 9)', '(34, 10)', '(27, 13)', '(17, 12)', '(30, 9)', '(10, 6)', '(32, 12)', '(13, 8)', '(1, 15)', '(26, 14)', '(15, 14)', '(21, 9)', '(34, 12)', '(17, 14)', '(19, 11)', '(11, 7)', '(11, 16)', '(32, 14)', '(1, 8)', '(26, 16)', '(15, 16)', '(18, 12)', '(34, 14)', '(22, 12)', '(14, 8)', '(28, 16)', '(30, 13)', '(17, 16)', '(32, 16)', '(1, 10)', '(24, 12)', '(25, 11)', '(13, 12)', '(16, 8)', '(31, 8)', '(34, 16)', '(12, 13)', '(14, 10)', '(3, 10)', '(17, 9)', '(5, 16)', '(1, 12)', '(26, 11)', '(13, 14)', '(16, 10)', '(18, 16)', '(7, 16)', '(20, 10)', '(31, 10)', '(22, 16)', '(14, 12)', '(9, 16)', '(33, 10)', '(24, 16)', '(13, 16)', '(25, 15)', '(1, 14)', '(16, 12)', '(31, 12)', '(20, 12)', '(34, 11)', '(22, 9)', '(12, 8)', '(14, 14)', '(33, 12)', '(1, 7)', '(10, 10)', '(1, 16)', '(16, 14)', '(31, 14)', '(12, 10)', '(3, 7)', '(14, 16)', '(3, 16)', '(8, 6)', '(33, 14)', '(1, 9)', '(24, 11)', '(10, 12)', '(16, 16)', '(29, 10)', '(31, 16)', '(20, 16)', '(23, 12)', '(12, 12)', '(4, 8)', '(27, 12)', '(30, 8)', '(33, 16)', '(1, 11)', '(20, 9)', '(12, 14)', '(14, 11)', '(4, 10)', '(27, 14)', '(17, 13)', '(30, 10)', '(11, 6)', '(10, 16)', '(1, 13)', '(25, 14)', '(20, 11)', '(23, 16)', '(12, 16)', '(27, 16)', '(30, 12)', '(19, 12)', '(11, 8)', '(25, 16)', '(15, 8)', '(29, 16)', '(21, 12)', '(23, 9)', '(34, 15)', '(17, 8)', '(30, 14)', '(10, 11)', '(11, 10)', '(2, 7)', '(32, 8)', '(2, 16)', '(15, 10)', '(7, 6)', '(6, 16)', '(12, 11)', '(4, 7)', '(4, 16)', '(27, 11)', '(17, 10)', '(9, 6)', '(30, 16)', '(19, 16)', '(8, 16)', '(10, 13)', '(32, 10)', '(15, 12)']",49,11,60
138,"(6, 6)","(7, 6)",West,"[('(6, 5)', 'South', 1), ('(7, 6)', 'East', 1)]","['(6, 6)', '(4, 11)', '(33, 8)', '(10, 14)', '(24, 9)']","['(6, 5)', '(4, 11)', '(33, 8)', '(10, 14)', '(24, 9)']","['(21, 16)', '(4, 9)', '(34, 10)', '(27, 13)', '(17, 12)', '(30, 9)', '(10, 6)', '(32, 12)', '(13, 8)', '(1, 15)', '(26, 14)', '(15, 14)', '(21, 9)', '(34, 12)', '(17, 14)', '(19, 11)', '(11, 7)', '(11, 16)', '(32, 14)', '(1, 8)', '(26, 16)', '(15, 16)', '(18, 12)', '(34, 14)', '(22, 12)', '(14, 8)', '(28, 16)', '(30, 13)', '(17, 16)', '(32, 16)', '(1, 10)', '(24, 12)', '(25, 11)', '(13, 12)', '(16, 8)', '(6, 6)', '(31, 8)', '(34, 16)', '(12, 13)', '(14, 10)', '(3, 10)', '(17, 9)', '(5, 16)', '(1, 12)', '(26, 11)', '(13, 14)', '(16, 10)', '(18, 16)', '(7, 16)', '(20, 10)', '(31, 10)', '(22, 16)', '(14, 12)', '(9, 16)', '(33, 10)', '(24, 16)', '(13, 16)', '(25, 15)', '(1, 14)', '(16, 12)', '(31, 12)', '(20, 12)', '(34, 11)', '(22, 9)', '(12, 8)', '(14, 14)', '(33, 12)', '(1, 7)', '(10, 10)', '(1, 16)', '(16, 14)', '(31, 14)', '(12, 10)', '(3, 7)', '(14, 16)', '(3, 16)', '(8, 6)', '(33, 14)', '(1, 9)', '(24, 11)', '(10, 12)', '(16, 16)', '(29, 10)', '(31, 16)', '(20, 16)', '(23, 12)', '(12, 12)', '(4, 8)', '(27, 12)', '(30, 8)', '(33, 16)', '(1, 11)', '(20, 9)', '(12, 14)', '(14, 11)', '(4, 10)', '(27, 14)', '(17, 13)', '(30, 10)', '(11, 6)', '(10, 16)', '(1, 13)', '(25, 14)', '(20, 11)', '(23, 16)', '(12, 16)', '(27, 16)', '(30, 12)', '(19, 12)', '(11, 8)', '(25, 16)', '(15, 8)', '(29, 16)', '(21, 12)', '(23, 9)', '(34, 15)', '(17, 8)', '(30, 14)', '(10, 11)', '(11, 10)', '(2, 7)', '(32, 8)', '(2, 16)', '(15, 10)', '(7, 6)', '(6, 16)', '(12, 11)', '(4, 7)', '(4, 16)', '(27, 11)', '(17, 10)', '(9, 6)', '(30, 16)', '(19, 16)', '(8, 16)', '(10, 13)', '(32, 10)', '(15, 12)']",50,10,60
139,"(6, 5)","(6, 6)",South,"[('(6, 6)', 'North', 1), ('(5, 5)', 'West', 1)]","['(6, 5)', '(4, 11)', '(33, 8)', '(10, 14)', '(24, 9)']","['(5, 5)', '(4, 11)', '(33, 8)', '(10, 14)', '(24, 9)']","['(21, 16)', '(4, 9)', '(34, 10)', '(27, 13)', '(17, 12)', '(30, 9)', '(10, 6)', '(32, 12)', '(13, 8)', '(1, 15)', '(26, 14)', '(15, 14)', '(21, 9)', '(34, 12)', '(17, 14)', '(19, 11)', '(11, 7)', '(11, 16)', '(32, 14)', '(1, 8)', '(26, 16)', '(15, 16)', '(18, 12)', '(34, 14)', '(22, 12)', '(14, 8)', '(28, 16)', '(30, 13)', '(17, 16)', '(32, 16)', '(1, 10)', '(24, 12)', '(25, 11)', '(13, 12)', '(16, 8)', '(6, 6)', '(31, 8)', '(34, 16)', '(12, 13)', '(14, 10)', '(3, 10)', '(17, 9)', '(5, 16)', '(1, 12)', '(26, 11)', '(13, 14)', '(16, 10)', '(18, 16)', '(7, 16)', '(20, 10)', '(31, 10)', '(22, 16)', '(14, 12)', '(9, 16)', '(33, 10)', '(24, 16)', '(13, 16)', '(25, 15)', '(1, 14)', '(16, 12)', '(31, 12)', '(20, 12)', '(34, 11)', '(22, 9)', '(12, 8)', '(14, 14)', '(33, 12)', '(1, 7)', '(10, 10)', '(1, 16)', '(16, 14)', '(31, 14)', '(12, 10)', '(3, 7)', '(14, 16)', '(3, 16)', '(8, 6)', '(33, 14)', '(1, 9)', '(24, 11)', '(10, 12)', '(16, 16)', '(29, 10)', '(31, 16)', '(20, 16)', '(23, 12)', '(12, 12)', '(4, 8)', '(27, 12)', '(30, 8)', '(33, 16)', '(1, 11)', '(20, 9)', '(12, 14)', '(14, 11)', '(4, 10)', '(27, 14)', '(17, 13)', '(30, 10)', '(11, 6)', '(10, 16)', '(1, 13)', '(25, 14)', '(20, 11)', '(23, 16)', '(12, 16)', '(27, 16)', '(30, 12)', '(19, 12)', '(11, 8)', '(25, 16)', '(15, 8)', '(6, 5)', '(29, 16)', '(21, 12)', '(23, 9)', '(34, 15)', '(17, 8)', '(30, 14)', '(10, 11)', '(11, 10)', '(2, 7)', '(32, 8)', '(2, 16)', '(15, 10)', '(7, 6)', '(6, 16)', '(12, 11)', '(4, 7)', '(4, 16)', '(27, 11)', '(17, 10)', '(9, 6)', '(30, 16)', '(19, 16)', '(8, 16)', '(10, 13)', '(32, 10)', '(15, 12)']",51,9,60
140,"(5, 5)","(6, 5)",West,"[('(6, 5)', 'East', 1), ('(4, 5)', 'West', 1)]","['(5, 5)', '(4, 11)', '(33, 8)', '(10, 14)', '(24, 9)']","['(4, 5)', '(4, 11)', '(33, 8)', '(10, 14)', '(24, 9)']","['(21, 16)', '(4, 9)', '(34, 10)', '(27, 13)', '(17, 12)', '(30, 9)', '(10, 6)', '(32, 12)', '(13, 8)', '(1, 15)', '(26, 14)', '(15, 14)', '(21, 9)', '(34, 12)', '(17, 14)', '(19, 11)', '(11, 7)', '(11, 16)', '(32, 14)', '(1, 8)', '(26, 16)', '(15, 16)', '(18, 12)', '(34, 14)', '(22, 12)', '(14, 8)', '(5, 5)', '(28, 16)', '(30, 13)', '(17, 16)', '(32, 16)', '(1, 10)', '(24, 12)', '(25, 11)', '(13, 12)', '(16, 8)', '(6, 6)', '(31, 8)', '(34, 16)', '(12, 13)', '(14, 10)', '(3, 10)', '(17, 9)', '(5, 16)', '(1, 12)', '(26, 11)', '(13, 14)', '(16, 10)', '(18, 16)', '(7, 16)', '(20, 10)', '(31, 10)', '(22, 16)', '(14, 12)', '(9, 16)', '(33, 10)', '(24, 16)', '(13, 16)', '(25, 15)', '(1, 14)', '(16, 12)', '(31, 12)', '(20, 12)', '(34, 11)', '(22, 9)', '(12, 8)', '(14, 14)', '(33, 12)', '(1, 7)', '(10, 10)', '(1, 16)', '(16, 14)', '(31, 14)', '(12, 10)', '(3, 7)', '(14, 16)', '(3, 16)', '(8, 6)', '(33, 14)', '(1, 9)', '(24, 11)', '(10, 12)', '(16, 16)', '(29, 10)', '(31, 16)', '(20, 16)', '(23, 12)', '(12, 12)', '(4, 8)', '(27, 12)', '(30, 8)', '(33, 16)', '(1, 11)', '(20, 9)', '(12, 14)', '(14, 11)', '(4, 10)', '(27, 14)', '(17, 13)', '(30, 10)', '(11, 6)', '(10, 16)', '(1, 13)', '(25, 14)', '(20, 11)', '(23, 16)', '(12, 16)', '(27, 16)', '(30, 12)', '(19, 12)', '(11, 8)', '(25, 16)', '(15, 8)', '(6, 5)', '(29, 16)', '(21, 12)', '(23, 9)', '(34, 15)', '(17, 8)', '(30, 14)', '(10, 11)', '(11, 10)', '(2, 7)', '(32, 8)', '(2, 16)', '(15, 10)', '(7, 6)', '(6, 16)', '(12, 11)', '(4, 7)', '(4, 16)', '(27, 11)', '(17, 10)', '(9, 6)', '(30, 16)', '(19, 16)', '(8, 16)', '(10, 13)', '(32, 10)', '(15, 12)']",52,8,60
141,"(4, 5)","(5, 5)",West,"[('(5, 5)', 'East', 1), ('(3, 5)', 'West', 1)]","['(4, 5)', '(4, 11)', '(33, 8)', '(10, 14)', '(24, 9)']","['(3, 5)', '(4, 11)', '(33, 8)', '(10, 14)', '(24, 9)']","['(21, 16)', '(4, 9)', '(34, 10)', '(27, 13)', '(17, 12)', '(30, 9)', '(10, 6)', '(32, 12)', '(13, 8)', '(1, 15)', '(26, 14)', '(15, 14)', '(21, 9)', '(34, 12)', '(17, 14)', '(19, 11)', '(11, 7)', '(11, 16)', '(32, 14)', '(1, 8)', '(26, 16)', '(15, 16)', '(18, 12)', '(34, 14)', '(22, 12)', '(14, 8)', '(5, 5)', '(28, 16)', '(30, 13)', '(17, 16)', '(32, 16)', '(1, 10)', '(24, 12)', '(25, 11)', '(13, 12)', '(16, 8)', '(6, 6)', '(31, 8)', '(34, 16)', '(12, 13)', '(14, 10)', '(3, 10)', '(17, 9)', '(5, 16)', '(1, 12)', '(26, 11)', '(13, 14)', '(16, 10)', '(18, 16)', '(7, 16)', '(20, 10)', '(31, 10)', '(22, 16)', '(14, 12)', '(9, 16)', '(33, 10)', '(24, 16)', '(13, 16)', '(25, 15)', '(1, 14)', '(16, 12)', '(31, 12)', '(20, 12)', '(34, 11)', '(22, 9)', '(12, 8)', '(14, 14)', '(33, 12)', '(1, 7)', '(10, 10)', '(1, 16)', '(16, 14)', '(31, 14)', '(12, 10)', '(3, 7)', '(14, 16)', '(3, 16)', '(8, 6)', '(33, 14)', '(1, 9)', '(24, 11)', '(10, 12)', '(16, 16)', '(29, 10)', '(31, 16)', '(20, 16)', '(23, 12)', '(12, 12)', '(4, 8)', '(27, 12)', '(30, 8)', '(33, 16)', '(1, 11)', '(20, 9)', '(12, 14)', '(14, 11)', '(4, 10)', '(27, 14)', '(17, 13)', '(30, 10)', '(11, 6)', '(10, 16)', '(1, 13)', '(25, 14)', '(20, 11)', '(23, 16)', '(12, 16)', '(27, 16)', '(30, 12)', '(19, 12)', '(11, 8)', '(25, 16)', '(15, 8)', '(6, 5)', '(29, 16)', '(21, 12)', '(23, 9)', '(4, 5)', '(34, 15)', '(17, 8)', '(30, 14)', '(10, 11)', '(11, 10)', '(2, 7)', '(32, 8)', '(2, 16)', '(15, 10)', '(7, 6)', '(6, 16)', '(12, 11)', '(4, 7)', '(4, 16)', '(27, 11)', '(17, 10)', '(9, 6)', '(30, 16)', '(19, 16)', '(8, 16)', '(10, 13)', '(32, 10)', '(15, 12)']",53,7,60
142,"(3, 5)","(4, 5)",West,"[('(4, 5)', 'East', 1), ('(2, 5)', 'West', 1)]","['(3, 5)', '(4, 11)', '(33, 8)', '(10, 14)', '(24, 9)']","['(2, 5)', '(4, 11)', '(33, 8)', '(10, 14)', '(24, 9)']","['(21, 16)', '(4, 9)', '(34, 10)', '(27, 13)', '(17, 12)', '(30, 9)', '(10, 6)', '(32, 12)', '(13, 8)', '(1, 15)', '(26, 14)', '(15, 14)', '(21, 9)', '(34, 12)', '(17, 14)', '(19, 11)', '(11, 7)', '(11, 16)', '(32, 14)', '(1, 8)', '(26, 16)', '(15, 16)', '(18, 12)', '(34, 14)', '(22, 12)', '(14, 8)', '(5, 5)', '(28, 16)', '(30, 13)', '(17, 16)', '(32, 16)', '(1, 10)', '(24, 12)', '(25, 11)', '(13, 12)', '(16, 8)', '(6, 6)', '(31, 8)', '(34, 16)', '(12, 13)', '(14, 10)', '(3, 10)', '(17, 9)', '(5, 16)', '(1, 12)', '(26, 11)', '(13, 14)', '(16, 10)', '(18, 16)', '(7, 16)', '(20, 10)', '(31, 10)', '(22, 16)', '(14, 12)', '(9, 16)', '(33, 10)', '(24, 16)', '(13, 16)', '(25, 15)', '(1, 14)', '(16, 12)', '(31, 12)', '(20, 12)', '(34, 11)', '(22, 9)', '(12, 8)', '(3, 5)', '(14, 14)', '(33, 12)', '(1, 7)', '(10, 10)', '(1, 16)', '(16, 14)', '(31, 14)', '(12, 10)', '(3, 7)', '(14, 16)', '(3, 16)', '(8, 6)', '(33, 14)', '(1, 9)', '(24, 11)', '(10, 12)', '(16, 16)', '(29, 10)', '(31, 16)', '(20, 16)', '(23, 12)', '(12, 12)', '(4, 8)', '(27, 12)', '(30, 8)', '(33, 16)', '(1, 11)', '(20, 9)', '(12, 14)', '(14, 11)', '(4, 10)', '(27, 14)', '(17, 13)', '(30, 10)', '(11, 6)', '(10, 16)', '(1, 13)', '(25, 14)', '(20, 11)', '(23, 16)', '(12, 16)', '(27, 16)', '(30, 12)', '(19, 12)', '(11, 8)', '(25, 16)', '(15, 8)', '(6, 5)', '(29, 16)', '(21, 12)', '(23, 9)', '(4, 5)', '(34, 15)', '(17, 8)', '(30, 14)', '(10, 11)', '(11, 10)', '(2, 7)', '(32, 8)', '(2, 16)', '(15, 10)', '(7, 6)', '(6, 16)', '(12, 11)', '(4, 7)', '(4, 16)', '(27, 11)', '(17, 10)', '(9, 6)', '(30, 16)', '(19, 16)', '(8, 16)', '(10, 13)', '(32, 10)', '(15, 12)']",54,6,60
143,"(2, 5)","(3, 5)",West,"[('(3, 5)', 'East', 1), ('(1, 5)', 'West', 1)]","['(2, 5)', '(4, 11)', '(33, 8)', '(10, 14)', '(24, 9)']","['(1, 5)', '(4, 11)', '(33, 8)', '(10, 14)', '(24, 9)']","['(21, 16)', '(4, 9)', '(34, 10)', '(27, 13)', '(17, 12)', '(30, 9)', '(10, 6)', '(32, 12)', '(13, 8)', '(1, 15)', '(26, 14)', '(15, 14)', '(21, 9)', '(34, 12)', '(17, 14)', '(19, 11)', '(11, 7)', '(11, 16)', '(32, 14)', '(1, 8)', '(26, 16)', '(15, 16)', '(18, 12)', '(34, 14)', '(22, 12)', '(14, 8)', '(5, 5)', '(28, 16)', '(30, 13)', '(17, 16)', '(32, 16)', '(1, 10)', '(24, 12)', '(25, 11)', '(13, 12)', '(16, 8)', '(6, 6)', '(31, 8)', '(34, 16)', '(12, 13)', '(14, 10)', '(3, 10)', '(17, 9)', '(5, 16)', '(1, 12)', '(26, 11)', '(13, 14)', '(16, 10)', '(18, 16)', '(7, 16)', '(20, 10)', '(31, 10)', '(22, 16)', '(14, 12)', '(9, 16)', '(33, 10)', '(24, 16)', '(13, 16)', '(25, 15)', '(1, 14)', '(16, 12)', '(31, 12)', '(20, 12)', '(34, 11)', '(22, 9)', '(12, 8)', '(3, 5)', '(14, 14)', '(33, 12)', '(1, 7)', '(10, 10)', '(1, 16)', '(16, 14)', '(31, 14)', '(12, 10)', '(3, 7)', '(14, 16)', '(3, 16)', '(8, 6)', '(33, 14)', '(1, 9)', '(24, 11)', '(10, 12)', '(16, 16)', '(29, 10)', '(31, 16)', '(20, 16)', '(23, 12)', '(12, 12)', '(4, 8)', '(27, 12)', '(30, 8)', '(33, 16)', '(1, 11)', '(20, 9)', '(12, 14)', '(14, 11)', '(4, 10)', '(27, 14)', '(17, 13)', '(30, 10)', '(11, 6)', '(10, 16)', '(1, 13)', '(25, 14)', '(20, 11)', '(23, 16)', '(12, 16)', '(27, 16)', '(30, 12)', '(19, 12)', '(11, 8)', '(2, 5)', '(25, 16)', '(15, 8)', '(6, 5)', '(29, 16)', '(21, 12)', '(23, 9)', '(4, 5)', '(34, 15)', '(17, 8)', '(30, 14)', '(10, 11)', '(11, 10)', '(2, 7)', '(32, 8)', '(2, 16)', '(15, 10)', '(7, 6)', '(6, 16)', '(12, 11)', '(4, 7)', '(4, 16)', '(27, 11)', '(17, 10)', '(9, 6)', '(30, 16)', '(19, 16)', '(8, 16)', '(10, 13)', '(32, 10)', '(15, 12)']",55,5,60
144,"(1, 5)","(2, 5)",West,"[('(1, 4)', 'South', 1), ('(2, 5)', 'East', 1)]","['(1, 5)', '(4, 11)', '(33, 8)', '(10, 14)', '(24, 9)']","['(1, 4)', '(4, 11)', '(33, 8)', '(10, 14)', '(24, 9)']","['(21, 16)', '(4, 9)', '(34, 10)', '(27, 13)', '(17, 12)', '(30, 9)', '(10, 6)', '(32, 12)', '(13, 8)', '(1, 15)', '(26, 14)', '(15, 14)', '(21, 9)', '(34, 12)', '(17, 14)', '(19, 11)', '(11, 7)', '(11, 16)', '(32, 14)', '(1, 8)', '(26, 16)', '(15, 16)', '(18, 12)', '(34, 14)', '(22, 12)', '(14, 8)', '(5, 5)', '(28, 16)', '(30, 13)', '(17, 16)', '(32, 16)', '(1, 10)', '(24, 12)', '(25, 11)', '(13, 12)', '(16, 8)', '(6, 6)', '(31, 8)', '(34, 16)', '(12, 13)', '(14, 10)', '(3, 10)', '(17, 9)', '(5, 16)', '(1, 12)', '(26, 11)', '(13, 14)', '(16, 10)', '(18, 16)', '(7, 16)', '(20, 10)', '(31, 10)', '(22, 16)', '(14, 12)', '(9, 16)', '(33, 10)', '(1, 5)', '(24, 16)', '(13, 16)', '(25, 15)', '(1, 14)', '(16, 12)', '(31, 12)', '(20, 12)', '(34, 11)', '(22, 9)', '(12, 8)', '(3, 5)', '(14, 14)', '(33, 12)', '(1, 7)', '(10, 10)', '(1, 16)', '(16, 14)', '(31, 14)', '(12, 10)', '(3, 7)', '(14, 16)', '(3, 16)', '(8, 6)', '(33, 14)', '(1, 9)', '(24, 11)', '(10, 12)', '(16, 16)', '(29, 10)', '(31, 16)', '(20, 16)', '(23, 12)', '(12, 12)', '(4, 8)', '(27, 12)', '(30, 8)', '(33, 16)', '(1, 11)', '(20, 9)', '(12, 14)', '(14, 11)', '(4, 10)', '(27, 14)', '(17, 13)', '(30, 10)', '(11, 6)', '(10, 16)', '(1, 13)', '(25, 14)', '(20, 11)', '(23, 16)', '(12, 16)', '(27, 16)', '(30, 12)', '(19, 12)', '(11, 8)', '(2, 5)', '(25, 16)', '(15, 8)', '(6, 5)', '(29, 16)', '(21, 12)', '(23, 9)', '(4, 5)', '(34, 15)', '(17, 8)', '(30, 14)', '(10, 11)', '(11, 10)', '(2, 7)', '(32, 8)', '(2, 16)', '(15, 10)', '(7, 6)', '(6, 16)', '(12, 11)', '(4, 7)', '(4, 16)', '(27, 11)', '(17, 10)', '(9, 6)', '(30, 16)', '(19, 16)', '(8, 16)', '(10, 13)', '(32, 10)', '(15, 12)']",56,4,60
145,"(1, 4)","(1, 5)",South,"[('(1, 5)', 'North', 1), ('(1, 3)', 'South', 1)]","['(1, 4)', '(4, 11)', '(33, 8)', '(10, 14)', '(24, 9)']","['(1, 3)', '(4, 11)', '(33, 8)', '(10, 14)', '(24, 9)']","['(21, 16)', '(4, 9)', '(34, 10)', '(27, 13)', '(17, 12)', '(30, 9)', '(10, 6)', '(32, 12)', '(13, 8)', '(1, 15)', '(26, 14)', '(15, 14)', '(21, 9)', '(34, 12)', '(17, 14)', '(19, 11)', '(11, 7)', '(11, 16)', '(32, 14)', '(1, 8)', '(26, 16)', '(15, 16)', '(18, 12)', '(34, 14)', '(22, 12)', '(14, 8)', '(5, 5)', '(28, 16)', '(30, 13)', '(17, 16)', '(32, 16)', '(1, 10)', '(24, 12)', '(25, 11)', '(13, 12)', '(16, 8)', '(6, 6)', '(31, 8)', '(34, 16)', '(12, 13)', '(14, 10)', '(3, 10)', '(17, 9)', '(5, 16)', '(1, 12)', '(26, 11)', '(13, 14)', '(16, 10)', '(18, 16)', '(7, 16)', '(20, 10)', '(31, 10)', '(22, 16)', '(14, 12)', '(9, 16)', '(33, 10)', '(1, 5)', '(24, 16)', '(13, 16)', '(25, 15)', '(1, 14)', '(16, 12)', '(31, 12)', '(20, 12)', '(34, 11)', '(22, 9)', '(12, 8)', '(3, 5)', '(14, 14)', '(33, 12)', '(1, 7)', '(10, 10)', '(1, 16)', '(16, 14)', '(31, 14)', '(12, 10)', '(3, 7)', '(14, 16)', '(3, 16)', '(8, 6)', '(33, 14)', '(1, 9)', '(24, 11)', '(10, 12)', '(16, 16)', '(29, 10)', '(31, 16)', '(20, 16)', '(23, 12)', '(12, 12)', '(4, 8)', '(27, 12)', '(30, 8)', '(33, 16)', '(1, 11)', '(20, 9)', '(12, 14)', '(14, 11)', '(4, 10)', '(27, 14)', '(17, 13)', '(30, 10)', '(1, 4)', '(11, 6)', '(10, 16)', '(1, 13)', '(25, 14)', '(20, 11)', '(23, 16)', '(12, 16)', '(27, 16)', '(30, 12)', '(19, 12)', '(11, 8)', '(2, 5)', '(25, 16)', '(15, 8)', '(6, 5)', '(29, 16)', '(21, 12)', '(23, 9)', '(4, 5)', '(34, 15)', '(17, 8)', '(30, 14)', '(10, 11)', '(11, 10)', '(2, 7)', '(32, 8)', '(2, 16)', '(15, 10)', '(7, 6)', '(6, 16)', '(12, 11)', '(4, 7)', '(4, 16)', '(27, 11)', '(17, 10)', '(9, 6)', '(30, 16)', '(19, 16)', '(8, 16)', '(10, 13)', '(32, 10)', '(15, 12)']",57,3,60
146,"(1, 3)","(1, 4)",South,"[('(1, 4)', 'North', 1), ('(2, 3)', 'East', 1)]","['(1, 3)', '(4, 11)', '(33, 8)', '(10, 14)', '(24, 9)']","['(4, 11)', '(24, 9)', '(33, 8)', '(10, 14)', '(2, 3)']","['(21, 16)', '(4, 9)', '(34, 10)', '(27, 13)', '(17, 12)', '(30, 9)', '(10, 6)', '(32, 12)', '(13, 8)', '(1, 15)', '(26, 14)', '(15, 14)', '(21, 9)', '(34, 12)', '(17, 14)', '(19, 11)', '(11, 7)', '(11, 16)', '(32, 14)', '(1, 8)', '(26, 16)', '(15, 16)', '(18, 12)', '(34, 14)', '(22, 12)', '(14, 8)', '(5, 5)', '(28, 16)', '(30, 13)', '(17, 16)', '(32, 16)', '(1, 10)', '(24, 12)', '(25, 11)', '(13, 12)', '(16, 8)', '(6, 6)', '(31, 8)', '(34, 16)', '(12, 13)', '(14, 10)', '(3, 10)', '(17, 9)', '(5, 16)', '(1, 3)', '(1, 12)', '(26, 11)', '(13, 14)', '(16, 10)', '(18, 16)', '(7, 16)', '(20, 10)', '(31, 10)', '(22, 16)', '(14, 12)', '(9, 16)', '(33, 10)', '(1, 5)', '(24, 16)', '(13, 16)', '(25, 15)', '(1, 14)', '(16, 12)', '(31, 12)', '(20, 12)', '(34, 11)', '(22, 9)', '(12, 8)', '(3, 5)', '(14, 14)', '(33, 12)', '(1, 7)', '(10, 10)', '(1, 16)', '(16, 14)', '(31, 14)', '(12, 10)', '(3, 7)', '(14, 16)', '(3, 16)', '(8, 6)', '(33, 14)', '(1, 9)', '(24, 11)', '(10, 12)', '(16, 16)', '(29, 10)', '(31, 16)', '(20, 16)', '(23, 12)', '(12, 12)', '(4, 8)', '(27, 12)', '(30, 8)', '(33, 16)', '(1, 11)', '(20, 9)', '(12, 14)', '(14, 11)', '(4, 10)', '(27, 14)', '(17, 13)', '(30, 10)', '(1, 4)', '(11, 6)', '(10, 16)', '(1, 13)', '(25, 14)', '(20, 11)', '(23, 16)', '(12, 16)', '(27, 16)', '(30, 12)', '(19, 12)', '(11, 8)', '(2, 5)', '(25, 16)', '(15, 8)', '(6, 5)', '(29, 16)', '(21, 12)', '(23, 9)', '(4, 5)', '(34, 15)', '(17, 8)', '(30, 14)', '(10, 11)', '(11, 10)', '(2, 7)', '(32, 8)', '(2, 16)', '(15, 10)', '(7, 6)', '(6, 16)', '(12, 11)', '(4, 7)', '(4, 16)', '(27, 11)', '(17, 10)', '(9, 6)', '(30, 16)', '(19, 16)', '(8, 16)', '(10, 13)', '(32, 10)', '(15, 12)']",58,2,60
147,"(4, 11)","(4, 10)",North,"[('(4, 12)', 'North', 1), ('(4, 10)', 'South', 1)]","['(4, 11)', '(24, 9)', '(33, 8)', '(10, 14)', '(2, 3)']","['(24, 9)', '(10, 14)', '(33, 8)', '(2, 3)', '(4, 12)']","['(21, 16)', '(4, 9)', '(34, 10)', '(27, 13)', '(17, 12)', '(30, 9)', '(10, 6)', '(32, 12)', '(13, 8)', '(1, 15)', '(26, 14)', '(15, 14)', '(21, 9)', '(34, 12)', '(17, 14)', '(19, 11)', '(11, 7)', '(11, 16)', '(32, 14)', '(1, 8)', '(26, 16)', '(15, 16)', '(18, 12)', '(34, 14)', '(22, 12)', '(14, 8)', '(5, 5)', '(28, 16)', '(30, 13)', '(17, 16)', '(32, 16)', '(1, 10)', '(24, 12)', '(25, 11)', '(13, 12)', '(16, 8)', '(6, 6)', '(31, 8)', '(34, 16)', '(12, 13)', '(14, 10)', '(3, 10)', '(17, 9)', '(5, 16)', '(1, 3)', '(1, 12)', '(26, 11)', '(13, 14)', '(16, 10)', '(18, 16)', '(7, 16)', '(20, 10)', '(31, 10)', '(22, 16)', '(14, 12)', '(4, 11)', '(9, 16)', '(33, 10)', '(1, 5)', '(24, 16)', '(13, 16)', '(25, 15)', '(1, 14)', '(16, 12)', '(31, 12)', '(20, 12)', '(34, 11)', '(22, 9)', '(12, 8)', '(3, 5)', '(14, 14)', '(33, 12)', '(1, 7)', '(10, 10)', '(1, 16)', '(16, 14)', '(31, 14)', '(12, 10)', '(3, 7)', '(14, 16)', '(3, 16)', '(8, 6)', '(33, 14)', '(1, 9)', '(24, 11)', '(10, 12)', '(16, 16)', '(29, 10)', '(31, 16)', '(20, 16)', '(23, 12)', '(12, 12)', '(4, 8)', '(27, 12)', '(30, 8)', '(33, 16)', '(1, 11)', '(20, 9)', '(12, 14)', '(14, 11)', '(4, 10)', '(27, 14)', '(17, 13)', '(30, 10)', '(1, 4)', '(11, 6)', '(10, 16)', '(1, 13)', '(25, 14)', '(20, 11)', '(23, 16)', '(12, 16)', '(27, 16)', '(30, 12)', '(19, 12)', '(11, 8)', '(2, 5)', '(25, 16)', '(15, 8)', '(6, 5)', '(29, 16)', '(21, 12)', '(23, 9)', '(4, 5)', '(34, 15)', '(17, 8)', '(30, 14)', '(10, 11)', '(11, 10)', '(2, 7)', '(32, 8)', '(2, 16)', '(15, 10)', '(7, 6)', '(6, 16)', '(12, 11)', '(4, 7)', '(4, 16)', '(27, 11)', '(17, 10)', '(9, 6)', '(30, 16)', '(19, 16)', '(8, 16)', '(10, 13)', '(32, 10)', '(15, 12)']",49,13,62
148,"(24, 9)","(23, 9)",East,"[('(25, 9)', 'East', 1), ('(23, 9)', 'West', 1)]","['(24, 9)', '(10, 14)', '(33, 8)', '(2, 3)', '(4, 12)']","['(10, 14)', '(2, 3)', '(33, 8)', '(4, 12)', '(25, 9)']","['(21, 16)', '(4, 9)', '(34, 10)', '(27, 13)', '(17, 12)', '(30, 9)', '(10, 6)', '(32, 12)', '(13, 8)', '(1, 15)', '(26, 14)', '(15, 14)', '(21, 9)', '(34, 12)', '(17, 14)', '(19, 11)', '(11, 7)', '(11, 16)', '(32, 14)', '(1, 8)', '(26, 16)', '(15, 16)', '(18, 12)', '(34, 14)', '(22, 12)', '(14, 8)', '(5, 5)', '(28, 16)', '(30, 13)', '(17, 16)', '(32, 16)', '(1, 10)', '(24, 12)', '(25, 11)', '(13, 12)', '(16, 8)', '(6, 6)', '(31, 8)', '(34, 16)', '(12, 13)', '(14, 10)', '(3, 10)', '(17, 9)', '(5, 16)', '(1, 3)', '(1, 12)', '(26, 11)', '(13, 14)', '(16, 10)', '(18, 16)', '(7, 16)', '(20, 10)', '(31, 10)', '(22, 16)', '(14, 12)', '(4, 11)', '(9, 16)', '(33, 10)', '(1, 5)', '(24, 16)', '(13, 16)', '(25, 15)', '(1, 14)', '(16, 12)', '(31, 12)', '(20, 12)', '(34, 11)', '(22, 9)', '(12, 8)', '(3, 5)', '(14, 14)', '(33, 12)', '(1, 7)', '(10, 10)', '(24, 9)', '(1, 16)', '(16, 14)', '(31, 14)', '(12, 10)', '(3, 7)', '(14, 16)', '(3, 16)', '(8, 6)', '(33, 14)', '(1, 9)', '(24, 11)', '(10, 12)', '(16, 16)', '(29, 10)', '(31, 16)', '(20, 16)', '(23, 12)', '(12, 12)', '(4, 8)', '(27, 12)', '(30, 8)', '(33, 16)', '(1, 11)', '(20, 9)', '(12, 14)', '(14, 11)', '(4, 10)', '(27, 14)', '(17, 13)', '(30, 10)', '(1, 4)', '(11, 6)', '(10, 16)', '(1, 13)', '(25, 14)', '(20, 11)', '(23, 16)', '(12, 16)', '(27, 16)', '(30, 12)', '(19, 12)', '(11, 8)', '(2, 5)', '(25, 16)', '(15, 8)', '(6, 5)', '(29, 16)', '(21, 12)', '(23, 9)', '(4, 5)', '(34, 15)', '(17, 8)', '(30, 14)', '(10, 11)', '(11, 10)', '(2, 7)', '(32, 8)', '(2, 16)', '(15, 10)', '(7, 6)', '(6, 16)', '(12, 11)', '(4, 7)', '(4, 16)', '(27, 11)', '(17, 10)', '(9, 6)', '(30, 16)', '(19, 16)', '(8, 16)', '(10, 13)', '(32, 10)', '(15, 12)']",31,31,62
149,"(10, 14)","(10, 13)",North,"[('(10, 13)', 'South', 1), ('(9, 14)', 'West', 1)]","['(10, 14)', '(2, 3)', '(33, 8)', '(4, 12)', '(25, 9)']","['(33, 8)', '(2, 3)', '(25, 9)', '(4, 12)', '(9, 14)']","['(21, 16)', '(4, 9)', '(34, 10)', '(27, 13)', '(17, 12)', '(30, 9)', '(10, 6)', '(32, 12)', '(13, 8)', '(1, 15)', '(26, 14)', '(15, 14)', '(21, 9)', '(34, 12)', '(17, 14)', '(19, 11)', '(11, 7)', '(11, 16)', '(32, 14)', '(1, 8)', '(26, 16)', '(15, 16)', '(18, 12)', '(34, 14)', '(22, 12)', '(14, 8)', '(5, 5)', '(28, 16)', '(30, 13)', '(17, 16)', '(32, 16)', '(1, 10)', '(24, 12)', '(25, 11)', '(13, 12)', '(16, 8)', '(6, 6)', '(31, 8)', '(34, 16)', '(12, 13)', '(14, 10)', '(3, 10)', '(17, 9)', '(5, 16)', '(1, 3)', '(1, 12)', '(26, 11)', '(13, 14)', '(16, 10)', '(18, 16)', '(7, 16)', '(20, 10)', '(31, 10)', '(22, 16)', '(14, 12)', '(4, 11)', '(9, 16)', '(33, 10)', '(1, 5)', '(24, 16)', '(13, 16)', '(25, 15)', '(1, 14)', '(16, 12)', '(31, 12)', '(20, 12)', '(34, 11)', '(22, 9)', '(12, 8)', '(3, 5)', '(14, 14)', '(33, 12)', '(1, 7)', '(10, 10)', '(24, 9)', '(1, 16)', '(16, 14)', '(31, 14)', '(12, 10)', '(3, 7)', '(14, 16)', '(3, 16)', '(8, 6)', '(33, 14)', '(1, 9)', '(24, 11)', '(10, 12)', '(16, 16)', '(29, 10)', '(31, 16)', '(20, 16)', '(23, 12)', '(12, 12)', '(4, 8)', '(27, 12)', '(30, 8)', '(33, 16)', '(1, 11)', '(10, 14)', '(20, 9)', '(12, 14)', '(14, 11)', '(4, 10)', '(27, 14)', '(17, 13)', '(30, 10)', '(1, 4)', '(11, 6)', '(10, 16)', '(1, 13)', '(25, 14)', '(20, 11)', '(23, 16)', '(12, 16)', '(27, 16)', '(30, 12)', '(19, 12)', '(11, 8)', '(2, 5)', '(25, 16)', '(15, 8)', '(6, 5)', '(29, 16)', '(21, 12)', '(23, 9)', '(4, 5)', '(34, 15)', '(17, 8)', '(30, 14)', '(10, 11)', '(11, 10)', '(2, 7)', '(32, 8)', '(2, 16)', '(15, 10)', '(7, 6)', '(6, 16)', '(12, 11)', '(4, 7)', '(4, 16)', '(27, 11)', '(17, 10)', '(9, 6)', '(30, 16)', '(19, 16)', '(8, 16)', '(10, 13)', '(32, 10)', '(15, 12)']",40,22,62
150,"(33, 8)","(32, 8)",East,"[('(34, 8)', 'East', 1), ('(32, 8)', 'West', 1)]","['(33, 8)', '(2, 3)', '(25, 9)', '(4, 12)', '(9, 14)']","['(2, 3)', '(9, 14)', '(25, 9)', '(4, 12)', '(34, 8)']","['(21, 16)', '(4, 9)', '(34, 10)', '(27, 13)', '(17, 12)', '(30, 9)', '(10, 6)', '(32, 12)', '(13, 8)', '(1, 15)', '(26, 14)', '(15, 14)', '(21, 9)', '(34, 12)', '(17, 14)', '(19, 11)', '(11, 7)', '(11, 16)', '(32, 14)', '(1, 8)', '(26, 16)', '(15, 16)', '(18, 12)', '(34, 14)', '(22, 12)', '(14, 8)', '(5, 5)', '(28, 16)', '(30, 13)', '(17, 16)', '(32, 16)', '(1, 10)', '(24, 12)', '(25, 11)', '(13, 12)', '(16, 8)', '(6, 6)', '(31, 8)', '(34, 16)', '(12, 13)', '(14, 10)', '(3, 10)', '(17, 9)', '(5, 16)', '(33, 8)', '(1, 3)', '(1, 12)', '(26, 11)', '(13, 14)', '(16, 10)', '(18, 16)', '(7, 16)', '(20, 10)', '(31, 10)', '(22, 16)', '(14, 12)', '(4, 11)', '(9, 16)', '(33, 10)', '(1, 5)', '(24, 16)', '(13, 16)', '(25, 15)', '(1, 14)', '(16, 12)', '(31, 12)', '(20, 12)', '(34, 11)', '(22, 9)', '(12, 8)', '(3, 5)', '(14, 14)', '(33, 12)', '(1, 7)', '(10, 10)', '(24, 9)', '(1, 16)', '(16, 14)', '(31, 14)', '(12, 10)', '(3, 7)', '(14, 16)', '(3, 16)', '(8, 6)', '(33, 14)', '(1, 9)', '(24, 11)', '(10, 12)', '(16, 16)', '(29, 10)', '(31, 16)', '(20, 16)', '(23, 12)', '(12, 12)', '(4, 8)', '(27, 12)', '(30, 8)', '(33, 16)', '(1, 11)', '(10, 14)', '(20, 9)', '(12, 14)', '(14, 11)', '(4, 10)', '(27, 14)', '(17, 13)', '(30, 10)', '(1, 4)', '(11, 6)', '(10, 16)', '(1, 13)', '(25, 14)', '(20, 11)', '(23, 16)', '(12, 16)', '(27, 16)', '(30, 12)', '(19, 12)', '(11, 8)', '(2, 5)', '(25, 16)', '(15, 8)', '(6, 5)', '(29, 16)', '(21, 12)', '(23, 9)', '(4, 5)', '(34, 15)', '(17, 8)', '(30, 14)', '(10, 11)', '(11, 10)', '(2, 7)', '(32, 8)', '(2, 16)', '(15, 10)', '(7, 6)', '(6, 16)', '(12, 11)', '(4, 7)', '(4, 16)', '(27, 11)', '(17, 10)', '(9, 6)', '(30, 16)', '(19, 16)', '(8, 16)', '(10, 13)', '(32, 10)', '(15, 12)']",23,39,62
151,"(2, 3)","(1, 3)",East,"[('(3, 3)', 'East', 1), ('(1, 3)', 'West', 1)]","['(2, 3)', '(9, 14)', '(25, 9)', '(4, 12)', '(34, 8)']","['(9, 14)', '(4, 12)', '(25, 9)', '(34, 8)', '(3, 3)']","['(21, 16)', '(4, 9)', '(34, 10)', '(27, 13)', '(17, 12)', '(30, 9)', '(10, 6)', '(32, 12)', '(13, 8)', '(1, 15)', '(26, 14)', '(15, 14)', '(21, 9)', '(34, 12)', '(17, 14)', '(19, 11)', '(11, 7)', '(11, 16)', '(32, 14)', '(1, 8)', '(26, 16)', '(15, 16)', '(18, 12)', '(34, 14)', '(22, 12)', '(14, 8)', '(5, 5)', '(28, 16)', '(30, 13)', '(17, 16)', '(32, 16)', '(1, 10)', '(24, 12)', '(25, 11)', '(13, 12)', '(16, 8)', '(6, 6)', '(31, 8)', '(34, 16)', '(12, 13)', '(14, 10)', '(3, 10)', '(17, 9)', '(5, 16)', '(33, 8)', '(1, 3)', '(1, 12)', '(26, 11)', '(13, 14)', '(16, 10)', '(18, 16)', '(7, 16)', '(20, 10)', '(31, 10)', '(22, 16)', '(14, 12)', '(4, 11)', '(9, 16)', '(33, 10)', '(1, 5)', '(24, 16)', '(13, 16)', '(25, 15)', '(1, 14)', '(16, 12)', '(31, 12)', '(20, 12)', '(34, 11)', '(22, 9)', '(12, 8)', '(3, 5)', '(14, 14)', '(33, 12)', '(1, 7)', '(10, 10)', '(24, 9)', '(1, 16)', '(16, 14)', '(31, 14)', '(12, 10)', '(3, 7)', '(14, 16)', '(3, 16)', '(8, 6)', '(33, 14)', '(1, 9)', '(24, 11)', '(10, 12)', '(16, 16)', '(29, 10)', '(31, 16)', '(20, 16)', '(23, 12)', '(12, 12)', '(4, 8)', '(27, 12)', '(30, 8)', '(33, 16)', '(1, 11)', '(10, 14)', '(20, 9)', '(12, 14)', '(14, 11)', '(4, 10)', '(27, 14)', '(17, 13)', '(30, 10)', '(1, 4)', '(11, 6)', '(2, 3)', '(10, 16)', '(1, 13)', '(25, 14)', '(20, 11)', '(23, 16)', '(12, 16)', '(27, 16)', '(30, 12)', '(19, 12)', '(11, 8)', '(2, 5)', '(25, 16)', '(15, 8)', '(6, 5)', '(29, 16)', '(21, 12)', '(23, 9)', '(4, 5)', '(34, 15)', '(17, 8)', '(30, 14)', '(10, 11)', '(11, 10)', '(2, 7)', '(32, 8)', '(2, 16)', '(15, 10)', '(7, 6)', '(6, 16)', '(12, 11)', '(4, 7)', '(4, 16)', '(27, 11)', '(17, 10)', '(9, 6)', '(30, 16)', '(19, 16)', '(8, 16)', '(10, 13)', '(32, 10)', '(15, 12)']",59,3,62
152,"(9, 14)","(10, 14)",West,"[('(10, 14)', 'East', 1), ('(8, 14)', 'West', 1)]","['(9, 14)', '(4, 12)', '(25, 9)', '(34, 8)', '(3, 3)']","['(8, 14)', '(4, 12)', '(25, 9)', '(3, 3)', '(34, 8)']","['(21, 16)', '(4, 9)', '(34, 10)', '(27, 13)', '(17, 12)', '(30, 9)', '(10, 6)', '(32, 12)', '(13, 8)', '(1, 15)', '(26, 14)', '(15, 14)', '(21, 9)', '(34, 12)', '(17, 14)', '(19, 11)', '(11, 7)', '(11, 16)', '(32, 14)', '(1, 8)', '(26, 16)', '(15, 16)', '(18, 12)', '(34, 14)', '(22, 12)', '(14, 8)', '(5, 5)', '(28, 16)', '(30, 13)', '(17, 16)', '(32, 16)', '(1, 10)', '(24, 12)', '(25, 11)', '(13, 12)', '(16, 8)', '(6, 6)', '(31, 8)', '(34, 16)', '(12, 13)', '(14, 10)', '(3, 10)', '(17, 9)', '(5, 16)', '(9, 14)', '(33, 8)', '(1, 3)', '(1, 12)', '(26, 11)', '(13, 14)', '(16, 10)', '(18, 16)', '(7, 16)', '(20, 10)', '(31, 10)', '(22, 16)', '(14, 12)', '(4, 11)', '(9, 16)', '(33, 10)', '(1, 5)', '(24, 16)', '(13, 16)', '(25, 15)', '(1, 14)', '(16, 12)', '(31, 12)', '(20, 12)', '(34, 11)', '(22, 9)', '(12, 8)', '(3, 5)', '(14, 14)', '(33, 12)', '(1, 7)', '(10, 10)', '(24, 9)', '(1, 16)', '(16, 14)', '(31, 14)', '(12, 10)', '(3, 7)', '(14, 16)', '(3, 16)', '(8, 6)', '(33, 14)', '(1, 9)', '(24, 11)', '(10, 12)', '(16, 16)', '(29, 10)', '(31, 16)', '(20, 16)', '(23, 12)', '(12, 12)', '(4, 8)', '(27, 12)', '(30, 8)', '(33, 16)', '(1, 11)', '(10, 14)', '(20, 9)', '(12, 14)', '(14, 11)', '(4, 10)', '(27, 14)', '(17, 13)', '(30, 10)', '(1, 4)', '(11, 6)', '(2, 3)', '(10, 16)', '(1, 13)', '(25, 14)', '(20, 11)', '(23, 16)', '(12, 16)', '(27, 16)', '(30, 12)', '(19, 12)', '(11, 8)', '(2, 5)', '(25, 16)', '(15, 8)', '(6, 5)', '(29, 16)', '(21, 12)', '(23, 9)', '(4, 5)', '(34, 15)', '(17, 8)', '(30, 14)', '(10, 11)', '(11, 10)', '(2, 7)', '(32, 8)', '(2, 16)', '(15, 10)', '(7, 6)', '(6, 16)', '(12, 11)', '(4, 7)', '(4, 16)', '(27, 11)', '(17, 10)', '(9, 6)', '(30, 16)', '(19, 16)', '(8, 16)', '(10, 13)', '(32, 10)', '(15, 12)']",41,21,62
153,"(8, 14)","(9, 14)",West,"[('(8, 13)', 'South', 1), ('(9, 14)', 'East', 1)]","['(8, 14)', '(4, 12)', '(25, 9)', '(3, 3)', '(34, 8)']","['(8, 13)', '(4, 12)', '(25, 9)', '(3, 3)', '(34, 8)']","['(21, 16)', '(4, 9)', '(34, 10)', '(27, 13)', '(17, 12)', '(30, 9)', '(10, 6)', '(32, 12)', '(13, 8)', '(1, 15)', '(26, 14)', '(15, 14)', '(21, 9)', '(34, 12)', '(17, 14)', '(19, 11)', '(11, 7)', '(11, 16)', '(32, 14)', '(1, 8)', '(26, 16)', '(15, 16)', '(18, 12)', '(34, 14)', '(22, 12)', '(14, 8)', '(5, 5)', '(28, 16)', '(30, 13)', '(17, 16)', '(32, 16)', '(1, 10)', '(24, 12)', '(25, 11)', '(13, 12)', '(16, 8)', '(6, 6)', '(31, 8)', '(34, 16)', '(12, 13)', '(14, 10)', '(3, 10)', '(17, 9)', '(5, 16)', '(9, 14)', '(33, 8)', '(1, 3)', '(1, 12)', '(26, 11)', '(13, 14)', '(16, 10)', '(18, 16)', '(7, 16)', '(20, 10)', '(31, 10)', '(22, 16)', '(14, 12)', '(4, 11)', '(9, 16)', '(33, 10)', '(1, 5)', '(24, 16)', '(13, 16)', '(25, 15)', '(1, 14)', '(16, 12)', '(31, 12)', '(20, 12)', '(34, 11)', '(22, 9)', '(12, 8)', '(3, 5)', '(14, 14)', '(33, 12)', '(1, 7)', '(10, 10)', '(24, 9)', '(1, 16)', '(16, 14)', '(31, 14)', '(12, 10)', '(3, 7)', '(14, 16)', '(3, 16)', '(8, 6)', '(33, 14)', '(1, 9)', '(24, 11)', '(10, 12)', '(16, 16)', '(29, 10)', '(31, 16)', '(20, 16)', '(23, 12)', '(12, 12)', '(4, 8)', '(27, 12)', '(30, 8)', '(33, 16)', '(1, 11)', '(10, 14)', '(20, 9)', '(12, 14)', '(14, 11)', '(4, 10)', '(27, 14)', '(17, 13)', '(30, 10)', '(1, 4)', '(11, 6)', '(2, 3)', '(10, 16)', '(1, 13)', '(25, 14)', '(20, 11)', '(23, 16)', '(12, 16)', '(27, 16)', '(30, 12)', '(19, 12)', '(11, 8)', '(2, 5)', '(25, 16)', '(15, 8)', '(6, 5)', '(29, 16)', '(21, 12)', '(23, 9)', '(4, 5)', '(34, 15)', '(17, 8)', '(30, 14)', '(10, 11)', '(8, 14)', '(11, 10)', '(2, 7)', '(32, 8)', '(2, 16)', '(15, 10)', '(7, 6)', '(6, 16)', '(12, 11)', '(4, 7)', '(4, 16)', '(27, 11)', '(17, 10)', '(9, 6)', '(30, 16)', '(19, 16)', '(8, 16)', '(10, 13)', '(32, 10)', '(15, 12)']",42,20,62
154,"(8, 13)","(8, 14)",South,"[('(8, 14)', 'North', 1), ('(8, 12)', 'South', 1)]","['(8, 13)', '(4, 12)', '(25, 9)', '(3, 3)', '(34, 8)']","['(8, 12)', '(4, 12)', '(25, 9)', '(3, 3)', '(34, 8)']","['(21, 16)', '(4, 9)', '(34, 10)', '(27, 13)', '(17, 12)', '(30, 9)', '(10, 6)', '(32, 12)', '(13, 8)', '(1, 15)', '(26, 14)', '(15, 14)', '(21, 9)', '(34, 12)', '(17, 14)', '(19, 11)', '(11, 7)', '(11, 16)', '(32, 14)', '(1, 8)', '(26, 16)', '(15, 16)', '(18, 12)', '(34, 14)', '(22, 12)', '(14, 8)', '(5, 5)', '(28, 16)', '(30, 13)', '(17, 16)', '(32, 16)', '(1, 10)', '(24, 12)', '(25, 11)', '(13, 12)', '(16, 8)', '(6, 6)', '(31, 8)', '(34, 16)', '(12, 13)', '(14, 10)', '(3, 10)', '(17, 9)', '(5, 16)', '(9, 14)', '(33, 8)', '(1, 3)', '(1, 12)', '(26, 11)', '(13, 14)', '(16, 10)', '(18, 16)', '(7, 16)', '(20, 10)', '(31, 10)', '(22, 16)', '(14, 12)', '(4, 11)', '(9, 16)', '(33, 10)', '(1, 5)', '(24, 16)', '(13, 16)', '(25, 15)', '(1, 14)', '(16, 12)', '(31, 12)', '(20, 12)', '(34, 11)', '(22, 9)', '(12, 8)', '(3, 5)', '(14, 14)', '(8, 13)', '(33, 12)', '(1, 7)', '(10, 10)', '(24, 9)', '(1, 16)', '(16, 14)', '(31, 14)', '(12, 10)', '(3, 7)', '(14, 16)', '(3, 16)', '(8, 6)', '(33, 14)', '(1, 9)', '(24, 11)', '(10, 12)', '(16, 16)', '(29, 10)', '(31, 16)', '(20, 16)', '(23, 12)', '(12, 12)', '(4, 8)', '(27, 12)', '(30, 8)', '(33, 16)', '(1, 11)', '(10, 14)', '(20, 9)', '(12, 14)', '(14, 11)', '(4, 10)', '(27, 14)', '(17, 13)', '(30, 10)', '(1, 4)', '(11, 6)', '(2, 3)', '(10, 16)', '(1, 13)', '(25, 14)', '(20, 11)', '(23, 16)', '(12, 16)', '(27, 16)', '(30, 12)', '(19, 12)', '(11, 8)', '(2, 5)', '(25, 16)', '(15, 8)', '(6, 5)', '(29, 16)', '(21, 12)', '(23, 9)', '(4, 5)', '(34, 15)', '(17, 8)', '(30, 14)', '(10, 11)', '(8, 14)', '(11, 10)', '(2, 7)', '(32, 8)', '(2, 16)', '(15, 10)', '(7, 6)', '(6, 16)', '(12, 11)', '(4, 7)', '(4, 16)', '(27, 11)', '(17, 10)', '(9, 6)', '(30, 16)', '(19, 16)', '(8, 16)', '(10, 13)', '(32, 10)', '(15, 12)']",43,19,62
155,"(8, 12)","(8, 13)",South,"[('(8, 13)', 'North', 1), ('(8, 11)', 'South', 1)]","['(8, 12)', '(4, 12)', '(25, 9)', '(3, 3)', '(34, 8)']","['(8, 11)', '(4, 12)', '(25, 9)', '(3, 3)', '(34, 8)']","['(21, 16)', '(4, 9)', '(34, 10)', '(27, 13)', '(17, 12)', '(30, 9)', '(10, 6)', '(32, 12)', '(13, 8)', '(1, 15)', '(26, 14)', '(15, 14)', '(21, 9)', '(34, 12)', '(17, 14)', '(19, 11)', '(11, 7)', '(11, 16)', '(32, 14)', '(1, 8)', '(26, 16)', '(15, 16)', '(18, 12)', '(34, 14)', '(22, 12)', '(14, 8)', '(5, 5)', '(28, 16)', '(30, 13)', '(17, 16)', '(32, 16)', '(1, 10)', '(24, 12)', '(25, 11)', '(13, 12)', '(16, 8)', '(6, 6)', '(31, 8)', '(34, 16)', '(12, 13)', '(14, 10)', '(3, 10)', '(17, 9)', '(5, 16)', '(9, 14)', '(33, 8)', '(1, 3)', '(1, 12)', '(26, 11)', '(13, 14)', '(16, 10)', '(18, 16)', '(7, 16)', '(20, 10)', '(31, 10)', '(22, 16)', '(14, 12)', '(4, 11)', '(9, 16)', '(33, 10)', '(1, 5)', '(24, 16)', '(13, 16)', '(25, 15)', '(1, 14)', '(16, 12)', '(31, 12)', '(20, 12)', '(34, 11)', '(22, 9)', '(12, 8)', '(3, 5)', '(14, 14)', '(8, 13)', '(33, 12)', '(1, 7)', '(10, 10)', '(24, 9)', '(1, 16)', '(16, 14)', '(31, 14)', '(12, 10)', '(3, 7)', '(14, 16)', '(3, 16)', '(8, 6)', '(33, 14)', '(1, 9)', '(24, 11)', '(10, 12)', '(16, 16)', '(29, 10)', '(31, 16)', '(20, 16)', '(23, 12)', '(12, 12)', '(4, 8)', '(27, 12)', '(30, 8)', '(33, 16)', '(1, 11)', '(10, 14)', '(20, 9)', '(12, 14)', '(14, 11)', '(4, 10)', '(27, 14)', '(17, 13)', '(30, 10)', '(1, 4)', '(11, 6)', '(2, 3)', '(10, 16)', '(1, 13)', '(25, 14)', '(20, 11)', '(23, 16)', '(12, 16)', '(27, 16)', '(30, 12)', '(19, 12)', '(8, 12)', '(11, 8)', '(2, 5)', '(25, 16)', '(15, 8)', '(6, 5)', '(29, 16)', '(21, 12)', '(23, 9)', '(4, 5)', '(34, 15)', '(17, 8)', '(30, 14)', '(10, 11)', '(8, 14)', '(11, 10)', '(2, 7)', '(32, 8)', '(2, 16)', '(15, 10)', '(7, 6)', '(6, 16)', '(12, 11)', '(4, 7)', '(4, 16)', '(27, 11)', '(17, 10)', '(9, 6)', '(30, 16)', '(19, 16)', '(8, 16)', '(10, 13)', '(32, 10)', '(15, 12)']",44,18,62
156,"(8, 11)","(8, 12)",South,"[('(8, 12)', 'North', 1), ('(8, 10)', 'South', 1)]","['(8, 11)', '(4, 12)', '(25, 9)', '(3, 3)', '(34, 8)']","['(8, 10)', '(4, 12)', '(25, 9)', '(3, 3)', '(34, 8)']","['(21, 16)', '(4, 9)', '(34, 10)', '(27, 13)', '(17, 12)', '(30, 9)', '(10, 6)', '(32, 12)', '(13, 8)', '(1, 15)', '(26, 14)', '(15, 14)', '(21, 9)', '(34, 12)', '(17, 14)', '(19, 11)', '(8, 11)', '(11, 7)', '(11, 16)', '(32, 14)', '(1, 8)', '(26, 16)', '(15, 16)', '(18, 12)', '(34, 14)', '(22, 12)', '(14, 8)', '(5, 5)', '(28, 16)', '(30, 13)', '(17, 16)', '(32, 16)', '(1, 10)', '(24, 12)', '(25, 11)', '(13, 12)', '(16, 8)', '(6, 6)', '(31, 8)', '(34, 16)', '(12, 13)', '(14, 10)', '(3, 10)', '(17, 9)', '(5, 16)', '(9, 14)', '(33, 8)', '(1, 3)', '(1, 12)', '(26, 11)', '(13, 14)', '(16, 10)', '(18, 16)', '(7, 16)', '(20, 10)', '(31, 10)', '(22, 16)', '(14, 12)', '(4, 11)', '(9, 16)', '(33, 10)', '(1, 5)', '(24, 16)', '(13, 16)', '(25, 15)', '(1, 14)', '(16, 12)', '(31, 12)', '(20, 12)', '(34, 11)', '(22, 9)', '(12, 8)', '(3, 5)', '(14, 14)', '(8, 13)', '(33, 12)', '(1, 7)', '(10, 10)', '(24, 9)', '(1, 16)', '(16, 14)', '(31, 14)', '(12, 10)', '(3, 7)', '(14, 16)', '(3, 16)', '(8, 6)', '(33, 14)', '(1, 9)', '(24, 11)', '(10, 12)', '(16, 16)', '(29, 10)', '(31, 16)', '(20, 16)', '(23, 12)', '(12, 12)', '(4, 8)', '(27, 12)', '(30, 8)', '(33, 16)', '(1, 11)', '(10, 14)', '(20, 9)', '(12, 14)', '(14, 11)', '(4, 10)', '(27, 14)', '(17, 13)', '(30, 10)', '(1, 4)', '(11, 6)', '(2, 3)', '(10, 16)', '(1, 13)', '(25, 14)', '(20, 11)', '(23, 16)', '(12, 16)', '(27, 16)', '(30, 12)', '(19, 12)', '(8, 12)', '(11, 8)', '(2, 5)', '(25, 16)', '(15, 8)', '(6, 5)', '(29, 16)', '(21, 12)', '(23, 9)', '(4, 5)', '(34, 15)', '(17, 8)', '(30, 14)', '(10, 11)', '(8, 14)', '(11, 10)', '(2, 7)', '(32, 8)', '(2, 16)', '(15, 10)', '(7, 6)', '(6, 16)', '(12, 11)', '(4, 7)', '(4, 16)', '(27, 11)', '(17, 10)', '(9, 6)', '(30, 16)', '(19, 16)', '(8, 16)', '(10, 13)', '(32, 10)', '(15, 12)']",45,17,62
157,"(8, 10)","(8, 11)",South,"[('(8, 11)', 'North', 1), ('(8, 9)', 'South', 1)]","['(8, 10)', '(4, 12)', '(25, 9)', '(3, 3)', '(34, 8)']","['(8, 9)', '(4, 12)', '(25, 9)', '(3, 3)', '(34, 8)']","['(21, 16)', '(4, 9)', '(34, 10)', '(27, 13)', '(17, 12)', '(30, 9)', '(10, 6)', '(32, 12)', '(13, 8)', '(1, 15)', '(26, 14)', '(15, 14)', '(21, 9)', '(34, 12)', '(17, 14)', '(19, 11)', '(8, 11)', '(11, 7)', '(11, 16)', '(32, 14)', '(1, 8)', '(26, 16)', '(15, 16)', '(18, 12)', '(34, 14)', '(22, 12)', '(14, 8)', '(5, 5)', '(28, 16)', '(30, 13)', '(17, 16)', '(32, 16)', '(1, 10)', '(24, 12)', '(25, 11)', '(13, 12)', '(16, 8)', '(6, 6)', '(31, 8)', '(34, 16)', '(12, 13)', '(14, 10)', '(3, 10)', '(17, 9)', '(5, 16)', '(9, 14)', '(33, 8)', '(1, 3)', '(1, 12)', '(26, 11)', '(13, 14)', '(16, 10)', '(18, 16)', '(7, 16)', '(20, 10)', '(31, 10)', '(22, 16)', '(14, 12)', '(4, 11)', '(9, 16)', '(33, 10)', '(1, 5)', '(24, 16)', '(13, 16)', '(25, 15)', '(1, 14)', '(16, 12)', '(31, 12)', '(20, 12)', '(34, 11)', '(22, 9)', '(12, 8)', '(3, 5)', '(14, 14)', '(8, 13)', '(33, 12)', '(1, 7)', '(10, 10)', '(24, 9)', '(1, 16)', '(16, 14)', '(31, 14)', '(12, 10)', '(3, 7)', '(14, 16)', '(3, 16)', '(8, 6)', '(33, 14)', '(1, 9)', '(24, 11)', '(10, 12)', '(16, 16)', '(29, 10)', '(31, 16)', '(20, 16)', '(23, 12)', '(12, 12)', '(4, 8)', '(27, 12)', '(30, 8)', '(33, 16)', '(1, 11)', '(10, 14)', '(20, 9)', '(12, 14)', '(14, 11)', '(4, 10)', '(27, 14)', '(17, 13)', '(30, 10)', '(8, 10)', '(1, 4)', '(11, 6)', '(2, 3)', '(10, 16)', '(1, 13)', '(25, 14)', '(20, 11)', '(23, 16)', '(12, 16)', '(27, 16)', '(30, 12)', '(19, 12)', '(8, 12)', '(11, 8)', '(2, 5)', '(25, 16)', '(15, 8)', '(6, 5)', '(29, 16)', '(21, 12)', '(23, 9)', '(4, 5)', '(34, 15)', '(17, 8)', '(30, 14)', '(10, 11)', '(8, 14)', '(11, 10)', '(2, 7)', '(32, 8)', '(2, 16)', '(15, 10)', '(7, 6)', '(6, 16)', '(12, 11)', '(4, 7)', '(4, 16)', '(27, 11)', '(17, 10)', '(9, 6)', '(30, 16)', '(19, 16)', '(8, 16)', '(10, 13)', '(32, 10)', '(15, 12)']",46,16,62
158,"(8, 9)","(8, 10)",South,"[('(8, 10)', 'North', 1), ('(8, 8)', 'South', 1)]","['(8, 9)', '(4, 12)', '(25, 9)', '(3, 3)', '(34, 8)']","['(8, 8)', '(4, 12)', '(25, 9)', '(3, 3)', '(34, 8)']","['(21, 16)', '(4, 9)', '(34, 10)', '(27, 13)', '(17, 12)', '(30, 9)', '(10, 6)', '(8, 9)', '(32, 12)', '(13, 8)', '(1, 15)', '(26, 14)', '(15, 14)', '(21, 9)', '(34, 12)', '(17, 14)', '(19, 11)', '(8, 11)', '(11, 7)', '(11, 16)', '(32, 14)', '(1, 8)', '(26, 16)', '(15, 16)', '(18, 12)', '(34, 14)', '(22, 12)', '(14, 8)', '(5, 5)', '(28, 16)', '(30, 13)', '(17, 16)', '(32, 16)', '(1, 10)', '(24, 12)', '(25, 11)', '(13, 12)', '(16, 8)', '(6, 6)', '(31, 8)', '(34, 16)', '(12, 13)', '(14, 10)', '(3, 10)', '(17, 9)', '(5, 16)', '(9, 14)', '(33, 8)', '(1, 3)', '(1, 12)', '(26, 11)', '(13, 14)', '(16, 10)', '(18, 16)', '(7, 16)', '(20, 10)', '(31, 10)', '(22, 16)', '(14, 12)', '(4, 11)', '(9, 16)', '(33, 10)', '(1, 5)', '(24, 16)', '(13, 16)', '(25, 15)', '(1, 14)', '(16, 12)', '(31, 12)', '(20, 12)', '(34, 11)', '(22, 9)', '(12, 8)', '(3, 5)', '(14, 14)', '(8, 13)', '(33, 12)', '(1, 7)', '(10, 10)', '(24, 9)', '(1, 16)', '(16, 14)', '(31, 14)', '(12, 10)', '(3, 7)', '(14, 16)', '(3, 16)', '(8, 6)', '(33, 14)', '(1, 9)', '(24, 11)', '(10, 12)', '(16, 16)', '(29, 10)', '(31, 16)', '(20, 16)', '(23, 12)', '(12, 12)', '(4, 8)', '(27, 12)', '(30, 8)', '(33, 16)', '(1, 11)', '(10, 14)', '(20, 9)', '(12, 14)', '(14, 11)', '(4, 10)', '(27, 14)', '(17, 13)', '(30, 10)', '(8, 10)', '(1, 4)', '(11, 6)', '(2, 3)', '(10, 16)', '(1, 13)', '(25, 14)', '(20, 11)', '(23, 16)', '(12, 16)', '(27, 16)', '(30, 12)', '(19, 12)', '(8, 12)', '(11, 8)', '(2, 5)', '(25, 16)', '(15, 8)', '(6, 5)', '(29, 16)', '(21, 12)', '(23, 9)', '(4, 5)', '(34, 15)', '(17, 8)', '(30, 14)', '(10, 11)', '(8, 14)', '(11, 10)', '(2, 7)', '(32, 8)', '(2, 16)', '(15, 10)', '(7, 6)', '(6, 16)', '(12, 11)', '(4, 7)', '(4, 16)', '(27, 11)', '(17, 10)', '(9, 6)', '(30, 16)', '(19, 16)', '(8, 16)', '(10, 13)', '(32, 10)', '(15, 12)']",47,15,62
159,"(8, 8)","(8, 9)",South,"[('(8, 9)', 'North', 1), ('(7, 8)', 'West', 1)]","['(8, 8)', '(4, 12)', '(25, 9)', '(3, 3)', '(34, 8)']","['(7, 8)', '(4, 12)', '(25, 9)', '(3, 3)', '(34, 8)']","['(21, 16)', '(4, 9)', '(34, 10)', '(27, 13)', '(17, 12)', '(30, 9)', '(10, 6)', '(8, 9)', '(32, 12)', '(13, 8)', '(1, 15)', '(26, 14)', '(15, 14)', '(21, 9)', '(34, 12)', '(17, 14)', '(19, 11)', '(8, 11)', '(11, 7)', '(11, 16)', '(32, 14)', '(1, 8)', '(26, 16)', '(15, 16)', '(18, 12)', '(34, 14)', '(22, 12)', '(14, 8)', '(5, 5)', '(28, 16)', '(30, 13)', '(17, 16)', '(32, 16)', '(1, 10)', '(24, 12)', '(25, 11)', '(13, 12)', '(16, 8)', '(6, 6)', '(31, 8)', '(34, 16)', '(12, 13)', '(14, 10)', '(3, 10)', '(17, 9)', '(5, 16)', '(9, 14)', '(33, 8)', '(1, 3)', '(1, 12)', '(26, 11)', '(13, 14)', '(16, 10)', '(18, 16)', '(7, 16)', '(20, 10)', '(31, 10)', '(22, 16)', '(14, 12)', '(4, 11)', '(9, 16)', '(33, 10)', '(1, 5)', '(24, 16)', '(13, 16)', '(25, 15)', '(1, 14)', '(16, 12)', '(31, 12)', '(20, 12)', '(34, 11)', '(22, 9)', '(12, 8)', '(3, 5)', '(14, 14)', '(8, 13)', '(33, 12)', '(1, 7)', '(10, 10)', '(24, 9)', '(1, 16)', '(16, 14)', '(31, 14)', '(12, 10)', '(3, 7)', '(14, 16)', '(3, 16)', '(8, 6)', '(33, 14)', '(1, 9)', '(24, 11)', '(10, 12)', '(16, 16)', '(29, 10)', '(31, 16)', '(20, 16)', '(23, 12)', '(12, 12)', '(4, 8)', '(27, 12)', '(30, 8)', '(8, 8)', '(33, 16)', '(1, 11)', '(10, 14)', '(20, 9)', '(12, 14)', '(14, 11)', '(4, 10)', '(27, 14)', '(17, 13)', '(30, 10)', '(8, 10)', '(1, 4)', '(11, 6)', '(2, 3)', '(10, 16)', '(1, 13)', '(25, 14)', '(20, 11)', '(23, 16)', '(12, 16)', '(27, 16)', '(30, 12)', '(19, 12)', '(8, 12)', '(11, 8)', '(2, 5)', '(25, 16)', '(15, 8)', '(6, 5)', '(29, 16)', '(21, 12)', '(23, 9)', '(4, 5)', '(34, 15)', '(17, 8)', '(30, 14)', '(10, 11)', '(8, 14)', '(11, 10)', '(2, 7)', '(32, 8)', '(2, 16)', '(15, 10)', '(7, 6)', '(6, 16)', '(12, 11)', '(4, 7)', '(4, 16)', '(27, 11)', '(17, 10)', '(9, 6)', '(30, 16)', '(19, 16)', '(8, 16)', '(10, 13)', '(32, 10)', '(15, 12)']",48,14,62
160,"(7, 8)","(8, 8)",West,"[('(8, 8)', 'East', 1), ('(6, 8)', 'West', 1)]","['(7, 8)', '(4, 12)', '(25, 9)', '(3, 3)', '(34, 8)']","['(6, 8)', '(4, 12)', '(25, 9)', '(3, 3)', '(34, 8)']","['(21, 16)', '(4, 9)', '(34, 10)', '(27, 13)', '(17, 12)', '(30, 9)', '(10, 6)', '(8, 9)', '(32, 12)', '(13, 8)', '(1, 15)', '(26, 14)', '(15, 14)', '(21, 9)', '(34, 12)', '(17, 14)', '(19, 11)', '(8, 11)', '(11, 7)', '(11, 16)', '(32, 14)', '(1, 8)', '(26, 16)', '(15, 16)', '(18, 12)', '(34, 14)', '(22, 12)', '(14, 8)', '(5, 5)', '(28, 16)', '(30, 13)', '(17, 16)', '(32, 16)', '(1, 10)', '(24, 12)', '(25, 11)', '(13, 12)', '(16, 8)', '(6, 6)', '(31, 8)', '(34, 16)', '(12, 13)', '(14, 10)', '(3, 10)', '(17, 9)', '(5, 16)', '(9, 14)', '(33, 8)', '(1, 3)', '(1, 12)', '(26, 11)', '(13, 14)', '(16, 10)', '(18, 16)', '(7, 16)', '(20, 10)', '(31, 10)', '(22, 16)', '(14, 12)', '(4, 11)', '(9, 16)', '(33, 10)', '(1, 5)', '(24, 16)', '(13, 16)', '(25, 15)', '(1, 14)', '(16, 12)', '(31, 12)', '(20, 12)', '(34, 11)', '(22, 9)', '(12, 8)', '(3, 5)', '(14, 14)', '(8, 13)', '(33, 12)', '(1, 7)', '(10, 10)', '(24, 9)', '(1, 16)', '(16, 14)', '(31, 14)', '(12, 10)', '(3, 7)', '(14, 16)', '(3, 16)', '(8, 6)', '(33, 14)', '(1, 9)', '(24, 11)', '(10, 12)', '(16, 16)', '(29, 10)', '(31, 16)', '(20, 16)', '(23, 12)', '(12, 12)', '(4, 8)', '(27, 12)', '(30, 8)', '(8, 8)', '(33, 16)', '(1, 11)', '(10, 14)', '(20, 9)', '(12, 14)', '(14, 11)', '(4, 10)', '(27, 14)', '(17, 13)', '(30, 10)', '(8, 10)', '(1, 4)', '(11, 6)', '(2, 3)', '(10, 16)', '(1, 13)', '(25, 14)', '(20, 11)', '(23, 16)', '(12, 16)', '(27, 16)', '(30, 12)', '(19, 12)', '(8, 12)', '(11, 8)', '(2, 5)', '(25, 16)', '(15, 8)', '(6, 5)', '(29, 16)', '(21, 12)', '(23, 9)', '(4, 5)', '(34, 15)', '(17, 8)', '(30, 14)', '(10, 11)', '(8, 14)', '(11, 10)', '(2, 7)', '(32, 8)', '(2, 16)', '(15, 10)', '(7, 6)', '(6, 16)', '(12, 11)', '(4, 7)', '(4, 16)', '(27, 11)', '(17, 10)', '(9, 6)', '(30, 16)', '(19, 16)', '(8, 16)', '(10, 13)', '(32, 10)', '(15, 12)', '(7, 8)']",49,13,62
161,"(6, 8)","(7, 8)",West,"[('(6, 9)', 'North', 1), ('(7, 8)', 'East', 1)]","['(6, 8)', '(4, 12)', '(25, 9)', '(3, 3)', '(34, 8)']","['(4, 12)', '(34, 8)', '(25, 9)', '(3, 3)', '(6, 9)']","['(21, 16)', '(4, 9)', '(34, 10)', '(27, 13)', '(17, 12)', '(30, 9)', '(10, 6)', '(8, 9)', '(32, 12)', '(13, 8)', '(1, 15)', '(26, 14)', '(15, 14)', '(21, 9)', '(34, 12)', '(17, 14)', '(19, 11)', '(8, 11)', '(11, 7)', '(11, 16)', '(32, 14)', '(1, 8)', '(26, 16)', '(15, 16)', '(18, 12)', '(34, 14)', '(22, 12)', '(14, 8)', '(5, 5)', '(28, 16)', '(30, 13)', '(17, 16)', '(32, 16)', '(1, 10)', '(24, 12)', '(25, 11)', '(13, 12)', '(16, 8)', '(6, 6)', '(31, 8)', '(34, 16)', '(12, 13)', '(14, 10)', '(3, 10)', '(17, 9)', '(5, 16)', '(9, 14)', '(33, 8)', '(1, 3)', '(1, 12)', '(26, 11)', '(13, 14)', '(16, 10)', '(18, 16)', '(7, 16)', '(20, 10)', '(31, 10)', '(22, 16)', '(14, 12)', '(4, 11)', '(9, 16)', '(33, 10)', '(1, 5)', '(24, 16)', '(13, 16)', '(25, 15)', '(1, 14)', '(16, 12)', '(31, 12)', '(20, 12)', '(34, 11)', '(22, 9)', '(12, 8)', '(3, 5)', '(14, 14)', '(8, 13)', '(33, 12)', '(1, 7)', '(10, 10)', '(24, 9)', '(1, 16)', '(16, 14)', '(31, 14)', '(12, 10)', '(3, 7)', '(14, 16)', '(3, 16)', '(8, 6)', '(33, 14)', '(1, 9)', '(24, 11)', '(10, 12)', '(16, 16)', '(29, 10)', '(6, 8)', '(31, 16)', '(20, 16)', '(23, 12)', '(12, 12)', '(4, 8)', '(27, 12)', '(30, 8)', '(8, 8)', '(33, 16)', '(1, 11)', '(10, 14)', '(20, 9)', '(12, 14)', '(14, 11)', '(4, 10)', '(27, 14)', '(17, 13)', '(30, 10)', '(8, 10)', '(1, 4)', '(11, 6)', '(2, 3)', '(10, 16)', '(1, 13)', '(25, 14)', '(20, 11)', '(23, 16)', '(12, 16)', '(27, 16)', '(30, 12)', '(19, 12)', '(8, 12)', '(11, 8)', '(2, 5)', '(25, 16)', '(15, 8)', '(6, 5)', '(29, 16)', '(21, 12)', '(23, 9)', '(4, 5)', '(34, 15)', '(17, 8)', '(30, 14)', '(10, 11)', '(8, 14)', '(11, 10)', '(2, 7)', '(32, 8)', '(2, 16)', '(15, 10)', '(7, 6)', '(6, 16)', '(12, 11)', '(4, 7)', '(4, 16)', '(27, 11)', '(17, 10)', '(9, 6)', '(30, 16)', '(19, 16)', '(8, 16)', '(10, 13)', '(32, 10)', '(15, 12)', '(7, 8)']",50,12,62
162,"(4, 12)","(4, 11)",North,"[('(4, 13)', 'North', 1), ('(4, 11)', 'South', 1)]","['(4, 12)', '(34, 8)', '(25, 9)', '(3, 3)', '(6, 9)']","['(25, 9)', '(34, 8)', '(6, 9)', '(3, 3)', '(4, 13)']","['(21, 16)', '(4, 9)', '(34, 10)', '(27, 13)', '(17, 12)', '(30, 9)', '(10, 6)', '(8, 9)', '(32, 12)', '(13, 8)', '(1, 15)', '(26, 14)', '(15, 14)', '(21, 9)', '(34, 12)', '(17, 14)', '(19, 11)', '(8, 11)', '(11, 7)', '(11, 16)', '(32, 14)', '(1, 8)', '(26, 16)', '(15, 16)', '(18, 12)', '(34, 14)', '(22, 12)', '(14, 8)', '(5, 5)', '(28, 16)', '(30, 13)', '(17, 16)', '(32, 16)', '(1, 10)', '(24, 12)', '(25, 11)', '(13, 12)', '(16, 8)', '(6, 6)', '(31, 8)', '(34, 16)', '(12, 13)', '(14, 10)', '(3, 10)', '(17, 9)', '(5, 16)', '(9, 14)', '(33, 8)', '(1, 3)', '(1, 12)', '(26, 11)', '(13, 14)', '(16, 10)', '(18, 16)', '(7, 16)', '(20, 10)', '(31, 10)', '(22, 16)', '(14, 12)', '(4, 11)', '(9, 16)', '(33, 10)', '(1, 5)', '(24, 16)', '(13, 16)', '(25, 15)', '(1, 14)', '(16, 12)', '(31, 12)', '(20, 12)', '(34, 11)', '(22, 9)', '(12, 8)', '(3, 5)', '(14, 14)', '(8, 13)', '(33, 12)', '(1, 7)', '(10, 10)', '(24, 9)', '(1, 16)', '(16, 14)', '(31, 14)', '(12, 10)', '(3, 7)', '(14, 16)', '(3, 16)', '(8, 6)', '(33, 14)', '(1, 9)', '(24, 11)', '(10, 12)', '(16, 16)', '(29, 10)', '(6, 8)', '(31, 16)', '(20, 16)', '(23, 12)', '(12, 12)', '(4, 8)', '(27, 12)', '(30, 8)', '(8, 8)', '(33, 16)', '(1, 11)', '(10, 14)', '(20, 9)', '(12, 14)', '(14, 11)', '(4, 10)', '(27, 14)', '(17, 13)', '(30, 10)', '(8, 10)', '(1, 4)', '(11, 6)', '(2, 3)', '(10, 16)', '(1, 13)', '(25, 14)', '(20, 11)', '(23, 16)', '(12, 16)', '(4, 12)', '(27, 16)', '(30, 12)', '(19, 12)', '(8, 12)', '(11, 8)', '(2, 5)', '(25, 16)', '(15, 8)', '(6, 5)', '(29, 16)', '(21, 12)', '(23, 9)', '(4, 5)', '(34, 15)', '(17, 8)', '(30, 14)', '(10, 11)', '(8, 14)', '(11, 10)', '(2, 7)', '(32, 8)', '(2, 16)', '(15, 10)', '(7, 6)', '(6, 16)', '(12, 11)', '(4, 7)', '(4, 16)', '(27, 11)', '(17, 10)', '(9, 6)', '(30, 16)', '(19, 16)', '(8, 16)', '(10, 13)', '(32, 10)', '(15, 12)', '(7, 8)']",50,14,64
163,"(25, 9)","(24, 9)",East,"[('(26, 9)', 'East', 1), ('(24, 9)', 'West', 1)]","['(25, 9)', '(34, 8)', '(6, 9)', '(3, 3)', '(4, 13)']","['(34, 8)', '(3, 3)', '(6, 9)', '(4, 13)', '(26, 9)']","['(21, 16)', '(4, 9)', '(34, 10)', '(27, 13)', '(17, 12)', '(30, 9)', '(10, 6)', '(8, 9)', '(32, 12)', '(13, 8)', '(1, 15)', '(26, 14)', '(15, 14)', '(21, 9)', '(34, 12)', '(17, 14)', '(19, 11)', '(8, 11)', '(11, 7)', '(11, 16)', '(32, 14)', '(1, 8)', '(26, 16)', '(15, 16)', '(18, 12)', '(34, 14)', '(22, 12)', '(14, 8)', '(5, 5)', '(28, 16)', '(30, 13)', '(17, 16)', '(32, 16)', '(1, 10)', '(24, 12)', '(25, 11)', '(13, 12)', '(16, 8)', '(6, 6)', '(31, 8)', '(34, 16)', '(12, 13)', '(14, 10)', '(3, 10)', '(17, 9)', '(5, 16)', '(9, 14)', '(33, 8)', '(1, 3)', '(1, 12)', '(26, 11)', '(13, 14)', '(16, 10)', '(18, 16)', '(7, 16)', '(20, 10)', '(31, 10)', '(22, 16)', '(14, 12)', '(4, 11)', '(9, 16)', '(33, 10)', '(1, 5)', '(24, 16)', '(13, 16)', '(25, 15)', '(1, 14)', '(16, 12)', '(31, 12)', '(20, 12)', '(34, 11)', '(22, 9)', '(12, 8)', '(3, 5)', '(14, 14)', '(8, 13)', '(33, 12)', '(1, 7)', '(10, 10)', '(24, 9)', '(1, 16)', '(16, 14)', '(31, 14)', '(12, 10)', '(3, 7)', '(14, 16)', '(3, 16)', '(8, 6)', '(33, 14)', '(1, 9)', '(24, 11)', '(10, 12)', '(16, 16)', '(29, 10)', '(6, 8)', '(31, 16)', '(20, 16)', '(23, 12)', '(12, 12)', '(4, 8)', '(27, 12)', '(30, 8)', '(8, 8)', '(33, 16)', '(1, 11)', '(10, 14)', '(20, 9)', '(12, 14)', '(14, 11)', '(4, 10)', '(27, 14)', '(17, 13)', '(30, 10)', '(8, 10)', '(1, 4)', '(11, 6)', '(2, 3)', '(10, 16)', '(1, 13)', '(25, 14)', '(20, 11)', '(23, 16)', '(12, 16)', '(4, 12)', '(27, 16)', '(30, 12)', '(19, 12)', '(8, 12)', '(11, 8)', '(2, 5)', '(25, 16)', '(15, 8)', '(6, 5)', '(29, 16)', '(21, 12)', '(23, 9)', '(4, 5)', '(34, 15)', '(17, 8)', '(30, 14)', '(10, 11)', '(8, 14)', '(11, 10)', '(2, 7)', '(32, 8)', '(25, 9)', '(2, 16)', '(15, 10)', '(7, 6)', '(6, 16)', '(12, 11)', '(4, 7)', '(4, 16)', '(27, 11)', '(17, 10)', '(9, 6)', '(30, 16)', '(19, 16)', '(8, 16)', '(10, 13)', '(32, 10)', '(15, 12)', '(7, 8)']",32,32,64
164,"(34, 8)","(33, 8)",East,"[('(34, 7)', 'South', 1), ('(33, 8)', 'West', 1)]","['(34, 8)', '(3, 3)', '(6, 9)', '(4, 13)', '(26, 9)']","['(3, 3)', '(34, 7)', '(6, 9)', '(26, 9)', '(4, 13)']","['(21, 16)', '(4, 9)', '(34, 10)', '(27, 13)', '(17, 12)', '(30, 9)', '(10, 6)', '(8, 9)', '(32, 12)', '(13, 8)', '(1, 15)', '(26, 14)', '(15, 14)', '(21, 9)', '(34, 12)', '(17, 14)', '(19, 11)', '(8, 11)', '(11, 7)', '(11, 16)', '(32, 14)', '(1, 8)', '(26, 16)', '(15, 16)', '(18, 12)', '(34, 14)', '(22, 12)', '(14, 8)', '(5, 5)', '(28, 16)', '(30, 13)', '(17, 16)', '(32, 16)', '(1, 10)', '(24, 12)', '(25, 11)', '(13, 12)', '(16, 8)', '(6, 6)', '(31, 8)', '(34, 16)', '(12, 13)', '(14, 10)', '(3, 10)', '(17, 9)', '(5, 16)', '(9, 14)', '(33, 8)', '(1, 3)', '(1, 12)', '(26, 11)', '(13, 14)', '(16, 10)', '(18, 16)', '(7, 16)', '(20, 10)', '(31, 10)', '(22, 16)', '(14, 12)', '(4, 11)', '(9, 16)', '(33, 10)', '(1, 5)', '(24, 16)', '(13, 16)', '(25, 15)', '(1, 14)', '(16, 12)', '(31, 12)', '(20, 12)', '(34, 11)', '(22, 9)', '(12, 8)', '(3, 5)', '(14, 14)', '(8, 13)', '(33, 12)', '(1, 7)', '(10, 10)', '(24, 9)', '(1, 16)', '(16, 14)', '(31, 14)', '(12, 10)', '(3, 7)', '(14, 16)', '(3, 16)', '(8, 6)', '(33, 14)', '(1, 9)', '(24, 11)', '(10, 12)', '(16, 16)', '(29, 10)', '(6, 8)', '(31, 16)', '(20, 16)', '(23, 12)', '(12, 12)', '(4, 8)', '(27, 12)', '(30, 8)', '(8, 8)', '(33, 16)', '(1, 11)', '(10, 14)', '(20, 9)', '(12, 14)', '(14, 11)', '(4, 10)', '(27, 14)', '(17, 13)', '(30, 10)', '(8, 10)', '(1, 4)', '(11, 6)', '(2, 3)', '(10, 16)', '(1, 13)', '(25, 14)', '(20, 11)', '(23, 16)', '(12, 16)', '(4, 12)', '(27, 16)', '(30, 12)', '(19, 12)', '(8, 12)', '(11, 8)', '(2, 5)', '(25, 16)', '(15, 8)', '(6, 5)', '(29, 16)', '(21, 12)', '(23, 9)', '(4, 5)', '(34, 15)', '(17, 8)', '(30, 14)', '(10, 11)', '(8, 14)', '(11, 10)', '(2, 7)', '(32, 8)', '(25, 9)', '(2, 16)', '(15, 10)', '(7, 6)', '(6, 16)', '(12, 11)', '(4, 7)', '(34, 8)', '(4, 16)', '(27, 11)', '(17, 10)', '(9, 6)', '(30, 16)', '(19, 16)', '(8, 16)', '(10, 13)', '(32, 10)', '(15, 12)', '(7, 8)']",24,40,64
165,"(3, 3)","(2, 3)",East,"[('(4, 3)', 'East', 1), ('(2, 3)', 'West', 1)]","['(3, 3)', '(34, 7)', '(6, 9)', '(26, 9)', '(4, 13)']","['(6, 9)', '(34, 7)', '(4, 13)', '(26, 9)', '(4, 3)']","['(21, 16)', '(4, 9)', '(34, 10)', '(27, 13)', '(17, 12)', '(30, 9)', '(10, 6)', '(8, 9)', '(32, 12)', '(13, 8)', '(1, 15)', '(26, 14)', '(15, 14)', '(21, 9)', '(34, 12)', '(17, 14)', '(19, 11)', '(8, 11)', '(11, 7)', '(11, 16)', '(32, 14)', '(1, 8)', '(26, 16)', '(15, 16)', '(18, 12)', '(34, 14)', '(22, 12)', '(14, 8)', '(5, 5)', '(28, 16)', '(30, 13)', '(17, 16)', '(32, 16)', '(1, 10)', '(24, 12)', '(25, 11)', '(13, 12)', '(16, 8)', '(6, 6)', '(31, 8)', '(34, 16)', '(12, 13)', '(14, 10)', '(3, 10)', '(17, 9)', '(5, 16)', '(9, 14)', '(33, 8)', '(1, 3)', '(1, 12)', '(26, 11)', '(13, 14)', '(16, 10)', '(18, 16)', '(7, 16)', '(20, 10)', '(31, 10)', '(3, 3)', '(22, 16)', '(14, 12)', '(4, 11)', '(9, 16)', '(33, 10)', '(1, 5)', '(24, 16)', '(13, 16)', '(25, 15)', '(1, 14)', '(16, 12)', '(31, 12)', '(20, 12)', '(34, 11)', '(22, 9)', '(12, 8)', '(3, 5)', '(14, 14)', '(8, 13)', '(33, 12)', '(1, 7)', '(10, 10)', '(24, 9)', '(1, 16)', '(16, 14)', '(31, 14)', '(12, 10)', '(3, 7)', '(14, 16)', '(3, 16)', '(8, 6)', '(33, 14)', '(1, 9)', '(24, 11)', '(10, 12)', '(16, 16)', '(29, 10)', '(6, 8)', '(31, 16)', '(20, 16)', '(23, 12)', '(12, 12)', '(4, 8)', '(27, 12)', '(30, 8)', '(8, 8)', '(33, 16)', '(1, 11)', '(10, 14)', '(20, 9)', '(12, 14)', '(14, 11)', '(4, 10)', '(27, 14)', '(17, 13)', '(30, 10)', '(8, 10)', '(1, 4)', '(11, 6)', '(2, 3)', '(10, 16)', '(1, 13)', '(25, 14)', '(20, 11)', '(23, 16)', '(12, 16)', '(4, 12)', '(27, 16)', '(30, 12)', '(19, 12)', '(8, 12)', '(11, 8)', '(2, 5)', '(25, 16)', '(15, 8)', '(6, 5)', '(29, 16)', '(21, 12)', '(23, 9)', '(4, 5)', '(34, 15)', '(17, 8)', '(30, 14)', '(10, 11)', '(8, 14)', '(11, 10)', '(2, 7)', '(32, 8)', '(25, 9)', '(2, 16)', '(15, 10)', '(7, 6)', '(6, 16)', '(12, 11)', '(4, 7)', '(34, 8)', '(4, 16)', '(27, 11)', '(17, 10)', '(9, 6)', '(30, 16)', '(19, 16)', '(8, 16)', '(10, 13)', '(32, 10)', '(15, 12)', '(7, 8)']",60,4,64
166,"(6, 9)","(6, 8)",North,"[('(6, 10)', 'North', 1), ('(6, 8)', 'South', 1)]","['(6, 9)', '(34, 7)', '(4, 13)', '(26, 9)', '(4, 3)']","['(34, 7)', '(26, 9)', '(4, 13)', '(4, 3)', '(6, 10)']","['(21, 16)', '(4, 9)', '(34, 10)', '(27, 13)', '(17, 12)', '(30, 9)', '(10, 6)', '(8, 9)', '(32, 12)', '(13, 8)', '(1, 15)', '(26, 14)', '(15, 14)', '(21, 9)', '(34, 12)', '(17, 14)', '(19, 11)', '(8, 11)', '(11, 7)', '(11, 16)', '(32, 14)', '(1, 8)', '(26, 16)', '(15, 16)', '(18, 12)', '(34, 14)', '(22, 12)', '(14, 8)', '(5, 5)', '(28, 16)', '(30, 13)', '(17, 16)', '(32, 16)', '(1, 10)', '(24, 12)', '(25, 11)', '(13, 12)', '(16, 8)', '(6, 6)', '(31, 8)', '(34, 16)', '(12, 13)', '(14, 10)', '(3, 10)', '(17, 9)', '(5, 16)', '(9, 14)', '(33, 8)', '(1, 3)', '(1, 12)', '(26, 11)', '(13, 14)', '(16, 10)', '(18, 16)', '(7, 16)', '(20, 10)', '(31, 10)', '(3, 3)', '(22, 16)', '(14, 12)', '(4, 11)', '(9, 16)', '(33, 10)', '(1, 5)', '(24, 16)', '(13, 16)', '(25, 15)', '(1, 14)', '(16, 12)', '(31, 12)', '(20, 12)', '(34, 11)', '(22, 9)', '(12, 8)', '(3, 5)', '(14, 14)', '(8, 13)', '(33, 12)', '(1, 7)', '(10, 10)', '(24, 9)', '(1, 16)', '(16, 14)', '(31, 14)', '(12, 10)', '(3, 7)', '(14, 16)', '(3, 16)', '(8, 6)', '(33, 14)', '(1, 9)', '(24, 11)', '(10, 12)', '(16, 16)', '(29, 10)', '(6, 8)', '(31, 16)', '(20, 16)', '(23, 12)', '(12, 12)', '(4, 8)', '(27, 12)', '(30, 8)', '(8, 8)', '(33, 16)', '(1, 11)', '(10, 14)', '(20, 9)', '(12, 14)', '(14, 11)', '(4, 10)', '(27, 14)', '(17, 13)', '(30, 10)', '(8, 10)', '(1, 4)', '(11, 6)', '(2, 3)', '(10, 16)', '(1, 13)', '(25, 14)', '(20, 11)', '(23, 16)', '(12, 16)', '(4, 12)', '(27, 16)', '(30, 12)', '(19, 12)', '(8, 12)', '(11, 8)', '(2, 5)', '(25, 16)', '(15, 8)', '(6, 5)', '(29, 16)', '(21, 12)', '(23, 9)', '(4, 5)', '(34, 15)', '(17, 8)', '(30, 14)', '(10, 11)', '(8, 14)', '(11, 10)', '(2, 7)', '(32, 8)', '(25, 9)', '(2, 16)', '(15, 10)', '(7, 6)', '(6, 16)', '(12, 11)', '(4, 7)', '(34, 8)', '(4, 16)', '(27, 11)', '(17, 10)', '(9, 6)', '(30, 16)', '(19, 16)', '(8, 16)', '(10, 13)', '(32, 10)', '(15, 12)', '(6, 9)', '(7, 8)']",51,13,64
167,"(34, 7)","(34, 8)",South,"[('(34, 8)', 'North', 1), ('(34, 6)', 'South', 1)]","['(34, 7)', '(26, 9)', '(4, 13)', '(4, 3)', '(6, 10)']","['(34, 6)', '(4, 13)', '(6, 10)', '(4, 3)', '(26, 9)']","['(21, 16)', '(4, 9)', '(34, 10)', '(27, 13)', '(17, 12)', '(30, 9)', '(10, 6)', '(8, 9)', '(32, 12)', '(13, 8)', '(1, 15)', '(26, 14)', '(15, 14)', '(21, 9)', '(34, 12)', '(17, 14)', '(19, 11)', '(8, 11)', '(11, 7)', '(11, 16)', '(32, 14)', '(1, 8)', '(26, 16)', '(15, 16)', '(18, 12)', '(34, 14)', '(22, 12)', '(14, 8)', '(5, 5)', '(28, 16)', '(30, 13)', '(17, 16)', '(32, 16)', '(1, 10)', '(24, 12)', '(25, 11)', '(13, 12)', '(16, 8)', '(6, 6)', '(31, 8)', '(34, 7)', '(34, 16)', '(12, 13)', '(14, 10)', '(3, 10)', '(17, 9)', '(5, 16)', '(9, 14)', '(33, 8)', '(1, 3)', '(1, 12)', '(26, 11)', '(13, 14)', '(16, 10)', '(18, 16)', '(7, 16)', '(20, 10)', '(31, 10)', '(3, 3)', '(22, 16)', '(14, 12)', '(4, 11)', '(9, 16)', '(33, 10)', '(1, 5)', '(24, 16)', '(13, 16)', '(25, 15)', '(1, 14)', '(16, 12)', '(31, 12)', '(20, 12)', '(34, 11)', '(22, 9)', '(12, 8)', '(3, 5)', '(14, 14)', '(8, 13)', '(33, 12)', '(1, 7)', '(10, 10)', '(24, 9)', '(1, 16)', '(16, 14)', '(31, 14)', '(12, 10)', '(3, 7)', '(14, 16)', '(3, 16)', '(8, 6)', '(33, 14)', '(1, 9)', '(24, 11)', '(10, 12)', '(16, 16)', '(29, 10)', '(6, 8)', '(31, 16)', '(20, 16)', '(23, 12)', '(12, 12)', '(4, 8)', '(27, 12)', '(30, 8)', '(8, 8)', '(33, 16)', '(1, 11)', '(10, 14)', '(20, 9)', '(12, 14)', '(14, 11)', '(4, 10)', '(27, 14)', '(17, 13)', '(30, 10)', '(8, 10)', '(1, 4)', '(11, 6)', '(2, 3)', '(10, 16)', '(1, 13)', '(25, 14)', '(20, 11)', '(23, 16)', '(12, 16)', '(4, 12)', '(27, 16)', '(30, 12)', '(19, 12)', '(8, 12)', '(11, 8)', '(2, 5)', '(25, 16)', '(15, 8)', '(6, 5)', '(29, 16)', '(21, 12)', '(23, 9)', '(4, 5)', '(34, 15)', '(17, 8)', '(30, 14)', '(10, 11)', '(8, 14)', '(11, 10)', '(2, 7)', '(32, 8)', '(25, 9)', '(2, 16)', '(15, 10)', '(7, 6)', '(6, 16)', '(12, 11)', '(4, 7)', '(34, 8)', '(4, 16)', '(27, 11)', '(17, 10)', '(9, 6)', '(30, 16)', '(19, 16)', '(8, 16)', '(10, 13)', '(32, 10)', '(15, 12)', '(6, 9)', '(7, 8)']",25,39,64
168,"(34, 6)","(34, 7)",South,"[('(34, 7)', 'North', 1), ('(33, 6)', 'West', 1)]","['(34, 6)', '(4, 13)', '(6, 10)', '(4, 3)', '(26, 9)']","['(33, 6)', '(4, 13)', '(6, 10)', '(4, 3)', '(26, 9)']","['(21, 16)', '(4, 9)', '(34, 10)', '(27, 13)', '(17, 12)', '(30, 9)', '(10, 6)', '(8, 9)', '(32, 12)', '(13, 8)', '(1, 15)', '(26, 14)', '(15, 14)', '(21, 9)', '(34, 12)', '(17, 14)', '(19, 11)', '(8, 11)', '(11, 7)', '(11, 16)', '(32, 14)', '(1, 8)', '(26, 16)', '(15, 16)', '(18, 12)', '(34, 14)', '(22, 12)', '(14, 8)', '(5, 5)', '(28, 16)', '(30, 13)', '(17, 16)', '(32, 16)', '(1, 10)', '(24, 12)', '(25, 11)', '(13, 12)', '(16, 8)', '(6, 6)', '(31, 8)', '(34, 7)', '(34, 16)', '(12, 13)', '(14, 10)', '(3, 10)', '(17, 9)', '(5, 16)', '(9, 14)', '(33, 8)', '(1, 3)', '(1, 12)', '(26, 11)', '(13, 14)', '(16, 10)', '(18, 16)', '(7, 16)', '(20, 10)', '(31, 10)', '(3, 3)', '(22, 16)', '(14, 12)', '(4, 11)', '(9, 16)', '(33, 10)', '(1, 5)', '(24, 16)', '(13, 16)', '(25, 15)', '(1, 14)', '(16, 12)', '(31, 12)', '(20, 12)', '(34, 11)', '(22, 9)', '(12, 8)', '(3, 5)', '(14, 14)', '(8, 13)', '(33, 12)', '(1, 7)', '(10, 10)', '(24, 9)', '(1, 16)', '(16, 14)', '(31, 14)', '(12, 10)', '(3, 7)', '(14, 16)', '(3, 16)', '(8, 6)', '(33, 14)', '(1, 9)', '(24, 11)', '(10, 12)', '(16, 16)', '(29, 10)', '(6, 8)', '(34, 6)', '(31, 16)', '(20, 16)', '(23, 12)', '(12, 12)', '(4, 8)', '(27, 12)', '(30, 8)', '(8, 8)', '(33, 16)', '(1, 11)', '(10, 14)', '(20, 9)', '(12, 14)', '(14, 11)', '(4, 10)', '(27, 14)', '(17, 13)', '(30, 10)', '(8, 10)', '(1, 4)', '(11, 6)', '(2, 3)', '(10, 16)', '(1, 13)', '(25, 14)', '(20, 11)', '(23, 16)', '(12, 16)', '(4, 12)', '(27, 16)', '(30, 12)', '(19, 12)', '(8, 12)', '(11, 8)', '(2, 5)', '(25, 16)', '(15, 8)', '(6, 5)', '(29, 16)', '(21, 12)', '(23, 9)', '(4, 5)', '(34, 15)', '(17, 8)', '(30, 14)', '(10, 11)', '(8, 14)', '(11, 10)', '(2, 7)', '(32, 8)', '(25, 9)', '(2, 16)', '(15, 10)', '(7, 6)', '(6, 16)', '(12, 11)', '(4, 7)', '(34, 8)', '(4, 16)', '(27, 11)', '(17, 10)', '(9, 6)', '(30, 16)', '(19, 16)', '(8, 16)', '(10, 13)', '(32, 10)', '(15, 12)', '(6, 9)', '(7, 8)']",26,38,64
169,"(33, 6)","(34, 6)",West,"[('(34, 6)', 'East', 1), ('(32, 6)', 'West', 1)]","['(33, 6)', '(4, 13)', '(6, 10)', '(4, 3)', '(26, 9)']","['(32, 6)', '(4, 13)', '(6, 10)', '(4, 3)', '(26, 9)']","['(21, 16)', '(4, 9)', '(34, 10)', '(27, 13)', '(17, 12)', '(30, 9)', '(10, 6)', '(8, 9)', '(32, 12)', '(13, 8)', '(1, 15)', '(26, 14)', '(15, 14)', '(21, 9)', '(34, 12)', '(17, 14)', '(19, 11)', '(8, 11)', '(11, 7)', '(11, 16)', '(32, 14)', '(1, 8)', '(26, 16)', '(15, 16)', '(18, 12)', '(34, 14)', '(22, 12)', '(14, 8)', '(5, 5)', '(28, 16)', '(30, 13)', '(17, 16)', '(33, 6)', '(32, 16)', '(1, 10)', '(24, 12)', '(25, 11)', '(13, 12)', '(16, 8)', '(6, 6)', '(31, 8)', '(34, 7)', '(34, 16)', '(12, 13)', '(14, 10)', '(3, 10)', '(17, 9)', '(5, 16)', '(9, 14)', '(33, 8)', '(1, 3)', '(1, 12)', '(26, 11)', '(13, 14)', '(16, 10)', '(18, 16)', '(7, 16)', '(20, 10)', '(31, 10)', '(3, 3)', '(22, 16)', '(14, 12)', '(4, 11)', '(9, 16)', '(33, 10)', '(1, 5)', '(24, 16)', '(13, 16)', '(25, 15)', '(1, 14)', '(16, 12)', '(31, 12)', '(20, 12)', '(34, 11)', '(22, 9)', '(12, 8)', '(3, 5)', '(14, 14)', '(8, 13)', '(33, 12)', '(1, 7)', '(10, 10)', '(24, 9)', '(1, 16)', '(16, 14)', '(31, 14)', '(12, 10)', '(3, 7)', '(14, 16)', '(3, 16)', '(8, 6)', '(33, 14)', '(1, 9)', '(24, 11)', '(10, 12)', '(16, 16)', '(29, 10)', '(6, 8)', '(34, 6)', '(31, 16)', '(20, 16)', '(23, 12)', '(12, 12)', '(4, 8)', '(27, 12)', '(30, 8)', '(8, 8)', '(33, 16)', '(1, 11)', '(10, 14)', '(20, 9)', '(12, 14)', '(14, 11)', '(4, 10)', '(27, 14)', '(17, 13)', '(30, 10)', '(8, 10)', '(1, 4)', '(11, 6)', '(2, 3)', '(10, 16)', '(1, 13)', '(25, 14)', '(20, 11)', '(23, 16)', '(12, 16)', '(4, 12)', '(27, 16)', '(30, 12)', '(19, 12)', '(8, 12)', '(11, 8)', '(2, 5)', '(25, 16)', '(15, 8)', '(6, 5)', '(29, 16)', '(21, 12)', '(23, 9)', '(4, 5)', '(34, 15)', '(17, 8)', '(30, 14)', '(10, 11)', '(8, 14)', '(11, 10)', '(2, 7)', '(32, 8)', '(25, 9)', '(2, 16)', '(15, 10)', '(7, 6)', '(6, 16)', '(12, 11)', '(4, 7)', '(34, 8)', '(4, 16)', '(27, 11)', '(17, 10)', '(9, 6)', '(30, 16)', '(19, 16)', '(8, 16)', '(10, 13)', '(32, 10)', '(15, 12)', '(6, 9)', '(7, 8)']",27,37,64
170,"(32, 6)","(33, 6)",West,"[('(33, 6)', 'East', 1), ('(31, 6)', 'West', 1)]","['(32, 6)', '(4, 13)', '(6, 10)', '(4, 3)', '(26, 9)']","['(31, 6)', '(4, 13)', '(6, 10)', '(4, 3)', '(26, 9)']","['(21, 16)', '(4, 9)', '(34, 10)', '(27, 13)', '(17, 12)', '(30, 9)', '(10, 6)', '(8, 9)', '(32, 12)', '(13, 8)', '(1, 15)', '(26, 14)', '(15, 14)', '(21, 9)', '(34, 12)', '(17, 14)', '(19, 11)', '(8, 11)', '(11, 7)', '(11, 16)', '(32, 14)', '(1, 8)', '(26, 16)', '(15, 16)', '(18, 12)', '(34, 14)', '(22, 12)', '(14, 8)', '(5, 5)', '(28, 16)', '(30, 13)', '(17, 16)', '(33, 6)', '(32, 16)', '(1, 10)', '(24, 12)', '(25, 11)', '(13, 12)', '(16, 8)', '(6, 6)', '(31, 8)', '(34, 7)', '(34, 16)', '(12, 13)', '(14, 10)', '(3, 10)', '(17, 9)', '(5, 16)', '(9, 14)', '(33, 8)', '(1, 3)', '(1, 12)', '(26, 11)', '(13, 14)', '(16, 10)', '(18, 16)', '(7, 16)', '(20, 10)', '(31, 10)', '(3, 3)', '(22, 16)', '(14, 12)', '(4, 11)', '(9, 16)', '(33, 10)', '(1, 5)', '(24, 16)', '(13, 16)', '(25, 15)', '(1, 14)', '(16, 12)', '(31, 12)', '(20, 12)', '(34, 11)', '(22, 9)', '(12, 8)', '(3, 5)', '(14, 14)', '(8, 13)', '(33, 12)', '(1, 7)', '(10, 10)', '(24, 9)', '(1, 16)', '(16, 14)', '(31, 14)', '(12, 10)', '(3, 7)', '(14, 16)', '(3, 16)', '(32, 6)', '(8, 6)', '(33, 14)', '(1, 9)', '(24, 11)', '(10, 12)', '(16, 16)', '(29, 10)', '(6, 8)', '(34, 6)', '(31, 16)', '(20, 16)', '(23, 12)', '(12, 12)', '(4, 8)', '(27, 12)', '(30, 8)', '(8, 8)', '(33, 16)', '(1, 11)', '(10, 14)', '(20, 9)', '(12, 14)', '(14, 11)', '(4, 10)', '(27, 14)', '(17, 13)', '(30, 10)', '(8, 10)', '(1, 4)', '(11, 6)', '(2, 3)', '(10, 16)', '(1, 13)', '(25, 14)', '(20, 11)', '(23, 16)', '(12, 16)', '(4, 12)', '(27, 16)', '(30, 12)', '(19, 12)', '(8, 12)', '(11, 8)', '(2, 5)', '(25, 16)', '(15, 8)', '(6, 5)', '(29, 16)', '(21, 12)', '(23, 9)', '(4, 5)', '(34, 15)', '(17, 8)', '(30, 14)', '(10, 11)', '(8, 14)', '(11, 10)', '(2, 7)', '(32, 8)', '(25, 9)', '(2, 16)', '(15, 10)', '(7, 6)', '(6, 16)', '(12, 11)', '(4, 7)', '(34, 8)', '(4, 16)', '(27, 11)', '(17, 10)', '(9, 6)', '(30, 16)', '(19, 16)', '(8, 16)', '(10, 13)', '(32, 10)', '(15, 12)', '(6, 9)', '(7, 8)']",28,36,64
171,"(31, 6)","(32, 6)",West,"[('(32, 6)', 'East', 1), ('(30, 6)', 'West', 1)]","['(31, 6)', '(4, 13)', '(6, 10)', '(4, 3)', '(26, 9)']","['(30, 6)', '(4, 13)', '(6, 10)', '(4, 3)', '(26, 9)']","['(21, 16)', '(4, 9)', '(34, 10)', '(27, 13)', '(17, 12)', '(30, 9)', '(10, 6)', '(8, 9)', '(32, 12)', '(13, 8)', '(1, 15)', '(26, 14)', '(15, 14)', '(21, 9)', '(34, 12)', '(17, 14)', '(19, 11)', '(8, 11)', '(11, 7)', '(11, 16)', '(32, 14)', '(1, 8)', '(26, 16)', '(15, 16)', '(18, 12)', '(34, 14)', '(22, 12)', '(14, 8)', '(5, 5)', '(28, 16)', '(30, 13)', '(17, 16)', '(33, 6)', '(32, 16)', '(1, 10)', '(24, 12)', '(25, 11)', '(13, 12)', '(16, 8)', '(6, 6)', '(31, 8)', '(34, 7)', '(34, 16)', '(12, 13)', '(14, 10)', '(3, 10)', '(17, 9)', '(5, 16)', '(9, 14)', '(33, 8)', '(1, 3)', '(1, 12)', '(26, 11)', '(13, 14)', '(16, 10)', '(18, 16)', '(7, 16)', '(20, 10)', '(31, 10)', '(3, 3)', '(22, 16)', '(14, 12)', '(4, 11)', '(9, 16)', '(33, 10)', '(1, 5)', '(24, 16)', '(13, 16)', '(25, 15)', '(1, 14)', '(16, 12)', '(31, 12)', '(20, 12)', '(34, 11)', '(22, 9)', '(12, 8)', '(3, 5)', '(14, 14)', '(8, 13)', '(33, 12)', '(1, 7)', '(10, 10)', '(24, 9)', '(1, 16)', '(16, 14)', '(31, 14)', '(12, 10)', '(3, 7)', '(14, 16)', '(3, 16)', '(32, 6)', '(8, 6)', '(33, 14)', '(1, 9)', '(24, 11)', '(10, 12)', '(16, 16)', '(29, 10)', '(6, 8)', '(34, 6)', '(31, 16)', '(20, 16)', '(23, 12)', '(12, 12)', '(4, 8)', '(27, 12)', '(30, 8)', '(8, 8)', '(33, 16)', '(1, 11)', '(10, 14)', '(20, 9)', '(12, 14)', '(14, 11)', '(4, 10)', '(27, 14)', '(17, 13)', '(30, 10)', '(8, 10)', '(1, 4)', '(11, 6)', '(2, 3)', '(10, 16)', '(1, 13)', '(25, 14)', '(20, 11)', '(23, 16)', '(12, 16)', '(4, 12)', '(27, 16)', '(30, 12)', '(19, 12)', '(8, 12)', '(11, 8)', '(2, 5)', '(25, 16)', '(15, 8)', '(6, 5)', '(29, 16)', '(21, 12)', '(23, 9)', '(4, 5)', '(34, 15)', '(17, 8)', '(30, 14)', '(10, 11)', '(8, 14)', '(11, 10)', '(2, 7)', '(32, 8)', '(25, 9)', '(2, 16)', '(15, 10)', '(31, 6)', '(7, 6)', '(6, 16)', '(12, 11)', '(4, 7)', '(34, 8)', '(4, 16)', '(27, 11)', '(17, 10)', '(9, 6)', '(30, 16)', '(19, 16)', '(8, 16)', '(10, 13)', '(32, 10)', '(15, 12)', '(6, 9)', '(7, 8)']",29,35,64
172,"(30, 6)","(31, 6)",West,"[('(30, 5)', 'South', 1), ('(31, 6)', 'East', 1), ('(29, 6)', 'West', 1)]","['(30, 6)', '(4, 13)', '(6, 10)', '(4, 3)', '(26, 9)']","['(30, 5)', '(4, 13)', '(29, 6)', '(4, 3)', '(26, 9)', '(6, 10)']","['(21, 16)', '(4, 9)', '(34, 10)', '(27, 13)', '(17, 12)', '(30, 9)', '(10, 6)', '(8, 9)', '(32, 12)', '(13, 8)', '(1, 15)', '(26, 14)', '(15, 14)', '(21, 9)', '(34, 12)', '(17, 14)', '(19, 11)', '(8, 11)', '(11, 7)', '(11, 16)', '(32, 14)', '(1, 8)', '(26, 16)', '(15, 16)', '(18, 12)', '(34, 14)', '(22, 12)', '(14, 8)', '(5, 5)', '(28, 16)', '(30, 13)', '(17, 16)', '(33, 6)', '(32, 16)', '(1, 10)', '(24, 12)', '(25, 11)', '(13, 12)', '(16, 8)', '(6, 6)', '(31, 8)', '(34, 7)', '(34, 16)', '(12, 13)', '(14, 10)', '(3, 10)', '(17, 9)', '(30, 6)', '(5, 16)', '(9, 14)', '(33, 8)', '(1, 3)', '(1, 12)', '(26, 11)', '(13, 14)', '(16, 10)', '(18, 16)', '(7, 16)', '(20, 10)', '(31, 10)', '(3, 3)', '(22, 16)', '(14, 12)', '(4, 11)', '(9, 16)', '(33, 10)', '(1, 5)', '(24, 16)', '(13, 16)', '(25, 15)', '(1, 14)', '(16, 12)', '(31, 12)', '(20, 12)', '(34, 11)', '(22, 9)', '(12, 8)', '(3, 5)', '(14, 14)', '(8, 13)', '(33, 12)', '(1, 7)', '(10, 10)', '(24, 9)', '(1, 16)', '(16, 14)', '(31, 14)', '(12, 10)', '(3, 7)', '(14, 16)', '(3, 16)', '(32, 6)', '(8, 6)', '(33, 14)', '(1, 9)', '(24, 11)', '(10, 12)', '(16, 16)', '(29, 10)', '(6, 8)', '(34, 6)', '(31, 16)', '(20, 16)', '(23, 12)', '(12, 12)', '(4, 8)', '(27, 12)', '(30, 8)', '(8, 8)', '(33, 16)', '(1, 11)', '(10, 14)', '(20, 9)', '(12, 14)', '(14, 11)', '(4, 10)', '(27, 14)', '(17, 13)', '(30, 10)', '(8, 10)', '(1, 4)', '(11, 6)', '(2, 3)', '(10, 16)', '(1, 13)', '(25, 14)', '(20, 11)', '(23, 16)', '(12, 16)', '(4, 12)', '(27, 16)', '(30, 12)', '(19, 12)', '(8, 12)', '(11, 8)', '(2, 5)', '(25, 16)', '(15, 8)', '(6, 5)', '(29, 16)', '(21, 12)', '(23, 9)', '(4, 5)', '(34, 15)', '(17, 8)', '(30, 14)', '(10, 11)', '(8, 14)', '(11, 10)', '(2, 7)', '(32, 8)', '(25, 9)', '(2, 16)', '(15, 10)', '(31, 6)', '(7, 6)', '(6, 16)', '(12, 11)', '(4, 7)', '(34, 8)', '(4, 16)', '(27, 11)', '(17, 10)', '(9, 6)', '(30, 16)', '(19, 16)', '(8, 16)', '(10, 13)', '(32, 10)', '(15, 12)', '(6, 9)', '(7, 8)']",30,34,64
173,"(30, 5)","(30, 6)",South,"[('(30, 6)', 'North', 1), ('(30, 4)', 'South', 1)]","['(30, 5)', '(4, 13)', '(29, 6)', '(4, 3)', '(26, 9)', '(6, 10)']","['(29, 6)', '(4, 13)', '(30, 4)', '(4, 3)', '(26, 9)', '(6, 10)']","['(21, 16)', '(4, 9)', '(34, 10)', '(27, 13)', '(17, 12)', '(30, 9)', '(10, 6)', '(8, 9)', '(32, 12)', '(13, 8)', '(1, 15)', '(26, 14)', '(15, 14)', '(21, 9)', '(34, 12)', '(17, 14)', '(19, 11)', '(8, 11)', '(11, 7)', '(11, 16)', '(32, 14)', '(1, 8)', '(26, 16)', '(15, 16)', '(18, 12)', '(34, 14)', '(22, 12)', '(14, 8)', '(5, 5)', '(28, 16)', '(30, 13)', '(17, 16)', '(33, 6)', '(32, 16)', '(1, 10)', '(24, 12)', '(25, 11)', '(13, 12)', '(16, 8)', '(6, 6)', '(31, 8)', '(34, 7)', '(34, 16)', '(12, 13)', '(14, 10)', '(3, 10)', '(17, 9)', '(30, 6)', '(5, 16)', '(9, 14)', '(33, 8)', '(1, 3)', '(1, 12)', '(26, 11)', '(13, 14)', '(16, 10)', '(18, 16)', '(7, 16)', '(20, 10)', '(31, 10)', '(3, 3)', '(22, 16)', '(14, 12)', '(4, 11)', '(9, 16)', '(33, 10)', '(1, 5)', '(24, 16)', '(13, 16)', '(25, 15)', '(1, 14)', '(16, 12)', '(31, 12)', '(20, 12)', '(34, 11)', '(22, 9)', '(12, 8)', '(3, 5)', '(14, 14)', '(8, 13)', '(33, 12)', '(1, 7)', '(10, 10)', '(24, 9)', '(1, 16)', '(16, 14)', '(31, 14)', '(12, 10)', '(3, 7)', '(14, 16)', '(3, 16)', '(32, 6)', '(8, 6)', '(33, 14)', '(1, 9)', '(24, 11)', '(10, 12)', '(16, 16)', '(29, 10)', '(6, 8)', '(34, 6)', '(31, 16)', '(20, 16)', '(23, 12)', '(12, 12)', '(4, 8)', '(27, 12)', '(30, 8)', '(8, 8)', '(33, 16)', '(1, 11)', '(10, 14)', '(20, 9)', '(12, 14)', '(14, 11)', '(4, 10)', '(27, 14)', '(17, 13)', '(30, 10)', '(8, 10)', '(1, 4)', '(11, 6)', '(2, 3)', '(10, 16)', '(1, 13)', '(25, 14)', '(20, 11)', '(23, 16)', '(12, 16)', '(4, 12)', '(27, 16)', '(30, 12)', '(19, 12)', '(8, 12)', '(11, 8)', '(2, 5)', '(25, 16)', '(15, 8)', '(6, 5)', '(29, 16)', '(21, 12)', '(23, 9)', '(4, 5)', '(34, 15)', '(17, 8)', '(30, 5)', '(30, 14)', '(10, 11)', '(8, 14)', '(11, 10)', '(2, 7)', '(32, 8)', '(25, 9)', '(2, 16)', '(15, 10)', '(31, 6)', '(7, 6)', '(6, 16)', '(12, 11)', '(4, 7)', '(34, 8)', '(4, 16)', '(27, 11)', '(17, 10)', '(9, 6)', '(30, 16)', '(19, 16)', '(8, 16)', '(10, 13)', '(32, 10)', '(15, 12)', '(6, 9)', '(7, 8)']",31,33,64
174,"(29, 6)","(30, 6)",West,"[('(30, 6)', 'East', 1)]","['(29, 6)', '(4, 13)', '(30, 4)', '(4, 3)', '(26, 9)', '(6, 10)']","['(30, 4)', '(4, 13)', '(6, 10)', '(4, 3)', '(26, 9)']","['(21, 16)', '(4, 9)', '(34, 10)', '(27, 13)', '(17, 12)', '(30, 9)', '(10, 6)', '(8, 9)', '(32, 12)', '(13, 8)', '(1, 15)', '(26, 14)', '(15, 14)', '(21, 9)', '(34, 12)', '(17, 14)', '(19, 11)', '(8, 11)', '(11, 7)', '(11, 16)', '(32, 14)', '(1, 8)', '(29, 6)', '(26, 16)', '(15, 16)', '(18, 12)', '(34, 14)', '(22, 12)', '(14, 8)', '(5, 5)', '(28, 16)', '(30, 13)', '(17, 16)', '(33, 6)', '(32, 16)', '(1, 10)', '(24, 12)', '(25, 11)', '(13, 12)', '(16, 8)', '(6, 6)', '(31, 8)', '(34, 7)', '(34, 16)', '(12, 13)', '(14, 10)', '(3, 10)', '(17, 9)', '(30, 6)', '(5, 16)', '(9, 14)', '(33, 8)', '(1, 3)', '(1, 12)', '(26, 11)', '(13, 14)', '(16, 10)', '(18, 16)', '(7, 16)', '(20, 10)', '(31, 10)', '(3, 3)', '(22, 16)', '(14, 12)', '(4, 11)', '(9, 16)', '(33, 10)', '(1, 5)', '(24, 16)', '(13, 16)', '(25, 15)', '(1, 14)', '(16, 12)', '(31, 12)', '(20, 12)', '(34, 11)', '(22, 9)', '(12, 8)', '(3, 5)', '(14, 14)', '(8, 13)', '(33, 12)', '(1, 7)', '(10, 10)', '(24, 9)', '(1, 16)', '(16, 14)', '(31, 14)', '(12, 10)', '(3, 7)', '(14, 16)', '(3, 16)', '(32, 6)', '(8, 6)', '(33, 14)', '(1, 9)', '(24, 11)', '(10, 12)', '(16, 16)', '(29, 10)', '(6, 8)', '(34, 6)', '(31, 16)', '(20, 16)', '(23, 12)', '(12, 12)', '(4, 8)', '(27, 12)', '(30, 8)', '(8, 8)', '(33, 16)', '(1, 11)', '(10, 14)', '(20, 9)', '(12, 14)', '(14, 11)', '(4, 10)', '(27, 14)', '(17, 13)', '(30, 10)', '(8, 10)', '(1, 4)', '(11, 6)', '(2, 3)', '(10, 16)', '(1, 13)', '(25, 14)', '(20, 11)', '(23, 16)', '(12, 16)', '(4, 12)', '(27, 16)', '(30, 12)', '(19, 12)', '(8, 12)', '(11, 8)', '(2, 5)', '(25, 16)', '(15, 8)', '(6, 5)', '(29, 16)', '(21, 12)', '(23, 9)', '(4, 5)', '(34, 15)', '(17, 8)', '(30, 5)', '(30, 14)', '(10, 11)', '(8, 14)', '(11, 10)', '(2, 7)', '(32, 8)', '(25, 9)', '(2, 16)', '(15, 10)', '(31, 6)', '(7, 6)', '(6, 16)', '(12, 11)', '(4, 7)', '(34, 8)', '(4, 16)', '(27, 11)', '(17, 10)', '(9, 6)', '(30, 16)', '(19, 16)', '(8, 16)', '(10, 13)', '(32, 10)', '(15, 12)', '(6, 9)', '(7, 8)']",31,33,64
175,"(30, 4)","(30, 5)",South,"[('(30, 5)', 'North', 1), ('(30, 3)', 'South', 1), ('(31, 4)', 'East', 1)]","['(30, 4)', '(4, 13)', '(6, 10)', '(4, 3)', '(26, 9)']","['(30, 3)', '(4, 13)', '(6, 10)', '(4, 3)', '(26, 9)', '(31, 4)']","['(21, 16)', '(4, 9)', '(34, 10)', '(27, 13)', '(17, 12)', '(30, 9)', '(10, 6)', '(8, 9)', '(32, 12)', '(13, 8)', '(1, 15)', '(26, 14)', '(15, 14)', '(21, 9)', '(34, 12)', '(17, 14)', '(19, 11)', '(8, 11)', '(11, 7)', '(11, 16)', '(32, 14)', '(1, 8)', '(29, 6)', '(26, 16)', '(15, 16)', '(18, 12)', '(34, 14)', '(22, 12)', '(14, 8)', '(5, 5)', '(30, 4)', '(28, 16)', '(30, 13)', '(17, 16)', '(33, 6)', '(32, 16)', '(1, 10)', '(24, 12)', '(25, 11)', '(13, 12)', '(16, 8)', '(6, 6)', '(31, 8)', '(34, 7)', '(34, 16)', '(12, 13)', '(14, 10)', '(3, 10)', '(17, 9)', '(30, 6)', '(5, 16)', '(9, 14)', '(33, 8)', '(1, 3)', '(1, 12)', '(26, 11)', '(13, 14)', '(16, 10)', '(18, 16)', '(7, 16)', '(20, 10)', '(31, 10)', '(3, 3)', '(22, 16)', '(14, 12)', '(4, 11)', '(9, 16)', '(33, 10)', '(1, 5)', '(24, 16)', '(13, 16)', '(25, 15)', '(1, 14)', '(16, 12)', '(31, 12)', '(20, 12)', '(34, 11)', '(22, 9)', '(12, 8)', '(3, 5)', '(14, 14)', '(8, 13)', '(33, 12)', '(1, 7)', '(10, 10)', '(24, 9)', '(1, 16)', '(16, 14)', '(31, 14)', '(12, 10)', '(3, 7)', '(14, 16)', '(3, 16)', '(32, 6)', '(8, 6)', '(33, 14)', '(1, 9)', '(24, 11)', '(10, 12)', '(16, 16)', '(29, 10)', '(6, 8)', '(34, 6)', '(31, 16)', '(20, 16)', '(23, 12)', '(12, 12)', '(4, 8)', '(27, 12)', '(30, 8)', '(8, 8)', '(33, 16)', '(1, 11)', '(10, 14)', '(20, 9)', '(12, 14)', '(14, 11)', '(4, 10)', '(27, 14)', '(17, 13)', '(30, 10)', '(8, 10)', '(1, 4)', '(11, 6)', '(2, 3)', '(10, 16)', '(1, 13)', '(25, 14)', '(20, 11)', '(23, 16)', '(12, 16)', '(4, 12)', '(27, 16)', '(30, 12)', '(19, 12)', '(8, 12)', '(11, 8)', '(2, 5)', '(25, 16)', '(15, 8)', '(6, 5)', '(29, 16)', '(21, 12)', '(23, 9)', '(4, 5)', '(34, 15)', '(17, 8)', '(30, 5)', '(30, 14)', '(10, 11)', '(8, 14)', '(11, 10)', '(2, 7)', '(32, 8)', '(25, 9)', '(2, 16)', '(15, 10)', '(31, 6)', '(7, 6)', '(6, 16)', '(12, 11)', '(4, 7)', '(34, 8)', '(4, 16)', '(27, 11)', '(17, 10)', '(9, 6)', '(30, 16)', '(19, 16)', '(8, 16)', '(10, 13)', '(32, 10)', '(15, 12)', '(6, 9)', '(7, 8)']",32,32,64
176,"(30, 3)","(30, 4)",South,"[('(30, 4)', 'North', 1), ('(31, 3)', 'East', 1)]","['(30, 3)', '(4, 13)', '(6, 10)', '(4, 3)', '(26, 9)', '(31, 4)']","['(4, 13)', '(26, 9)', '(6, 10)', '(4, 3)', '(31, 4)', '(31, 3)']","['(21, 16)', '(4, 9)', '(34, 10)', '(27, 13)', '(17, 12)', '(30, 9)', '(10, 6)', '(8, 9)', '(32, 12)', '(13, 8)', '(1, 15)', '(26, 14)', '(15, 14)', '(21, 9)', '(34, 12)', '(17, 14)', '(19, 11)', '(8, 11)', '(11, 7)', '(11, 16)', '(32, 14)', '(1, 8)', '(29, 6)', '(26, 16)', '(15, 16)', '(18, 12)', '(34, 14)', '(22, 12)', '(14, 8)', '(5, 5)', '(30, 4)', '(28, 16)', '(30, 13)', '(17, 16)', '(33, 6)', '(32, 16)', '(1, 10)', '(24, 12)', '(25, 11)', '(13, 12)', '(16, 8)', '(6, 6)', '(31, 8)', '(34, 7)', '(34, 16)', '(12, 13)', '(14, 10)', '(3, 10)', '(17, 9)', '(30, 6)', '(5, 16)', '(9, 14)', '(33, 8)', '(1, 3)', '(1, 12)', '(26, 11)', '(13, 14)', '(16, 10)', '(18, 16)', '(7, 16)', '(20, 10)', '(31, 10)', '(3, 3)', '(22, 16)', '(14, 12)', '(4, 11)', '(9, 16)', '(33, 10)', '(1, 5)', '(24, 16)', '(13, 16)', '(25, 15)', '(1, 14)', '(16, 12)', '(31, 12)', '(20, 12)', '(34, 11)', '(22, 9)', '(12, 8)', '(3, 5)', '(14, 14)', '(8, 13)', '(33, 12)', '(1, 7)', '(10, 10)', '(24, 9)', '(1, 16)', '(16, 14)', '(31, 14)', '(12, 10)', '(3, 7)', '(14, 16)', '(3, 16)', '(32, 6)', '(8, 6)', '(33, 14)', '(1, 9)', '(24, 11)', '(10, 12)', '(16, 16)', '(29, 10)', '(6, 8)', '(34, 6)', '(31, 16)', '(20, 16)', '(23, 12)', '(12, 12)', '(4, 8)', '(27, 12)', '(30, 8)', '(8, 8)', '(33, 16)', '(1, 11)', '(10, 14)', '(20, 9)', '(12, 14)', '(14, 11)', '(4, 10)', '(27, 14)', '(17, 13)', '(30, 10)', '(8, 10)', '(1, 4)', '(11, 6)', '(2, 3)', '(10, 16)', '(1, 13)', '(25, 14)', '(20, 11)', '(23, 16)', '(12, 16)', '(4, 12)', '(30, 3)', '(27, 16)', '(30, 12)', '(19, 12)', '(8, 12)', '(11, 8)', '(2, 5)', '(25, 16)', '(15, 8)', '(6, 5)', '(29, 16)', '(21, 12)', '(23, 9)', '(4, 5)', '(34, 15)', '(17, 8)', '(30, 5)', '(30, 14)', '(10, 11)', '(8, 14)', '(11, 10)', '(2, 7)', '(32, 8)', '(25, 9)', '(2, 16)', '(15, 10)', '(31, 6)', '(7, 6)', '(6, 16)', '(12, 11)', '(4, 7)', '(34, 8)', '(4, 16)', '(27, 11)', '(17, 10)', '(9, 6)', '(30, 16)', '(19, 16)', '(8, 16)', '(10, 13)', '(32, 10)', '(15, 12)', '(6, 9)', '(7, 8)']",33,31,64
177,"(4, 13)","(4, 12)",North,"[('(4, 14)', 'North', 1), ('(4, 12)', 'South', 1)]","['(4, 13)', '(26, 9)', '(6, 10)', '(4, 3)', '(31, 4)', '(31, 3)']","['(26, 9)', '(4, 3)', '(6, 10)', '(31, 3)', '(31, 4)', '(4, 14)']","['(21, 16)', '(4, 9)', '(34, 10)', '(27, 13)', '(17, 12)', '(30, 9)', '(10, 6)', '(8, 9)', '(32, 12)', '(13, 8)', '(1, 15)', '(26, 14)', '(15, 14)', '(21, 9)', '(34, 12)', '(17, 14)', '(19, 11)', '(8, 11)', '(11, 7)', '(11, 16)', '(32, 14)', '(1, 8)', '(29, 6)', '(26, 16)', '(15, 16)', '(18, 12)', '(34, 14)', '(22, 12)', '(14, 8)', '(5, 5)', '(30, 4)', '(28, 16)', '(30, 13)', '(17, 16)', '(33, 6)', '(32, 16)', '(1, 10)', '(24, 12)', '(25, 11)', '(13, 12)', '(16, 8)', '(6, 6)', '(31, 8)', '(34, 7)', '(34, 16)', '(12, 13)', '(14, 10)', '(3, 10)', '(17, 9)', '(30, 6)', '(5, 16)', '(9, 14)', '(33, 8)', '(1, 3)', '(1, 12)', '(26, 11)', '(13, 14)', '(16, 10)', '(18, 16)', '(7, 16)', '(20, 10)', '(31, 10)', '(3, 3)', '(22, 16)', '(14, 12)', '(4, 11)', '(9, 16)', '(33, 10)', '(1, 5)', '(24, 16)', '(13, 16)', '(25, 15)', '(1, 14)', '(16, 12)', '(31, 12)', '(20, 12)', '(34, 11)', '(22, 9)', '(12, 8)', '(3, 5)', '(14, 14)', '(4, 13)', '(8, 13)', '(33, 12)', '(1, 7)', '(10, 10)', '(24, 9)', '(1, 16)', '(16, 14)', '(31, 14)', '(12, 10)', '(3, 7)', '(14, 16)', '(3, 16)', '(32, 6)', '(8, 6)', '(33, 14)', '(1, 9)', '(24, 11)', '(10, 12)', '(16, 16)', '(29, 10)', '(6, 8)', '(34, 6)', '(31, 16)', '(20, 16)', '(23, 12)', '(12, 12)', '(4, 8)', '(27, 12)', '(30, 8)', '(8, 8)', '(33, 16)', '(1, 11)', '(10, 14)', '(20, 9)', '(12, 14)', '(14, 11)', '(4, 10)', '(27, 14)', '(17, 13)', '(30, 10)', '(8, 10)', '(1, 4)', '(11, 6)', '(2, 3)', '(10, 16)', '(1, 13)', '(25, 14)', '(20, 11)', '(23, 16)', '(12, 16)', '(4, 12)', '(30, 3)', '(27, 16)', '(30, 12)', '(19, 12)', '(8, 12)', '(11, 8)', '(2, 5)', '(25, 16)', '(15, 8)', '(6, 5)', '(29, 16)', '(21, 12)', '(23, 9)', '(4, 5)', '(34, 15)', '(17, 8)', '(30, 5)', '(30, 14)', '(10, 11)', '(8, 14)', '(11, 10)', '(2, 7)', '(32, 8)', '(25, 9)', '(2, 16)', '(15, 10)', '(31, 6)', '(7, 6)', '(6, 16)', '(12, 11)', '(4, 7)', '(34, 8)', '(4, 16)', '(27, 11)', '(17, 10)', '(9, 6)', '(30, 16)', '(19, 16)', '(8, 16)', '(10, 13)', '(32, 10)', '(15, 12)', '(6, 9)', '(7, 8)']",51,15,66
178,"(26, 9)","(25, 9)",East,"[('(27, 9)', 'East', 1), ('(25, 9)', 'West', 1)]","['(26, 9)', '(4, 3)', '(6, 10)', '(31, 3)', '(31, 4)', '(4, 14)']","['(4, 3)', '(31, 4)', '(6, 10)', '(31, 3)', '(4, 14)', '(27, 9)']","['(21, 16)', '(4, 9)', '(34, 10)', '(27, 13)', '(17, 12)', '(30, 9)', '(10, 6)', '(8, 9)', '(32, 12)', '(13, 8)', '(1, 15)', '(26, 14)', '(15, 14)', '(21, 9)', '(34, 12)', '(17, 14)', '(19, 11)', '(8, 11)', '(11, 7)', '(11, 16)', '(32, 14)', '(1, 8)', '(29, 6)', '(26, 16)', '(15, 16)', '(18, 12)', '(34, 14)', '(22, 12)', '(14, 8)', '(5, 5)', '(30, 4)', '(28, 16)', '(30, 13)', '(17, 16)', '(33, 6)', '(32, 16)', '(1, 10)', '(24, 12)', '(25, 11)', '(13, 12)', '(16, 8)', '(6, 6)', '(26, 9)', '(31, 8)', '(34, 7)', '(34, 16)', '(12, 13)', '(14, 10)', '(3, 10)', '(17, 9)', '(30, 6)', '(5, 16)', '(9, 14)', '(33, 8)', '(1, 3)', '(1, 12)', '(26, 11)', '(13, 14)', '(16, 10)', '(18, 16)', '(7, 16)', '(20, 10)', '(31, 10)', '(3, 3)', '(22, 16)', '(14, 12)', '(4, 11)', '(9, 16)', '(33, 10)', '(1, 5)', '(24, 16)', '(13, 16)', '(25, 15)', '(1, 14)', '(16, 12)', '(31, 12)', '(20, 12)', '(34, 11)', '(22, 9)', '(12, 8)', '(3, 5)', '(14, 14)', '(4, 13)', '(8, 13)', '(33, 12)', '(1, 7)', '(10, 10)', '(24, 9)', '(1, 16)', '(16, 14)', '(31, 14)', '(12, 10)', '(3, 7)', '(14, 16)', '(3, 16)', '(32, 6)', '(8, 6)', '(33, 14)', '(1, 9)', '(24, 11)', '(10, 12)', '(16, 16)', '(29, 10)', '(6, 8)', '(34, 6)', '(31, 16)', '(20, 16)', '(23, 12)', '(12, 12)', '(4, 8)', '(27, 12)', '(30, 8)', '(8, 8)', '(33, 16)', '(1, 11)', '(10, 14)', '(20, 9)', '(12, 14)', '(14, 11)', '(4, 10)', '(27, 14)', '(17, 13)', '(30, 10)', '(8, 10)', '(1, 4)', '(11, 6)', '(2, 3)', '(10, 16)', '(1, 13)', '(25, 14)', '(20, 11)', '(23, 16)', '(12, 16)', '(4, 12)', '(30, 3)', '(27, 16)', '(30, 12)', '(19, 12)', '(8, 12)', '(11, 8)', '(2, 5)', '(25, 16)', '(15, 8)', '(6, 5)', '(29, 16)', '(21, 12)', '(23, 9)', '(4, 5)', '(34, 15)', '(17, 8)', '(30, 5)', '(30, 14)', '(10, 11)', '(8, 14)', '(11, 10)', '(2, 7)', '(32, 8)', '(25, 9)', '(2, 16)', '(15, 10)', '(31, 6)', '(7, 6)', '(6, 16)', '(12, 11)', '(4, 7)', '(34, 8)', '(4, 16)', '(27, 11)', '(17, 10)', '(9, 6)', '(30, 16)', '(19, 16)', '(8, 16)', '(10, 13)', '(32, 10)', '(15, 12)', '(6, 9)', '(7, 8)']",33,33,66
179,"(4, 3)","(3, 3)",East,"[('(5, 3)', 'East', 1), ('(3, 3)', 'West', 1)]","['(4, 3)', '(31, 4)', '(6, 10)', '(31, 3)', '(4, 14)', '(27, 9)']","['(6, 10)', '(31, 4)', '(27, 9)', '(31, 3)', '(4, 14)', '(5, 3)']","['(21, 16)', '(4, 9)', '(34, 10)', '(27, 13)', '(17, 12)', '(30, 9)', '(10, 6)', '(8, 9)', '(32, 12)', '(13, 8)', '(1, 15)', '(26, 14)', '(15, 14)', '(21, 9)', '(34, 12)', '(17, 14)', '(19, 11)', '(8, 11)', '(11, 7)', '(11, 16)', '(32, 14)', '(1, 8)', '(29, 6)', '(26, 16)', '(15, 16)', '(18, 12)', '(34, 14)', '(22, 12)', '(14, 8)', '(5, 5)', '(30, 4)', '(28, 16)', '(30, 13)', '(17, 16)', '(33, 6)', '(32, 16)', '(1, 10)', '(24, 12)', '(25, 11)', '(13, 12)', '(16, 8)', '(6, 6)', '(26, 9)', '(31, 8)', '(34, 7)', '(34, 16)', '(12, 13)', '(14, 10)', '(3, 10)', '(17, 9)', '(30, 6)', '(5, 16)', '(9, 14)', '(33, 8)', '(1, 3)', '(1, 12)', '(26, 11)', '(13, 14)', '(16, 10)', '(18, 16)', '(7, 16)', '(20, 10)', '(31, 10)', '(3, 3)', '(22, 16)', '(14, 12)', '(4, 11)', '(9, 16)', '(33, 10)', '(1, 5)', '(24, 16)', '(13, 16)', '(25, 15)', '(1, 14)', '(16, 12)', '(31, 12)', '(20, 12)', '(34, 11)', '(22, 9)', '(12, 8)', '(3, 5)', '(14, 14)', '(4, 13)', '(8, 13)', '(33, 12)', '(1, 7)', '(10, 10)', '(24, 9)', '(1, 16)', '(16, 14)', '(31, 14)', '(12, 10)', '(3, 7)', '(14, 16)', '(3, 16)', '(32, 6)', '(8, 6)', '(33, 14)', '(1, 9)', '(24, 11)', '(10, 12)', '(16, 16)', '(29, 10)', '(6, 8)', '(34, 6)', '(31, 16)', '(20, 16)', '(23, 12)', '(12, 12)', '(4, 8)', '(27, 12)', '(30, 8)', '(8, 8)', '(33, 16)', '(1, 11)', '(10, 14)', '(20, 9)', '(12, 14)', '(14, 11)', '(4, 10)', '(27, 14)', '(17, 13)', '(30, 10)', '(8, 10)', '(1, 4)', '(11, 6)', '(2, 3)', '(10, 16)', '(1, 13)', '(25, 14)', '(20, 11)', '(4, 3)', '(23, 16)', '(12, 16)', '(4, 12)', '(30, 3)', '(27, 16)', '(30, 12)', '(19, 12)', '(8, 12)', '(11, 8)', '(2, 5)', '(25, 16)', '(15, 8)', '(6, 5)', '(29, 16)', '(21, 12)', '(23, 9)', '(4, 5)', '(34, 15)', '(17, 8)', '(30, 5)', '(30, 14)', '(10, 11)', '(8, 14)', '(11, 10)', '(2, 7)', '(32, 8)', '(25, 9)', '(2, 16)', '(15, 10)', '(31, 6)', '(7, 6)', '(6, 16)', '(12, 11)', '(4, 7)', '(34, 8)', '(4, 16)', '(27, 11)', '(17, 10)', '(9, 6)', '(30, 16)', '(19, 16)', '(8, 16)', '(10, 13)', '(32, 10)', '(15, 12)', '(6, 9)', '(7, 8)']",61,5,66
180,"(6, 10)","(6, 9)",North,"[('(6, 11)', 'North', 1), ('(6, 9)', 'South', 1)]","['(6, 10)', '(31, 4)', '(27, 9)', '(31, 3)', '(4, 14)', '(5, 3)']","['(31, 4)', '(31, 3)', '(27, 9)', '(5, 3)', '(4, 14)', '(6, 11)']","['(21, 16)', '(4, 9)', '(34, 10)', '(27, 13)', '(17, 12)', '(30, 9)', '(10, 6)', '(8, 9)', '(32, 12)', '(13, 8)', '(1, 15)', '(26, 14)', '(15, 14)', '(21, 9)', '(34, 12)', '(17, 14)', '(19, 11)', '(8, 11)', '(11, 7)', '(11, 16)', '(32, 14)', '(1, 8)', '(29, 6)', '(26, 16)', '(15, 16)', '(18, 12)', '(34, 14)', '(22, 12)', '(14, 8)', '(5, 5)', '(30, 4)', '(28, 16)', '(30, 13)', '(17, 16)', '(33, 6)', '(32, 16)', '(1, 10)', '(24, 12)', '(25, 11)', '(13, 12)', '(16, 8)', '(6, 6)', '(26, 9)', '(31, 8)', '(34, 7)', '(34, 16)', '(12, 13)', '(14, 10)', '(3, 10)', '(17, 9)', '(30, 6)', '(5, 16)', '(9, 14)', '(33, 8)', '(1, 3)', '(1, 12)', '(26, 11)', '(13, 14)', '(16, 10)', '(18, 16)', '(7, 16)', '(20, 10)', '(31, 10)', '(3, 3)', '(22, 16)', '(14, 12)', '(4, 11)', '(9, 16)', '(33, 10)', '(1, 5)', '(24, 16)', '(13, 16)', '(25, 15)', '(1, 14)', '(16, 12)', '(31, 12)', '(20, 12)', '(34, 11)', '(22, 9)', '(12, 8)', '(3, 5)', '(14, 14)', '(4, 13)', '(8, 13)', '(33, 12)', '(1, 7)', '(10, 10)', '(24, 9)', '(1, 16)', '(16, 14)', '(31, 14)', '(12, 10)', '(3, 7)', '(14, 16)', '(3, 16)', '(32, 6)', '(8, 6)', '(33, 14)', '(1, 9)', '(24, 11)', '(10, 12)', '(16, 16)', '(29, 10)', '(6, 8)', '(34, 6)', '(31, 16)', '(20, 16)', '(23, 12)', '(12, 12)', '(4, 8)', '(27, 12)', '(30, 8)', '(8, 8)', '(33, 16)', '(1, 11)', '(10, 14)', '(6, 10)', '(20, 9)', '(12, 14)', '(14, 11)', '(4, 10)', '(27, 14)', '(17, 13)', '(30, 10)', '(8, 10)', '(1, 4)', '(11, 6)', '(2, 3)', '(10, 16)', '(1, 13)', '(25, 14)', '(20, 11)', '(4, 3)', '(23, 16)', '(12, 16)', '(4, 12)', '(30, 3)', '(27, 16)', '(30, 12)', '(19, 12)', '(8, 12)', '(11, 8)', '(2, 5)', '(25, 16)', '(15, 8)', '(6, 5)', '(29, 16)', '(21, 12)', '(23, 9)', '(4, 5)', '(34, 15)', '(17, 8)', '(30, 5)', '(30, 14)', '(10, 11)', '(8, 14)', '(11, 10)', '(2, 7)', '(32, 8)', '(25, 9)', '(2, 16)', '(15, 10)', '(31, 6)', '(7, 6)', '(6, 16)', '(12, 11)', '(4, 7)', '(34, 8)', '(4, 16)', '(27, 11)', '(17, 10)', '(9, 6)', '(30, 16)', '(19, 16)', '(8, 16)', '(10, 13)', '(32, 10)', '(15, 12)', '(6, 9)', '(7, 8)']",52,14,66
181,"(31, 4)","(30, 4)",East,"[('(31, 3)', 'South', 1), ('(32, 4)', 'East', 1), ('(30, 4)', 'West', 1)]","['(31, 4)', '(31, 3)', '(27, 9)', '(5, 3)', '(4, 14)', '(6, 11)']","['(31, 3)', '(4, 14)', '(27, 9)', '(5, 3)', '(6, 11)', '(32, 4)']","['(21, 16)', '(4, 9)', '(34, 10)', '(27, 13)', '(17, 12)', '(30, 9)', '(10, 6)', '(8, 9)', '(32, 12)', '(13, 8)', '(1, 15)', '(26, 14)', '(15, 14)', '(21, 9)', '(34, 12)', '(17, 14)', '(19, 11)', '(8, 11)', '(11, 7)', '(11, 16)', '(32, 14)', '(1, 8)', '(29, 6)', '(26, 16)', '(15, 16)', '(18, 12)', '(34, 14)', '(22, 12)', '(14, 8)', '(5, 5)', '(30, 4)', '(28, 16)', '(30, 13)', '(17, 16)', '(33, 6)', '(32, 16)', '(1, 10)', '(24, 12)', '(25, 11)', '(13, 12)', '(16, 8)', '(6, 6)', '(26, 9)', '(31, 8)', '(34, 7)', '(34, 16)', '(12, 13)', '(14, 10)', '(3, 10)', '(17, 9)', '(30, 6)', '(5, 16)', '(9, 14)', '(33, 8)', '(1, 3)', '(1, 12)', '(26, 11)', '(13, 14)', '(16, 10)', '(18, 16)', '(7, 16)', '(20, 10)', '(31, 10)', '(3, 3)', '(22, 16)', '(14, 12)', '(4, 11)', '(9, 16)', '(33, 10)', '(1, 5)', '(24, 16)', '(13, 16)', '(25, 15)', '(1, 14)', '(16, 12)', '(31, 12)', '(20, 12)', '(34, 11)', '(22, 9)', '(12, 8)', '(3, 5)', '(14, 14)', '(4, 13)', '(8, 13)', '(33, 12)', '(1, 7)', '(10, 10)', '(24, 9)', '(1, 16)', '(16, 14)', '(31, 14)', '(12, 10)', '(3, 7)', '(14, 16)', '(3, 16)', '(32, 6)', '(8, 6)', '(33, 14)', '(1, 9)', '(24, 11)', '(10, 12)', '(16, 16)', '(29, 10)', '(6, 8)', '(34, 6)', '(31, 16)', '(20, 16)', '(23, 12)', '(12, 12)', '(4, 8)', '(27, 12)', '(30, 8)', '(8, 8)', '(33, 16)', '(1, 11)', '(10, 14)', '(6, 10)', '(20, 9)', '(12, 14)', '(14, 11)', '(4, 10)', '(27, 14)', '(17, 13)', '(30, 10)', '(8, 10)', '(1, 4)', '(11, 6)', '(2, 3)', '(10, 16)', '(1, 13)', '(25, 14)', '(20, 11)', '(4, 3)', '(23, 16)', '(12, 16)', '(4, 12)', '(30, 3)', '(27, 16)', '(30, 12)', '(19, 12)', '(8, 12)', '(11, 8)', '(2, 5)', '(25, 16)', '(15, 8)', '(6, 5)', '(31, 4)', '(29, 16)', '(21, 12)', '(23, 9)', '(4, 5)', '(34, 15)', '(17, 8)', '(30, 5)', '(30, 14)', '(10, 11)', '(8, 14)', '(11, 10)', '(2, 7)', '(32, 8)', '(25, 9)', '(2, 16)', '(15, 10)', '(31, 6)', '(7, 6)', '(6, 16)', '(12, 11)', '(4, 7)', '(34, 8)', '(4, 16)', '(27, 11)', '(17, 10)', '(9, 6)', '(30, 16)', '(19, 16)', '(8, 16)', '(10, 13)', '(32, 10)', '(15, 12)', '(6, 9)', '(7, 8)']",33,33,66
182,"(31, 3)","(30, 3)",East,"[('(31, 4)', 'North', 1), ('(30, 3)', 'West', 1)]","['(31, 3)', '(4, 14)', '(27, 9)', '(5, 3)', '(6, 11)', '(32, 4)']","['(4, 14)', '(5, 3)', '(27, 9)', '(32, 4)', '(6, 11)']","['(21, 16)', '(4, 9)', '(34, 10)', '(27, 13)', '(17, 12)', '(30, 9)', '(10, 6)', '(8, 9)', '(32, 12)', '(13, 8)', '(1, 15)', '(26, 14)', '(15, 14)', '(21, 9)', '(34, 12)', '(17, 14)', '(19, 11)', '(8, 11)', '(11, 7)', '(11, 16)', '(32, 14)', '(1, 8)', '(29, 6)', '(26, 16)', '(15, 16)', '(18, 12)', '(34, 14)', '(22, 12)', '(14, 8)', '(5, 5)', '(30, 4)', '(28, 16)', '(30, 13)', '(17, 16)', '(33, 6)', '(32, 16)', '(1, 10)', '(24, 12)', '(25, 11)', '(13, 12)', '(16, 8)', '(6, 6)', '(26, 9)', '(31, 8)', '(34, 7)', '(34, 16)', '(12, 13)', '(14, 10)', '(3, 10)', '(17, 9)', '(30, 6)', '(5, 16)', '(9, 14)', '(33, 8)', '(1, 3)', '(1, 12)', '(26, 11)', '(13, 14)', '(16, 10)', '(18, 16)', '(7, 16)', '(20, 10)', '(31, 10)', '(3, 3)', '(22, 16)', '(14, 12)', '(4, 11)', '(9, 16)', '(33, 10)', '(1, 5)', '(24, 16)', '(13, 16)', '(25, 15)', '(1, 14)', '(16, 12)', '(31, 3)', '(31, 12)', '(20, 12)', '(34, 11)', '(22, 9)', '(12, 8)', '(3, 5)', '(14, 14)', '(4, 13)', '(8, 13)', '(33, 12)', '(1, 7)', '(10, 10)', '(24, 9)', '(1, 16)', '(16, 14)', '(31, 14)', '(12, 10)', '(3, 7)', '(14, 16)', '(3, 16)', '(32, 6)', '(8, 6)', '(33, 14)', '(1, 9)', '(24, 11)', '(10, 12)', '(16, 16)', '(29, 10)', '(6, 8)', '(34, 6)', '(31, 16)', '(20, 16)', '(23, 12)', '(12, 12)', '(4, 8)', '(27, 12)', '(30, 8)', '(8, 8)', '(33, 16)', '(1, 11)', '(10, 14)', '(6, 10)', '(20, 9)', '(12, 14)', '(14, 11)', '(4, 10)', '(27, 14)', '(17, 13)', '(30, 10)', '(8, 10)', '(1, 4)', '(11, 6)', '(2, 3)', '(10, 16)', '(1, 13)', '(25, 14)', '(20, 11)', '(4, 3)', '(23, 16)', '(12, 16)', '(4, 12)', '(30, 3)', '(27, 16)', '(30, 12)', '(19, 12)', '(8, 12)', '(11, 8)', '(2, 5)', '(25, 16)', '(15, 8)', '(6, 5)', '(31, 4)', '(29, 16)', '(21, 12)', '(23, 9)', '(4, 5)', '(34, 15)', '(17, 8)', '(30, 5)', '(30, 14)', '(10, 11)', '(8, 14)', '(11, 10)', '(2, 7)', '(32, 8)', '(25, 9)', '(2, 16)', '(15, 10)', '(31, 6)', '(7, 6)', '(6, 16)', '(12, 11)', '(4, 7)', '(34, 8)', '(4, 16)', '(27, 11)', '(17, 10)', '(9, 6)', '(30, 16)', '(19, 16)', '(8, 16)', '(10, 13)', '(32, 10)', '(15, 12)', '(6, 9)', '(7, 8)']",34,32,66
183,"(4, 14)","(4, 13)",North,"[('(4, 13)', 'South', 1), ('(5, 14)', 'East', 1)]","['(4, 14)', '(5, 3)', '(27, 9)', '(32, 4)', '(6, 11)']","['(27, 9)', '(5, 3)', '(6, 11)', '(32, 4)', '(5, 14)']","['(21, 16)', '(4, 9)', '(34, 10)', '(27, 13)', '(17, 12)', '(30, 9)', '(10, 6)', '(8, 9)', '(32, 12)', '(13, 8)', '(1, 15)', '(26, 14)', '(15, 14)', '(21, 9)', '(34, 12)', '(17, 14)', '(19, 11)', '(8, 11)', '(11, 7)', '(11, 16)', '(32, 14)', '(1, 8)', '(29, 6)', '(26, 16)', '(15, 16)', '(18, 12)', '(34, 14)', '(22, 12)', '(14, 8)', '(5, 5)', '(30, 4)', '(28, 16)', '(30, 13)', '(17, 16)', '(33, 6)', '(32, 16)', '(1, 10)', '(24, 12)', '(25, 11)', '(13, 12)', '(16, 8)', '(6, 6)', '(26, 9)', '(31, 8)', '(34, 7)', '(34, 16)', '(12, 13)', '(14, 10)', '(3, 10)', '(17, 9)', '(30, 6)', '(5, 16)', '(9, 14)', '(33, 8)', '(1, 3)', '(1, 12)', '(26, 11)', '(13, 14)', '(16, 10)', '(18, 16)', '(7, 16)', '(20, 10)', '(31, 10)', '(3, 3)', '(22, 16)', '(14, 12)', '(4, 11)', '(9, 16)', '(33, 10)', '(1, 5)', '(24, 16)', '(13, 16)', '(25, 15)', '(1, 14)', '(16, 12)', '(31, 3)', '(31, 12)', '(20, 12)', '(34, 11)', '(22, 9)', '(12, 8)', '(3, 5)', '(14, 14)', '(4, 13)', '(8, 13)', '(33, 12)', '(1, 7)', '(10, 10)', '(24, 9)', '(1, 16)', '(16, 14)', '(31, 14)', '(12, 10)', '(3, 7)', '(14, 16)', '(3, 16)', '(32, 6)', '(8, 6)', '(33, 14)', '(1, 9)', '(24, 11)', '(10, 12)', '(16, 16)', '(29, 10)', '(6, 8)', '(34, 6)', '(31, 16)', '(20, 16)', '(23, 12)', '(12, 12)', '(4, 8)', '(27, 12)', '(30, 8)', '(8, 8)', '(33, 16)', '(1, 11)', '(10, 14)', '(6, 10)', '(20, 9)', '(12, 14)', '(14, 11)', '(4, 10)', '(27, 14)', '(17, 13)', '(30, 10)', '(8, 10)', '(1, 4)', '(11, 6)', '(2, 3)', '(10, 16)', '(1, 13)', '(25, 14)', '(20, 11)', '(4, 3)', '(23, 16)', '(12, 16)', '(4, 12)', '(30, 3)', '(27, 16)', '(30, 12)', '(19, 12)', '(8, 12)', '(11, 8)', '(2, 5)', '(25, 16)', '(15, 8)', '(6, 5)', '(31, 4)', '(29, 16)', '(21, 12)', '(23, 9)', '(4, 5)', '(4, 14)', '(34, 15)', '(17, 8)', '(30, 5)', '(30, 14)', '(10, 11)', '(8, 14)', '(11, 10)', '(2, 7)', '(32, 8)', '(25, 9)', '(2, 16)', '(15, 10)', '(31, 6)', '(7, 6)', '(6, 16)', '(12, 11)', '(4, 7)', '(34, 8)', '(4, 16)', '(27, 11)', '(17, 10)', '(9, 6)', '(30, 16)', '(19, 16)', '(8, 16)', '(10, 13)', '(32, 10)', '(15, 12)', '(6, 9)', '(7, 8)']",52,16,68
184,"(27, 9)","(26, 9)",East,"[('(27, 8)', 'South', 1), ('(26, 9)', 'West', 1)]","['(27, 9)', '(5, 3)', '(6, 11)', '(32, 4)', '(5, 14)']","['(5, 3)', '(32, 4)', '(6, 11)', '(5, 14)', '(27, 8)']","['(21, 16)', '(4, 9)', '(34, 10)', '(27, 13)', '(17, 12)', '(30, 9)', '(10, 6)', '(8, 9)', '(32, 12)', '(13, 8)', '(1, 15)', '(26, 14)', '(15, 14)', '(21, 9)', '(34, 12)', '(17, 14)', '(19, 11)', '(8, 11)', '(11, 7)', '(11, 16)', '(32, 14)', '(1, 8)', '(29, 6)', '(26, 16)', '(15, 16)', '(18, 12)', '(34, 14)', '(22, 12)', '(14, 8)', '(5, 5)', '(30, 4)', '(28, 16)', '(30, 13)', '(17, 16)', '(33, 6)', '(32, 16)', '(1, 10)', '(24, 12)', '(25, 11)', '(13, 12)', '(16, 8)', '(6, 6)', '(26, 9)', '(31, 8)', '(34, 7)', '(34, 16)', '(12, 13)', '(14, 10)', '(3, 10)', '(17, 9)', '(30, 6)', '(5, 16)', '(9, 14)', '(33, 8)', '(1, 3)', '(1, 12)', '(26, 11)', '(13, 14)', '(16, 10)', '(18, 16)', '(7, 16)', '(20, 10)', '(31, 10)', '(3, 3)', '(22, 16)', '(14, 12)', '(4, 11)', '(9, 16)', '(33, 10)', '(1, 5)', '(24, 16)', '(13, 16)', '(25, 15)', '(1, 14)', '(16, 12)', '(31, 3)', '(31, 12)', '(20, 12)', '(34, 11)', '(22, 9)', '(12, 8)', '(3, 5)', '(14, 14)', '(4, 13)', '(8, 13)', '(33, 12)', '(1, 7)', '(10, 10)', '(24, 9)', '(1, 16)', '(16, 14)', '(31, 14)', '(12, 10)', '(3, 7)', '(14, 16)', '(3, 16)', '(32, 6)', '(8, 6)', '(33, 14)', '(1, 9)', '(24, 11)', '(10, 12)', '(16, 16)', '(29, 10)', '(6, 8)', '(34, 6)', '(31, 16)', '(20, 16)', '(23, 12)', '(12, 12)', '(4, 8)', '(27, 12)', '(30, 8)', '(8, 8)', '(33, 16)', '(1, 11)', '(10, 14)', '(6, 10)', '(20, 9)', '(12, 14)', '(14, 11)', '(4, 10)', '(27, 14)', '(17, 13)', '(30, 10)', '(8, 10)', '(1, 4)', '(11, 6)', '(2, 3)', '(10, 16)', '(1, 13)', '(25, 14)', '(20, 11)', '(4, 3)', '(23, 16)', '(12, 16)', '(4, 12)', '(30, 3)', '(27, 16)', '(30, 12)', '(19, 12)', '(8, 12)', '(11, 8)', '(2, 5)', '(25, 16)', '(15, 8)', '(6, 5)', '(31, 4)', '(29, 16)', '(21, 12)', '(23, 9)', '(4, 5)', '(4, 14)', '(34, 15)', '(27, 9)', '(17, 8)', '(30, 5)', '(30, 14)', '(10, 11)', '(8, 14)', '(11, 10)', '(2, 7)', '(32, 8)', '(25, 9)', '(2, 16)', '(15, 10)', '(31, 6)', '(7, 6)', '(6, 16)', '(12, 11)', '(4, 7)', '(34, 8)', '(4, 16)', '(27, 11)', '(17, 10)', '(9, 6)', '(30, 16)', '(19, 16)', '(8, 16)', '(10, 13)', '(32, 10)', '(15, 12)', '(6, 9)', '(7, 8)']",34,34,68
185,"(5, 3)","(4, 3)",East,"[('(6, 3)', 'East', 1), ('(4, 3)', 'West', 1)]","['(5, 3)', '(32, 4)', '(6, 11)', '(5, 14)', '(27, 8)']","['(6, 11)', '(32, 4)', '(27, 8)', '(5, 14)', '(6, 3)']","['(21, 16)', '(4, 9)', '(34, 10)', '(27, 13)', '(17, 12)', '(30, 9)', '(10, 6)', '(8, 9)', '(32, 12)', '(13, 8)', '(1, 15)', '(26, 14)', '(15, 14)', '(21, 9)', '(34, 12)', '(5, 3)', '(17, 14)', '(19, 11)', '(8, 11)', '(11, 7)', '(11, 16)', '(32, 14)', '(1, 8)', '(29, 6)', '(26, 16)', '(15, 16)', '(18, 12)', '(34, 14)', '(22, 12)', '(14, 8)', '(5, 5)', '(30, 4)', '(28, 16)', '(30, 13)', '(17, 16)', '(33, 6)', '(32, 16)', '(1, 10)', '(24, 12)', '(25, 11)', '(13, 12)', '(16, 8)', '(6, 6)', '(26, 9)', '(31, 8)', '(34, 7)', '(34, 16)', '(12, 13)', '(14, 10)', '(3, 10)', '(17, 9)', '(30, 6)', '(5, 16)', '(9, 14)', '(33, 8)', '(1, 3)', '(1, 12)', '(26, 11)', '(13, 14)', '(16, 10)', '(18, 16)', '(7, 16)', '(20, 10)', '(31, 10)', '(3, 3)', '(22, 16)', '(14, 12)', '(4, 11)', '(9, 16)', '(33, 10)', '(1, 5)', '(24, 16)', '(13, 16)', '(25, 15)', '(1, 14)', '(16, 12)', '(31, 3)', '(31, 12)', '(20, 12)', '(34, 11)', '(22, 9)', '(12, 8)', '(3, 5)', '(14, 14)', '(4, 13)', '(8, 13)', '(33, 12)', '(1, 7)', '(10, 10)', '(24, 9)', '(1, 16)', '(16, 14)', '(31, 14)', '(12, 10)', '(3, 7)', '(14, 16)', '(3, 16)', '(32, 6)', '(8, 6)', '(33, 14)', '(1, 9)', '(24, 11)', '(10, 12)', '(16, 16)', '(29, 10)', '(6, 8)', '(34, 6)', '(31, 16)', '(20, 16)', '(23, 12)', '(12, 12)', '(4, 8)', '(27, 12)', '(30, 8)', '(8, 8)', '(33, 16)', '(1, 11)', '(10, 14)', '(6, 10)', '(20, 9)', '(12, 14)', '(14, 11)', '(4, 10)', '(27, 14)', '(17, 13)', '(30, 10)', '(8, 10)', '(1, 4)', '(11, 6)', '(2, 3)', '(10, 16)', '(1, 13)', '(25, 14)', '(20, 11)', '(4, 3)', '(23, 16)', '(12, 16)', '(4, 12)', '(30, 3)', '(27, 16)', '(30, 12)', '(19, 12)', '(8, 12)', '(11, 8)', '(2, 5)', '(25, 16)', '(15, 8)', '(6, 5)', '(31, 4)', '(29, 16)', '(21, 12)', '(23, 9)', '(4, 5)', '(4, 14)', '(34, 15)', '(27, 9)', '(17, 8)', '(30, 5)', '(30, 14)', '(10, 11)', '(8, 14)', '(11, 10)', '(2, 7)', '(32, 8)', '(25, 9)', '(2, 16)', '(15, 10)', '(31, 6)', '(7, 6)', '(6, 16)', '(12, 11)', '(4, 7)', '(34, 8)', '(4, 16)', '(27, 11)', '(17, 10)', '(9, 6)', '(30, 16)', '(19, 16)', '(8, 16)', '(10, 13)', '(32, 10)', '(15, 12)', '(6, 9)', '(7, 8)']",62,6,68
186,"(6, 11)","(6, 10)",North,"[('(6, 12)', 'North', 1), ('(6, 10)', 'South', 1)]","['(6, 11)', '(32, 4)', '(27, 8)', '(5, 14)', '(6, 3)']","['(32, 4)', '(5, 14)', '(27, 8)', '(6, 3)', '(6, 12)']","['(21, 16)', '(4, 9)', '(34, 10)', '(27, 13)', '(17, 12)', '(30, 9)', '(10, 6)', '(8, 9)', '(32, 12)', '(13, 8)', '(1, 15)', '(26, 14)', '(15, 14)', '(6, 11)', '(21, 9)', '(34, 12)', '(5, 3)', '(17, 14)', '(19, 11)', '(8, 11)', '(11, 7)', '(11, 16)', '(32, 14)', '(1, 8)', '(29, 6)', '(26, 16)', '(15, 16)', '(18, 12)', '(34, 14)', '(22, 12)', '(14, 8)', '(5, 5)', '(30, 4)', '(28, 16)', '(30, 13)', '(17, 16)', '(33, 6)', '(32, 16)', '(1, 10)', '(24, 12)', '(25, 11)', '(13, 12)', '(16, 8)', '(6, 6)', '(26, 9)', '(31, 8)', '(34, 7)', '(34, 16)', '(12, 13)', '(14, 10)', '(3, 10)', '(17, 9)', '(30, 6)', '(5, 16)', '(9, 14)', '(33, 8)', '(1, 3)', '(1, 12)', '(26, 11)', '(13, 14)', '(16, 10)', '(18, 16)', '(7, 16)', '(20, 10)', '(31, 10)', '(3, 3)', '(22, 16)', '(14, 12)', '(4, 11)', '(9, 16)', '(33, 10)', '(1, 5)', '(24, 16)', '(13, 16)', '(25, 15)', '(1, 14)', '(16, 12)', '(31, 3)', '(31, 12)', '(20, 12)', '(34, 11)', '(22, 9)', '(12, 8)', '(3, 5)', '(14, 14)', '(4, 13)', '(8, 13)', '(33, 12)', '(1, 7)', '(10, 10)', '(24, 9)', '(1, 16)', '(16, 14)', '(31, 14)', '(12, 10)', '(3, 7)', '(14, 16)', '(3, 16)', '(32, 6)', '(8, 6)', '(33, 14)', '(1, 9)', '(24, 11)', '(10, 12)', '(16, 16)', '(29, 10)', '(6, 8)', '(34, 6)', '(31, 16)', '(20, 16)', '(23, 12)', '(12, 12)', '(4, 8)', '(27, 12)', '(30, 8)', '(8, 8)', '(33, 16)', '(1, 11)', '(10, 14)', '(6, 10)', '(20, 9)', '(12, 14)', '(14, 11)', '(4, 10)', '(27, 14)', '(17, 13)', '(30, 10)', '(8, 10)', '(1, 4)', '(11, 6)', '(2, 3)', '(10, 16)', '(1, 13)', '(25, 14)', '(20, 11)', '(4, 3)', '(23, 16)', '(12, 16)', '(4, 12)', '(30, 3)', '(27, 16)', '(30, 12)', '(19, 12)', '(8, 12)', '(11, 8)', '(2, 5)', '(25, 16)', '(15, 8)', '(6, 5)', '(31, 4)', '(29, 16)', '(21, 12)', '(23, 9)', '(4, 5)', '(4, 14)', '(34, 15)', '(27, 9)', '(17, 8)', '(30, 5)', '(30, 14)', '(10, 11)', '(8, 14)', '(11, 10)', '(2, 7)', '(32, 8)', '(25, 9)', '(2, 16)', '(15, 10)', '(31, 6)', '(7, 6)', '(6, 16)', '(12, 11)', '(4, 7)', '(34, 8)', '(4, 16)', '(27, 11)', '(17, 10)', '(9, 6)', '(30, 16)', '(19, 16)', '(8, 16)', '(10, 13)', '(32, 10)', '(15, 12)', '(6, 9)', '(7, 8)']",53,15,68
187,"(32, 4)","(31, 4)",East,"[('(33, 4)', 'East', 1), ('(31, 4)', 'West', 1)]","['(32, 4)', '(5, 14)', '(27, 8)', '(6, 3)', '(6, 12)']","['(27, 8)', '(5, 14)', '(6, 12)', '(6, 3)', '(33, 4)']","['(21, 16)', '(4, 9)', '(34, 10)', '(27, 13)', '(17, 12)', '(30, 9)', '(10, 6)', '(8, 9)', '(32, 12)', '(13, 8)', '(1, 15)', '(26, 14)', '(15, 14)', '(6, 11)', '(21, 9)', '(34, 12)', '(5, 3)', '(17, 14)', '(19, 11)', '(8, 11)', '(11, 7)', '(11, 16)', '(32, 14)', '(1, 8)', '(29, 6)', '(26, 16)', '(15, 16)', '(18, 12)', '(34, 14)', '(22, 12)', '(14, 8)', '(5, 5)', '(30, 4)', '(28, 16)', '(30, 13)', '(17, 16)', '(33, 6)', '(32, 16)', '(1, 10)', '(24, 12)', '(25, 11)', '(13, 12)', '(16, 8)', '(6, 6)', '(26, 9)', '(31, 8)', '(34, 7)', '(34, 16)', '(12, 13)', '(14, 10)', '(3, 10)', '(17, 9)', '(30, 6)', '(5, 16)', '(9, 14)', '(33, 8)', '(1, 3)', '(1, 12)', '(26, 11)', '(13, 14)', '(16, 10)', '(18, 16)', '(7, 16)', '(20, 10)', '(31, 10)', '(3, 3)', '(22, 16)', '(14, 12)', '(4, 11)', '(9, 16)', '(33, 10)', '(1, 5)', '(24, 16)', '(13, 16)', '(25, 15)', '(1, 14)', '(16, 12)', '(31, 3)', '(31, 12)', '(20, 12)', '(34, 11)', '(22, 9)', '(12, 8)', '(3, 5)', '(14, 14)', '(4, 13)', '(32, 4)', '(8, 13)', '(33, 12)', '(1, 7)', '(10, 10)', '(24, 9)', '(1, 16)', '(16, 14)', '(31, 14)', '(12, 10)', '(3, 7)', '(14, 16)', '(3, 16)', '(32, 6)', '(8, 6)', '(33, 14)', '(1, 9)', '(24, 11)', '(10, 12)', '(16, 16)', '(29, 10)', '(6, 8)', '(34, 6)', '(31, 16)', '(20, 16)', '(23, 12)', '(12, 12)', '(4, 8)', '(27, 12)', '(30, 8)', '(8, 8)', '(33, 16)', '(1, 11)', '(10, 14)', '(6, 10)', '(20, 9)', '(12, 14)', '(14, 11)', '(4, 10)', '(27, 14)', '(17, 13)', '(30, 10)', '(8, 10)', '(1, 4)', '(11, 6)', '(2, 3)', '(10, 16)', '(1, 13)', '(25, 14)', '(20, 11)', '(4, 3)', '(23, 16)', '(12, 16)', '(4, 12)', '(30, 3)', '(27, 16)', '(30, 12)', '(19, 12)', '(8, 12)', '(11, 8)', '(2, 5)', '(25, 16)', '(15, 8)', '(6, 5)', '(31, 4)', '(29, 16)', '(21, 12)', '(23, 9)', '(4, 5)', '(4, 14)', '(34, 15)', '(27, 9)', '(17, 8)', '(30, 5)', '(30, 14)', '(10, 11)', '(8, 14)', '(11, 10)', '(2, 7)', '(32, 8)', '(25, 9)', '(2, 16)', '(15, 10)', '(31, 6)', '(7, 6)', '(6, 16)', '(12, 11)', '(4, 7)', '(34, 8)', '(4, 16)', '(27, 11)', '(17, 10)', '(9, 6)', '(30, 16)', '(19, 16)', '(8, 16)', '(10, 13)', '(32, 10)', '(15, 12)', '(6, 9)', '(7, 8)']",34,34,68
188,"(27, 8)","(27, 9)",South,"[('(27, 9)', 'North', 1), ('(27, 7)', 'South', 1)]","['(27, 8)', '(5, 14)', '(6, 12)', '(6, 3)', '(33, 4)']","['(27, 7)', '(5, 14)', '(6, 12)', '(33, 4)', '(6, 3)']","['(21, 16)', '(4, 9)', '(34, 10)', '(27, 13)', '(17, 12)', '(30, 9)', '(10, 6)', '(8, 9)', '(32, 12)', '(13, 8)', '(1, 15)', '(26, 14)', '(15, 14)', '(6, 11)', '(21, 9)', '(34, 12)', '(5, 3)', '(17, 14)', '(19, 11)', '(8, 11)', '(11, 7)', '(11, 16)', '(32, 14)', '(1, 8)', '(29, 6)', '(26, 16)', '(15, 16)', '(18, 12)', '(34, 14)', '(22, 12)', '(27, 8)', '(14, 8)', '(5, 5)', '(30, 4)', '(28, 16)', '(30, 13)', '(17, 16)', '(33, 6)', '(32, 16)', '(1, 10)', '(24, 12)', '(25, 11)', '(13, 12)', '(16, 8)', '(6, 6)', '(26, 9)', '(31, 8)', '(34, 7)', '(34, 16)', '(12, 13)', '(14, 10)', '(3, 10)', '(17, 9)', '(30, 6)', '(5, 16)', '(9, 14)', '(33, 8)', '(1, 3)', '(1, 12)', '(26, 11)', '(13, 14)', '(16, 10)', '(18, 16)', '(7, 16)', '(20, 10)', '(31, 10)', '(3, 3)', '(22, 16)', '(14, 12)', '(4, 11)', '(9, 16)', '(33, 10)', '(1, 5)', '(24, 16)', '(13, 16)', '(25, 15)', '(1, 14)', '(16, 12)', '(31, 3)', '(31, 12)', '(20, 12)', '(34, 11)', '(22, 9)', '(12, 8)', '(3, 5)', '(14, 14)', '(4, 13)', '(32, 4)', '(8, 13)', '(33, 12)', '(1, 7)', '(10, 10)', '(24, 9)', '(1, 16)', '(16, 14)', '(31, 14)', '(12, 10)', '(3, 7)', '(14, 16)', '(3, 16)', '(32, 6)', '(8, 6)', '(33, 14)', '(1, 9)', '(24, 11)', '(10, 12)', '(16, 16)', '(29, 10)', '(6, 8)', '(34, 6)', '(31, 16)', '(20, 16)', '(23, 12)', '(12, 12)', '(4, 8)', '(27, 12)', '(30, 8)', '(8, 8)', '(33, 16)', '(1, 11)', '(10, 14)', '(6, 10)', '(20, 9)', '(12, 14)', '(14, 11)', '(4, 10)', '(27, 14)', '(17, 13)', '(30, 10)', '(8, 10)', '(1, 4)', '(11, 6)', '(2, 3)', '(10, 16)', '(1, 13)', '(25, 14)', '(20, 11)', '(4, 3)', '(23, 16)', '(12, 16)', '(4, 12)', '(30, 3)', '(27, 16)', '(30, 12)', '(19, 12)', '(8, 12)', '(11, 8)', '(2, 5)', '(25, 16)', '(15, 8)', '(6, 5)', '(31, 4)', '(29, 16)', '(21, 12)', '(23, 9)', '(4, 5)', '(4, 14)', '(34, 15)', '(27, 9)', '(17, 8)', '(30, 5)', '(30, 14)', '(10, 11)', '(8, 14)', '(11, 10)', '(2, 7)', '(32, 8)', '(25, 9)', '(2, 16)', '(15, 10)', '(31, 6)', '(7, 6)', '(6, 16)', '(12, 11)', '(4, 7)', '(34, 8)', '(4, 16)', '(27, 11)', '(17, 10)', '(9, 6)', '(30, 16)', '(19, 16)', '(8, 16)', '(10, 13)', '(32, 10)', '(15, 12)', '(6, 9)', '(7, 8)']",35,33,68
189,"(27, 7)","(27, 8)",South,"[('(27, 8)', 'North', 1), ('(27, 6)', 'South', 1)]","['(27, 7)', '(5, 14)', '(6, 12)', '(33, 4)', '(6, 3)']","['(27, 6)', '(5, 14)', '(6, 12)', '(33, 4)', '(6, 3)']","['(21, 16)', '(4, 9)', '(34, 10)', '(27, 13)', '(17, 12)', '(30, 9)', '(10, 6)', '(8, 9)', '(32, 12)', '(13, 8)', '(1, 15)', '(26, 14)', '(15, 14)', '(6, 11)', '(21, 9)', '(34, 12)', '(5, 3)', '(17, 14)', '(19, 11)', '(8, 11)', '(11, 7)', '(11, 16)', '(32, 14)', '(1, 8)', '(29, 6)', '(26, 16)', '(15, 16)', '(18, 12)', '(34, 14)', '(22, 12)', '(27, 8)', '(14, 8)', '(5, 5)', '(30, 4)', '(28, 16)', '(30, 13)', '(17, 16)', '(33, 6)', '(32, 16)', '(1, 10)', '(24, 12)', '(25, 11)', '(13, 12)', '(16, 8)', '(6, 6)', '(26, 9)', '(31, 8)', '(34, 7)', '(34, 16)', '(12, 13)', '(14, 10)', '(3, 10)', '(17, 9)', '(30, 6)', '(5, 16)', '(9, 14)', '(33, 8)', '(1, 3)', '(1, 12)', '(26, 11)', '(13, 14)', '(16, 10)', '(18, 16)', '(7, 16)', '(20, 10)', '(31, 10)', '(3, 3)', '(22, 16)', '(14, 12)', '(4, 11)', '(9, 16)', '(33, 10)', '(1, 5)', '(24, 16)', '(13, 16)', '(25, 15)', '(1, 14)', '(16, 12)', '(31, 3)', '(31, 12)', '(20, 12)', '(34, 11)', '(22, 9)', '(12, 8)', '(3, 5)', '(14, 14)', '(4, 13)', '(32, 4)', '(8, 13)', '(33, 12)', '(1, 7)', '(10, 10)', '(24, 9)', '(1, 16)', '(16, 14)', '(31, 14)', '(12, 10)', '(3, 7)', '(14, 16)', '(3, 16)', '(32, 6)', '(8, 6)', '(33, 14)', '(1, 9)', '(24, 11)', '(10, 12)', '(16, 16)', '(29, 10)', '(6, 8)', '(34, 6)', '(31, 16)', '(20, 16)', '(23, 12)', '(12, 12)', '(4, 8)', '(27, 12)', '(30, 8)', '(8, 8)', '(33, 16)', '(1, 11)', '(10, 14)', '(6, 10)', '(20, 9)', '(12, 14)', '(14, 11)', '(4, 10)', '(27, 14)', '(17, 13)', '(30, 10)', '(8, 10)', '(1, 4)', '(11, 6)', '(2, 3)', '(10, 16)', '(1, 13)', '(25, 14)', '(20, 11)', '(4, 3)', '(23, 16)', '(12, 16)', '(4, 12)', '(27, 7)', '(30, 3)', '(27, 16)', '(30, 12)', '(19, 12)', '(8, 12)', '(11, 8)', '(2, 5)', '(25, 16)', '(15, 8)', '(6, 5)', '(31, 4)', '(29, 16)', '(21, 12)', '(23, 9)', '(4, 5)', '(4, 14)', '(34, 15)', '(27, 9)', '(17, 8)', '(30, 5)', '(30, 14)', '(10, 11)', '(8, 14)', '(11, 10)', '(2, 7)', '(32, 8)', '(25, 9)', '(2, 16)', '(15, 10)', '(31, 6)', '(7, 6)', '(6, 16)', '(12, 11)', '(4, 7)', '(34, 8)', '(4, 16)', '(27, 11)', '(17, 10)', '(9, 6)', '(30, 16)', '(19, 16)', '(8, 16)', '(10, 13)', '(32, 10)', '(15, 12)', '(6, 9)', '(7, 8)']",36,32,68
190,"(27, 6)","(27, 7)",South,"[('(27, 7)', 'North', 1), ('(27, 5)', 'South', 1)]","['(27, 6)', '(5, 14)', '(6, 12)', '(33, 4)', '(6, 3)']","['(27, 5)', '(5, 14)', '(6, 12)', '(33, 4)', '(6, 3)']","['(21, 16)', '(4, 9)', '(34, 10)', '(27, 13)', '(17, 12)', '(30, 9)', '(10, 6)', '(8, 9)', '(32, 12)', '(13, 8)', '(1, 15)', '(26, 14)', '(15, 14)', '(6, 11)', '(21, 9)', '(34, 12)', '(27, 6)', '(5, 3)', '(17, 14)', '(19, 11)', '(8, 11)', '(11, 7)', '(11, 16)', '(32, 14)', '(1, 8)', '(29, 6)', '(26, 16)', '(15, 16)', '(18, 12)', '(34, 14)', '(22, 12)', '(27, 8)', '(14, 8)', '(5, 5)', '(30, 4)', '(28, 16)', '(30, 13)', '(17, 16)', '(33, 6)', '(32, 16)', '(1, 10)', '(24, 12)', '(25, 11)', '(13, 12)', '(16, 8)', '(6, 6)', '(26, 9)', '(31, 8)', '(34, 7)', '(34, 16)', '(12, 13)', '(14, 10)', '(3, 10)', '(17, 9)', '(30, 6)', '(5, 16)', '(9, 14)', '(33, 8)', '(1, 3)', '(1, 12)', '(26, 11)', '(13, 14)', '(16, 10)', '(18, 16)', '(7, 16)', '(20, 10)', '(31, 10)', '(3, 3)', '(22, 16)', '(14, 12)', '(4, 11)', '(9, 16)', '(33, 10)', '(1, 5)', '(24, 16)', '(13, 16)', '(25, 15)', '(1, 14)', '(16, 12)', '(31, 3)', '(31, 12)', '(20, 12)', '(34, 11)', '(22, 9)', '(12, 8)', '(3, 5)', '(14, 14)', '(4, 13)', '(32, 4)', '(8, 13)', '(33, 12)', '(1, 7)', '(10, 10)', '(24, 9)', '(1, 16)', '(16, 14)', '(31, 14)', '(12, 10)', '(3, 7)', '(14, 16)', '(3, 16)', '(32, 6)', '(8, 6)', '(33, 14)', '(1, 9)', '(24, 11)', '(10, 12)', '(16, 16)', '(29, 10)', '(6, 8)', '(34, 6)', '(31, 16)', '(20, 16)', '(23, 12)', '(12, 12)', '(4, 8)', '(27, 12)', '(30, 8)', '(8, 8)', '(33, 16)', '(1, 11)', '(10, 14)', '(6, 10)', '(20, 9)', '(12, 14)', '(14, 11)', '(4, 10)', '(27, 14)', '(17, 13)', '(30, 10)', '(8, 10)', '(1, 4)', '(11, 6)', '(2, 3)', '(10, 16)', '(1, 13)', '(25, 14)', '(20, 11)', '(4, 3)', '(23, 16)', '(12, 16)', '(4, 12)', '(27, 7)', '(30, 3)', '(27, 16)', '(30, 12)', '(19, 12)', '(8, 12)', '(11, 8)', '(2, 5)', '(25, 16)', '(15, 8)', '(6, 5)', '(31, 4)', '(29, 16)', '(21, 12)', '(23, 9)', '(4, 5)', '(4, 14)', '(34, 15)', '(27, 9)', '(17, 8)', '(30, 5)', '(30, 14)', '(10, 11)', '(8, 14)', '(11, 10)', '(2, 7)', '(32, 8)', '(25, 9)', '(2, 16)', '(15, 10)', '(31, 6)', '(7, 6)', '(6, 16)', '(12, 11)', '(4, 7)', '(34, 8)', '(4, 16)', '(27, 11)', '(17, 10)', '(9, 6)', '(30, 16)', '(19, 16)', '(8, 16)', '(10, 13)', '(32, 10)', '(15, 12)', '(6, 9)', '(7, 8)']",37,31,68
191,"(27, 5)","(27, 6)",South,"[('(27, 6)', 'North', 1), ('(27, 4)', 'South', 1)]","['(27, 5)', '(5, 14)', '(6, 12)', '(33, 4)', '(6, 3)']","['(27, 4)', '(5, 14)', '(6, 12)', '(33, 4)', '(6, 3)']","['(21, 16)', '(4, 9)', '(34, 10)', '(27, 13)', '(17, 12)', '(30, 9)', '(10, 6)', '(8, 9)', '(32, 12)', '(13, 8)', '(1, 15)', '(26, 14)', '(15, 14)', '(6, 11)', '(21, 9)', '(34, 12)', '(27, 6)', '(5, 3)', '(17, 14)', '(19, 11)', '(8, 11)', '(11, 7)', '(11, 16)', '(32, 14)', '(1, 8)', '(29, 6)', '(26, 16)', '(15, 16)', '(18, 12)', '(34, 14)', '(22, 12)', '(27, 8)', '(14, 8)', '(5, 5)', '(30, 4)', '(28, 16)', '(30, 13)', '(17, 16)', '(33, 6)', '(32, 16)', '(1, 10)', '(24, 12)', '(25, 11)', '(13, 12)', '(16, 8)', '(6, 6)', '(26, 9)', '(31, 8)', '(34, 7)', '(34, 16)', '(12, 13)', '(14, 10)', '(3, 10)', '(17, 9)', '(30, 6)', '(5, 16)', '(9, 14)', '(33, 8)', '(1, 3)', '(1, 12)', '(26, 11)', '(13, 14)', '(16, 10)', '(18, 16)', '(7, 16)', '(20, 10)', '(31, 10)', '(3, 3)', '(22, 16)', '(14, 12)', '(4, 11)', '(9, 16)', '(33, 10)', '(1, 5)', '(24, 16)', '(13, 16)', '(25, 15)', '(1, 14)', '(16, 12)', '(31, 3)', '(31, 12)', '(20, 12)', '(34, 11)', '(22, 9)', '(12, 8)', '(3, 5)', '(14, 14)', '(4, 13)', '(32, 4)', '(8, 13)', '(33, 12)', '(1, 7)', '(10, 10)', '(24, 9)', '(1, 16)', '(16, 14)', '(31, 14)', '(12, 10)', '(3, 7)', '(14, 16)', '(3, 16)', '(32, 6)', '(8, 6)', '(33, 14)', '(1, 9)', '(24, 11)', '(10, 12)', '(16, 16)', '(29, 10)', '(6, 8)', '(34, 6)', '(31, 16)', '(20, 16)', '(23, 12)', '(12, 12)', '(4, 8)', '(27, 12)', '(30, 8)', '(8, 8)', '(33, 16)', '(1, 11)', '(10, 14)', '(6, 10)', '(20, 9)', '(12, 14)', '(14, 11)', '(4, 10)', '(27, 5)', '(27, 14)', '(17, 13)', '(30, 10)', '(8, 10)', '(1, 4)', '(11, 6)', '(2, 3)', '(10, 16)', '(1, 13)', '(25, 14)', '(20, 11)', '(4, 3)', '(23, 16)', '(12, 16)', '(4, 12)', '(27, 7)', '(30, 3)', '(27, 16)', '(30, 12)', '(19, 12)', '(8, 12)', '(11, 8)', '(2, 5)', '(25, 16)', '(15, 8)', '(6, 5)', '(31, 4)', '(29, 16)', '(21, 12)', '(23, 9)', '(4, 5)', '(4, 14)', '(34, 15)', '(27, 9)', '(17, 8)', '(30, 5)', '(30, 14)', '(10, 11)', '(8, 14)', '(11, 10)', '(2, 7)', '(32, 8)', '(25, 9)', '(2, 16)', '(15, 10)', '(31, 6)', '(7, 6)', '(6, 16)', '(12, 11)', '(4, 7)', '(34, 8)', '(4, 16)', '(27, 11)', '(17, 10)', '(9, 6)', '(30, 16)', '(19, 16)', '(8, 16)', '(10, 13)', '(32, 10)', '(15, 12)', '(6, 9)', '(7, 8)']",38,30,68
192,"(27, 4)","(27, 5)",South,"[('(27, 5)', 'North', 1), ('(27, 3)', 'South', 1)]","['(27, 4)', '(5, 14)', '(6, 12)', '(33, 4)', '(6, 3)']","['(27, 3)', '(5, 14)', '(6, 12)', '(33, 4)', '(6, 3)']","['(21, 16)', '(4, 9)', '(34, 10)', '(27, 4)', '(27, 13)', '(17, 12)', '(30, 9)', '(10, 6)', '(8, 9)', '(32, 12)', '(13, 8)', '(1, 15)', '(26, 14)', '(15, 14)', '(6, 11)', '(21, 9)', '(34, 12)', '(27, 6)', '(5, 3)', '(17, 14)', '(19, 11)', '(8, 11)', '(11, 7)', '(11, 16)', '(32, 14)', '(1, 8)', '(29, 6)', '(26, 16)', '(15, 16)', '(18, 12)', '(34, 14)', '(22, 12)', '(27, 8)', '(14, 8)', '(5, 5)', '(30, 4)', '(28, 16)', '(30, 13)', '(17, 16)', '(33, 6)', '(32, 16)', '(1, 10)', '(24, 12)', '(25, 11)', '(13, 12)', '(16, 8)', '(6, 6)', '(26, 9)', '(31, 8)', '(34, 7)', '(34, 16)', '(12, 13)', '(14, 10)', '(3, 10)', '(17, 9)', '(30, 6)', '(5, 16)', '(9, 14)', '(33, 8)', '(1, 3)', '(1, 12)', '(26, 11)', '(13, 14)', '(16, 10)', '(18, 16)', '(7, 16)', '(20, 10)', '(31, 10)', '(3, 3)', '(22, 16)', '(14, 12)', '(4, 11)', '(9, 16)', '(33, 10)', '(1, 5)', '(24, 16)', '(13, 16)', '(25, 15)', '(1, 14)', '(16, 12)', '(31, 3)', '(31, 12)', '(20, 12)', '(34, 11)', '(22, 9)', '(12, 8)', '(3, 5)', '(14, 14)', '(4, 13)', '(32, 4)', '(8, 13)', '(33, 12)', '(1, 7)', '(10, 10)', '(24, 9)', '(1, 16)', '(16, 14)', '(31, 14)', '(12, 10)', '(3, 7)', '(14, 16)', '(3, 16)', '(32, 6)', '(8, 6)', '(33, 14)', '(1, 9)', '(24, 11)', '(10, 12)', '(16, 16)', '(29, 10)', '(6, 8)', '(34, 6)', '(31, 16)', '(20, 16)', '(23, 12)', '(12, 12)', '(4, 8)', '(27, 12)', '(30, 8)', '(8, 8)', '(33, 16)', '(1, 11)', '(10, 14)', '(6, 10)', '(20, 9)', '(12, 14)', '(14, 11)', '(4, 10)', '(27, 5)', '(27, 14)', '(17, 13)', '(30, 10)', '(8, 10)', '(1, 4)', '(11, 6)', '(2, 3)', '(10, 16)', '(1, 13)', '(25, 14)', '(20, 11)', '(4, 3)', '(23, 16)', '(12, 16)', '(4, 12)', '(27, 7)', '(30, 3)', '(27, 16)', '(30, 12)', '(19, 12)', '(8, 12)', '(11, 8)', '(2, 5)', '(25, 16)', '(15, 8)', '(6, 5)', '(31, 4)', '(29, 16)', '(21, 12)', '(23, 9)', '(4, 5)', '(4, 14)', '(34, 15)', '(27, 9)', '(17, 8)', '(30, 5)', '(30, 14)', '(10, 11)', '(8, 14)', '(11, 10)', '(2, 7)', '(32, 8)', '(25, 9)', '(2, 16)', '(15, 10)', '(31, 6)', '(7, 6)', '(6, 16)', '(12, 11)', '(4, 7)', '(34, 8)', '(4, 16)', '(27, 11)', '(17, 10)', '(9, 6)', '(30, 16)', '(19, 16)', '(8, 16)', '(10, 13)', '(32, 10)', '(15, 12)', '(6, 9)', '(7, 8)']",39,29,68
193,"(27, 3)","(27, 4)",South,"[('(27, 4)', 'North', 1), ('(27, 2)', 'South', 1)]","['(27, 3)', '(5, 14)', '(6, 12)', '(33, 4)', '(6, 3)']","['(27, 2)', '(5, 14)', '(6, 12)', '(33, 4)', '(6, 3)']","['(21, 16)', '(4, 9)', '(34, 10)', '(27, 4)', '(27, 13)', '(17, 12)', '(30, 9)', '(10, 6)', '(8, 9)', '(32, 12)', '(13, 8)', '(1, 15)', '(26, 14)', '(15, 14)', '(6, 11)', '(21, 9)', '(34, 12)', '(27, 6)', '(5, 3)', '(17, 14)', '(19, 11)', '(8, 11)', '(11, 7)', '(11, 16)', '(32, 14)', '(1, 8)', '(29, 6)', '(26, 16)', '(15, 16)', '(18, 12)', '(34, 14)', '(22, 12)', '(27, 8)', '(14, 8)', '(5, 5)', '(30, 4)', '(28, 16)', '(30, 13)', '(17, 16)', '(33, 6)', '(32, 16)', '(1, 10)', '(24, 12)', '(25, 11)', '(13, 12)', '(16, 8)', '(6, 6)', '(26, 9)', '(31, 8)', '(34, 7)', '(34, 16)', '(12, 13)', '(14, 10)', '(3, 10)', '(17, 9)', '(30, 6)', '(5, 16)', '(9, 14)', '(33, 8)', '(1, 3)', '(1, 12)', '(26, 11)', '(13, 14)', '(16, 10)', '(18, 16)', '(7, 16)', '(20, 10)', '(31, 10)', '(3, 3)', '(22, 16)', '(14, 12)', '(4, 11)', '(9, 16)', '(33, 10)', '(1, 5)', '(24, 16)', '(13, 16)', '(25, 15)', '(1, 14)', '(16, 12)', '(31, 3)', '(31, 12)', '(20, 12)', '(34, 11)', '(22, 9)', '(12, 8)', '(3, 5)', '(14, 14)', '(4, 13)', '(32, 4)', '(8, 13)', '(33, 12)', '(1, 7)', '(10, 10)', '(24, 9)', '(1, 16)', '(16, 14)', '(31, 14)', '(12, 10)', '(3, 7)', '(14, 16)', '(3, 16)', '(32, 6)', '(8, 6)', '(33, 14)', '(1, 9)', '(24, 11)', '(10, 12)', '(16, 16)', '(29, 10)', '(6, 8)', '(34, 6)', '(31, 16)', '(20, 16)', '(23, 12)', '(12, 12)', '(4, 8)', '(27, 3)', '(27, 12)', '(30, 8)', '(8, 8)', '(33, 16)', '(1, 11)', '(10, 14)', '(6, 10)', '(20, 9)', '(12, 14)', '(14, 11)', '(4, 10)', '(27, 5)', '(27, 14)', '(17, 13)', '(30, 10)', '(8, 10)', '(1, 4)', '(11, 6)', '(2, 3)', '(10, 16)', '(1, 13)', '(25, 14)', '(20, 11)', '(4, 3)', '(23, 16)', '(12, 16)', '(4, 12)', '(27, 7)', '(30, 3)', '(27, 16)', '(30, 12)', '(19, 12)', '(8, 12)', '(11, 8)', '(2, 5)', '(25, 16)', '(15, 8)', '(6, 5)', '(31, 4)', '(29, 16)', '(21, 12)', '(23, 9)', '(4, 5)', '(4, 14)', '(34, 15)', '(27, 9)', '(17, 8)', '(30, 5)', '(30, 14)', '(10, 11)', '(8, 14)', '(11, 10)', '(2, 7)', '(32, 8)', '(25, 9)', '(2, 16)', '(15, 10)', '(31, 6)', '(7, 6)', '(6, 16)', '(12, 11)', '(4, 7)', '(34, 8)', '(4, 16)', '(27, 11)', '(17, 10)', '(9, 6)', '(30, 16)', '(19, 16)', '(8, 16)', '(10, 13)', '(32, 10)', '(15, 12)', '(6, 9)', '(7, 8)']",40,28,68
194,"(27, 2)","(27, 3)",South,"[('(27, 3)', 'North', 1), ('(27, 1)', 'South', 1), ('(26, 2)', 'West', 1)]","['(27, 2)', '(5, 14)', '(6, 12)', '(33, 4)', '(6, 3)']","['(27, 1)', '(5, 14)', '(26, 2)', '(33, 4)', '(6, 3)', '(6, 12)']","['(21, 16)', '(4, 9)', '(34, 10)', '(27, 4)', '(27, 13)', '(17, 12)', '(30, 9)', '(10, 6)', '(8, 9)', '(32, 12)', '(13, 8)', '(1, 15)', '(26, 14)', '(15, 14)', '(6, 11)', '(21, 9)', '(34, 12)', '(27, 6)', '(5, 3)', '(17, 14)', '(19, 11)', '(8, 11)', '(11, 7)', '(11, 16)', '(32, 14)', '(1, 8)', '(29, 6)', '(26, 16)', '(15, 16)', '(18, 12)', '(34, 14)', '(22, 12)', '(27, 8)', '(14, 8)', '(5, 5)', '(30, 4)', '(28, 16)', '(30, 13)', '(17, 16)', '(33, 6)', '(32, 16)', '(1, 10)', '(24, 12)', '(25, 11)', '(13, 12)', '(16, 8)', '(6, 6)', '(26, 9)', '(31, 8)', '(34, 7)', '(34, 16)', '(12, 13)', '(14, 10)', '(3, 10)', '(17, 9)', '(30, 6)', '(5, 16)', '(9, 14)', '(33, 8)', '(1, 3)', '(1, 12)', '(26, 11)', '(13, 14)', '(16, 10)', '(18, 16)', '(7, 16)', '(20, 10)', '(31, 10)', '(3, 3)', '(22, 16)', '(14, 12)', '(4, 11)', '(9, 16)', '(33, 10)', '(1, 5)', '(24, 16)', '(13, 16)', '(25, 15)', '(1, 14)', '(16, 12)', '(31, 3)', '(31, 12)', '(20, 12)', '(34, 11)', '(22, 9)', '(12, 8)', '(3, 5)', '(14, 14)', '(4, 13)', '(32, 4)', '(8, 13)', '(33, 12)', '(1, 7)', '(10, 10)', '(24, 9)', '(1, 16)', '(16, 14)', '(31, 14)', '(12, 10)', '(3, 7)', '(14, 16)', '(3, 16)', '(32, 6)', '(8, 6)', '(33, 14)', '(1, 9)', '(24, 11)', '(10, 12)', '(16, 16)', '(29, 10)', '(6, 8)', '(34, 6)', '(31, 16)', '(20, 16)', '(23, 12)', '(12, 12)', '(4, 8)', '(27, 3)', '(27, 12)', '(30, 8)', '(8, 8)', '(33, 16)', '(1, 11)', '(10, 14)', '(6, 10)', '(20, 9)', '(12, 14)', '(14, 11)', '(4, 10)', '(27, 5)', '(27, 14)', '(17, 13)', '(30, 10)', '(8, 10)', '(1, 4)', '(11, 6)', '(2, 3)', '(10, 16)', '(1, 13)', '(25, 14)', '(20, 11)', '(4, 3)', '(23, 16)', '(12, 16)', '(4, 12)', '(27, 7)', '(30, 3)', '(27, 16)', '(30, 12)', '(19, 12)', '(8, 12)', '(11, 8)', '(2, 5)', '(25, 16)', '(15, 8)', '(6, 5)', '(31, 4)', '(29, 16)', '(21, 12)', '(23, 9)', '(4, 5)', '(4, 14)', '(34, 15)', '(27, 9)', '(17, 8)', '(30, 5)', '(30, 14)', '(10, 11)', '(8, 14)', '(11, 10)', '(2, 7)', '(32, 8)', '(25, 9)', '(2, 16)', '(15, 10)', '(31, 6)', '(7, 6)', '(6, 16)', '(12, 11)', '(4, 7)', '(34, 8)', '(27, 2)', '(4, 16)', '(27, 11)', '(17, 10)', '(9, 6)', '(30, 16)', '(19, 16)', '(8, 16)', '(10, 13)', '(32, 10)', '(15, 12)', '(6, 9)', '(7, 8)']",41,27,68
195,"(27, 1)","(27, 2)",South,"[('(27, 2)', 'North', 1), ('(28, 1)', 'East', 1)]","['(27, 1)', '(5, 14)', '(26, 2)', '(33, 4)', '(6, 3)', '(6, 12)']","['(26, 2)', '(5, 14)', '(6, 12)', '(33, 4)', '(6, 3)', '(28, 1)']","['(21, 16)', '(4, 9)', '(34, 10)', '(27, 4)', '(27, 13)', '(17, 12)', '(30, 9)', '(10, 6)', '(8, 9)', '(32, 12)', '(13, 8)', '(1, 15)', '(26, 14)', '(15, 14)', '(6, 11)', '(21, 9)', '(34, 12)', '(27, 6)', '(5, 3)', '(17, 14)', '(19, 11)', '(8, 11)', '(11, 7)', '(11, 16)', '(32, 14)', '(1, 8)', '(29, 6)', '(26, 16)', '(15, 16)', '(18, 12)', '(34, 14)', '(22, 12)', '(27, 8)', '(14, 8)', '(5, 5)', '(30, 4)', '(28, 16)', '(30, 13)', '(17, 16)', '(33, 6)', '(32, 16)', '(1, 10)', '(24, 12)', '(25, 11)', '(13, 12)', '(16, 8)', '(6, 6)', '(26, 9)', '(31, 8)', '(34, 7)', '(27, 1)', '(34, 16)', '(12, 13)', '(14, 10)', '(3, 10)', '(17, 9)', '(30, 6)', '(5, 16)', '(9, 14)', '(33, 8)', '(1, 3)', '(1, 12)', '(26, 11)', '(13, 14)', '(16, 10)', '(18, 16)', '(7, 16)', '(20, 10)', '(31, 10)', '(3, 3)', '(22, 16)', '(14, 12)', '(4, 11)', '(9, 16)', '(33, 10)', '(1, 5)', '(24, 16)', '(13, 16)', '(25, 15)', '(1, 14)', '(16, 12)', '(31, 3)', '(31, 12)', '(20, 12)', '(34, 11)', '(22, 9)', '(12, 8)', '(3, 5)', '(14, 14)', '(4, 13)', '(32, 4)', '(8, 13)', '(33, 12)', '(1, 7)', '(10, 10)', '(24, 9)', '(1, 16)', '(16, 14)', '(31, 14)', '(12, 10)', '(3, 7)', '(14, 16)', '(3, 16)', '(32, 6)', '(8, 6)', '(33, 14)', '(1, 9)', '(24, 11)', '(10, 12)', '(16, 16)', '(29, 10)', '(6, 8)', '(34, 6)', '(31, 16)', '(20, 16)', '(23, 12)', '(12, 12)', '(4, 8)', '(27, 3)', '(27, 12)', '(30, 8)', '(8, 8)', '(33, 16)', '(1, 11)', '(10, 14)', '(6, 10)', '(20, 9)', '(12, 14)', '(14, 11)', '(4, 10)', '(27, 5)', '(27, 14)', '(17, 13)', '(30, 10)', '(8, 10)', '(1, 4)', '(11, 6)', '(2, 3)', '(10, 16)', '(1, 13)', '(25, 14)', '(20, 11)', '(4, 3)', '(23, 16)', '(12, 16)', '(4, 12)', '(27, 7)', '(30, 3)', '(27, 16)', '(30, 12)', '(19, 12)', '(8, 12)', '(11, 8)', '(2, 5)', '(25, 16)', '(15, 8)', '(6, 5)', '(31, 4)', '(29, 16)', '(21, 12)', '(23, 9)', '(4, 5)', '(4, 14)', '(34, 15)', '(27, 9)', '(17, 8)', '(30, 5)', '(30, 14)', '(10, 11)', '(8, 14)', '(11, 10)', '(2, 7)', '(32, 8)', '(25, 9)', '(2, 16)', '(15, 10)', '(31, 6)', '(7, 6)', '(6, 16)', '(12, 11)', '(4, 7)', '(34, 8)', '(27, 2)', '(4, 16)', '(27, 11)', '(17, 10)', '(9, 6)', '(30, 16)', '(19, 16)', '(8, 16)', '(10, 13)', '(32, 10)', '(15, 12)', '(6, 9)', '(7, 8)']",42,26,68
196,"(26, 2)","(27, 2)",West,"[('(27, 2)', 'East', 1), ('(25, 2)', 'West', 1)]","['(26, 2)', '(5, 14)', '(6, 12)', '(33, 4)', '(6, 3)', '(28, 1)']","['(25, 2)', '(6, 3)', '(5, 14)', '(33, 4)', '(28, 1)', '(6, 12)']","['(21, 16)', '(4, 9)', '(34, 10)', '(27, 4)', '(27, 13)', '(17, 12)', '(30, 9)', '(10, 6)', '(8, 9)', '(32, 12)', '(13, 8)', '(1, 15)', '(26, 14)', '(15, 14)', '(6, 11)', '(21, 9)', '(34, 12)', '(27, 6)', '(5, 3)', '(17, 14)', '(19, 11)', '(8, 11)', '(11, 7)', '(11, 16)', '(32, 14)', '(1, 8)', '(29, 6)', '(26, 16)', '(15, 16)', '(18, 12)', '(34, 14)', '(22, 12)', '(27, 8)', '(14, 8)', '(5, 5)', '(30, 4)', '(28, 16)', '(30, 13)', '(17, 16)', '(33, 6)', '(32, 16)', '(1, 10)', '(24, 12)', '(25, 11)', '(13, 12)', '(16, 8)', '(6, 6)', '(26, 9)', '(31, 8)', '(34, 7)', '(27, 1)', '(34, 16)', '(12, 13)', '(14, 10)', '(3, 10)', '(17, 9)', '(30, 6)', '(5, 16)', '(9, 14)', '(33, 8)', '(1, 3)', '(26, 2)', '(1, 12)', '(26, 11)', '(13, 14)', '(16, 10)', '(18, 16)', '(7, 16)', '(20, 10)', '(31, 10)', '(3, 3)', '(22, 16)', '(14, 12)', '(4, 11)', '(9, 16)', '(33, 10)', '(1, 5)', '(24, 16)', '(13, 16)', '(25, 15)', '(1, 14)', '(16, 12)', '(31, 3)', '(31, 12)', '(20, 12)', '(34, 11)', '(22, 9)', '(12, 8)', '(3, 5)', '(14, 14)', '(4, 13)', '(32, 4)', '(8, 13)', '(33, 12)', '(1, 7)', '(10, 10)', '(24, 9)', '(1, 16)', '(16, 14)', '(31, 14)', '(12, 10)', '(3, 7)', '(14, 16)', '(3, 16)', '(32, 6)', '(8, 6)', '(33, 14)', '(1, 9)', '(24, 11)', '(10, 12)', '(16, 16)', '(29, 10)', '(6, 8)', '(34, 6)', '(31, 16)', '(20, 16)', '(23, 12)', '(12, 12)', '(4, 8)', '(27, 3)', '(27, 12)', '(30, 8)', '(8, 8)', '(33, 16)', '(1, 11)', '(10, 14)', '(6, 10)', '(20, 9)', '(12, 14)', '(14, 11)', '(4, 10)', '(27, 5)', '(27, 14)', '(17, 13)', '(30, 10)', '(8, 10)', '(1, 4)', '(11, 6)', '(2, 3)', '(10, 16)', '(1, 13)', '(25, 14)', '(20, 11)', '(4, 3)', '(23, 16)', '(12, 16)', '(4, 12)', '(27, 7)', '(30, 3)', '(27, 16)', '(30, 12)', '(19, 12)', '(8, 12)', '(11, 8)', '(2, 5)', '(25, 16)', '(15, 8)', '(6, 5)', '(31, 4)', '(29, 16)', '(21, 12)', '(23, 9)', '(4, 5)', '(4, 14)', '(34, 15)', '(27, 9)', '(17, 8)', '(30, 5)', '(30, 14)', '(10, 11)', '(8, 14)', '(11, 10)', '(2, 7)', '(32, 8)', '(25, 9)', '(2, 16)', '(15, 10)', '(31, 6)', '(7, 6)', '(6, 16)', '(12, 11)', '(4, 7)', '(34, 8)', '(27, 2)', '(4, 16)', '(27, 11)', '(17, 10)', '(9, 6)', '(30, 16)', '(19, 16)', '(8, 16)', '(10, 13)', '(32, 10)', '(15, 12)', '(6, 9)', '(7, 8)']",42,26,68
197,"(25, 2)","(26, 2)",West,"[('(26, 2)', 'East', 1), ('(24, 2)', 'West', 1)]","['(25, 2)', '(6, 3)', '(5, 14)', '(33, 4)', '(28, 1)', '(6, 12)']","['(24, 2)', '(6, 3)', '(5, 14)', '(33, 4)', '(28, 1)', '(6, 12)']","['(21, 16)', '(4, 9)', '(34, 10)', '(27, 4)', '(27, 13)', '(17, 12)', '(30, 9)', '(10, 6)', '(8, 9)', '(32, 12)', '(13, 8)', '(1, 15)', '(26, 14)', '(15, 14)', '(6, 11)', '(21, 9)', '(34, 12)', '(27, 6)', '(5, 3)', '(17, 14)', '(19, 11)', '(8, 11)', '(11, 7)', '(11, 16)', '(32, 14)', '(1, 8)', '(29, 6)', '(26, 16)', '(15, 16)', '(18, 12)', '(34, 14)', '(22, 12)', '(27, 8)', '(14, 8)', '(5, 5)', '(30, 4)', '(28, 16)', '(30, 13)', '(17, 16)', '(33, 6)', '(32, 16)', '(1, 10)', '(24, 12)', '(25, 11)', '(13, 12)', '(16, 8)', '(6, 6)', '(26, 9)', '(31, 8)', '(34, 7)', '(27, 1)', '(34, 16)', '(12, 13)', '(14, 10)', '(3, 10)', '(17, 9)', '(30, 6)', '(5, 16)', '(9, 14)', '(33, 8)', '(1, 3)', '(26, 2)', '(1, 12)', '(26, 11)', '(13, 14)', '(16, 10)', '(18, 16)', '(7, 16)', '(20, 10)', '(31, 10)', '(3, 3)', '(22, 16)', '(14, 12)', '(4, 11)', '(9, 16)', '(33, 10)', '(1, 5)', '(24, 16)', '(13, 16)', '(25, 15)', '(1, 14)', '(16, 12)', '(31, 3)', '(31, 12)', '(20, 12)', '(34, 11)', '(22, 9)', '(12, 8)', '(3, 5)', '(14, 14)', '(4, 13)', '(32, 4)', '(8, 13)', '(33, 12)', '(1, 7)', '(10, 10)', '(24, 9)', '(1, 16)', '(16, 14)', '(31, 14)', '(12, 10)', '(3, 7)', '(14, 16)', '(3, 16)', '(32, 6)', '(8, 6)', '(33, 14)', '(1, 9)', '(24, 11)', '(10, 12)', '(16, 16)', '(29, 10)', '(6, 8)', '(34, 6)', '(31, 16)', '(20, 16)', '(23, 12)', '(12, 12)', '(4, 8)', '(27, 3)', '(27, 12)', '(30, 8)', '(8, 8)', '(33, 16)', '(1, 11)', '(10, 14)', '(6, 10)', '(20, 9)', '(12, 14)', '(14, 11)', '(4, 10)', '(27, 5)', '(27, 14)', '(17, 13)', '(30, 10)', '(8, 10)', '(1, 4)', '(11, 6)', '(2, 3)', '(10, 16)', '(1, 13)', '(25, 14)', '(20, 11)', '(4, 3)', '(23, 16)', '(12, 16)', '(4, 12)', '(27, 7)', '(30, 3)', '(27, 16)', '(30, 12)', '(19, 12)', '(8, 12)', '(11, 8)', '(2, 5)', '(25, 16)', '(15, 8)', '(6, 5)', '(31, 4)', '(29, 16)', '(21, 12)', '(23, 9)', '(4, 5)', '(4, 14)', '(34, 15)', '(27, 9)', '(17, 8)', '(30, 5)', '(30, 14)', '(10, 11)', '(8, 14)', '(11, 10)', '(2, 7)', '(32, 8)', '(25, 9)', '(2, 16)', '(15, 10)', '(31, 6)', '(7, 6)', '(6, 16)', '(12, 11)', '(4, 7)', '(34, 8)', '(27, 2)', '(4, 16)', '(27, 11)', '(17, 10)', '(9, 6)', '(25, 2)', '(30, 16)', '(19, 16)', '(8, 16)', '(10, 13)', '(32, 10)', '(15, 12)', '(6, 9)', '(7, 8)']",43,25,68
198,"(24, 2)","(25, 2)",West,"[('(25, 2)', 'East', 1), ('(23, 2)', 'West', 1)]","['(24, 2)', '(6, 3)', '(5, 14)', '(33, 4)', '(28, 1)', '(6, 12)']","['(23, 2)', '(6, 3)', '(5, 14)', '(33, 4)', '(28, 1)', '(6, 12)']","['(21, 16)', '(4, 9)', '(34, 10)', '(27, 4)', '(27, 13)', '(17, 12)', '(30, 9)', '(10, 6)', '(8, 9)', '(32, 12)', '(13, 8)', '(1, 15)', '(26, 14)', '(15, 14)', '(6, 11)', '(21, 9)', '(34, 12)', '(27, 6)', '(5, 3)', '(17, 14)', '(19, 11)', '(8, 11)', '(11, 7)', '(11, 16)', '(32, 14)', '(1, 8)', '(29, 6)', '(26, 16)', '(15, 16)', '(18, 12)', '(34, 14)', '(22, 12)', '(27, 8)', '(14, 8)', '(5, 5)', '(30, 4)', '(28, 16)', '(30, 13)', '(17, 16)', '(33, 6)', '(32, 16)', '(1, 10)', '(24, 12)', '(25, 11)', '(13, 12)', '(16, 8)', '(6, 6)', '(26, 9)', '(31, 8)', '(34, 7)', '(27, 1)', '(34, 16)', '(12, 13)', '(14, 10)', '(3, 10)', '(17, 9)', '(30, 6)', '(5, 16)', '(9, 14)', '(33, 8)', '(1, 3)', '(26, 2)', '(1, 12)', '(26, 11)', '(13, 14)', '(16, 10)', '(18, 16)', '(7, 16)', '(20, 10)', '(31, 10)', '(3, 3)', '(22, 16)', '(14, 12)', '(4, 11)', '(9, 16)', '(33, 10)', '(1, 5)', '(24, 16)', '(13, 16)', '(25, 15)', '(1, 14)', '(16, 12)', '(31, 3)', '(31, 12)', '(20, 12)', '(34, 11)', '(22, 9)', '(12, 8)', '(3, 5)', '(14, 14)', '(4, 13)', '(32, 4)', '(8, 13)', '(33, 12)', '(1, 7)', '(10, 10)', '(24, 9)', '(1, 16)', '(16, 14)', '(31, 14)', '(12, 10)', '(3, 7)', '(14, 16)', '(3, 16)', '(32, 6)', '(8, 6)', '(24, 2)', '(33, 14)', '(1, 9)', '(24, 11)', '(10, 12)', '(16, 16)', '(29, 10)', '(6, 8)', '(34, 6)', '(31, 16)', '(20, 16)', '(23, 12)', '(12, 12)', '(4, 8)', '(27, 3)', '(27, 12)', '(30, 8)', '(8, 8)', '(33, 16)', '(1, 11)', '(10, 14)', '(6, 10)', '(20, 9)', '(12, 14)', '(14, 11)', '(4, 10)', '(27, 5)', '(27, 14)', '(17, 13)', '(30, 10)', '(8, 10)', '(1, 4)', '(11, 6)', '(2, 3)', '(10, 16)', '(1, 13)', '(25, 14)', '(20, 11)', '(4, 3)', '(23, 16)', '(12, 16)', '(4, 12)', '(27, 7)', '(30, 3)', '(27, 16)', '(30, 12)', '(19, 12)', '(8, 12)', '(11, 8)', '(2, 5)', '(25, 16)', '(15, 8)', '(6, 5)', '(31, 4)', '(29, 16)', '(21, 12)', '(23, 9)', '(4, 5)', '(4, 14)', '(34, 15)', '(27, 9)', '(17, 8)', '(30, 5)', '(30, 14)', '(10, 11)', '(8, 14)', '(11, 10)', '(2, 7)', '(32, 8)', '(25, 9)', '(2, 16)', '(15, 10)', '(31, 6)', '(7, 6)', '(6, 16)', '(12, 11)', '(4, 7)', '(34, 8)', '(27, 2)', '(4, 16)', '(27, 11)', '(17, 10)', '(9, 6)', '(25, 2)', '(30, 16)', '(19, 16)', '(8, 16)', '(10, 13)', '(32, 10)', '(15, 12)', '(6, 9)', '(7, 8)']",44,24,68
199,"(23, 2)","(24, 2)",West,"[('(24, 2)', 'East', 1), ('(22, 2)', 'West', 1)]","['(23, 2)', '(6, 3)', '(5, 14)', '(33, 4)', '(28, 1)', '(6, 12)']","['(22, 2)', '(6, 3)', '(5, 14)', '(33, 4)', '(28, 1)', '(6, 12)']","['(21, 16)', '(4, 9)', '(34, 10)', '(27, 4)', '(27, 13)', '(17, 12)', '(30, 9)', '(10, 6)', '(8, 9)', '(32, 12)', '(13, 8)', '(1, 15)', '(26, 14)', '(15, 14)', '(6, 11)', '(21, 9)', '(34, 12)', '(27, 6)', '(5, 3)', '(17, 14)', '(19, 11)', '(8, 11)', '(11, 7)', '(11, 16)', '(32, 14)', '(1, 8)', '(29, 6)', '(26, 16)', '(15, 16)', '(18, 12)', '(34, 14)', '(22, 12)', '(27, 8)', '(14, 8)', '(5, 5)', '(30, 4)', '(28, 16)', '(30, 13)', '(17, 16)', '(33, 6)', '(32, 16)', '(1, 10)', '(24, 12)', '(25, 11)', '(13, 12)', '(16, 8)', '(6, 6)', '(26, 9)', '(31, 8)', '(34, 7)', '(27, 1)', '(34, 16)', '(12, 13)', '(14, 10)', '(3, 10)', '(17, 9)', '(30, 6)', '(5, 16)', '(9, 14)', '(33, 8)', '(1, 3)', '(26, 2)', '(1, 12)', '(26, 11)', '(13, 14)', '(16, 10)', '(18, 16)', '(7, 16)', '(20, 10)', '(31, 10)', '(3, 3)', '(22, 16)', '(14, 12)', '(4, 11)', '(9, 16)', '(33, 10)', '(1, 5)', '(24, 16)', '(13, 16)', '(25, 15)', '(1, 14)', '(16, 12)', '(31, 3)', '(31, 12)', '(20, 12)', '(34, 11)', '(22, 9)', '(12, 8)', '(3, 5)', '(14, 14)', '(4, 13)', '(32, 4)', '(8, 13)', '(33, 12)', '(1, 7)', '(10, 10)', '(24, 9)', '(1, 16)', '(16, 14)', '(31, 14)', '(12, 10)', '(3, 7)', '(14, 16)', '(3, 16)', '(32, 6)', '(8, 6)', '(24, 2)', '(33, 14)', '(1, 9)', '(24, 11)', '(10, 12)', '(16, 16)', '(29, 10)', '(6, 8)', '(34, 6)', '(31, 16)', '(20, 16)', '(23, 12)', '(12, 12)', '(4, 8)', '(27, 3)', '(27, 12)', '(30, 8)', '(8, 8)', '(33, 16)', '(1, 11)', '(10, 14)', '(6, 10)', '(20, 9)', '(12, 14)', '(14, 11)', '(4, 10)', '(27, 5)', '(27, 14)', '(17, 13)', '(30, 10)', '(8, 10)', '(1, 4)', '(11, 6)', '(2, 3)', '(10, 16)', '(1, 13)', '(25, 14)', '(20, 11)', '(4, 3)', '(23, 16)', '(12, 16)', '(4, 12)', '(27, 7)', '(30, 3)', '(27, 16)', '(30, 12)', '(19, 12)', '(8, 12)', '(11, 8)', '(2, 5)', '(25, 16)', '(15, 8)', '(6, 5)', '(31, 4)', '(29, 16)', '(21, 12)', '(23, 9)', '(4, 5)', '(4, 14)', '(34, 15)', '(27, 9)', '(17, 8)', '(30, 5)', '(30, 14)', '(10, 11)', '(8, 14)', '(11, 10)', '(2, 7)', '(32, 8)', '(25, 9)', '(2, 16)', '(15, 10)', '(31, 6)', '(7, 6)', '(23, 2)', '(6, 16)', '(12, 11)', '(4, 7)', '(34, 8)', '(27, 2)', '(4, 16)', '(27, 11)', '(17, 10)', '(9, 6)', '(25, 2)', '(30, 16)', '(19, 16)', '(8, 16)', '(10, 13)', '(32, 10)', '(15, 12)', '(6, 9)', '(7, 8)']",45,23,68
200,"(22, 2)","(23, 2)",West,"[('(23, 2)', 'East', 1), ('(21, 2)', 'West', 1)]","['(22, 2)', '(6, 3)', '(5, 14)', '(33, 4)', '(28, 1)', '(6, 12)']","['(21, 2)', '(6, 3)', '(5, 14)', '(33, 4)', '(28, 1)', '(6, 12)']","['(21, 16)', '(4, 9)', '(34, 10)', '(27, 4)', '(27, 13)', '(17, 12)', '(30, 9)', '(10, 6)', '(8, 9)', '(32, 12)', '(13, 8)', '(1, 15)', '(26, 14)', '(15, 14)', '(6, 11)', '(21, 9)', '(34, 12)', '(27, 6)', '(5, 3)', '(17, 14)', '(19, 11)', '(8, 11)', '(11, 7)', '(11, 16)', '(32, 14)', '(1, 8)', '(29, 6)', '(26, 16)', '(15, 16)', '(18, 12)', '(34, 14)', '(22, 12)', '(27, 8)', '(14, 8)', '(5, 5)', '(30, 4)', '(28, 16)', '(30, 13)', '(17, 16)', '(33, 6)', '(32, 16)', '(1, 10)', '(24, 12)', '(25, 11)', '(13, 12)', '(16, 8)', '(6, 6)', '(26, 9)', '(31, 8)', '(34, 7)', '(27, 1)', '(34, 16)', '(12, 13)', '(14, 10)', '(3, 10)', '(17, 9)', '(30, 6)', '(5, 16)', '(9, 14)', '(33, 8)', '(1, 3)', '(26, 2)', '(1, 12)', '(26, 11)', '(13, 14)', '(16, 10)', '(18, 16)', '(7, 16)', '(20, 10)', '(31, 10)', '(3, 3)', '(22, 16)', '(14, 12)', '(4, 11)', '(9, 16)', '(33, 10)', '(1, 5)', '(24, 16)', '(13, 16)', '(25, 15)', '(1, 14)', '(16, 12)', '(31, 3)', '(31, 12)', '(20, 12)', '(34, 11)', '(22, 9)', '(12, 8)', '(3, 5)', '(14, 14)', '(4, 13)', '(32, 4)', '(8, 13)', '(33, 12)', '(1, 7)', '(10, 10)', '(24, 9)', '(1, 16)', '(16, 14)', '(22, 2)', '(31, 14)', '(12, 10)', '(3, 7)', '(14, 16)', '(3, 16)', '(32, 6)', '(8, 6)', '(24, 2)', '(33, 14)', '(1, 9)', '(24, 11)', '(10, 12)', '(16, 16)', '(29, 10)', '(6, 8)', '(34, 6)', '(31, 16)', '(20, 16)', '(23, 12)', '(12, 12)', '(4, 8)', '(27, 3)', '(27, 12)', '(30, 8)', '(8, 8)', '(33, 16)', '(1, 11)', '(10, 14)', '(6, 10)', '(20, 9)', '(12, 14)', '(14, 11)', '(4, 10)', '(27, 5)', '(27, 14)', '(17, 13)', '(30, 10)', '(8, 10)', '(1, 4)', '(11, 6)', '(2, 3)', '(10, 16)', '(1, 13)', '(25, 14)', '(20, 11)', '(4, 3)', '(23, 16)', '(12, 16)', '(4, 12)', '(27, 7)', '(30, 3)', '(27, 16)', '(30, 12)', '(19, 12)', '(8, 12)', '(11, 8)', '(2, 5)', '(25, 16)', '(15, 8)', '(6, 5)', '(31, 4)', '(29, 16)', '(21, 12)', '(23, 9)', '(4, 5)', '(4, 14)', '(34, 15)', '(27, 9)', '(17, 8)', '(30, 5)', '(30, 14)', '(10, 11)', '(8, 14)', '(11, 10)', '(2, 7)', '(32, 8)', '(25, 9)', '(2, 16)', '(15, 10)', '(31, 6)', '(7, 6)', '(23, 2)', '(6, 16)', '(12, 11)', '(4, 7)', '(34, 8)', '(27, 2)', '(4, 16)', '(27, 11)', '(17, 10)', '(9, 6)', '(25, 2)', '(30, 16)', '(19, 16)', '(8, 16)', '(10, 13)', '(32, 10)', '(15, 12)', '(6, 9)', '(7, 8)']",46,22,68
201,"(21, 2)","(22, 2)",West,"[('(22, 2)', 'East', 1), ('(20, 2)', 'West', 1)]","['(21, 2)', '(6, 3)', '(5, 14)', '(33, 4)', '(28, 1)', '(6, 12)']","['(20, 2)', '(6, 3)', '(5, 14)', '(33, 4)', '(28, 1)', '(6, 12)']","['(21, 16)', '(4, 9)', '(34, 10)', '(27, 4)', '(27, 13)', '(17, 12)', '(30, 9)', '(10, 6)', '(8, 9)', '(32, 12)', '(13, 8)', '(1, 15)', '(26, 14)', '(15, 14)', '(6, 11)', '(21, 9)', '(34, 12)', '(27, 6)', '(5, 3)', '(17, 14)', '(19, 11)', '(8, 11)', '(11, 7)', '(11, 16)', '(32, 14)', '(1, 8)', '(29, 6)', '(21, 2)', '(26, 16)', '(15, 16)', '(18, 12)', '(34, 14)', '(22, 12)', '(27, 8)', '(14, 8)', '(5, 5)', '(30, 4)', '(28, 16)', '(30, 13)', '(17, 16)', '(33, 6)', '(32, 16)', '(1, 10)', '(24, 12)', '(25, 11)', '(13, 12)', '(16, 8)', '(6, 6)', '(26, 9)', '(31, 8)', '(34, 7)', '(27, 1)', '(34, 16)', '(12, 13)', '(14, 10)', '(3, 10)', '(17, 9)', '(30, 6)', '(5, 16)', '(9, 14)', '(33, 8)', '(1, 3)', '(26, 2)', '(1, 12)', '(26, 11)', '(13, 14)', '(16, 10)', '(18, 16)', '(7, 16)', '(20, 10)', '(31, 10)', '(3, 3)', '(22, 16)', '(14, 12)', '(4, 11)', '(9, 16)', '(33, 10)', '(1, 5)', '(24, 16)', '(13, 16)', '(25, 15)', '(1, 14)', '(16, 12)', '(31, 3)', '(31, 12)', '(20, 12)', '(34, 11)', '(22, 9)', '(12, 8)', '(3, 5)', '(14, 14)', '(4, 13)', '(32, 4)', '(8, 13)', '(33, 12)', '(1, 7)', '(10, 10)', '(24, 9)', '(1, 16)', '(16, 14)', '(22, 2)', '(31, 14)', '(12, 10)', '(3, 7)', '(14, 16)', '(3, 16)', '(32, 6)', '(8, 6)', '(24, 2)', '(33, 14)', '(1, 9)', '(24, 11)', '(10, 12)', '(16, 16)', '(29, 10)', '(6, 8)', '(34, 6)', '(31, 16)', '(20, 16)', '(23, 12)', '(12, 12)', '(4, 8)', '(27, 3)', '(27, 12)', '(30, 8)', '(8, 8)', '(33, 16)', '(1, 11)', '(10, 14)', '(6, 10)', '(20, 9)', '(12, 14)', '(14, 11)', '(4, 10)', '(27, 5)', '(27, 14)', '(17, 13)', '(30, 10)', '(8, 10)', '(1, 4)', '(11, 6)', '(2, 3)', '(10, 16)', '(1, 13)', '(25, 14)', '(20, 11)', '(4, 3)', '(23, 16)', '(12, 16)', '(4, 12)', '(27, 7)', '(30, 3)', '(27, 16)', '(30, 12)', '(19, 12)', '(8, 12)', '(11, 8)', '(2, 5)', '(25, 16)', '(15, 8)', '(6, 5)', '(31, 4)', '(29, 16)', '(21, 12)', '(23, 9)', '(4, 5)', '(4, 14)', '(34, 15)', '(27, 9)', '(17, 8)', '(30, 5)', '(30, 14)', '(10, 11)', '(8, 14)', '(11, 10)', '(2, 7)', '(32, 8)', '(25, 9)', '(2, 16)', '(15, 10)', '(31, 6)', '(7, 6)', '(23, 2)', '(6, 16)', '(12, 11)', '(4, 7)', '(34, 8)', '(27, 2)', '(4, 16)', '(27, 11)', '(17, 10)', '(9, 6)', '(25, 2)', '(30, 16)', '(19, 16)', '(8, 16)', '(10, 13)', '(32, 10)', '(15, 12)', '(6, 9)', '(7, 8)']",47,21,68
202,"(20, 2)","(21, 2)",West,"[('(21, 2)', 'East', 1), ('(19, 2)', 'West', 1)]","['(20, 2)', '(6, 3)', '(5, 14)', '(33, 4)', '(28, 1)', '(6, 12)']","['(19, 2)', '(6, 3)', '(5, 14)', '(33, 4)', '(28, 1)', '(6, 12)']","['(21, 16)', '(4, 9)', '(34, 10)', '(27, 4)', '(27, 13)', '(17, 12)', '(30, 9)', '(10, 6)', '(8, 9)', '(32, 12)', '(13, 8)', '(1, 15)', '(26, 14)', '(15, 14)', '(6, 11)', '(21, 9)', '(34, 12)', '(27, 6)', '(5, 3)', '(17, 14)', '(19, 11)', '(8, 11)', '(11, 7)', '(11, 16)', '(32, 14)', '(1, 8)', '(29, 6)', '(21, 2)', '(26, 16)', '(15, 16)', '(18, 12)', '(34, 14)', '(22, 12)', '(27, 8)', '(14, 8)', '(5, 5)', '(30, 4)', '(28, 16)', '(30, 13)', '(17, 16)', '(33, 6)', '(32, 16)', '(1, 10)', '(24, 12)', '(25, 11)', '(13, 12)', '(16, 8)', '(6, 6)', '(26, 9)', '(31, 8)', '(34, 7)', '(27, 1)', '(34, 16)', '(12, 13)', '(14, 10)', '(3, 10)', '(17, 9)', '(30, 6)', '(5, 16)', '(9, 14)', '(33, 8)', '(1, 3)', '(26, 2)', '(1, 12)', '(26, 11)', '(13, 14)', '(16, 10)', '(18, 16)', '(7, 16)', '(20, 10)', '(31, 10)', '(3, 3)', '(22, 16)', '(14, 12)', '(4, 11)', '(9, 16)', '(33, 10)', '(1, 5)', '(24, 16)', '(13, 16)', '(25, 15)', '(1, 14)', '(16, 12)', '(31, 3)', '(31, 12)', '(20, 12)', '(34, 11)', '(22, 9)', '(12, 8)', '(3, 5)', '(14, 14)', '(4, 13)', '(32, 4)', '(8, 13)', '(33, 12)', '(1, 7)', '(10, 10)', '(24, 9)', '(1, 16)', '(16, 14)', '(22, 2)', '(31, 14)', '(12, 10)', '(3, 7)', '(14, 16)', '(3, 16)', '(32, 6)', '(8, 6)', '(24, 2)', '(33, 14)', '(1, 9)', '(24, 11)', '(10, 12)', '(16, 16)', '(29, 10)', '(6, 8)', '(34, 6)', '(31, 16)', '(20, 16)', '(23, 12)', '(12, 12)', '(4, 8)', '(27, 3)', '(27, 12)', '(30, 8)', '(8, 8)', '(33, 16)', '(1, 11)', '(10, 14)', '(6, 10)', '(20, 9)', '(12, 14)', '(14, 11)', '(4, 10)', '(27, 5)', '(27, 14)', '(17, 13)', '(30, 10)', '(8, 10)', '(1, 4)', '(11, 6)', '(2, 3)', '(10, 16)', '(1, 13)', '(25, 14)', '(20, 2)', '(20, 11)', '(4, 3)', '(23, 16)', '(12, 16)', '(4, 12)', '(27, 7)', '(30, 3)', '(27, 16)', '(30, 12)', '(19, 12)', '(8, 12)', '(11, 8)', '(2, 5)', '(25, 16)', '(15, 8)', '(6, 5)', '(31, 4)', '(29, 16)', '(21, 12)', '(23, 9)', '(4, 5)', '(4, 14)', '(34, 15)', '(27, 9)', '(17, 8)', '(30, 5)', '(30, 14)', '(10, 11)', '(8, 14)', '(11, 10)', '(2, 7)', '(32, 8)', '(25, 9)', '(2, 16)', '(15, 10)', '(31, 6)', '(7, 6)', '(23, 2)', '(6, 16)', '(12, 11)', '(4, 7)', '(34, 8)', '(27, 2)', '(4, 16)', '(27, 11)', '(17, 10)', '(9, 6)', '(25, 2)', '(30, 16)', '(19, 16)', '(8, 16)', '(10, 13)', '(32, 10)', '(15, 12)', '(6, 9)', '(7, 8)']",48,20,68
203,"(19, 2)","(20, 2)",West,"[('(20, 2)', 'East', 1), ('(18, 2)', 'West', 1)]","['(19, 2)', '(6, 3)', '(5, 14)', '(33, 4)', '(28, 1)', '(6, 12)']","['(18, 2)', '(6, 3)', '(5, 14)', '(33, 4)', '(28, 1)', '(6, 12)']","['(21, 16)', '(4, 9)', '(34, 10)', '(27, 4)', '(27, 13)', '(17, 12)', '(30, 9)', '(10, 6)', '(8, 9)', '(32, 12)', '(13, 8)', '(1, 15)', '(26, 14)', '(15, 14)', '(6, 11)', '(21, 9)', '(34, 12)', '(27, 6)', '(5, 3)', '(19, 2)', '(17, 14)', '(19, 11)', '(8, 11)', '(11, 7)', '(11, 16)', '(32, 14)', '(1, 8)', '(29, 6)', '(21, 2)', '(26, 16)', '(15, 16)', '(18, 12)', '(34, 14)', '(22, 12)', '(27, 8)', '(14, 8)', '(5, 5)', '(30, 4)', '(28, 16)', '(30, 13)', '(17, 16)', '(33, 6)', '(32, 16)', '(1, 10)', '(24, 12)', '(25, 11)', '(13, 12)', '(16, 8)', '(6, 6)', '(26, 9)', '(31, 8)', '(34, 7)', '(27, 1)', '(34, 16)', '(12, 13)', '(14, 10)', '(3, 10)', '(17, 9)', '(30, 6)', '(5, 16)', '(9, 14)', '(33, 8)', '(1, 3)', '(26, 2)', '(1, 12)', '(26, 11)', '(13, 14)', '(16, 10)', '(18, 16)', '(7, 16)', '(20, 10)', '(31, 10)', '(3, 3)', '(22, 16)', '(14, 12)', '(4, 11)', '(9, 16)', '(33, 10)', '(1, 5)', '(24, 16)', '(13, 16)', '(25, 15)', '(1, 14)', '(16, 12)', '(31, 3)', '(31, 12)', '(20, 12)', '(34, 11)', '(22, 9)', '(12, 8)', '(3, 5)', '(14, 14)', '(4, 13)', '(32, 4)', '(8, 13)', '(33, 12)', '(1, 7)', '(10, 10)', '(24, 9)', '(1, 16)', '(16, 14)', '(22, 2)', '(31, 14)', '(12, 10)', '(3, 7)', '(14, 16)', '(3, 16)', '(32, 6)', '(8, 6)', '(24, 2)', '(33, 14)', '(1, 9)', '(24, 11)', '(10, 12)', '(16, 16)', '(29, 10)', '(6, 8)', '(34, 6)', '(31, 16)', '(20, 16)', '(23, 12)', '(12, 12)', '(4, 8)', '(27, 3)', '(27, 12)', '(30, 8)', '(8, 8)', '(33, 16)', '(1, 11)', '(10, 14)', '(6, 10)', '(20, 9)', '(12, 14)', '(14, 11)', '(4, 10)', '(27, 5)', '(27, 14)', '(17, 13)', '(30, 10)', '(8, 10)', '(1, 4)', '(11, 6)', '(2, 3)', '(10, 16)', '(1, 13)', '(25, 14)', '(20, 2)', '(20, 11)', '(4, 3)', '(23, 16)', '(12, 16)', '(4, 12)', '(27, 7)', '(30, 3)', '(27, 16)', '(30, 12)', '(19, 12)', '(8, 12)', '(11, 8)', '(2, 5)', '(25, 16)', '(15, 8)', '(6, 5)', '(31, 4)', '(29, 16)', '(21, 12)', '(23, 9)', '(4, 5)', '(4, 14)', '(34, 15)', '(27, 9)', '(17, 8)', '(30, 5)', '(30, 14)', '(10, 11)', '(8, 14)', '(11, 10)', '(2, 7)', '(32, 8)', '(25, 9)', '(2, 16)', '(15, 10)', '(31, 6)', '(7, 6)', '(23, 2)', '(6, 16)', '(12, 11)', '(4, 7)', '(34, 8)', '(27, 2)', '(4, 16)', '(27, 11)', '(17, 10)', '(9, 6)', '(25, 2)', '(30, 16)', '(19, 16)', '(8, 16)', '(10, 13)', '(32, 10)', '(15, 12)', '(6, 9)', '(7, 8)']",49,19,68
204,"(18, 2)","(19, 2)",West,"[('(19, 2)', 'East', 1), ('(17, 2)', 'West', 1)]","['(18, 2)', '(6, 3)', '(5, 14)', '(33, 4)', '(28, 1)', '(6, 12)']","['(17, 2)', '(6, 3)', '(5, 14)', '(33, 4)', '(28, 1)', '(6, 12)']","['(21, 16)', '(4, 9)', '(34, 10)', '(27, 4)', '(27, 13)', '(17, 12)', '(30, 9)', '(10, 6)', '(8, 9)', '(32, 12)', '(13, 8)', '(1, 15)', '(26, 14)', '(15, 14)', '(6, 11)', '(21, 9)', '(34, 12)', '(27, 6)', '(5, 3)', '(19, 2)', '(17, 14)', '(19, 11)', '(8, 11)', '(11, 7)', '(11, 16)', '(32, 14)', '(1, 8)', '(29, 6)', '(21, 2)', '(26, 16)', '(15, 16)', '(18, 12)', '(34, 14)', '(22, 12)', '(27, 8)', '(14, 8)', '(5, 5)', '(30, 4)', '(28, 16)', '(30, 13)', '(17, 16)', '(33, 6)', '(32, 16)', '(1, 10)', '(24, 12)', '(25, 11)', '(13, 12)', '(16, 8)', '(6, 6)', '(26, 9)', '(31, 8)', '(34, 7)', '(27, 1)', '(34, 16)', '(12, 13)', '(14, 10)', '(3, 10)', '(17, 9)', '(30, 6)', '(5, 16)', '(9, 14)', '(33, 8)', '(1, 3)', '(26, 2)', '(1, 12)', '(26, 11)', '(13, 14)', '(16, 10)', '(18, 16)', '(7, 16)', '(20, 10)', '(31, 10)', '(3, 3)', '(22, 16)', '(14, 12)', '(4, 11)', '(9, 16)', '(33, 10)', '(1, 5)', '(24, 16)', '(13, 16)', '(25, 15)', '(1, 14)', '(16, 12)', '(31, 3)', '(31, 12)', '(20, 12)', '(34, 11)', '(22, 9)', '(12, 8)', '(3, 5)', '(14, 14)', '(4, 13)', '(32, 4)', '(8, 13)', '(33, 12)', '(1, 7)', '(10, 10)', '(24, 9)', '(18, 2)', '(1, 16)', '(16, 14)', '(22, 2)', '(31, 14)', '(12, 10)', '(3, 7)', '(14, 16)', '(3, 16)', '(32, 6)', '(8, 6)', '(24, 2)', '(33, 14)', '(1, 9)', '(24, 11)', '(10, 12)', '(16, 16)', '(29, 10)', '(6, 8)', '(34, 6)', '(31, 16)', '(20, 16)', '(23, 12)', '(12, 12)', '(4, 8)', '(27, 3)', '(27, 12)', '(30, 8)', '(8, 8)', '(33, 16)', '(1, 11)', '(10, 14)', '(6, 10)', '(20, 9)', '(12, 14)', '(14, 11)', '(4, 10)', '(27, 5)', '(27, 14)', '(17, 13)', '(30, 10)', '(8, 10)', '(1, 4)', '(11, 6)', '(2, 3)', '(10, 16)', '(1, 13)', '(25, 14)', '(20, 2)', '(20, 11)', '(4, 3)', '(23, 16)', '(12, 16)', '(4, 12)', '(27, 7)', '(30, 3)', '(27, 16)', '(30, 12)', '(19, 12)', '(8, 12)', '(11, 8)', '(2, 5)', '(25, 16)', '(15, 8)', '(6, 5)', '(31, 4)', '(29, 16)', '(21, 12)', '(23, 9)', '(4, 5)', '(4, 14)', '(34, 15)', '(27, 9)', '(17, 8)', '(30, 5)', '(30, 14)', '(10, 11)', '(8, 14)', '(11, 10)', '(2, 7)', '(32, 8)', '(25, 9)', '(2, 16)', '(15, 10)', '(31, 6)', '(7, 6)', '(23, 2)', '(6, 16)', '(12, 11)', '(4, 7)', '(34, 8)', '(27, 2)', '(4, 16)', '(27, 11)', '(17, 10)', '(9, 6)', '(25, 2)', '(30, 16)', '(19, 16)', '(8, 16)', '(10, 13)', '(32, 10)', '(15, 12)', '(6, 9)', '(7, 8)']",50,18,68
205,"(17, 2)","(18, 2)",West,"[('(18, 2)', 'East', 1), ('(16, 2)', 'West', 1)]","['(17, 2)', '(6, 3)', '(5, 14)', '(33, 4)', '(28, 1)', '(6, 12)']","['(16, 2)', '(6, 3)', '(5, 14)', '(33, 4)', '(28, 1)', '(6, 12)']","['(21, 16)', '(4, 9)', '(34, 10)', '(27, 4)', '(27, 13)', '(17, 12)', '(30, 9)', '(10, 6)', '(8, 9)', '(32, 12)', '(13, 8)', '(1, 15)', '(26, 14)', '(15, 14)', '(6, 11)', '(21, 9)', '(34, 12)', '(27, 6)', '(5, 3)', '(19, 2)', '(17, 14)', '(19, 11)', '(8, 11)', '(11, 7)', '(11, 16)', '(32, 14)', '(1, 8)', '(29, 6)', '(21, 2)', '(26, 16)', '(15, 16)', '(18, 12)', '(34, 14)', '(22, 12)', '(27, 8)', '(14, 8)', '(5, 5)', '(30, 4)', '(28, 16)', '(30, 13)', '(17, 16)', '(33, 6)', '(32, 16)', '(1, 10)', '(24, 12)', '(25, 11)', '(13, 12)', '(16, 8)', '(6, 6)', '(26, 9)', '(31, 8)', '(34, 7)', '(27, 1)', '(34, 16)', '(12, 13)', '(14, 10)', '(3, 10)', '(17, 9)', '(30, 6)', '(5, 16)', '(9, 14)', '(33, 8)', '(1, 3)', '(26, 2)', '(1, 12)', '(26, 11)', '(13, 14)', '(16, 10)', '(18, 16)', '(7, 16)', '(20, 10)', '(31, 10)', '(3, 3)', '(17, 2)', '(22, 16)', '(14, 12)', '(4, 11)', '(9, 16)', '(33, 10)', '(1, 5)', '(24, 16)', '(13, 16)', '(25, 15)', '(1, 14)', '(16, 12)', '(31, 3)', '(31, 12)', '(20, 12)', '(34, 11)', '(22, 9)', '(12, 8)', '(3, 5)', '(14, 14)', '(4, 13)', '(32, 4)', '(8, 13)', '(33, 12)', '(1, 7)', '(10, 10)', '(24, 9)', '(18, 2)', '(1, 16)', '(16, 14)', '(22, 2)', '(31, 14)', '(12, 10)', '(3, 7)', '(14, 16)', '(3, 16)', '(32, 6)', '(8, 6)', '(24, 2)', '(33, 14)', '(1, 9)', '(24, 11)', '(10, 12)', '(16, 16)', '(29, 10)', '(6, 8)', '(34, 6)', '(31, 16)', '(20, 16)', '(23, 12)', '(12, 12)', '(4, 8)', '(27, 3)', '(27, 12)', '(30, 8)', '(8, 8)', '(33, 16)', '(1, 11)', '(10, 14)', '(6, 10)', '(20, 9)', '(12, 14)', '(14, 11)', '(4, 10)', '(27, 5)', '(27, 14)', '(17, 13)', '(30, 10)', '(8, 10)', '(1, 4)', '(11, 6)', '(2, 3)', '(10, 16)', '(1, 13)', '(25, 14)', '(20, 2)', '(20, 11)', '(4, 3)', '(23, 16)', '(12, 16)', '(4, 12)', '(27, 7)', '(30, 3)', '(27, 16)', '(30, 12)', '(19, 12)', '(8, 12)', '(11, 8)', '(2, 5)', '(25, 16)', '(15, 8)', '(6, 5)', '(31, 4)', '(29, 16)', '(21, 12)', '(23, 9)', '(4, 5)', '(4, 14)', '(34, 15)', '(27, 9)', '(17, 8)', '(30, 5)', '(30, 14)', '(10, 11)', '(8, 14)', '(11, 10)', '(2, 7)', '(32, 8)', '(25, 9)', '(2, 16)', '(15, 10)', '(31, 6)', '(7, 6)', '(23, 2)', '(6, 16)', '(12, 11)', '(4, 7)', '(34, 8)', '(27, 2)', '(4, 16)', '(27, 11)', '(17, 10)', '(9, 6)', '(25, 2)', '(30, 16)', '(19, 16)', '(8, 16)', '(10, 13)', '(32, 10)', '(15, 12)', '(6, 9)', '(7, 8)']",51,17,68
206,"(16, 2)","(17, 2)",West,"[('(17, 2)', 'East', 1), ('(15, 2)', 'West', 1)]","['(16, 2)', '(6, 3)', '(5, 14)', '(33, 4)', '(28, 1)', '(6, 12)']","['(15, 2)', '(6, 3)', '(5, 14)', '(33, 4)', '(28, 1)', '(6, 12)']","['(21, 16)', '(4, 9)', '(34, 10)', '(27, 4)', '(27, 13)', '(17, 12)', '(30, 9)', '(10, 6)', '(8, 9)', '(32, 12)', '(13, 8)', '(1, 15)', '(26, 14)', '(15, 14)', '(6, 11)', '(21, 9)', '(34, 12)', '(27, 6)', '(5, 3)', '(19, 2)', '(17, 14)', '(19, 11)', '(8, 11)', '(11, 7)', '(11, 16)', '(32, 14)', '(1, 8)', '(29, 6)', '(21, 2)', '(26, 16)', '(15, 16)', '(18, 12)', '(34, 14)', '(22, 12)', '(27, 8)', '(14, 8)', '(5, 5)', '(30, 4)', '(28, 16)', '(30, 13)', '(17, 16)', '(33, 6)', '(32, 16)', '(1, 10)', '(24, 12)', '(25, 11)', '(13, 12)', '(16, 8)', '(6, 6)', '(26, 9)', '(31, 8)', '(34, 7)', '(27, 1)', '(34, 16)', '(12, 13)', '(14, 10)', '(3, 10)', '(17, 9)', '(30, 6)', '(5, 16)', '(9, 14)', '(33, 8)', '(1, 3)', '(26, 2)', '(1, 12)', '(26, 11)', '(13, 14)', '(16, 10)', '(18, 16)', '(7, 16)', '(20, 10)', '(31, 10)', '(3, 3)', '(17, 2)', '(22, 16)', '(14, 12)', '(4, 11)', '(9, 16)', '(33, 10)', '(1, 5)', '(24, 16)', '(13, 16)', '(25, 15)', '(1, 14)', '(16, 12)', '(31, 3)', '(31, 12)', '(20, 12)', '(34, 11)', '(22, 9)', '(12, 8)', '(3, 5)', '(14, 14)', '(4, 13)', '(32, 4)', '(8, 13)', '(33, 12)', '(1, 7)', '(10, 10)', '(24, 9)', '(18, 2)', '(1, 16)', '(16, 14)', '(22, 2)', '(31, 14)', '(12, 10)', '(3, 7)', '(14, 16)', '(3, 16)', '(32, 6)', '(8, 6)', '(24, 2)', '(33, 14)', '(1, 9)', '(24, 11)', '(10, 12)', '(16, 16)', '(29, 10)', '(6, 8)', '(34, 6)', '(31, 16)', '(20, 16)', '(23, 12)', '(12, 12)', '(4, 8)', '(27, 3)', '(27, 12)', '(30, 8)', '(8, 8)', '(33, 16)', '(1, 11)', '(10, 14)', '(6, 10)', '(20, 9)', '(12, 14)', '(14, 11)', '(4, 10)', '(27, 5)', '(27, 14)', '(17, 13)', '(30, 10)', '(8, 10)', '(1, 4)', '(11, 6)', '(2, 3)', '(16, 2)', '(10, 16)', '(1, 13)', '(25, 14)', '(20, 2)', '(20, 11)', '(4, 3)', '(23, 16)', '(12, 16)', '(4, 12)', '(27, 7)', '(30, 3)', '(27, 16)', '(30, 12)', '(19, 12)', '(8, 12)', '(11, 8)', '(2, 5)', '(25, 16)', '(15, 8)', '(6, 5)', '(31, 4)', '(29, 16)', '(21, 12)', '(23, 9)', '(4, 5)', '(4, 14)', '(34, 15)', '(27, 9)', '(17, 8)', '(30, 5)', '(30, 14)', '(10, 11)', '(8, 14)', '(11, 10)', '(2, 7)', '(32, 8)', '(25, 9)', '(2, 16)', '(15, 10)', '(31, 6)', '(7, 6)', '(23, 2)', '(6, 16)', '(12, 11)', '(4, 7)', '(34, 8)', '(27, 2)', '(4, 16)', '(27, 11)', '(17, 10)', '(9, 6)', '(25, 2)', '(30, 16)', '(19, 16)', '(8, 16)', '(10, 13)', '(32, 10)', '(15, 12)', '(6, 9)', '(7, 8)']",52,16,68
207,"(15, 2)","(16, 2)",West,"[('(15, 3)', 'North', 1), ('(16, 2)', 'East', 1), ('(14, 2)', 'West', 1)]","['(15, 2)', '(6, 3)', '(5, 14)', '(33, 4)', '(28, 1)', '(6, 12)']","['(14, 2)', '(6, 3)', '(5, 14)', '(33, 4)', '(28, 1)', '(15, 3)', '(6, 12)']","['(21, 16)', '(4, 9)', '(34, 10)', '(27, 4)', '(27, 13)', '(17, 12)', '(30, 9)', '(10, 6)', '(8, 9)', '(32, 12)', '(13, 8)', '(1, 15)', '(26, 14)', '(15, 14)', '(6, 11)', '(21, 9)', '(34, 12)', '(27, 6)', '(5, 3)', '(19, 2)', '(17, 14)', '(19, 11)', '(8, 11)', '(11, 7)', '(11, 16)', '(32, 14)', '(1, 8)', '(29, 6)', '(21, 2)', '(26, 16)', '(15, 16)', '(18, 12)', '(34, 14)', '(22, 12)', '(27, 8)', '(14, 8)', '(5, 5)', '(30, 4)', '(28, 16)', '(30, 13)', '(17, 16)', '(33, 6)', '(32, 16)', '(1, 10)', '(24, 12)', '(25, 11)', '(13, 12)', '(16, 8)', '(6, 6)', '(26, 9)', '(31, 8)', '(34, 7)', '(27, 1)', '(34, 16)', '(12, 13)', '(14, 10)', '(3, 10)', '(17, 9)', '(30, 6)', '(5, 16)', '(9, 14)', '(33, 8)', '(1, 3)', '(26, 2)', '(15, 2)', '(1, 12)', '(26, 11)', '(13, 14)', '(16, 10)', '(18, 16)', '(7, 16)', '(20, 10)', '(31, 10)', '(3, 3)', '(17, 2)', '(22, 16)', '(14, 12)', '(4, 11)', '(9, 16)', '(33, 10)', '(1, 5)', '(24, 16)', '(13, 16)', '(25, 15)', '(1, 14)', '(16, 12)', '(31, 3)', '(31, 12)', '(20, 12)', '(34, 11)', '(22, 9)', '(12, 8)', '(3, 5)', '(14, 14)', '(4, 13)', '(32, 4)', '(8, 13)', '(33, 12)', '(1, 7)', '(10, 10)', '(24, 9)', '(18, 2)', '(1, 16)', '(16, 14)', '(22, 2)', '(31, 14)', '(12, 10)', '(3, 7)', '(14, 16)', '(3, 16)', '(32, 6)', '(8, 6)', '(24, 2)', '(33, 14)', '(1, 9)', '(24, 11)', '(10, 12)', '(16, 16)', '(29, 10)', '(6, 8)', '(34, 6)', '(31, 16)', '(20, 16)', '(23, 12)', '(12, 12)', '(4, 8)', '(27, 3)', '(27, 12)', '(30, 8)', '(8, 8)', '(33, 16)', '(1, 11)', '(10, 14)', '(6, 10)', '(20, 9)', '(12, 14)', '(14, 11)', '(4, 10)', '(27, 5)', '(27, 14)', '(17, 13)', '(30, 10)', '(8, 10)', '(1, 4)', '(11, 6)', '(2, 3)', '(16, 2)', '(10, 16)', '(1, 13)', '(25, 14)', '(20, 2)', '(20, 11)', '(4, 3)', '(23, 16)', '(12, 16)', '(4, 12)', '(27, 7)', '(30, 3)', '(27, 16)', '(30, 12)', '(19, 12)', '(8, 12)', '(11, 8)', '(2, 5)', '(25, 16)', '(15, 8)', '(6, 5)', '(31, 4)', '(29, 16)', '(21, 12)', '(23, 9)', '(4, 5)', '(4, 14)', '(34, 15)', '(27, 9)', '(17, 8)', '(30, 5)', '(30, 14)', '(10, 11)', '(8, 14)', '(11, 10)', '(2, 7)', '(32, 8)', '(25, 9)', '(2, 16)', '(15, 10)', '(31, 6)', '(7, 6)', '(23, 2)', '(6, 16)', '(12, 11)', '(4, 7)', '(34, 8)', '(27, 2)', '(4, 16)', '(27, 11)', '(17, 10)', '(9, 6)', '(25, 2)', '(30, 16)', '(19, 16)', '(8, 16)', '(10, 13)', '(32, 10)', '(15, 12)', '(6, 9)', '(7, 8)']",53,15,68
208,"(14, 2)","(15, 2)",West,"[('(15, 2)', 'East', 1), ('(13, 2)', 'West', 1)]","['(14, 2)', '(6, 3)', '(5, 14)', '(33, 4)', '(28, 1)', '(15, 3)', '(6, 12)']","['(13, 2)', '(6, 3)', '(5, 14)', '(33, 4)', '(28, 1)', '(15, 3)', '(6, 12)']","['(21, 16)', '(4, 9)', '(34, 10)', '(27, 4)', '(27, 13)', '(17, 12)', '(30, 9)', '(10, 6)', '(8, 9)', '(32, 12)', '(13, 8)', '(1, 15)', '(26, 14)', '(15, 14)', '(6, 11)', '(21, 9)', '(34, 12)', '(27, 6)', '(5, 3)', '(19, 2)', '(17, 14)', '(19, 11)', '(8, 11)', '(11, 7)', '(11, 16)', '(32, 14)', '(1, 8)', '(29, 6)', '(21, 2)', '(26, 16)', '(15, 16)', '(18, 12)', '(34, 14)', '(22, 12)', '(27, 8)', '(14, 8)', '(5, 5)', '(30, 4)', '(28, 16)', '(30, 13)', '(17, 16)', '(33, 6)', '(32, 16)', '(1, 10)', '(24, 12)', '(25, 11)', '(13, 12)', '(16, 8)', '(6, 6)', '(26, 9)', '(31, 8)', '(34, 7)', '(27, 1)', '(34, 16)', '(12, 13)', '(14, 10)', '(3, 10)', '(17, 9)', '(30, 6)', '(5, 16)', '(9, 14)', '(33, 8)', '(1, 3)', '(26, 2)', '(15, 2)', '(1, 12)', '(26, 11)', '(13, 14)', '(16, 10)', '(18, 16)', '(7, 16)', '(20, 10)', '(31, 10)', '(3, 3)', '(17, 2)', '(22, 16)', '(14, 12)', '(4, 11)', '(9, 16)', '(33, 10)', '(1, 5)', '(24, 16)', '(13, 16)', '(25, 15)', '(1, 14)', '(16, 12)', '(31, 3)', '(31, 12)', '(20, 12)', '(34, 11)', '(22, 9)', '(12, 8)', '(3, 5)', '(14, 14)', '(4, 13)', '(32, 4)', '(8, 13)', '(33, 12)', '(1, 7)', '(10, 10)', '(24, 9)', '(18, 2)', '(1, 16)', '(16, 14)', '(22, 2)', '(31, 14)', '(12, 10)', '(3, 7)', '(14, 16)', '(3, 16)', '(32, 6)', '(8, 6)', '(24, 2)', '(33, 14)', '(1, 9)', '(24, 11)', '(10, 12)', '(16, 16)', '(29, 10)', '(6, 8)', '(34, 6)', '(31, 16)', '(20, 16)', '(23, 12)', '(12, 12)', '(4, 8)', '(27, 3)', '(27, 12)', '(30, 8)', '(8, 8)', '(33, 16)', '(1, 11)', '(10, 14)', '(6, 10)', '(20, 9)', '(14, 2)', '(12, 14)', '(14, 11)', '(4, 10)', '(27, 5)', '(27, 14)', '(17, 13)', '(30, 10)', '(8, 10)', '(1, 4)', '(11, 6)', '(2, 3)', '(16, 2)', '(10, 16)', '(1, 13)', '(25, 14)', '(20, 2)', '(20, 11)', '(4, 3)', '(23, 16)', '(12, 16)', '(4, 12)', '(27, 7)', '(30, 3)', '(27, 16)', '(30, 12)', '(19, 12)', '(8, 12)', '(11, 8)', '(2, 5)', '(25, 16)', '(15, 8)', '(6, 5)', '(31, 4)', '(29, 16)', '(21, 12)', '(23, 9)', '(4, 5)', '(4, 14)', '(34, 15)', '(27, 9)', '(17, 8)', '(30, 5)', '(30, 14)', '(10, 11)', '(8, 14)', '(11, 10)', '(2, 7)', '(32, 8)', '(25, 9)', '(2, 16)', '(15, 10)', '(31, 6)', '(7, 6)', '(23, 2)', '(6, 16)', '(12, 11)', '(4, 7)', '(34, 8)', '(27, 2)', '(4, 16)', '(27, 11)', '(17, 10)', '(9, 6)', '(25, 2)', '(30, 16)', '(19, 16)', '(8, 16)', '(10, 13)', '(32, 10)', '(15, 12)', '(6, 9)', '(7, 8)']",54,14,68
209,"(13, 2)","(14, 2)",West,"[('(14, 2)', 'East', 1), ('(12, 2)', 'West', 1)]","['(13, 2)', '(6, 3)', '(5, 14)', '(33, 4)', '(28, 1)', '(15, 3)', '(6, 12)']","['(12, 2)', '(6, 3)', '(5, 14)', '(33, 4)', '(28, 1)', '(15, 3)', '(6, 12)']","['(21, 16)', '(4, 9)', '(34, 10)', '(27, 4)', '(27, 13)', '(17, 12)', '(30, 9)', '(10, 6)', '(8, 9)', '(32, 12)', '(13, 8)', '(1, 15)', '(26, 14)', '(15, 14)', '(6, 11)', '(21, 9)', '(34, 12)', '(27, 6)', '(5, 3)', '(19, 2)', '(17, 14)', '(19, 11)', '(8, 11)', '(11, 7)', '(11, 16)', '(32, 14)', '(1, 8)', '(29, 6)', '(21, 2)', '(26, 16)', '(15, 16)', '(18, 12)', '(34, 14)', '(22, 12)', '(27, 8)', '(14, 8)', '(5, 5)', '(30, 4)', '(28, 16)', '(30, 13)', '(17, 16)', '(33, 6)', '(32, 16)', '(1, 10)', '(24, 12)', '(25, 11)', '(13, 12)', '(16, 8)', '(6, 6)', '(26, 9)', '(31, 8)', '(34, 7)', '(27, 1)', '(34, 16)', '(12, 13)', '(14, 10)', '(3, 10)', '(17, 9)', '(30, 6)', '(5, 16)', '(9, 14)', '(33, 8)', '(1, 3)', '(26, 2)', '(15, 2)', '(1, 12)', '(26, 11)', '(13, 14)', '(16, 10)', '(18, 16)', '(7, 16)', '(20, 10)', '(31, 10)', '(3, 3)', '(17, 2)', '(22, 16)', '(14, 12)', '(4, 11)', '(9, 16)', '(33, 10)', '(1, 5)', '(24, 16)', '(13, 16)', '(25, 15)', '(1, 14)', '(16, 12)', '(31, 3)', '(31, 12)', '(20, 12)', '(34, 11)', '(22, 9)', '(12, 8)', '(3, 5)', '(14, 14)', '(4, 13)', '(32, 4)', '(8, 13)', '(33, 12)', '(1, 7)', '(10, 10)', '(24, 9)', '(18, 2)', '(1, 16)', '(16, 14)', '(22, 2)', '(31, 14)', '(12, 10)', '(3, 7)', '(14, 16)', '(3, 16)', '(32, 6)', '(8, 6)', '(24, 2)', '(13, 2)', '(33, 14)', '(1, 9)', '(24, 11)', '(10, 12)', '(16, 16)', '(29, 10)', '(6, 8)', '(34, 6)', '(31, 16)', '(20, 16)', '(23, 12)', '(12, 12)', '(4, 8)', '(27, 3)', '(27, 12)', '(30, 8)', '(8, 8)', '(33, 16)', '(1, 11)', '(10, 14)', '(6, 10)', '(20, 9)', '(14, 2)', '(12, 14)', '(14, 11)', '(4, 10)', '(27, 5)', '(27, 14)', '(17, 13)', '(30, 10)', '(8, 10)', '(1, 4)', '(11, 6)', '(2, 3)', '(16, 2)', '(10, 16)', '(1, 13)', '(25, 14)', '(20, 2)', '(20, 11)', '(4, 3)', '(23, 16)', '(12, 16)', '(4, 12)', '(27, 7)', '(30, 3)', '(27, 16)', '(30, 12)', '(19, 12)', '(8, 12)', '(11, 8)', '(2, 5)', '(25, 16)', '(15, 8)', '(6, 5)', '(31, 4)', '(29, 16)', '(21, 12)', '(23, 9)', '(4, 5)', '(4, 14)', '(34, 15)', '(27, 9)', '(17, 8)', '(30, 5)', '(30, 14)', '(10, 11)', '(8, 14)', '(11, 10)', '(2, 7)', '(32, 8)', '(25, 9)', '(2, 16)', '(15, 10)', '(31, 6)', '(7, 6)', '(23, 2)', '(6, 16)', '(12, 11)', '(4, 7)', '(34, 8)', '(27, 2)', '(4, 16)', '(27, 11)', '(17, 10)', '(9, 6)', '(25, 2)', '(30, 16)', '(19, 16)', '(8, 16)', '(10, 13)', '(32, 10)', '(15, 12)', '(6, 9)', '(7, 8)']",55,13,68
210,"(12, 2)","(13, 2)",West,"[('(13, 2)', 'East', 1), ('(11, 2)', 'West', 1)]","['(12, 2)', '(6, 3)', '(5, 14)', '(33, 4)', '(28, 1)', '(15, 3)', '(6, 12)']","['(11, 2)', '(6, 3)', '(5, 14)', '(33, 4)', '(28, 1)', '(15, 3)', '(6, 12)']","['(21, 16)', '(4, 9)', '(34, 10)', '(27, 4)', '(27, 13)', '(17, 12)', '(30, 9)', '(10, 6)', '(8, 9)', '(32, 12)', '(13, 8)', '(1, 15)', '(26, 14)', '(15, 14)', '(6, 11)', '(21, 9)', '(34, 12)', '(27, 6)', '(5, 3)', '(19, 2)', '(17, 14)', '(19, 11)', '(8, 11)', '(11, 7)', '(11, 16)', '(32, 14)', '(1, 8)', '(29, 6)', '(21, 2)', '(26, 16)', '(15, 16)', '(18, 12)', '(34, 14)', '(22, 12)', '(27, 8)', '(14, 8)', '(5, 5)', '(30, 4)', '(28, 16)', '(30, 13)', '(17, 16)', '(33, 6)', '(32, 16)', '(1, 10)', '(24, 12)', '(25, 11)', '(13, 12)', '(16, 8)', '(6, 6)', '(26, 9)', '(31, 8)', '(34, 7)', '(27, 1)', '(34, 16)', '(12, 13)', '(14, 10)', '(3, 10)', '(17, 9)', '(30, 6)', '(5, 16)', '(9, 14)', '(33, 8)', '(1, 3)', '(26, 2)', '(15, 2)', '(1, 12)', '(26, 11)', '(13, 14)', '(16, 10)', '(18, 16)', '(7, 16)', '(20, 10)', '(31, 10)', '(3, 3)', '(17, 2)', '(22, 16)', '(14, 12)', '(4, 11)', '(9, 16)', '(33, 10)', '(1, 5)', '(24, 16)', '(13, 16)', '(25, 15)', '(1, 14)', '(16, 12)', '(31, 3)', '(31, 12)', '(20, 12)', '(34, 11)', '(22, 9)', '(12, 8)', '(3, 5)', '(14, 14)', '(4, 13)', '(32, 4)', '(8, 13)', '(33, 12)', '(1, 7)', '(10, 10)', '(24, 9)', '(18, 2)', '(1, 16)', '(16, 14)', '(22, 2)', '(31, 14)', '(12, 10)', '(3, 7)', '(14, 16)', '(3, 16)', '(32, 6)', '(8, 6)', '(24, 2)', '(13, 2)', '(33, 14)', '(1, 9)', '(24, 11)', '(10, 12)', '(16, 16)', '(29, 10)', '(6, 8)', '(34, 6)', '(31, 16)', '(20, 16)', '(23, 12)', '(12, 12)', '(4, 8)', '(27, 3)', '(27, 12)', '(30, 8)', '(8, 8)', '(33, 16)', '(1, 11)', '(10, 14)', '(6, 10)', '(20, 9)', '(14, 2)', '(12, 14)', '(14, 11)', '(4, 10)', '(27, 5)', '(27, 14)', '(17, 13)', '(30, 10)', '(8, 10)', '(1, 4)', '(11, 6)', '(2, 3)', '(16, 2)', '(10, 16)', '(1, 13)', '(25, 14)', '(20, 2)', '(20, 11)', '(4, 3)', '(23, 16)', '(12, 16)', '(4, 12)', '(27, 7)', '(30, 3)', '(27, 16)', '(30, 12)', '(19, 12)', '(8, 12)', '(11, 8)', '(2, 5)', '(25, 16)', '(15, 8)', '(6, 5)', '(31, 4)', '(29, 16)', '(21, 12)', '(23, 9)', '(4, 5)', '(4, 14)', '(34, 15)', '(27, 9)', '(17, 8)', '(30, 5)', '(30, 14)', '(10, 11)', '(8, 14)', '(11, 10)', '(2, 7)', '(32, 8)', '(25, 9)', '(2, 16)', '(15, 10)', '(31, 6)', '(7, 6)', '(23, 2)', '(6, 16)', '(12, 2)', '(12, 11)', '(4, 7)', '(34, 8)', '(27, 2)', '(4, 16)', '(27, 11)', '(17, 10)', '(9, 6)', '(25, 2)', '(30, 16)', '(19, 16)', '(8, 16)', '(10, 13)', '(32, 10)', '(15, 12)', '(6, 9)', '(7, 8)']",56,12,68
211,"(11, 2)","(12, 2)",West,"[('(12, 2)', 'East', 1), ('(10, 2)', 'West', 1)]","['(11, 2)', '(6, 3)', '(5, 14)', '(33, 4)', '(28, 1)', '(15, 3)', '(6, 12)']","['(10, 2)', '(6, 3)', '(5, 14)', '(33, 4)', '(28, 1)', '(15, 3)', '(6, 12)']","['(21, 16)', '(4, 9)', '(34, 10)', '(27, 4)', '(27, 13)', '(17, 12)', '(30, 9)', '(10, 6)', '(8, 9)', '(32, 12)', '(13, 8)', '(1, 15)', '(26, 14)', '(15, 14)', '(6, 11)', '(21, 9)', '(34, 12)', '(27, 6)', '(5, 3)', '(19, 2)', '(17, 14)', '(19, 11)', '(8, 11)', '(11, 7)', '(11, 16)', '(32, 14)', '(1, 8)', '(29, 6)', '(21, 2)', '(26, 16)', '(15, 16)', '(18, 12)', '(34, 14)', '(22, 12)', '(27, 8)', '(14, 8)', '(5, 5)', '(30, 4)', '(28, 16)', '(30, 13)', '(17, 16)', '(33, 6)', '(32, 16)', '(1, 10)', '(24, 12)', '(25, 11)', '(13, 12)', '(16, 8)', '(6, 6)', '(26, 9)', '(31, 8)', '(34, 7)', '(27, 1)', '(34, 16)', '(12, 13)', '(14, 10)', '(3, 10)', '(17, 9)', '(30, 6)', '(11, 2)', '(5, 16)', '(9, 14)', '(33, 8)', '(1, 3)', '(26, 2)', '(15, 2)', '(1, 12)', '(26, 11)', '(13, 14)', '(16, 10)', '(18, 16)', '(7, 16)', '(20, 10)', '(31, 10)', '(3, 3)', '(17, 2)', '(22, 16)', '(14, 12)', '(4, 11)', '(9, 16)', '(33, 10)', '(1, 5)', '(24, 16)', '(13, 16)', '(25, 15)', '(1, 14)', '(16, 12)', '(31, 3)', '(31, 12)', '(20, 12)', '(34, 11)', '(22, 9)', '(12, 8)', '(3, 5)', '(14, 14)', '(4, 13)', '(32, 4)', '(8, 13)', '(33, 12)', '(1, 7)', '(10, 10)', '(24, 9)', '(18, 2)', '(1, 16)', '(16, 14)', '(22, 2)', '(31, 14)', '(12, 10)', '(3, 7)', '(14, 16)', '(3, 16)', '(32, 6)', '(8, 6)', '(24, 2)', '(13, 2)', '(33, 14)', '(1, 9)', '(24, 11)', '(10, 12)', '(16, 16)', '(29, 10)', '(6, 8)', '(34, 6)', '(31, 16)', '(20, 16)', '(23, 12)', '(12, 12)', '(4, 8)', '(27, 3)', '(27, 12)', '(30, 8)', '(8, 8)', '(33, 16)', '(1, 11)', '(10, 14)', '(6, 10)', '(20, 9)', '(14, 2)', '(12, 14)', '(14, 11)', '(4, 10)', '(27, 5)', '(27, 14)', '(17, 13)', '(30, 10)', '(8, 10)', '(1, 4)', '(11, 6)', '(2, 3)', '(16, 2)', '(10, 16)', '(1, 13)', '(25, 14)', '(20, 2)', '(20, 11)', '(4, 3)', '(23, 16)', '(12, 16)', '(4, 12)', '(27, 7)', '(30, 3)', '(27, 16)', '(30, 12)', '(19, 12)', '(8, 12)', '(11, 8)', '(2, 5)', '(25, 16)', '(15, 8)', '(6, 5)', '(31, 4)', '(29, 16)', '(21, 12)', '(23, 9)', '(4, 5)', '(4, 14)', '(34, 15)', '(27, 9)', '(17, 8)', '(30, 5)', '(30, 14)', '(10, 11)', '(8, 14)', '(11, 10)', '(2, 7)', '(32, 8)', '(25, 9)', '(2, 16)', '(15, 10)', '(31, 6)', '(7, 6)', '(23, 2)', '(6, 16)', '(12, 2)', '(12, 11)', '(4, 7)', '(34, 8)', '(27, 2)', '(4, 16)', '(27, 11)', '(17, 10)', '(9, 6)', '(25, 2)', '(30, 16)', '(19, 16)', '(8, 16)', '(10, 13)', '(32, 10)', '(15, 12)', '(6, 9)', '(7, 8)']",57,11,68
212,"(10, 2)","(11, 2)",West,"[('(10, 1)', 'South', 1), ('(11, 2)', 'East', 1)]","['(10, 2)', '(6, 3)', '(5, 14)', '(33, 4)', '(28, 1)', '(15, 3)', '(6, 12)']","['(10, 1)', '(6, 3)', '(5, 14)', '(33, 4)', '(28, 1)', '(15, 3)', '(6, 12)']","['(21, 16)', '(4, 9)', '(34, 10)', '(27, 4)', '(27, 13)', '(17, 12)', '(30, 9)', '(10, 6)', '(8, 9)', '(32, 12)', '(13, 8)', '(1, 15)', '(26, 14)', '(15, 14)', '(6, 11)', '(21, 9)', '(34, 12)', '(27, 6)', '(5, 3)', '(19, 2)', '(17, 14)', '(19, 11)', '(8, 11)', '(11, 7)', '(11, 16)', '(32, 14)', '(1, 8)', '(29, 6)', '(21, 2)', '(26, 16)', '(15, 16)', '(18, 12)', '(34, 14)', '(22, 12)', '(27, 8)', '(14, 8)', '(5, 5)', '(30, 4)', '(28, 16)', '(30, 13)', '(17, 16)', '(33, 6)', '(32, 16)', '(1, 10)', '(24, 12)', '(25, 11)', '(13, 12)', '(16, 8)', '(6, 6)', '(26, 9)', '(31, 8)', '(34, 7)', '(27, 1)', '(34, 16)', '(12, 13)', '(14, 10)', '(3, 10)', '(17, 9)', '(30, 6)', '(11, 2)', '(5, 16)', '(9, 14)', '(33, 8)', '(1, 3)', '(26, 2)', '(15, 2)', '(1, 12)', '(26, 11)', '(13, 14)', '(16, 10)', '(18, 16)', '(7, 16)', '(20, 10)', '(31, 10)', '(3, 3)', '(17, 2)', '(22, 16)', '(14, 12)', '(4, 11)', '(9, 16)', '(33, 10)', '(1, 5)', '(24, 16)', '(13, 16)', '(25, 15)', '(1, 14)', '(16, 12)', '(31, 3)', '(31, 12)', '(20, 12)', '(34, 11)', '(22, 9)', '(12, 8)', '(3, 5)', '(14, 14)', '(4, 13)', '(32, 4)', '(8, 13)', '(33, 12)', '(1, 7)', '(10, 10)', '(24, 9)', '(18, 2)', '(1, 16)', '(16, 14)', '(22, 2)', '(31, 14)', '(12, 10)', '(3, 7)', '(14, 16)', '(3, 16)', '(32, 6)', '(8, 6)', '(24, 2)', '(13, 2)', '(33, 14)', '(1, 9)', '(24, 11)', '(10, 12)', '(16, 16)', '(29, 10)', '(6, 8)', '(34, 6)', '(31, 16)', '(20, 16)', '(23, 12)', '(12, 12)', '(4, 8)', '(27, 3)', '(27, 12)', '(30, 8)', '(8, 8)', '(33, 16)', '(1, 11)', '(10, 14)', '(6, 10)', '(20, 9)', '(14, 2)', '(12, 14)', '(14, 11)', '(4, 10)', '(27, 5)', '(27, 14)', '(17, 13)', '(30, 10)', '(8, 10)', '(1, 4)', '(11, 6)', '(2, 3)', '(16, 2)', '(10, 16)', '(1, 13)', '(25, 14)', '(20, 2)', '(20, 11)', '(4, 3)', '(23, 16)', '(12, 16)', '(4, 12)', '(27, 7)', '(30, 3)', '(27, 16)', '(30, 12)', '(19, 12)', '(8, 12)', '(11, 8)', '(2, 5)', '(25, 16)', '(15, 8)', '(6, 5)', '(31, 4)', '(29, 16)', '(21, 12)', '(23, 9)', '(4, 5)', '(4, 14)', '(34, 15)', '(27, 9)', '(17, 8)', '(30, 5)', '(10, 2)', '(30, 14)', '(10, 11)', '(8, 14)', '(11, 10)', '(2, 7)', '(32, 8)', '(25, 9)', '(2, 16)', '(15, 10)', '(31, 6)', '(7, 6)', '(23, 2)', '(6, 16)', '(12, 2)', '(12, 11)', '(4, 7)', '(34, 8)', '(27, 2)', '(4, 16)', '(27, 11)', '(17, 10)', '(9, 6)', '(25, 2)', '(30, 16)', '(19, 16)', '(8, 16)', '(10, 13)', '(32, 10)', '(15, 12)', '(6, 9)', '(7, 8)']",58,10,68
213,"(10, 1)","(10, 2)",South,"[('(10, 2)', 'North', 1), ('(9, 1)', 'West', 1)]","['(10, 1)', '(6, 3)', '(5, 14)', '(33, 4)', '(28, 1)', '(15, 3)', '(6, 12)']","['(9, 1)', '(6, 3)', '(5, 14)', '(33, 4)', '(28, 1)', '(15, 3)', '(6, 12)']","['(21, 16)', '(4, 9)', '(34, 10)', '(27, 4)', '(27, 13)', '(17, 12)', '(30, 9)', '(10, 6)', '(8, 9)', '(32, 12)', '(13, 8)', '(1, 15)', '(26, 14)', '(15, 14)', '(6, 11)', '(21, 9)', '(34, 12)', '(27, 6)', '(5, 3)', '(19, 2)', '(17, 14)', '(19, 11)', '(8, 11)', '(11, 7)', '(11, 16)', '(32, 14)', '(1, 8)', '(29, 6)', '(21, 2)', '(26, 16)', '(15, 16)', '(18, 12)', '(34, 14)', '(22, 12)', '(27, 8)', '(14, 8)', '(5, 5)', '(30, 4)', '(28, 16)', '(30, 13)', '(17, 16)', '(33, 6)', '(32, 16)', '(1, 10)', '(24, 12)', '(25, 11)', '(13, 12)', '(16, 8)', '(6, 6)', '(26, 9)', '(31, 8)', '(34, 7)', '(27, 1)', '(34, 16)', '(12, 13)', '(14, 10)', '(3, 10)', '(17, 9)', '(30, 6)', '(11, 2)', '(5, 16)', '(9, 14)', '(33, 8)', '(1, 3)', '(26, 2)', '(15, 2)', '(1, 12)', '(26, 11)', '(13, 14)', '(16, 10)', '(18, 16)', '(7, 16)', '(20, 10)', '(31, 10)', '(3, 3)', '(17, 2)', '(22, 16)', '(14, 12)', '(4, 11)', '(9, 16)', '(33, 10)', '(1, 5)', '(24, 16)', '(13, 16)', '(25, 15)', '(1, 14)', '(16, 12)', '(31, 3)', '(31, 12)', '(20, 12)', '(34, 11)', '(22, 9)', '(12, 8)', '(3, 5)', '(14, 14)', '(4, 13)', '(32, 4)', '(10, 1)', '(8, 13)', '(33, 12)', '(1, 7)', '(10, 10)', '(24, 9)', '(18, 2)', '(1, 16)', '(16, 14)', '(22, 2)', '(31, 14)', '(12, 10)', '(3, 7)', '(14, 16)', '(3, 16)', '(32, 6)', '(8, 6)', '(24, 2)', '(13, 2)', '(33, 14)', '(1, 9)', '(24, 11)', '(10, 12)', '(16, 16)', '(29, 10)', '(6, 8)', '(34, 6)', '(31, 16)', '(20, 16)', '(23, 12)', '(12, 12)', '(4, 8)', '(27, 3)', '(27, 12)', '(30, 8)', '(8, 8)', '(33, 16)', '(1, 11)', '(10, 14)', '(6, 10)', '(20, 9)', '(14, 2)', '(12, 14)', '(14, 11)', '(4, 10)', '(27, 5)', '(27, 14)', '(17, 13)', '(30, 10)', '(8, 10)', '(1, 4)', '(11, 6)', '(2, 3)', '(16, 2)', '(10, 16)', '(1, 13)', '(25, 14)', '(20, 2)', '(20, 11)', '(4, 3)', '(23, 16)', '(12, 16)', '(4, 12)', '(27, 7)', '(30, 3)', '(27, 16)', '(30, 12)', '(19, 12)', '(8, 12)', '(11, 8)', '(2, 5)', '(25, 16)', '(15, 8)', '(6, 5)', '(31, 4)', '(29, 16)', '(21, 12)', '(23, 9)', '(4, 5)', '(4, 14)', '(34, 15)', '(27, 9)', '(17, 8)', '(30, 5)', '(10, 2)', '(30, 14)', '(10, 11)', '(8, 14)', '(11, 10)', '(2, 7)', '(32, 8)', '(25, 9)', '(2, 16)', '(15, 10)', '(31, 6)', '(7, 6)', '(23, 2)', '(6, 16)', '(12, 2)', '(12, 11)', '(4, 7)', '(34, 8)', '(27, 2)', '(4, 16)', '(27, 11)', '(17, 10)', '(9, 6)', '(25, 2)', '(30, 16)', '(19, 16)', '(8, 16)', '(10, 13)', '(32, 10)', '(15, 12)', '(6, 9)', '(7, 8)']",59,9,68
214,"(9, 1)","(10, 1)",West,"[('(10, 1)', 'East', 1), ('(8, 1)', 'West', 1)]","['(9, 1)', '(6, 3)', '(5, 14)', '(33, 4)', '(28, 1)', '(15, 3)', '(6, 12)']","['(8, 1)', '(6, 3)', '(5, 14)', '(33, 4)', '(28, 1)', '(15, 3)', '(6, 12)']","['(21, 16)', '(4, 9)', '(34, 10)', '(27, 4)', '(27, 13)', '(17, 12)', '(30, 9)', '(10, 6)', '(8, 9)', '(32, 12)', '(13, 8)', '(1, 15)', '(26, 14)', '(15, 14)', '(6, 11)', '(21, 9)', '(34, 12)', '(27, 6)', '(5, 3)', '(19, 2)', '(9, 1)', '(17, 14)', '(19, 11)', '(8, 11)', '(11, 7)', '(11, 16)', '(32, 14)', '(1, 8)', '(29, 6)', '(21, 2)', '(26, 16)', '(15, 16)', '(18, 12)', '(34, 14)', '(22, 12)', '(27, 8)', '(14, 8)', '(5, 5)', '(30, 4)', '(28, 16)', '(30, 13)', '(17, 16)', '(33, 6)', '(32, 16)', '(1, 10)', '(24, 12)', '(25, 11)', '(13, 12)', '(16, 8)', '(6, 6)', '(26, 9)', '(31, 8)', '(34, 7)', '(27, 1)', '(34, 16)', '(12, 13)', '(14, 10)', '(3, 10)', '(17, 9)', '(30, 6)', '(11, 2)', '(5, 16)', '(9, 14)', '(33, 8)', '(1, 3)', '(26, 2)', '(15, 2)', '(1, 12)', '(26, 11)', '(13, 14)', '(16, 10)', '(18, 16)', '(7, 16)', '(20, 10)', '(31, 10)', '(3, 3)', '(17, 2)', '(22, 16)', '(14, 12)', '(4, 11)', '(9, 16)', '(33, 10)', '(1, 5)', '(24, 16)', '(13, 16)', '(25, 15)', '(1, 14)', '(16, 12)', '(31, 3)', '(31, 12)', '(20, 12)', '(34, 11)', '(22, 9)', '(12, 8)', '(3, 5)', '(14, 14)', '(4, 13)', '(32, 4)', '(10, 1)', '(8, 13)', '(33, 12)', '(1, 7)', '(10, 10)', '(24, 9)', '(18, 2)', '(1, 16)', '(16, 14)', '(22, 2)', '(31, 14)', '(12, 10)', '(3, 7)', '(14, 16)', '(3, 16)', '(32, 6)', '(8, 6)', '(24, 2)', '(13, 2)', '(33, 14)', '(1, 9)', '(24, 11)', '(10, 12)', '(16, 16)', '(29, 10)', '(6, 8)', '(34, 6)', '(31, 16)', '(20, 16)', '(23, 12)', '(12, 12)', '(4, 8)', '(27, 3)', '(27, 12)', '(30, 8)', '(8, 8)', '(33, 16)', '(1, 11)', '(10, 14)', '(6, 10)', '(20, 9)', '(14, 2)', '(12, 14)', '(14, 11)', '(4, 10)', '(27, 5)', '(27, 14)', '(17, 13)', '(30, 10)', '(8, 10)', '(1, 4)', '(11, 6)', '(2, 3)', '(16, 2)', '(10, 16)', '(1, 13)', '(25, 14)', '(20, 2)', '(20, 11)', '(4, 3)', '(23, 16)', '(12, 16)', '(4, 12)', '(27, 7)', '(30, 3)', '(27, 16)', '(30, 12)', '(19, 12)', '(8, 12)', '(11, 8)', '(2, 5)', '(25, 16)', '(15, 8)', '(6, 5)', '(31, 4)', '(29, 16)', '(21, 12)', '(23, 9)', '(4, 5)', '(4, 14)', '(34, 15)', '(27, 9)', '(17, 8)', '(30, 5)', '(10, 2)', '(30, 14)', '(10, 11)', '(8, 14)', '(11, 10)', '(2, 7)', '(32, 8)', '(25, 9)', '(2, 16)', '(15, 10)', '(31, 6)', '(7, 6)', '(23, 2)', '(6, 16)', '(12, 2)', '(12, 11)', '(4, 7)', '(34, 8)', '(27, 2)', '(4, 16)', '(27, 11)', '(17, 10)', '(9, 6)', '(25, 2)', '(30, 16)', '(19, 16)', '(8, 16)', '(10, 13)', '(32, 10)', '(15, 12)', '(6, 9)', '(7, 8)']",60,8,68
215,"(8, 1)","(9, 1)",West,"[('(9, 1)', 'East', 1), ('(7, 1)', 'West', 1)]","['(8, 1)', '(6, 3)', '(5, 14)', '(33, 4)', '(28, 1)', '(15, 3)', '(6, 12)']","['(7, 1)', '(6, 3)', '(5, 14)', '(33, 4)', '(28, 1)', '(15, 3)', '(6, 12)']","['(21, 16)', '(4, 9)', '(34, 10)', '(27, 4)', '(27, 13)', '(17, 12)', '(30, 9)', '(10, 6)', '(8, 9)', '(32, 12)', '(13, 8)', '(1, 15)', '(26, 14)', '(15, 14)', '(6, 11)', '(21, 9)', '(34, 12)', '(27, 6)', '(5, 3)', '(19, 2)', '(9, 1)', '(17, 14)', '(19, 11)', '(8, 11)', '(11, 7)', '(11, 16)', '(32, 14)', '(1, 8)', '(29, 6)', '(21, 2)', '(26, 16)', '(15, 16)', '(18, 12)', '(34, 14)', '(22, 12)', '(27, 8)', '(14, 8)', '(5, 5)', '(30, 4)', '(28, 16)', '(30, 13)', '(17, 16)', '(33, 6)', '(32, 16)', '(1, 10)', '(24, 12)', '(25, 11)', '(13, 12)', '(16, 8)', '(6, 6)', '(26, 9)', '(31, 8)', '(34, 7)', '(27, 1)', '(34, 16)', '(12, 13)', '(14, 10)', '(3, 10)', '(17, 9)', '(30, 6)', '(11, 2)', '(5, 16)', '(9, 14)', '(33, 8)', '(1, 3)', '(26, 2)', '(15, 2)', '(1, 12)', '(26, 11)', '(13, 14)', '(16, 10)', '(18, 16)', '(7, 16)', '(20, 10)', '(31, 10)', '(3, 3)', '(17, 2)', '(22, 16)', '(14, 12)', '(4, 11)', '(9, 16)', '(33, 10)', '(1, 5)', '(24, 16)', '(13, 16)', '(25, 15)', '(1, 14)', '(16, 12)', '(31, 3)', '(31, 12)', '(20, 12)', '(34, 11)', '(22, 9)', '(12, 8)', '(3, 5)', '(14, 14)', '(4, 13)', '(32, 4)', '(10, 1)', '(8, 13)', '(33, 12)', '(1, 7)', '(10, 10)', '(24, 9)', '(18, 2)', '(1, 16)', '(16, 14)', '(22, 2)', '(31, 14)', '(12, 10)', '(3, 7)', '(14, 16)', '(3, 16)', '(32, 6)', '(8, 6)', '(24, 2)', '(13, 2)', '(33, 14)', '(1, 9)', '(24, 11)', '(10, 12)', '(16, 16)', '(29, 10)', '(6, 8)', '(34, 6)', '(31, 16)', '(20, 16)', '(23, 12)', '(12, 12)', '(4, 8)', '(27, 3)', '(27, 12)', '(30, 8)', '(8, 8)', '(33, 16)', '(1, 11)', '(10, 14)', '(6, 10)', '(20, 9)', '(14, 2)', '(12, 14)', '(14, 11)', '(4, 10)', '(27, 5)', '(8, 1)', '(27, 14)', '(17, 13)', '(30, 10)', '(8, 10)', '(1, 4)', '(11, 6)', '(2, 3)', '(16, 2)', '(10, 16)', '(1, 13)', '(25, 14)', '(20, 2)', '(20, 11)', '(4, 3)', '(23, 16)', '(12, 16)', '(4, 12)', '(27, 7)', '(30, 3)', '(27, 16)', '(30, 12)', '(19, 12)', '(8, 12)', '(11, 8)', '(2, 5)', '(25, 16)', '(15, 8)', '(6, 5)', '(31, 4)', '(29, 16)', '(21, 12)', '(23, 9)', '(4, 5)', '(4, 14)', '(34, 15)', '(27, 9)', '(17, 8)', '(30, 5)', '(10, 2)', '(30, 14)', '(10, 11)', '(8, 14)', '(11, 10)', '(2, 7)', '(32, 8)', '(25, 9)', '(2, 16)', '(15, 10)', '(31, 6)', '(7, 6)', '(23, 2)', '(6, 16)', '(12, 2)', '(12, 11)', '(4, 7)', '(34, 8)', '(27, 2)', '(4, 16)', '(27, 11)', '(17, 10)', '(9, 6)', '(25, 2)', '(30, 16)', '(19, 16)', '(8, 16)', '(10, 13)', '(32, 10)', '(15, 12)', '(6, 9)', '(7, 8)']",61,7,68
216,"(7, 1)","(8, 1)",West,"[('(8, 1)', 'East', 1), ('(6, 1)', 'West', 1)]","['(7, 1)', '(6, 3)', '(5, 14)', '(33, 4)', '(28, 1)', '(15, 3)', '(6, 12)']","['(6, 1)', '(6, 3)', '(5, 14)', '(33, 4)', '(28, 1)', '(15, 3)', '(6, 12)']","['(21, 16)', '(4, 9)', '(34, 10)', '(27, 4)', '(27, 13)', '(17, 12)', '(30, 9)', '(10, 6)', '(8, 9)', '(32, 12)', '(13, 8)', '(7, 1)', '(1, 15)', '(26, 14)', '(15, 14)', '(6, 11)', '(21, 9)', '(34, 12)', '(27, 6)', '(5, 3)', '(19, 2)', '(9, 1)', '(17, 14)', '(19, 11)', '(8, 11)', '(11, 7)', '(11, 16)', '(32, 14)', '(1, 8)', '(29, 6)', '(21, 2)', '(26, 16)', '(15, 16)', '(18, 12)', '(34, 14)', '(22, 12)', '(27, 8)', '(14, 8)', '(5, 5)', '(30, 4)', '(28, 16)', '(30, 13)', '(17, 16)', '(33, 6)', '(32, 16)', '(1, 10)', '(24, 12)', '(25, 11)', '(13, 12)', '(16, 8)', '(6, 6)', '(26, 9)', '(31, 8)', '(34, 7)', '(27, 1)', '(34, 16)', '(12, 13)', '(14, 10)', '(3, 10)', '(17, 9)', '(30, 6)', '(11, 2)', '(5, 16)', '(9, 14)', '(33, 8)', '(1, 3)', '(26, 2)', '(15, 2)', '(1, 12)', '(26, 11)', '(13, 14)', '(16, 10)', '(18, 16)', '(7, 16)', '(20, 10)', '(31, 10)', '(3, 3)', '(17, 2)', '(22, 16)', '(14, 12)', '(4, 11)', '(9, 16)', '(33, 10)', '(1, 5)', '(24, 16)', '(13, 16)', '(25, 15)', '(1, 14)', '(16, 12)', '(31, 3)', '(31, 12)', '(20, 12)', '(34, 11)', '(22, 9)', '(12, 8)', '(3, 5)', '(14, 14)', '(4, 13)', '(32, 4)', '(10, 1)', '(8, 13)', '(33, 12)', '(1, 7)', '(10, 10)', '(24, 9)', '(18, 2)', '(1, 16)', '(16, 14)', '(22, 2)', '(31, 14)', '(12, 10)', '(3, 7)', '(14, 16)', '(3, 16)', '(32, 6)', '(8, 6)', '(24, 2)', '(13, 2)', '(33, 14)', '(1, 9)', '(24, 11)', '(10, 12)', '(16, 16)', '(29, 10)', '(6, 8)', '(34, 6)', '(31, 16)', '(20, 16)', '(23, 12)', '(12, 12)', '(4, 8)', '(27, 3)', '(27, 12)', '(30, 8)', '(8, 8)', '(33, 16)', '(1, 11)', '(10, 14)', '(6, 10)', '(20, 9)', '(14, 2)', '(12, 14)', '(14, 11)', '(4, 10)', '(27, 5)', '(8, 1)', '(27, 14)', '(17, 13)', '(30, 10)', '(8, 10)', '(1, 4)', '(11, 6)', '(2, 3)', '(16, 2)', '(10, 16)', '(1, 13)', '(25, 14)', '(20, 2)', '(20, 11)', '(4, 3)', '(23, 16)', '(12, 16)', '(4, 12)', '(27, 7)', '(30, 3)', '(27, 16)', '(30, 12)', '(19, 12)', '(8, 12)', '(11, 8)', '(2, 5)', '(25, 16)', '(15, 8)', '(6, 5)', '(31, 4)', '(29, 16)', '(21, 12)', '(23, 9)', '(4, 5)', '(4, 14)', '(34, 15)', '(27, 9)', '(17, 8)', '(30, 5)', '(10, 2)', '(30, 14)', '(10, 11)', '(8, 14)', '(11, 10)', '(2, 7)', '(32, 8)', '(25, 9)', '(2, 16)', '(15, 10)', '(31, 6)', '(7, 6)', '(23, 2)', '(6, 16)', '(12, 2)', '(12, 11)', '(4, 7)', '(34, 8)', '(27, 2)', '(4, 16)', '(27, 11)', '(17, 10)', '(9, 6)', '(25, 2)', '(30, 16)', '(19, 16)', '(8, 16)', '(10, 13)', '(32, 10)', '(15, 12)', '(6, 9)', '(7, 8)']",62,6,68
217,"(6, 1)","(7, 1)",West,"[('(7, 1)', 'East', 1), ('(5, 1)', 'West', 1)]","['(6, 1)', '(6, 3)', '(5, 14)', '(33, 4)', '(28, 1)', '(15, 3)', '(6, 12)']","['(5, 1)', '(6, 3)', '(5, 14)', '(33, 4)', '(28, 1)', '(15, 3)', '(6, 12)']","['(21, 16)', '(4, 9)', '(34, 10)', '(27, 4)', '(27, 13)', '(17, 12)', '(30, 9)', '(10, 6)', '(8, 9)', '(32, 12)', '(13, 8)', '(7, 1)', '(1, 15)', '(26, 14)', '(15, 14)', '(6, 11)', '(21, 9)', '(34, 12)', '(27, 6)', '(5, 3)', '(19, 2)', '(9, 1)', '(17, 14)', '(19, 11)', '(8, 11)', '(11, 7)', '(11, 16)', '(32, 14)', '(1, 8)', '(29, 6)', '(21, 2)', '(26, 16)', '(15, 16)', '(18, 12)', '(34, 14)', '(22, 12)', '(27, 8)', '(14, 8)', '(5, 5)', '(30, 4)', '(28, 16)', '(30, 13)', '(17, 16)', '(33, 6)', '(32, 16)', '(1, 10)', '(24, 12)', '(25, 11)', '(13, 12)', '(16, 8)', '(6, 6)', '(26, 9)', '(31, 8)', '(34, 7)', '(27, 1)', '(34, 16)', '(12, 13)', '(14, 10)', '(3, 10)', '(17, 9)', '(30, 6)', '(11, 2)', '(5, 16)', '(9, 14)', '(33, 8)', '(1, 3)', '(26, 2)', '(15, 2)', '(1, 12)', '(26, 11)', '(13, 14)', '(16, 10)', '(18, 16)', '(7, 16)', '(20, 10)', '(31, 10)', '(3, 3)', '(17, 2)', '(22, 16)', '(14, 12)', '(4, 11)', '(9, 16)', '(33, 10)', '(1, 5)', '(6, 1)', '(24, 16)', '(13, 16)', '(25, 15)', '(1, 14)', '(16, 12)', '(31, 3)', '(31, 12)', '(20, 12)', '(34, 11)', '(22, 9)', '(12, 8)', '(3, 5)', '(14, 14)', '(4, 13)', '(32, 4)', '(10, 1)', '(8, 13)', '(33, 12)', '(1, 7)', '(10, 10)', '(24, 9)', '(18, 2)', '(1, 16)', '(16, 14)', '(22, 2)', '(31, 14)', '(12, 10)', '(3, 7)', '(14, 16)', '(3, 16)', '(32, 6)', '(8, 6)', '(24, 2)', '(13, 2)', '(33, 14)', '(1, 9)', '(24, 11)', '(10, 12)', '(16, 16)', '(29, 10)', '(6, 8)', '(34, 6)', '(31, 16)', '(20, 16)', '(23, 12)', '(12, 12)', '(4, 8)', '(27, 3)', '(27, 12)', '(30, 8)', '(8, 8)', '(33, 16)', '(1, 11)', '(10, 14)', '(6, 10)', '(20, 9)', '(14, 2)', '(12, 14)', '(14, 11)', '(4, 10)', '(27, 5)', '(8, 1)', '(27, 14)', '(17, 13)', '(30, 10)', '(8, 10)', '(1, 4)', '(11, 6)', '(2, 3)', '(16, 2)', '(10, 16)', '(1, 13)', '(25, 14)', '(20, 2)', '(20, 11)', '(4, 3)', '(23, 16)', '(12, 16)', '(4, 12)', '(27, 7)', '(30, 3)', '(27, 16)', '(30, 12)', '(19, 12)', '(8, 12)', '(11, 8)', '(2, 5)', '(25, 16)', '(15, 8)', '(6, 5)', '(31, 4)', '(29, 16)', '(21, 12)', '(23, 9)', '(4, 5)', '(4, 14)', '(34, 15)', '(27, 9)', '(17, 8)', '(30, 5)', '(10, 2)', '(30, 14)', '(10, 11)', '(8, 14)', '(11, 10)', '(2, 7)', '(32, 8)', '(25, 9)', '(2, 16)', '(15, 10)', '(31, 6)', '(7, 6)', '(23, 2)', '(6, 16)', '(12, 2)', '(12, 11)', '(4, 7)', '(34, 8)', '(27, 2)', '(4, 16)', '(27, 11)', '(17, 10)', '(9, 6)', '(25, 2)', '(30, 16)', '(19, 16)', '(8, 16)', '(10, 13)', '(32, 10)', '(15, 12)', '(6, 9)', '(7, 8)']",63,5,68
218,"(5, 1)","(6, 1)",West,"[('(6, 1)', 'East', 1), ('(4, 1)', 'West', 1)]","['(5, 1)', '(6, 3)', '(5, 14)', '(33, 4)', '(28, 1)', '(15, 3)', '(6, 12)']","['(4, 1)', '(6, 3)', '(5, 14)', '(33, 4)', '(28, 1)', '(15, 3)', '(6, 12)']","['(21, 16)', '(4, 9)', '(34, 10)', '(27, 4)', '(5, 1)', '(27, 13)', '(17, 12)', '(30, 9)', '(10, 6)', '(8, 9)', '(32, 12)', '(13, 8)', '(7, 1)', '(1, 15)', '(26, 14)', '(15, 14)', '(6, 11)', '(21, 9)', '(34, 12)', '(27, 6)', '(5, 3)', '(19, 2)', '(9, 1)', '(17, 14)', '(19, 11)', '(8, 11)', '(11, 7)', '(11, 16)', '(32, 14)', '(1, 8)', '(29, 6)', '(21, 2)', '(26, 16)', '(15, 16)', '(18, 12)', '(34, 14)', '(22, 12)', '(27, 8)', '(14, 8)', '(5, 5)', '(30, 4)', '(28, 16)', '(30, 13)', '(17, 16)', '(33, 6)', '(32, 16)', '(1, 10)', '(24, 12)', '(25, 11)', '(13, 12)', '(16, 8)', '(6, 6)', '(26, 9)', '(31, 8)', '(34, 7)', '(27, 1)', '(34, 16)', '(12, 13)', '(14, 10)', '(3, 10)', '(17, 9)', '(30, 6)', '(11, 2)', '(5, 16)', '(9, 14)', '(33, 8)', '(1, 3)', '(26, 2)', '(15, 2)', '(1, 12)', '(26, 11)', '(13, 14)', '(16, 10)', '(18, 16)', '(7, 16)', '(20, 10)', '(31, 10)', '(3, 3)', '(17, 2)', '(22, 16)', '(14, 12)', '(4, 11)', '(9, 16)', '(33, 10)', '(1, 5)', '(6, 1)', '(24, 16)', '(13, 16)', '(25, 15)', '(1, 14)', '(16, 12)', '(31, 3)', '(31, 12)', '(20, 12)', '(34, 11)', '(22, 9)', '(12, 8)', '(3, 5)', '(14, 14)', '(4, 13)', '(32, 4)', '(10, 1)', '(8, 13)', '(33, 12)', '(1, 7)', '(10, 10)', '(24, 9)', '(18, 2)', '(1, 16)', '(16, 14)', '(22, 2)', '(31, 14)', '(12, 10)', '(3, 7)', '(14, 16)', '(3, 16)', '(32, 6)', '(8, 6)', '(24, 2)', '(13, 2)', '(33, 14)', '(1, 9)', '(24, 11)', '(10, 12)', '(16, 16)', '(29, 10)', '(6, 8)', '(34, 6)', '(31, 16)', '(20, 16)', '(23, 12)', '(12, 12)', '(4, 8)', '(27, 3)', '(27, 12)', '(30, 8)', '(8, 8)', '(33, 16)', '(1, 11)', '(10, 14)', '(6, 10)', '(20, 9)', '(14, 2)', '(12, 14)', '(14, 11)', '(4, 10)', '(27, 5)', '(8, 1)', '(27, 14)', '(17, 13)', '(30, 10)', '(8, 10)', '(1, 4)', '(11, 6)', '(2, 3)', '(16, 2)', '(10, 16)', '(1, 13)', '(25, 14)', '(20, 2)', '(20, 11)', '(4, 3)', '(23, 16)', '(12, 16)', '(4, 12)', '(27, 7)', '(30, 3)', '(27, 16)', '(30, 12)', '(19, 12)', '(8, 12)', '(11, 8)', '(2, 5)', '(25, 16)', '(15, 8)', '(6, 5)', '(31, 4)', '(29, 16)', '(21, 12)', '(23, 9)', '(4, 5)', '(4, 14)', '(34, 15)', '(27, 9)', '(17, 8)', '(30, 5)', '(10, 2)', '(30, 14)', '(10, 11)', '(8, 14)', '(11, 10)', '(2, 7)', '(32, 8)', '(25, 9)', '(2, 16)', '(15, 10)', '(31, 6)', '(7, 6)', '(23, 2)', '(6, 16)', '(12, 2)', '(12, 11)', '(4, 7)', '(34, 8)', '(27, 2)', '(4, 16)', '(27, 11)', '(17, 10)', '(9, 6)', '(25, 2)', '(30, 16)', '(19, 16)', '(8, 16)', '(10, 13)', '(32, 10)', '(15, 12)', '(6, 9)', '(7, 8)']",64,4,68
219,"(4, 1)","(5, 1)",West,"[('(5, 1)', 'East', 1), ('(3, 1)', 'West', 1)]","['(4, 1)', '(6, 3)', '(5, 14)', '(33, 4)', '(28, 1)', '(15, 3)', '(6, 12)']","['(3, 1)', '(6, 3)', '(5, 14)', '(33, 4)', '(28, 1)', '(15, 3)', '(6, 12)']","['(21, 16)', '(4, 9)', '(34, 10)', '(27, 4)', '(5, 1)', '(27, 13)', '(17, 12)', '(30, 9)', '(10, 6)', '(8, 9)', '(32, 12)', '(13, 8)', '(7, 1)', '(1, 15)', '(26, 14)', '(15, 14)', '(6, 11)', '(21, 9)', '(34, 12)', '(27, 6)', '(5, 3)', '(19, 2)', '(9, 1)', '(17, 14)', '(19, 11)', '(8, 11)', '(11, 7)', '(11, 16)', '(32, 14)', '(1, 8)', '(29, 6)', '(21, 2)', '(26, 16)', '(15, 16)', '(18, 12)', '(34, 14)', '(22, 12)', '(27, 8)', '(14, 8)', '(5, 5)', '(30, 4)', '(28, 16)', '(30, 13)', '(17, 16)', '(33, 6)', '(32, 16)', '(1, 10)', '(24, 12)', '(25, 11)', '(13, 12)', '(16, 8)', '(6, 6)', '(26, 9)', '(31, 8)', '(34, 7)', '(27, 1)', '(34, 16)', '(12, 13)', '(14, 10)', '(3, 10)', '(17, 9)', '(30, 6)', '(11, 2)', '(5, 16)', '(9, 14)', '(33, 8)', '(1, 3)', '(26, 2)', '(15, 2)', '(1, 12)', '(26, 11)', '(13, 14)', '(16, 10)', '(18, 16)', '(7, 16)', '(20, 10)', '(31, 10)', '(3, 3)', '(17, 2)', '(22, 16)', '(14, 12)', '(4, 11)', '(9, 16)', '(33, 10)', '(1, 5)', '(6, 1)', '(24, 16)', '(13, 16)', '(25, 15)', '(1, 14)', '(16, 12)', '(31, 3)', '(31, 12)', '(20, 12)', '(34, 11)', '(22, 9)', '(12, 8)', '(3, 5)', '(14, 14)', '(4, 13)', '(32, 4)', '(10, 1)', '(8, 13)', '(33, 12)', '(1, 7)', '(10, 10)', '(24, 9)', '(18, 2)', '(1, 16)', '(16, 14)', '(22, 2)', '(31, 14)', '(12, 10)', '(3, 7)', '(14, 16)', '(3, 16)', '(32, 6)', '(8, 6)', '(24, 2)', '(13, 2)', '(33, 14)', '(1, 9)', '(24, 11)', '(10, 12)', '(16, 16)', '(29, 10)', '(6, 8)', '(34, 6)', '(31, 16)', '(20, 16)', '(23, 12)', '(12, 12)', '(4, 8)', '(27, 3)', '(27, 12)', '(30, 8)', '(8, 8)', '(33, 16)', '(1, 11)', '(10, 14)', '(6, 10)', '(20, 9)', '(14, 2)', '(4, 1)', '(12, 14)', '(14, 11)', '(4, 10)', '(27, 5)', '(8, 1)', '(27, 14)', '(17, 13)', '(30, 10)', '(8, 10)', '(1, 4)', '(11, 6)', '(2, 3)', '(16, 2)', '(10, 16)', '(1, 13)', '(25, 14)', '(20, 2)', '(20, 11)', '(4, 3)', '(23, 16)', '(12, 16)', '(4, 12)', '(27, 7)', '(30, 3)', '(27, 16)', '(30, 12)', '(19, 12)', '(8, 12)', '(11, 8)', '(2, 5)', '(25, 16)', '(15, 8)', '(6, 5)', '(31, 4)', '(29, 16)', '(21, 12)', '(23, 9)', '(4, 5)', '(4, 14)', '(34, 15)', '(27, 9)', '(17, 8)', '(30, 5)', '(10, 2)', '(30, 14)', '(10, 11)', '(8, 14)', '(11, 10)', '(2, 7)', '(32, 8)', '(25, 9)', '(2, 16)', '(15, 10)', '(31, 6)', '(7, 6)', '(23, 2)', '(6, 16)', '(12, 2)', '(12, 11)', '(4, 7)', '(34, 8)', '(27, 2)', '(4, 16)', '(27, 11)', '(17, 10)', '(9, 6)', '(25, 2)', '(30, 16)', '(19, 16)', '(8, 16)', '(10, 13)', '(32, 10)', '(15, 12)', '(6, 9)', '(7, 8)']",65,3,68
220,"(3, 1)","(4, 1)",West,"[('(4, 1)', 'East', 1), ('(2, 1)', 'West', 1)]","['(3, 1)', '(6, 3)', '(5, 14)', '(33, 4)', '(28, 1)', '(15, 3)', '(6, 12)']","['(2, 1)', '(6, 3)', '(5, 14)', '(33, 4)', '(28, 1)', '(15, 3)', '(6, 12)']","['(21, 16)', '(4, 9)', '(34, 10)', '(27, 4)', '(5, 1)', '(27, 13)', '(17, 12)', '(30, 9)', '(10, 6)', '(8, 9)', '(32, 12)', '(13, 8)', '(7, 1)', '(1, 15)', '(26, 14)', '(15, 14)', '(6, 11)', '(21, 9)', '(34, 12)', '(27, 6)', '(5, 3)', '(19, 2)', '(9, 1)', '(17, 14)', '(19, 11)', '(8, 11)', '(11, 7)', '(11, 16)', '(32, 14)', '(1, 8)', '(29, 6)', '(21, 2)', '(26, 16)', '(15, 16)', '(18, 12)', '(34, 14)', '(22, 12)', '(27, 8)', '(14, 8)', '(5, 5)', '(30, 4)', '(28, 16)', '(30, 13)', '(17, 16)', '(33, 6)', '(32, 16)', '(1, 10)', '(24, 12)', '(25, 11)', '(13, 12)', '(16, 8)', '(6, 6)', '(26, 9)', '(31, 8)', '(34, 7)', '(27, 1)', '(3, 1)', '(34, 16)', '(12, 13)', '(14, 10)', '(3, 10)', '(17, 9)', '(30, 6)', '(11, 2)', '(5, 16)', '(9, 14)', '(33, 8)', '(1, 3)', '(26, 2)', '(15, 2)', '(1, 12)', '(26, 11)', '(13, 14)', '(16, 10)', '(18, 16)', '(7, 16)', '(20, 10)', '(31, 10)', '(3, 3)', '(17, 2)', '(22, 16)', '(14, 12)', '(4, 11)', '(9, 16)', '(33, 10)', '(1, 5)', '(6, 1)', '(24, 16)', '(13, 16)', '(25, 15)', '(1, 14)', '(16, 12)', '(31, 3)', '(31, 12)', '(20, 12)', '(34, 11)', '(22, 9)', '(12, 8)', '(3, 5)', '(14, 14)', '(4, 13)', '(32, 4)', '(10, 1)', '(8, 13)', '(33, 12)', '(1, 7)', '(10, 10)', '(24, 9)', '(18, 2)', '(1, 16)', '(16, 14)', '(22, 2)', '(31, 14)', '(12, 10)', '(3, 7)', '(14, 16)', '(3, 16)', '(32, 6)', '(8, 6)', '(24, 2)', '(13, 2)', '(33, 14)', '(1, 9)', '(24, 11)', '(10, 12)', '(16, 16)', '(29, 10)', '(6, 8)', '(34, 6)', '(31, 16)', '(20, 16)', '(23, 12)', '(12, 12)', '(4, 8)', '(27, 3)', '(27, 12)', '(30, 8)', '(8, 8)', '(33, 16)', '(1, 11)', '(10, 14)', '(6, 10)', '(20, 9)', '(14, 2)', '(4, 1)', '(12, 14)', '(14, 11)', '(4, 10)', '(27, 5)', '(8, 1)', '(27, 14)', '(17, 13)', '(30, 10)', '(8, 10)', '(1, 4)', '(11, 6)', '(2, 3)', '(16, 2)', '(10, 16)', '(1, 13)', '(25, 14)', '(20, 2)', '(20, 11)', '(4, 3)', '(23, 16)', '(12, 16)', '(4, 12)', '(27, 7)', '(30, 3)', '(27, 16)', '(30, 12)', '(19, 12)', '(8, 12)', '(11, 8)', '(2, 5)', '(25, 16)', '(15, 8)', '(6, 5)', '(31, 4)', '(29, 16)', '(21, 12)', '(23, 9)', '(4, 5)', '(4, 14)', '(34, 15)', '(27, 9)', '(17, 8)', '(30, 5)', '(10, 2)', '(30, 14)', '(10, 11)', '(8, 14)', '(11, 10)', '(2, 7)', '(32, 8)', '(25, 9)', '(2, 16)', '(15, 10)', '(31, 6)', '(7, 6)', '(23, 2)', '(6, 16)', '(12, 2)', '(12, 11)', '(4, 7)', '(34, 8)', '(27, 2)', '(4, 16)', '(27, 11)', '(17, 10)', '(9, 6)', '(25, 2)', '(30, 16)', '(19, 16)', '(8, 16)', '(10, 13)', '(32, 10)', '(15, 12)', '(6, 9)', '(7, 8)']",66,2,68
221,"(2, 1)","(3, 1)",West,"[('(3, 1)', 'East', 1), ('(1, 1)', 'West', 1)]","['(2, 1)', '(6, 3)', '(5, 14)', '(33, 4)', '(28, 1)', '(15, 3)', '(6, 12)']","['(1, 1)', '(6, 3)', '(5, 14)', '(33, 4)', '(28, 1)', '(15, 3)', '(6, 12)']","['(21, 16)', '(4, 9)', '(34, 10)', '(27, 4)', '(5, 1)', '(27, 13)', '(17, 12)', '(30, 9)', '(10, 6)', '(8, 9)', '(32, 12)', '(13, 8)', '(7, 1)', '(1, 15)', '(26, 14)', '(15, 14)', '(6, 11)', '(21, 9)', '(34, 12)', '(27, 6)', '(5, 3)', '(19, 2)', '(9, 1)', '(17, 14)', '(19, 11)', '(8, 11)', '(11, 7)', '(11, 16)', '(32, 14)', '(1, 8)', '(29, 6)', '(21, 2)', '(26, 16)', '(15, 16)', '(18, 12)', '(34, 14)', '(22, 12)', '(27, 8)', '(14, 8)', '(5, 5)', '(30, 4)', '(28, 16)', '(30, 13)', '(17, 16)', '(33, 6)', '(32, 16)', '(1, 10)', '(24, 12)', '(25, 11)', '(13, 12)', '(16, 8)', '(6, 6)', '(26, 9)', '(31, 8)', '(34, 7)', '(27, 1)', '(3, 1)', '(34, 16)', '(12, 13)', '(14, 10)', '(3, 10)', '(17, 9)', '(30, 6)', '(11, 2)', '(5, 16)', '(9, 14)', '(33, 8)', '(1, 3)', '(26, 2)', '(15, 2)', '(1, 12)', '(26, 11)', '(13, 14)', '(16, 10)', '(18, 16)', '(7, 16)', '(20, 10)', '(31, 10)', '(3, 3)', '(17, 2)', '(22, 16)', '(14, 12)', '(4, 11)', '(9, 16)', '(33, 10)', '(1, 5)', '(6, 1)', '(24, 16)', '(13, 16)', '(25, 15)', '(1, 14)', '(16, 12)', '(31, 3)', '(31, 12)', '(20, 12)', '(34, 11)', '(22, 9)', '(12, 8)', '(3, 5)', '(14, 14)', '(4, 13)', '(32, 4)', '(10, 1)', '(8, 13)', '(33, 12)', '(1, 7)', '(10, 10)', '(24, 9)', '(18, 2)', '(1, 16)', '(16, 14)', '(22, 2)', '(31, 14)', '(12, 10)', '(3, 7)', '(14, 16)', '(3, 16)', '(32, 6)', '(8, 6)', '(24, 2)', '(13, 2)', '(33, 14)', '(1, 9)', '(24, 11)', '(10, 12)', '(16, 16)', '(29, 10)', '(6, 8)', '(34, 6)', '(31, 16)', '(20, 16)', '(23, 12)', '(12, 12)', '(4, 8)', '(27, 3)', '(27, 12)', '(30, 8)', '(8, 8)', '(2, 1)', '(33, 16)', '(1, 11)', '(10, 14)', '(6, 10)', '(20, 9)', '(14, 2)', '(4, 1)', '(12, 14)', '(14, 11)', '(4, 10)', '(27, 5)', '(8, 1)', '(27, 14)', '(17, 13)', '(30, 10)', '(8, 10)', '(1, 4)', '(11, 6)', '(2, 3)', '(16, 2)', '(10, 16)', '(1, 13)', '(25, 14)', '(20, 2)', '(20, 11)', '(4, 3)', '(23, 16)', '(12, 16)', '(4, 12)', '(27, 7)', '(30, 3)', '(27, 16)', '(30, 12)', '(19, 12)', '(8, 12)', '(11, 8)', '(2, 5)', '(25, 16)', '(15, 8)', '(6, 5)', '(31, 4)', '(29, 16)', '(21, 12)', '(23, 9)', '(4, 5)', '(4, 14)', '(34, 15)', '(27, 9)', '(17, 8)', '(30, 5)', '(10, 2)', '(30, 14)', '(10, 11)', '(8, 14)', '(11, 10)', '(2, 7)', '(32, 8)', '(25, 9)', '(2, 16)', '(15, 10)', '(31, 6)', '(7, 6)', '(23, 2)', '(6, 16)', '(12, 2)', '(12, 11)', '(4, 7)', '(34, 8)', '(27, 2)', '(4, 16)', '(27, 11)', '(17, 10)', '(9, 6)', '(25, 2)', '(30, 16)', '(19, 16)', '(8, 16)', '(10, 13)', '(32, 10)', '(15, 12)', '(6, 9)', '(7, 8)']",67,1,68
222,"(1, 1)","(2, 1)",West,[],"['(1, 1)', '(6, 3)', '(5, 14)', '(33, 4)', '(28, 1)', '(15, 3)', '(6, 12)']","['(5, 14)', '(6, 3)', '(6, 12)', '(33, 4)', '(28, 1)', '(15, 3)']","['(21, 16)', '(4, 9)', '(34, 10)', '(27, 4)', '(5, 1)', '(27, 13)', '(17, 12)', '(30, 9)', '(10, 6)', '(8, 9)', '(32, 12)', '(13, 8)', '(7, 1)', '(1, 15)', '(26, 14)', '(15, 14)', '(6, 11)', '(21, 9)', '(34, 12)', '(27, 6)', '(5, 3)', '(19, 2)', '(9, 1)', '(17, 14)', '(19, 11)', '(8, 11)', '(11, 7)', '(11, 16)', '(32, 14)', '(1, 8)', '(29, 6)', '(21, 2)', '(26, 16)', '(15, 16)', '(18, 12)', '(34, 14)', '(22, 12)', '(27, 8)', '(14, 8)', '(5, 5)', '(30, 4)', '(28, 16)', '(30, 13)', '(17, 16)', '(33, 6)', '(32, 16)', '(1, 10)', '(24, 12)', '(25, 11)', '(13, 12)', '(16, 8)', '(6, 6)', '(26, 9)', '(31, 8)', '(34, 7)', '(27, 1)', '(3, 1)', '(34, 16)', '(12, 13)', '(14, 10)', '(3, 10)', '(17, 9)', '(30, 6)', '(11, 2)', '(5, 16)', '(9, 14)', '(33, 8)', '(1, 3)', '(26, 2)', '(15, 2)', '(1, 12)', '(26, 11)', '(13, 14)', '(16, 10)', '(18, 16)', '(7, 16)', '(20, 10)', '(31, 10)', '(3, 3)', '(17, 2)', '(22, 16)', '(14, 12)', '(4, 11)', '(9, 16)', '(33, 10)', '(1, 5)', '(6, 1)', '(24, 16)', '(13, 16)', '(25, 15)', '(1, 14)', '(16, 12)', '(31, 3)', '(31, 12)', '(20, 12)', '(34, 11)', '(22, 9)', '(12, 8)', '(3, 5)', '(14, 14)', '(4, 13)', '(32, 4)', '(10, 1)', '(8, 13)', '(33, 12)', '(1, 7)', '(10, 10)', '(24, 9)', '(18, 2)', '(1, 16)', '(16, 14)', '(22, 2)', '(31, 14)', '(12, 10)', '(3, 7)', '(14, 16)', '(3, 16)', '(32, 6)', '(8, 6)', '(24, 2)', '(13, 2)', '(33, 14)', '(1, 9)', '(24, 11)', '(10, 12)', '(16, 16)', '(29, 10)', '(6, 8)', '(34, 6)', '(31, 16)', '(20, 16)', '(23, 12)', '(12, 12)', '(4, 8)', '(27, 3)', '(27, 12)', '(30, 8)', '(8, 8)', '(2, 1)', '(33, 16)', '(1, 11)', '(10, 14)', '(6, 10)', '(20, 9)', '(14, 2)', '(4, 1)', '(12, 14)', '(14, 11)', '(4, 10)', '(27, 5)', '(8, 1)', '(27, 14)', '(17, 13)', '(30, 10)', '(8, 10)', '(1, 4)', '(11, 6)', '(2, 3)', '(16, 2)', '(10, 16)', '(1, 13)', '(25, 14)', '(20, 2)', '(20, 11)', '(4, 3)', '(23, 16)', '(12, 16)', '(4, 12)', '(27, 7)', '(30, 3)', '(27, 16)', '(30, 12)', '(19, 12)', '(8, 12)', '(11, 8)', '(2, 5)', '(25, 16)', '(15, 8)', '(6, 5)', '(31, 4)', '(29, 16)', '(21, 12)', '(23, 9)', '(4, 5)', '(4, 14)', '(34, 15)', '(27, 9)', '(17, 8)', '(30, 5)', '(10, 2)', '(30, 14)', '(10, 11)', '(8, 14)', '(11, 10)', '(2, 7)', '(32, 8)', '(25, 9)', '(2, 16)', '(15, 10)', '(31, 6)', '(7, 6)', '(23, 2)', '(6, 16)', '(12, 2)', '(12, 11)', '(4, 7)', '(34, 8)', '(27, 2)', '(4, 16)', '(27, 11)', '(17, 10)', '(9, 6)', '(25, 2)', '(30, 16)', '(19, 16)', '(8, 16)', '(10, 13)', '(32, 10)', '(15, 12)', '(6, 9)', '(7, 8)']",68,0,68
