iteration,expanded_state,parent,action,generated_successors,frontier_before,frontier_after,explored,g,h,f
1,"(34, 16)",START,None,"[('(34, 15)', 'South', 1), ('(33, 16)', 'West', 1)]","['(34, 16)']","['(33, 16)', '(34, 15)']","['(34, 16)']",0,0,0
2,"(34, 15)","(34, 16)",South,"[('(34, 16)', 'North', 1), ('(34, 14)', 'South', 1)]","['(33, 16)', '(34, 15)']","['(34, 14)', '(33, 16)']","['(34, 15)', '(34, 16)']",1,0,1
3,"(33, 16)","(34, 16)",West,"[('(34, 16)', 'East', 1), ('(32, 16)', 'West', 1)]","['(34, 14)', '(33, 16)']","['(32, 16)', '(34, 14)']","['(34, 15)', '(34, 16)', '(33, 16)']",1,0,1
4,"(34, 14)","(34, 15)",South,"[('(34, 15)', 'North', 1), ('(33, 14)', 'West', 1)]","['(32, 16)', '(34, 14)']","['(33, 14)', '(32, 16)']","['(34, 15)', '(34, 16)', '(34, 14)', '(33, 16)']",2,0,2
5,"(32, 16)","(33, 16)",West,"[('(33, 16)', 'East', 1), ('(31, 16)', 'West', 1)]","['(33, 14)', '(32, 16)']","['(31, 16)', '(33, 14)']","['(33, 16)', '(34, 16)', '(32, 16)', '(34, 15)', '(34, 14)']",2,0,2
6,"(33, 14)","(34, 14)",West,"[('(34, 14)', 'East', 1), ('(32, 14)', 'West', 1)]","['(31, 16)', '(33, 14)']","['(32, 14)', '(31, 16)']","['(33, 16)', '(34, 16)', '(32, 16)', '(34, 15)', '(33, 14)', '(34, 14)']",3,0,3
7,"(31, 16)","(32, 16)",West,"[('(32, 16)', 'East', 1), ('(30, 16)', 'West', 1)]","['(32, 14)', '(31, 16)']","['(30, 16)', '(32, 14)']","['(33, 16)', '(34, 16)', '(31, 16)', '(32, 16)', '(34, 15)', '(33, 14)', '(34, 14)']",3,0,3
8,"(32, 14)","(33, 14)",West,"[('(33, 14)', 'East', 1), ('(31, 14)', 'West', 1)]","['(30, 16)', '(32, 14)']","['(31, 14)', '(30, 16)']","['(33, 16)', '(32, 14)', '(34, 16)', '(31, 16)', '(32, 16)', '(34, 15)', '(33, 14)', '(34, 14)']",4,0,4
9,"(30, 16)","(31, 16)",West,"[('(31, 16)', 'East', 1), ('(29, 16)', 'West', 1)]","['(31, 14)', '(30, 16)']","['(29, 16)', '(31, 14)']","['(33, 16)', '(32, 14)', '(34, 16)', '(30, 16)', '(31, 16)', '(32, 16)', '(34, 15)', '(33, 14)', '(34, 14)']",4,0,4
10,"(31, 14)","(32, 14)",West,"[('(32, 14)', 'East', 1), ('(30, 14)', 'West', 1)]","['(29, 16)', '(31, 14)']","['(30, 14)', '(29, 16)']","['(31, 14)', '(33, 16)', '(32, 14)', '(34, 16)', '(30, 16)', '(31, 16)', '(32, 16)', '(34, 15)', '(33, 14)', '(34, 14)']",5,0,5
11,"(29, 16)","(30, 16)",West,"[('(30, 16)', 'East', 1), ('(28, 16)', 'West', 1)]","['(30, 14)', '(29, 16)']","['(28, 16)', '(30, 14)']","['(31, 14)', '(33, 16)', '(32, 14)', '(34, 16)', '(29, 16)', '(30, 16)', '(31, 16)', '(32, 16)', '(34, 15)', '(33, 14)', '(34, 14)']",5,0,5
12,"(30, 14)","(31, 14)",West,"[('(30, 13)', 'South', 1), ('(31, 14)', 'East', 1)]","['(28, 16)', '(30, 14)']","['(30, 13)', '(28, 16)']","['(30, 14)', '(31, 14)', '(33, 16)', '(32, 14)', '(34, 16)', '(29, 16)', '(30, 16)', '(31, 16)', '(32, 16)', '(34, 15)', '(33, 14)', '(34, 14)']",6,0,6
13,"(28, 16)","(29, 16)",West,"[('(29, 16)', 'East', 1), ('(27, 16)', 'West', 1)]","['(30, 13)', '(28, 16)']","['(27, 16)', '(30, 13)']","['(30, 14)', '(31, 14)', '(33, 16)', '(32, 14)', '(28, 16)', '(34, 16)', '(29, 16)', '(30, 16)', '(31, 16)', '(32, 16)', '(34, 15)', '(33, 14)', '(34, 14)']",6,0,6
14,"(30, 13)","(30, 14)",South,"[('(30, 14)', 'North', 1), ('(30, 12)', 'South', 1)]","['(27, 16)', '(30, 13)']","['(30, 12)', '(27, 16)']","['(30, 14)', '(31, 14)', '(33, 16)', '(32, 14)', '(28, 16)', '(34, 16)', '(29, 16)', '(30, 13)', '(30, 16)', '(31, 16)', '(32, 16)', '(34, 15)', '(33, 14)', '(34, 14)']",7,0,7
15,"(27, 16)","(28, 16)",West,"[('(28, 16)', 'East', 1), ('(26, 16)', 'West', 1)]","['(30, 12)', '(27, 16)']","['(26, 16)', '(30, 12)']","['(30, 14)', '(31, 14)', '(33, 16)', '(32, 14)', '(28, 16)', '(34, 16)', '(29, 16)', '(30, 13)', '(30, 16)', '(31, 16)', '(32, 16)', '(27, 16)', '(34, 15)', '(33, 14)', '(34, 14)']",7,0,7
16,"(30, 12)","(30, 13)",South,"[('(30, 13)', 'North', 1), ('(31, 12)', 'East', 1)]","['(26, 16)', '(30, 12)']","['(31, 12)', '(26, 16)']","['(30, 14)', '(31, 14)', '(33, 16)', '(32, 14)', '(28, 16)', '(34, 16)', '(29, 16)', '(30, 13)', '(30, 16)', '(31, 16)', '(32, 16)', '(27, 16)', '(30, 12)', '(34, 15)', '(33, 14)', '(34, 14)']",8,0,8
17,"(26, 16)","(27, 16)",West,"[('(27, 16)', 'East', 1), ('(25, 16)', 'West', 1)]","['(31, 12)', '(26, 16)']","['(25, 16)', '(31, 12)']","['(30, 14)', '(31, 14)', '(33, 16)', '(32, 14)', '(28, 16)', '(34, 16)', '(29, 16)', '(30, 13)', '(30, 16)', '(31, 16)', '(26, 16)', '(32, 16)', '(27, 16)', '(30, 12)', '(34, 15)', '(33, 14)', '(34, 14)']",8,0,8
18,"(31, 12)","(30, 12)",East,"[('(32, 12)', 'East', 1), ('(30, 12)', 'West', 1)]","['(25, 16)', '(31, 12)']","['(32, 12)', '(25, 16)']","['(30, 14)', '(31, 14)', '(33, 16)', '(32, 14)', '(28, 16)', '(34, 16)', '(29, 16)', '(30, 13)', '(30, 16)', '(31, 16)', '(26, 16)', '(32, 16)', '(27, 16)', '(30, 12)', '(34, 15)', '(31, 12)', '(33, 14)', '(34, 14)']",9,0,9
19,"(25, 16)","(26, 16)",West,"[('(25, 15)', 'South', 1), ('(26, 16)', 'East', 1), ('(24, 16)', 'West', 1)]","['(32, 12)', '(25, 16)']","['(24, 16)', '(25, 15)', '(32, 12)']","['(31, 14)', '(34, 16)', '(27, 16)', '(30, 12)', '(33, 14)', '(25, 16)', '(29, 16)', '(31, 16)', '(34, 15)', '(30, 14)', '(33, 16)', '(32, 14)', '(26, 16)', '(31, 12)', '(34, 14)', '(28, 16)', '(30, 13)', '(30, 16)', '(32, 16)']",9,0,9
20,"(32, 12)","(31, 12)",East,"[('(33, 12)', 'East', 1), ('(31, 12)', 'West', 1)]","['(24, 16)', '(25, 15)', '(32, 12)']","['(33, 12)', '(24, 16)', '(25, 15)']","['(31, 14)', '(34, 16)', '(27, 16)', '(30, 12)', '(33, 14)', '(32, 12)', '(25, 16)', '(29, 16)', '(31, 16)', '(34, 15)', '(30, 14)', '(33, 16)', '(32, 14)', '(26, 16)', '(31, 12)', '(34, 14)', '(28, 16)', '(30, 13)', '(30, 16)', '(32, 16)']",10,0,10
21,"(25, 15)","(25, 16)",South,"[('(25, 16)', 'North', 1), ('(25, 14)', 'South', 1)]","['(33, 12)', '(24, 16)', '(25, 15)']","['(25, 14)', '(33, 12)', '(24, 16)']","['(31, 14)', '(34, 16)', '(27, 16)', '(30, 12)', '(33, 14)', '(32, 12)', '(25, 16)', '(29, 16)', '(31, 16)', '(34, 15)', '(30, 14)', '(33, 16)', '(32, 14)', '(25, 15)', '(26, 16)', '(31, 12)', '(34, 14)', '(28, 16)', '(30, 13)', '(30, 16)', '(32, 16)']",10,0,10
22,"(24, 16)","(25, 16)",West,"[('(25, 16)', 'East', 1), ('(23, 16)', 'West', 1)]","['(25, 14)', '(33, 12)', '(24, 16)']","['(23, 16)', '(25, 14)', '(33, 12)']","['(31, 14)', '(34, 16)', '(27, 16)', '(30, 12)', '(33, 14)', '(32, 12)', '(25, 16)', '(29, 16)', '(31, 16)', '(34, 15)', '(30, 14)', '(33, 16)', '(32, 14)', '(24, 16)', '(25, 15)', '(26, 16)', '(31, 12)', '(34, 14)', '(28, 16)', '(30, 13)', '(30, 16)', '(32, 16)']",10,0,10
23,"(33, 12)","(32, 12)",East,"[('(34, 12)', 'East', 1), ('(32, 12)', 'West', 1)]","['(23, 16)', '(25, 14)', '(33, 12)']","['(34, 12)', '(23, 16)', '(25, 14)']","['(31, 14)', '(34, 16)', '(27, 16)', '(30, 12)', '(33, 14)', '(32, 12)', '(25, 16)', '(29, 16)', '(31, 16)', '(34, 15)', '(30, 14)', '(33, 16)', '(32, 14)', '(24, 16)', '(25, 15)', '(26, 16)', '(31, 12)', '(34, 14)', '(28, 16)', '(30, 13)', '(30, 16)', '(33, 12)', '(32, 16)']",11,0,11
24,"(25, 14)","(25, 15)",South,"[('(25, 15)', 'North', 1), ('(26, 14)', 'East', 1)]","['(34, 12)', '(23, 16)', '(25, 14)']","['(26, 14)', '(34, 12)', '(23, 16)']","['(31, 14)', '(34, 16)', '(27, 16)', '(30, 12)', '(33, 14)', '(32, 12)', '(25, 16)', '(29, 16)', '(31, 16)', '(34, 15)', '(30, 14)', '(33, 16)', '(32, 14)', '(24, 16)', '(25, 15)', '(26, 16)', '(31, 12)', '(34, 14)', '(28, 16)', '(30, 13)', '(30, 16)', '(33, 12)', '(32, 16)', '(25, 14)']",11,0,11
25,"(23, 16)","(24, 16)",West,"[('(24, 16)', 'East', 1), ('(22, 16)', 'West', 1)]","['(26, 14)', '(34, 12)', '(23, 16)']","['(22, 16)', '(26, 14)', '(34, 12)']","['(31, 14)', '(23, 16)', '(34, 16)', '(27, 16)', '(30, 12)', '(33, 14)', '(32, 12)', '(25, 16)', '(29, 16)', '(31, 16)', '(34, 15)', '(30, 14)', '(33, 16)', '(32, 14)', '(24, 16)', '(25, 15)', '(26, 16)', '(31, 12)', '(34, 14)', '(28, 16)', '(30, 13)', '(30, 16)', '(33, 12)', '(32, 16)', '(25, 14)']",11,0,11
26,"(34, 12)","(33, 12)",East,"[('(34, 11)', 'South', 1), ('(33, 12)', 'West', 1)]","['(22, 16)', '(26, 14)', '(34, 12)']","['(34, 11)', '(22, 16)', '(26, 14)']","['(31, 14)', '(23, 16)', '(34, 16)', '(27, 16)', '(30, 12)', '(33, 14)', '(32, 12)', '(25, 16)', '(29, 16)', '(31, 16)', '(34, 12)', '(34, 15)', '(30, 14)', '(33, 16)', '(32, 14)', '(24, 16)', '(25, 15)', '(26, 16)', '(31, 12)', '(34, 14)', '(28, 16)', '(30, 13)', '(30, 16)', '(33, 12)', '(32, 16)', '(25, 14)']",12,0,12
27,"(26, 14)","(25, 14)",East,"[('(27, 14)', 'East', 1), ('(25, 14)', 'West', 1)]","['(34, 11)', '(22, 16)', '(26, 14)']","['(27, 14)', '(34, 11)', '(22, 16)']","['(31, 14)', '(23, 16)', '(34, 16)', '(27, 16)', '(30, 12)', '(33, 14)', '(32, 12)', '(25, 16)', '(26, 14)', '(29, 16)', '(31, 16)', '(34, 12)', '(34, 15)', '(30, 14)', '(33, 16)', '(32, 14)', '(24, 16)', '(25, 15)', '(26, 16)', '(31, 12)', '(34, 14)', '(28, 16)', '(30, 13)', '(30, 16)', '(33, 12)', '(32, 16)', '(25, 14)']",12,0,12
28,"(22, 16)","(23, 16)",West,"[('(23, 16)', 'East', 1), ('(21, 16)', 'West', 1)]","['(27, 14)', '(34, 11)', '(22, 16)']","['(21, 16)', '(27, 14)', '(34, 11)']","['(31, 14)', '(23, 16)', '(34, 16)', '(27, 16)', '(30, 12)', '(33, 14)', '(32, 12)', '(25, 16)', '(26, 14)', '(29, 16)', '(31, 16)', '(34, 12)', '(22, 16)', '(34, 15)', '(30, 14)', '(33, 16)', '(32, 14)', '(24, 16)', '(25, 15)', '(26, 16)', '(31, 12)', '(34, 14)', '(28, 16)', '(30, 13)', '(30, 16)', '(33, 12)', '(32, 16)', '(25, 14)']",12,0,12
29,"(34, 11)","(34, 12)",South,"[('(34, 12)', 'North', 1), ('(34, 10)', 'South', 1)]","['(21, 16)', '(27, 14)', '(34, 11)']","['(34, 10)', '(21, 16)', '(27, 14)']","['(31, 14)', '(23, 16)', '(34, 16)', '(27, 16)', '(30, 12)', '(33, 14)', '(32, 12)', '(25, 16)', '(26, 14)', '(29, 16)', '(31, 16)', '(34, 12)', '(22, 16)', '(34, 15)', '(30, 14)', '(33, 16)', '(32, 14)', '(24, 16)', '(25, 15)', '(26, 16)', '(31, 12)', '(34, 11)', '(34, 14)', '(28, 16)', '(30, 13)', '(30, 16)', '(33, 12)', '(32, 16)', '(25, 14)']",13,0,13
30,"(27, 14)","(26, 14)",East,"[('(27, 13)', 'South', 1), ('(26, 14)', 'West', 1)]","['(34, 10)', '(21, 16)', '(27, 14)']","['(27, 13)', '(34, 10)', '(21, 16)']","['(31, 14)', '(23, 16)', '(34, 16)', '(27, 16)', '(30, 12)', '(33, 14)', '(32, 12)', '(25, 16)', '(26, 14)', '(29, 16)', '(31, 16)', '(34, 12)', '(22, 16)', '(34, 15)', '(30, 14)', '(33, 16)', '(32, 14)', '(24, 16)', '(25, 15)', '(26, 16)', '(31, 12)', '(34, 11)', '(34, 14)', '(28, 16)', '(30, 13)', '(27, 14)', '(30, 16)', '(33, 12)', '(32, 16)', '(25, 14)']",13,0,13
31,"(21, 16)","(22, 16)",West,"[('(22, 16)', 'East', 1), ('(20, 16)', 'West', 1)]","['(27, 13)', '(34, 10)', '(21, 16)']","['(20, 16)', '(27, 13)', '(34, 10)']","['(21, 16)', '(31, 14)', '(23, 16)', '(34, 16)', '(27, 16)', '(30, 12)', '(33, 14)', '(32, 12)', '(25, 16)', '(26, 14)', '(29, 16)', '(31, 16)', '(34, 12)', '(22, 16)', '(34, 15)', '(30, 14)', '(33, 16)', '(32, 14)', '(24, 16)', '(25, 15)', '(26, 16)', '(31, 12)', '(34, 11)', '(34, 14)', '(28, 16)', '(30, 13)', '(27, 14)', '(30, 16)', '(33, 12)', '(32, 16)', '(25, 14)']",13,0,13
32,"(34, 10)","(34, 11)",South,"[('(34, 11)', 'North', 1), ('(33, 10)', 'West', 1)]","['(20, 16)', '(27, 13)', '(34, 10)']","['(33, 10)', '(20, 16)', '(27, 13)']","['(21, 16)', '(31, 14)', '(23, 16)', '(34, 16)', '(34, 10)', '(27, 16)', '(30, 12)', '(33, 14)', '(32, 12)', '(25, 16)', '(26, 14)', '(29, 16)', '(31, 16)', '(34, 12)', '(22, 16)', '(34, 15)', '(30, 14)', '(33, 16)', '(32, 14)', '(24, 16)', '(25, 15)', '(26, 16)', '(31, 12)', '(34, 11)', '(34, 14)', '(28, 16)', '(30, 13)', '(27, 14)', '(30, 16)', '(33, 12)', '(32, 16)', '(25, 14)']",14,0,14
33,"(27, 13)","(27, 14)",South,"[('(27, 14)', 'North', 1), ('(27, 12)', 'South', 1)]","['(33, 10)', '(20, 16)', '(27, 13)']","['(27, 12)', '(33, 10)', '(20, 16)']","['(21, 16)', '(31, 14)', '(23, 16)', '(34, 16)', '(34, 10)', '(27, 13)', '(27, 16)', '(30, 12)', '(33, 14)', '(32, 12)', '(25, 16)', '(26, 14)', '(29, 16)', '(31, 16)', '(34, 12)', '(22, 16)', '(34, 15)', '(30, 14)', '(33, 16)', '(32, 14)', '(24, 16)', '(25, 15)', '(26, 16)', '(31, 12)', '(34, 11)', '(34, 14)', '(28, 16)', '(30, 13)', '(27, 14)', '(30, 16)', '(33, 12)', '(32, 16)', '(25, 14)']",14,0,14
34,"(20, 16)","(21, 16)",West,"[('(21, 16)', 'East', 1), ('(19, 16)', 'West', 1)]","['(27, 12)', '(33, 10)', '(20, 16)']","['(19, 16)', '(27, 12)', '(33, 10)']","['(21, 16)', '(31, 14)', '(23, 16)', '(34, 16)', '(34, 10)', '(27, 13)', '(27, 16)', '(30, 12)', '(33, 14)', '(32, 12)', '(25, 16)', '(26, 14)', '(29, 16)', '(31, 16)', '(20, 16)', '(34, 12)', '(22, 16)', '(34, 15)', '(30, 14)', '(33, 16)', '(32, 14)', '(24, 16)', '(25, 15)', '(26, 16)', '(31, 12)', '(34, 11)', '(34, 14)', '(28, 16)', '(30, 13)', '(27, 14)', '(30, 16)', '(33, 12)', '(32, 16)', '(25, 14)']",14,0,14
35,"(33, 10)","(34, 10)",West,"[('(34, 10)', 'East', 1), ('(32, 10)', 'West', 1)]","['(19, 16)', '(27, 12)', '(33, 10)']","['(32, 10)', '(19, 16)', '(27, 12)']","['(21, 16)', '(31, 14)', '(23, 16)', '(34, 16)', '(34, 10)', '(27, 13)', '(27, 16)', '(30, 12)', '(33, 14)', '(32, 12)', '(25, 16)', '(26, 14)', '(29, 16)', '(31, 16)', '(20, 16)', '(34, 12)', '(22, 16)', '(34, 15)', '(30, 14)', '(33, 10)', '(33, 16)', '(32, 14)', '(24, 16)', '(25, 15)', '(26, 16)', '(31, 12)', '(34, 11)', '(34, 14)', '(28, 16)', '(30, 13)', '(27, 14)', '(30, 16)', '(33, 12)', '(32, 16)', '(25, 14)']",15,0,15
36,"(27, 12)","(27, 13)",South,"[('(27, 13)', 'North', 1), ('(27, 11)', 'South', 1)]","['(32, 10)', '(19, 16)', '(27, 12)']","['(27, 11)', '(32, 10)', '(19, 16)']","['(21, 16)', '(31, 14)', '(23, 16)', '(34, 16)', '(34, 10)', '(27, 13)', '(27, 16)', '(30, 12)', '(33, 14)', '(32, 12)', '(25, 16)', '(26, 14)', '(29, 16)', '(31, 16)', '(20, 16)', '(34, 12)', '(22, 16)', '(34, 15)', '(27, 12)', '(30, 14)', '(33, 10)', '(33, 16)', '(32, 14)', '(24, 16)', '(25, 15)', '(26, 16)', '(31, 12)', '(34, 11)', '(34, 14)', '(28, 16)', '(30, 13)', '(27, 14)', '(30, 16)', '(33, 12)', '(32, 16)', '(25, 14)']",15,0,15
37,"(19, 16)","(20, 16)",West,"[('(20, 16)', 'East', 1), ('(18, 16)', 'West', 1)]","['(27, 11)', '(32, 10)', '(19, 16)']","['(18, 16)', '(27, 11)', '(32, 10)']","['(21, 16)', '(31, 14)', '(23, 16)', '(34, 16)', '(34, 10)', '(27, 13)', '(27, 16)', '(30, 12)', '(33, 14)', '(32, 12)', '(25, 16)', '(26, 14)', '(29, 16)', '(31, 16)', '(20, 16)', '(34, 12)', '(22, 16)', '(34, 15)', '(27, 12)', '(30, 14)', '(33, 10)', '(33, 16)', '(32, 14)', '(24, 16)', '(25, 15)', '(26, 16)', '(31, 12)', '(34, 11)', '(34, 14)', '(28, 16)', '(30, 13)', '(27, 14)', '(30, 16)', '(19, 16)', '(33, 12)', '(32, 16)', '(25, 14)']",15,0,15
38,"(32, 10)","(33, 10)",West,"[('(33, 10)', 'East', 1), ('(31, 10)', 'West', 1)]","['(18, 16)', '(27, 11)', '(32, 10)']","['(31, 10)', '(18, 16)', '(27, 11)']","['(21, 16)', '(31, 14)', '(23, 16)', '(34, 16)', '(34, 10)', '(27, 13)', '(27, 16)', '(30, 12)', '(33, 14)', '(32, 12)', '(25, 16)', '(26, 14)', '(29, 16)', '(31, 16)', '(20, 16)', '(34, 12)', '(22, 16)', '(34, 15)', '(27, 12)', '(30, 14)', '(33, 10)', '(33, 16)', '(32, 14)', '(24, 16)', '(25, 15)', '(26, 16)', '(31, 12)', '(34, 11)', '(34, 14)', '(28, 16)', '(30, 13)', '(27, 14)', '(30, 16)', '(19, 16)', '(33, 12)', '(32, 10)', '(32, 16)', '(25, 14)']",16,0,16
39,"(27, 11)","(27, 12)",South,"[('(27, 12)', 'North', 1), ('(26, 11)', 'West', 1)]","['(31, 10)', '(18, 16)', '(27, 11)']","['(26, 11)', '(31, 10)', '(18, 16)']","['(21, 16)', '(31, 14)', '(23, 16)', '(34, 16)', '(34, 10)', '(27, 13)', '(27, 16)', '(30, 12)', '(33, 14)', '(32, 12)', '(25, 16)', '(26, 14)', '(29, 16)', '(31, 16)', '(20, 16)', '(34, 12)', '(22, 16)', '(34, 15)', '(27, 12)', '(30, 14)', '(33, 10)', '(33, 16)', '(32, 14)', '(24, 16)', '(25, 15)', '(26, 16)', '(31, 12)', '(34, 11)', '(34, 14)', '(27, 11)', '(28, 16)', '(30, 13)', '(27, 14)', '(30, 16)', '(19, 16)', '(33, 12)', '(32, 10)', '(32, 16)', '(25, 14)']",16,0,16
40,"(18, 16)","(19, 16)",West,"[('(19, 16)', 'East', 1), ('(17, 16)', 'West', 1)]","['(26, 11)', '(31, 10)', '(18, 16)']","['(17, 16)', '(26, 11)', '(31, 10)']","['(21, 16)', '(31, 14)', '(23, 16)', '(34, 16)', '(34, 10)', '(27, 13)', '(27, 16)', '(30, 12)', '(33, 14)', '(32, 12)', '(25, 16)', '(26, 14)', '(18, 16)', '(29, 16)', '(31, 16)', '(20, 16)', '(34, 12)', '(22, 16)', '(34, 15)', '(27, 12)', '(30, 14)', '(33, 10)', '(33, 16)', '(32, 14)', '(24, 16)', '(25, 15)', '(26, 16)', '(31, 12)', '(34, 11)', '(34, 14)', '(27, 11)', '(28, 16)', '(30, 13)', '(27, 14)', '(30, 16)', '(19, 16)', '(33, 12)', '(32, 10)', '(32, 16)', '(25, 14)']",16,0,16
41,"(31, 10)","(32, 10)",West,"[('(32, 10)', 'East', 1), ('(30, 10)', 'West', 1)]","['(17, 16)', '(26, 11)', '(31, 10)']","['(30, 10)', '(17, 16)', '(26, 11)']","['(21, 16)', '(31, 14)', '(23, 16)', '(34, 16)', '(34, 10)', '(27, 13)', '(27, 16)', '(30, 12)', '(33, 14)', '(32, 12)', '(25, 16)', '(26, 14)', '(18, 16)', '(29, 16)', '(31, 10)', '(31, 16)', '(20, 16)', '(34, 12)', '(22, 16)', '(34, 15)', '(27, 12)', '(30, 14)', '(33, 10)', '(33, 16)', '(32, 14)', '(24, 16)', '(25, 15)', '(26, 16)', '(31, 12)', '(34, 11)', '(34, 14)', '(27, 11)', '(28, 16)', '(30, 13)', '(27, 14)', '(30, 16)', '(19, 16)', '(33, 12)', '(32, 10)', '(32, 16)', '(25, 14)']",17,0,17
42,"(26, 11)","(27, 11)",West,"[('(27, 11)', 'East', 1), ('(25, 11)', 'West', 1)]","['(30, 10)', '(17, 16)', '(26, 11)']","['(25, 11)', '(30, 10)', '(17, 16)']","['(21, 16)', '(31, 14)', '(23, 16)', '(34, 16)', '(34, 10)', '(27, 13)', '(27, 16)', '(30, 12)', '(33, 14)', '(32, 12)', '(25, 16)', '(26, 11)', '(26, 14)', '(18, 16)', '(29, 16)', '(31, 10)', '(31, 16)', '(20, 16)', '(34, 12)', '(22, 16)', '(34, 15)', '(27, 12)', '(30, 14)', '(33, 10)', '(33, 16)', '(32, 14)', '(24, 16)', '(25, 15)', '(26, 16)', '(31, 12)', '(34, 11)', '(34, 14)', '(27, 11)', '(28, 16)', '(30, 13)', '(27, 14)', '(30, 16)', '(19, 16)', '(33, 12)', '(32, 10)', '(32, 16)', '(25, 14)']",17,0,17
43,"(17, 16)","(18, 16)",West,"[('(18, 16)', 'East', 1), ('(16, 16)', 'West', 1)]","['(25, 11)', '(30, 10)', '(17, 16)']","['(16, 16)', '(25, 11)', '(30, 10)']","['(21, 16)', '(31, 14)', '(23, 16)', '(34, 16)', '(34, 10)', '(27, 13)', '(27, 16)', '(30, 12)', '(33, 14)', '(32, 12)', '(25, 16)', '(26, 11)', '(26, 14)', '(18, 16)', '(29, 16)', '(31, 10)', '(31, 16)', '(20, 16)', '(34, 12)', '(22, 16)', '(34, 15)', '(27, 12)', '(30, 14)', '(33, 10)', '(33, 16)', '(32, 14)', '(24, 16)', '(25, 15)', '(26, 16)', '(31, 12)', '(34, 11)', '(34, 14)', '(27, 11)', '(28, 16)', '(30, 13)', '(27, 14)', '(17, 16)', '(30, 16)', '(19, 16)', '(33, 12)', '(32, 10)', '(32, 16)', '(25, 14)']",17,0,17
44,"(30, 10)","(31, 10)",West,"[('(30, 9)', 'South', 1), ('(31, 10)', 'East', 1), ('(29, 10)', 'West', 1)]","['(16, 16)', '(25, 11)', '(30, 10)']","['(29, 10)', '(30, 9)', '(16, 16)', '(25, 11)']","['(21, 16)', '(31, 14)', '(23, 16)', '(34, 16)', '(34, 10)', '(27, 13)', '(27, 16)', '(30, 12)', '(33, 14)', '(32, 12)', '(25, 16)', '(26, 11)', '(26, 14)', '(18, 16)', '(29, 16)', '(31, 10)', '(31, 16)', '(20, 16)', '(34, 12)', '(22, 16)', '(34, 15)', '(27, 12)', '(30, 14)', '(33, 10)', '(33, 16)', '(32, 14)', '(24, 16)', '(25, 15)', '(26, 16)', '(31, 12)', '(34, 11)', '(34, 14)', '(27, 11)', '(28, 16)', '(30, 13)', '(27, 14)', '(17, 16)', '(30, 10)', '(30, 16)', '(19, 16)', '(33, 12)', '(32, 10)', '(32, 16)', '(25, 14)']",18,0,18
45,"(25, 11)","(26, 11)",West,"[('(26, 11)', 'East', 1), ('(24, 11)', 'West', 1)]","['(29, 10)', '(30, 9)', '(16, 16)', '(25, 11)']","['(24, 11)', '(29, 10)', '(30, 9)', '(16, 16)']","['(21, 16)', '(31, 14)', '(23, 16)', '(34, 16)', '(34, 10)', '(27, 13)', '(27, 16)', '(30, 12)', '(33, 14)', '(32, 12)', '(25, 16)', '(26, 11)', '(26, 14)', '(18, 16)', '(29, 16)', '(31, 10)', '(31, 16)', '(20, 16)', '(34, 12)', '(22, 16)', '(34, 15)', '(27, 12)', '(30, 14)', '(33, 10)', '(33, 16)', '(32, 14)', '(24, 16)', '(25, 15)', '(26, 16)', '(31, 12)', '(34, 11)', '(34, 14)', '(27, 11)', '(28, 16)', '(30, 13)', '(27, 14)', '(17, 16)', '(30, 10)', '(30, 16)', '(19, 16)', '(33, 12)', '(32, 10)', '(32, 16)', '(25, 14)', '(25, 11)']",18,0,18
46,"(16, 16)","(17, 16)",West,"[('(17, 16)', 'East', 1), ('(15, 16)', 'West', 1)]","['(24, 11)', '(29, 10)', '(30, 9)', '(16, 16)']","['(15, 16)', '(24, 11)', '(29, 10)', '(30, 9)']","['(21, 16)', '(31, 14)', '(23, 16)', '(34, 16)', '(34, 10)', '(27, 13)', '(27, 16)', '(30, 12)', '(33, 14)', '(32, 12)', '(25, 16)', '(26, 11)', '(16, 16)', '(26, 14)', '(18, 16)', '(29, 16)', '(31, 10)', '(31, 16)', '(20, 16)', '(34, 12)', '(22, 16)', '(34, 15)', '(27, 12)', '(30, 14)', '(33, 10)', '(33, 16)', '(32, 14)', '(24, 16)', '(25, 15)', '(26, 16)', '(31, 12)', '(34, 11)', '(34, 14)', '(27, 11)', '(28, 16)', '(30, 13)', '(27, 14)', '(17, 16)', '(30, 10)', '(30, 16)', '(19, 16)', '(33, 12)', '(32, 10)', '(32, 16)', '(25, 14)', '(25, 11)']",18,0,18
47,"(30, 9)","(30, 10)",South,"[('(30, 10)', 'North', 1), ('(30, 8)', 'South', 1)]","['(15, 16)', '(24, 11)', '(29, 10)', '(30, 9)']","['(30, 8)', '(15, 16)', '(24, 11)', '(29, 10)']","['(21, 16)', '(31, 14)', '(23, 16)', '(34, 16)', '(34, 10)', '(27, 13)', '(30, 9)', '(27, 16)', '(30, 12)', '(33, 14)', '(32, 12)', '(25, 16)', '(26, 11)', '(16, 16)', '(26, 14)', '(18, 16)', '(29, 16)', '(31, 10)', '(31, 16)', '(20, 16)', '(34, 12)', '(22, 16)', '(34, 15)', '(27, 12)', '(30, 14)', '(33, 10)', '(33, 16)', '(32, 14)', '(24, 16)', '(25, 15)', '(26, 16)', '(31, 12)', '(34, 11)', '(34, 14)', '(27, 11)', '(28, 16)', '(30, 13)', '(27, 14)', '(17, 16)', '(30, 10)', '(30, 16)', '(19, 16)', '(33, 12)', '(32, 10)', '(32, 16)', '(25, 14)', '(25, 11)']",19,0,19
48,"(29, 10)","(30, 10)",West,"[('(30, 10)', 'East', 1)]","['(30, 8)', '(15, 16)', '(24, 11)', '(29, 10)']","['(30, 8)', '(15, 16)', '(24, 11)']","['(21, 16)', '(31, 14)', '(23, 16)', '(34, 16)', '(34, 10)', '(27, 13)', '(30, 9)', '(27, 16)', '(30, 12)', '(33, 14)', '(32, 12)', '(25, 16)', '(26, 11)', '(16, 16)', '(26, 14)', '(18, 16)', '(29, 16)', '(29, 10)', '(31, 10)', '(31, 16)', '(20, 16)', '(34, 12)', '(22, 16)', '(34, 15)', '(27, 12)', '(30, 14)', '(33, 10)', '(33, 16)', '(32, 14)', '(24, 16)', '(25, 15)', '(26, 16)', '(31, 12)', '(34, 11)', '(34, 14)', '(27, 11)', '(28, 16)', '(30, 13)', '(27, 14)', '(17, 16)', '(30, 10)', '(30, 16)', '(19, 16)', '(33, 12)', '(32, 10)', '(32, 16)', '(25, 14)', '(25, 11)']",19,0,19
49,"(24, 11)","(25, 11)",West,"[('(24, 12)', 'North', 1), ('(25, 11)', 'East', 1)]","['(30, 8)', '(15, 16)', '(24, 11)']","['(24, 12)', '(30, 8)', '(15, 16)']","['(21, 16)', '(31, 14)', '(23, 16)', '(34, 16)', '(34, 10)', '(27, 13)', '(30, 9)', '(27, 16)', '(30, 12)', '(33, 14)', '(32, 12)', '(24, 11)', '(25, 16)', '(26, 11)', '(16, 16)', '(26, 14)', '(18, 16)', '(29, 16)', '(29, 10)', '(31, 10)', '(31, 16)', '(20, 16)', '(34, 12)', '(22, 16)', '(34, 15)', '(27, 12)', '(30, 14)', '(33, 10)', '(33, 16)', '(32, 14)', '(24, 16)', '(25, 15)', '(26, 16)', '(31, 12)', '(34, 11)', '(34, 14)', '(27, 11)', '(28, 16)', '(30, 13)', '(27, 14)', '(17, 16)', '(30, 10)', '(30, 16)', '(19, 16)', '(33, 12)', '(32, 10)', '(32, 16)', '(25, 14)', '(25, 11)']",19,0,19
50,"(15, 16)","(16, 16)",West,"[('(16, 16)', 'East', 1), ('(14, 16)', 'West', 1)]","['(24, 12)', '(30, 8)', '(15, 16)']","['(14, 16)', '(24, 12)', '(30, 8)']","['(21, 16)', '(31, 14)', '(23, 16)', '(34, 16)', '(34, 10)', '(27, 13)', '(30, 9)', '(27, 16)', '(30, 12)', '(33, 14)', '(32, 12)', '(24, 11)', '(25, 16)', '(26, 11)', '(16, 16)', '(26, 14)', '(18, 16)', '(29, 16)', '(29, 10)', '(31, 10)', '(31, 16)', '(20, 16)', '(34, 12)', '(22, 16)', '(34, 15)', '(27, 12)', '(30, 14)', '(33, 10)', '(33, 16)', '(32, 14)', '(24, 16)', '(25, 15)', '(26, 16)', '(15, 16)', '(31, 12)', '(34, 11)', '(34, 14)', '(27, 11)', '(28, 16)', '(30, 13)', '(27, 14)', '(17, 16)', '(30, 10)', '(30, 16)', '(19, 16)', '(33, 12)', '(32, 10)', '(32, 16)', '(25, 14)', '(25, 11)']",19,0,19
51,"(30, 8)","(30, 9)",South,"[('(30, 9)', 'North', 1), ('(31, 8)', 'East', 1)]","['(14, 16)', '(24, 12)', '(30, 8)']","['(31, 8)', '(14, 16)', '(24, 12)']","['(21, 16)', '(31, 14)', '(23, 16)', '(34, 16)', '(34, 10)', '(27, 13)', '(30, 9)', '(27, 16)', '(30, 12)', '(33, 14)', '(32, 12)', '(24, 11)', '(25, 16)', '(26, 11)', '(16, 16)', '(26, 14)', '(18, 16)', '(29, 16)', '(29, 10)', '(31, 10)', '(31, 16)', '(20, 16)', '(34, 12)', '(22, 16)', '(34, 15)', '(27, 12)', '(30, 8)', '(30, 14)', '(33, 10)', '(33, 16)', '(32, 14)', '(24, 16)', '(25, 15)', '(26, 16)', '(15, 16)', '(31, 12)', '(34, 11)', '(34, 14)', '(27, 11)', '(28, 16)', '(30, 13)', '(27, 14)', '(17, 16)', '(30, 10)', '(30, 16)', '(19, 16)', '(33, 12)', '(32, 10)', '(32, 16)', '(25, 14)', '(25, 11)']",20,0,20
52,"(24, 12)","(24, 11)",North,"[('(24, 11)', 'South', 1), ('(23, 12)', 'West', 1)]","['(31, 8)', '(14, 16)', '(24, 12)']","['(23, 12)', '(31, 8)', '(14, 16)']","['(21, 16)', '(31, 14)', '(23, 16)', '(34, 16)', '(34, 10)', '(27, 13)', '(30, 9)', '(27, 16)', '(30, 12)', '(33, 14)', '(32, 12)', '(24, 11)', '(25, 16)', '(26, 11)', '(16, 16)', '(26, 14)', '(18, 16)', '(29, 16)', '(29, 10)', '(31, 10)', '(31, 16)', '(20, 16)', '(34, 12)', '(22, 16)', '(34, 15)', '(27, 12)', '(30, 8)', '(30, 14)', '(33, 10)', '(33, 16)', '(32, 14)', '(24, 16)', '(25, 15)', '(26, 16)', '(15, 16)', '(31, 12)', '(34, 11)', '(34, 14)', '(27, 11)', '(28, 16)', '(30, 13)', '(27, 14)', '(17, 16)', '(30, 10)', '(30, 16)', '(19, 16)', '(33, 12)', '(32, 10)', '(32, 16)', '(25, 14)', '(24, 12)', '(25, 11)']",20,0,20
53,"(14, 16)","(15, 16)",West,"[('(15, 16)', 'East', 1), ('(13, 16)', 'West', 1)]","['(23, 12)', '(31, 8)', '(14, 16)']","['(13, 16)', '(23, 12)', '(31, 8)']","['(21, 16)', '(31, 14)', '(23, 16)', '(34, 16)', '(34, 10)', '(14, 16)', '(27, 13)', '(30, 9)', '(27, 16)', '(30, 12)', '(33, 14)', '(32, 12)', '(24, 11)', '(25, 16)', '(26, 11)', '(16, 16)', '(26, 14)', '(18, 16)', '(29, 16)', '(29, 10)', '(31, 10)', '(31, 16)', '(20, 16)', '(34, 12)', '(22, 16)', '(34, 15)', '(27, 12)', '(30, 8)', '(30, 14)', '(33, 10)', '(33, 16)', '(32, 14)', '(24, 16)', '(25, 15)', '(26, 16)', '(15, 16)', '(31, 12)', '(34, 11)', '(34, 14)', '(27, 11)', '(28, 16)', '(30, 13)', '(27, 14)', '(17, 16)', '(30, 10)', '(30, 16)', '(19, 16)', '(33, 12)', '(32, 10)', '(32, 16)', '(25, 14)', '(24, 12)', '(25, 11)']",20,0,20
54,"(31, 8)","(30, 8)",East,"[('(32, 8)', 'East', 1), ('(30, 8)', 'West', 1)]","['(13, 16)', '(23, 12)', '(31, 8)']","['(32, 8)', '(13, 16)', '(23, 12)']","['(21, 16)', '(31, 14)', '(31, 8)', '(23, 16)', '(34, 16)', '(34, 10)', '(14, 16)', '(27, 13)', '(30, 9)', '(27, 16)', '(30, 12)', '(33, 14)', '(32, 12)', '(24, 11)', '(25, 16)', '(26, 11)', '(16, 16)', '(26, 14)', '(18, 16)', '(29, 16)', '(29, 10)', '(31, 10)', '(31, 16)', '(20, 16)', '(34, 12)', '(22, 16)', '(34, 15)', '(27, 12)', '(30, 8)', '(30, 14)', '(33, 10)', '(33, 16)', '(32, 14)', '(24, 16)', '(25, 15)', '(26, 16)', '(15, 16)', '(31, 12)', '(34, 11)', '(34, 14)', '(27, 11)', '(28, 16)', '(30, 13)', '(27, 14)', '(17, 16)', '(30, 10)', '(30, 16)', '(19, 16)', '(33, 12)', '(32, 10)', '(32, 16)', '(25, 14)', '(24, 12)', '(25, 11)']",21,0,21
55,"(23, 12)","(24, 12)",West,"[('(24, 12)', 'East', 1), ('(22, 12)', 'West', 1)]","['(32, 8)', '(13, 16)', '(23, 12)']","['(22, 12)', '(32, 8)', '(13, 16)']","['(21, 16)', '(31, 14)', '(31, 8)', '(23, 16)', '(34, 16)', '(34, 10)', '(14, 16)', '(27, 13)', '(30, 9)', '(27, 16)', '(30, 12)', '(33, 14)', '(32, 12)', '(24, 11)', '(25, 16)', '(26, 11)', '(16, 16)', '(26, 14)', '(18, 16)', '(29, 16)', '(29, 10)', '(31, 10)', '(31, 16)', '(20, 16)', '(23, 12)', '(34, 12)', '(22, 16)', '(34, 15)', '(27, 12)', '(30, 8)', '(30, 14)', '(33, 10)', '(33, 16)', '(32, 14)', '(24, 16)', '(25, 15)', '(26, 16)', '(15, 16)', '(31, 12)', '(34, 11)', '(34, 14)', '(27, 11)', '(28, 16)', '(30, 13)', '(27, 14)', '(17, 16)', '(30, 10)', '(30, 16)', '(19, 16)', '(33, 12)', '(32, 10)', '(32, 16)', '(25, 14)', '(24, 12)', '(25, 11)']",21,0,21
56,"(13, 16)","(14, 16)",West,"[('(14, 16)', 'East', 1), ('(12, 16)', 'West', 1)]","['(22, 12)', '(32, 8)', '(13, 16)']","['(12, 16)', '(22, 12)', '(32, 8)']","['(21, 16)', '(31, 14)', '(31, 8)', '(23, 16)', '(34, 16)', '(34, 10)', '(14, 16)', '(27, 13)', '(30, 9)', '(27, 16)', '(30, 12)', '(33, 14)', '(32, 12)', '(24, 11)', '(25, 16)', '(26, 11)', '(16, 16)', '(26, 14)', '(18, 16)', '(29, 16)', '(29, 10)', '(31, 10)', '(31, 16)', '(20, 16)', '(23, 12)', '(34, 12)', '(22, 16)', '(34, 15)', '(27, 12)', '(30, 8)', '(30, 14)', '(33, 10)', '(33, 16)', '(32, 14)', '(24, 16)', '(13, 16)', '(25, 15)', '(26, 16)', '(15, 16)', '(31, 12)', '(34, 11)', '(34, 14)', '(27, 11)', '(28, 16)', '(30, 13)', '(27, 14)', '(17, 16)', '(30, 10)', '(30, 16)', '(19, 16)', '(33, 12)', '(32, 10)', '(32, 16)', '(25, 14)', '(24, 12)', '(25, 11)']",21,0,21
57,"(32, 8)","(31, 8)",East,"[('(33, 8)', 'East', 1), ('(31, 8)', 'West', 1)]","['(12, 16)', '(22, 12)', '(32, 8)']","['(33, 8)', '(12, 16)', '(22, 12)']","['(21, 16)', '(31, 14)', '(31, 8)', '(23, 16)', '(34, 16)', '(34, 10)', '(14, 16)', '(27, 13)', '(30, 9)', '(27, 16)', '(30, 12)', '(33, 14)', '(32, 12)', '(24, 11)', '(25, 16)', '(26, 11)', '(16, 16)', '(26, 14)', '(18, 16)', '(29, 16)', '(29, 10)', '(31, 10)', '(31, 16)', '(20, 16)', '(23, 12)', '(34, 12)', '(22, 16)', '(34, 15)', '(27, 12)', '(30, 8)', '(30, 14)', '(33, 10)', '(33, 16)', '(32, 14)', '(32, 8)', '(24, 16)', '(13, 16)', '(25, 15)', '(26, 16)', '(15, 16)', '(31, 12)', '(34, 11)', '(34, 14)', '(27, 11)', '(28, 16)', '(30, 13)', '(27, 14)', '(17, 16)', '(30, 10)', '(30, 16)', '(19, 16)', '(33, 12)', '(32, 10)', '(32, 16)', '(25, 14)', '(24, 12)', '(25, 11)']",22,0,22
58,"(22, 12)","(23, 12)",West,"[('(23, 12)', 'East', 1), ('(21, 12)', 'West', 1)]","['(33, 8)', '(12, 16)', '(22, 12)']","['(21, 12)', '(33, 8)', '(12, 16)']","['(21, 16)', '(31, 14)', '(31, 8)', '(23, 16)', '(34, 16)', '(34, 10)', '(14, 16)', '(27, 13)', '(30, 9)', '(27, 16)', '(30, 12)', '(33, 14)', '(32, 12)', '(24, 11)', '(25, 16)', '(26, 11)', '(16, 16)', '(26, 14)', '(18, 16)', '(29, 16)', '(29, 10)', '(31, 10)', '(31, 16)', '(20, 16)', '(23, 12)', '(34, 12)', '(22, 16)', '(34, 15)', '(27, 12)', '(30, 8)', '(30, 14)', '(33, 10)', '(33, 16)', '(32, 14)', '(32, 8)', '(24, 16)', '(13, 16)', '(25, 15)', '(26, 16)', '(15, 16)', '(31, 12)', '(34, 11)', '(34, 14)', '(22, 12)', '(27, 11)', '(28, 16)', '(30, 13)', '(27, 14)', '(17, 16)', '(30, 10)', '(30, 16)', '(19, 16)', '(33, 12)', '(32, 10)', '(32, 16)', '(25, 14)', '(24, 12)', '(25, 11)']",22,0,22
59,"(12, 16)","(13, 16)",West,"[('(13, 16)', 'East', 1), ('(11, 16)', 'West', 1)]","['(21, 12)', '(33, 8)', '(12, 16)']","['(11, 16)', '(21, 12)', '(33, 8)']","['(21, 16)', '(31, 14)', '(31, 8)', '(23, 16)', '(34, 16)', '(34, 10)', '(12, 16)', '(14, 16)', '(27, 13)', '(30, 9)', '(27, 16)', '(30, 12)', '(33, 14)', '(32, 12)', '(24, 11)', '(25, 16)', '(26, 11)', '(16, 16)', '(26, 14)', '(18, 16)', '(29, 16)', '(29, 10)', '(31, 10)', '(31, 16)', '(20, 16)', '(23, 12)', '(34, 12)', '(22, 16)', '(34, 15)', '(27, 12)', '(30, 8)', '(30, 14)', '(33, 10)', '(33, 16)', '(32, 14)', '(32, 8)', '(24, 16)', '(13, 16)', '(25, 15)', '(26, 16)', '(15, 16)', '(31, 12)', '(34, 11)', '(34, 14)', '(22, 12)', '(27, 11)', '(28, 16)', '(30, 13)', '(27, 14)', '(17, 16)', '(30, 10)', '(30, 16)', '(19, 16)', '(33, 12)', '(32, 10)', '(32, 16)', '(25, 14)', '(24, 12)', '(25, 11)']",22,0,22
60,"(33, 8)","(32, 8)",East,"[('(34, 8)', 'East', 1), ('(32, 8)', 'West', 1)]","['(11, 16)', '(21, 12)', '(33, 8)']","['(34, 8)', '(11, 16)', '(21, 12)']","['(21, 16)', '(31, 14)', '(31, 8)', '(23, 16)', '(34, 16)', '(34, 10)', '(12, 16)', '(14, 16)', '(27, 13)', '(30, 9)', '(27, 16)', '(30, 12)', '(33, 8)', '(33, 14)', '(32, 12)', '(24, 11)', '(25, 16)', '(26, 11)', '(16, 16)', '(26, 14)', '(18, 16)', '(29, 16)', '(29, 10)', '(31, 10)', '(31, 16)', '(20, 16)', '(23, 12)', '(34, 12)', '(22, 16)', '(34, 15)', '(27, 12)', '(30, 8)', '(30, 14)', '(33, 10)', '(33, 16)', '(32, 14)', '(32, 8)', '(24, 16)', '(13, 16)', '(25, 15)', '(26, 16)', '(15, 16)', '(31, 12)', '(34, 11)', '(34, 14)', '(22, 12)', '(27, 11)', '(28, 16)', '(30, 13)', '(27, 14)', '(17, 16)', '(30, 10)', '(30, 16)', '(19, 16)', '(33, 12)', '(32, 10)', '(32, 16)', '(25, 14)', '(24, 12)', '(25, 11)']",23,0,23
61,"(21, 12)","(22, 12)",West,"[('(22, 12)', 'East', 1), ('(20, 12)', 'West', 1)]","['(34, 8)', '(11, 16)', '(21, 12)']","['(20, 12)', '(34, 8)', '(11, 16)']","['(21, 16)', '(31, 14)', '(31, 8)', '(23, 16)', '(34, 16)', '(34, 10)', '(12, 16)', '(14, 16)', '(27, 13)', '(30, 9)', '(27, 16)', '(30, 12)', '(33, 8)', '(33, 14)', '(32, 12)', '(24, 11)', '(25, 16)', '(26, 11)', '(16, 16)', '(26, 14)', '(18, 16)', '(29, 16)', '(29, 10)', '(21, 12)', '(31, 10)', '(31, 16)', '(20, 16)', '(23, 12)', '(34, 12)', '(22, 16)', '(34, 15)', '(27, 12)', '(30, 8)', '(30, 14)', '(33, 10)', '(33, 16)', '(32, 14)', '(32, 8)', '(24, 16)', '(13, 16)', '(25, 15)', '(26, 16)', '(15, 16)', '(31, 12)', '(34, 11)', '(34, 14)', '(22, 12)', '(27, 11)', '(28, 16)', '(30, 13)', '(27, 14)', '(17, 16)', '(30, 10)', '(30, 16)', '(19, 16)', '(33, 12)', '(32, 10)', '(32, 16)', '(25, 14)', '(24, 12)', '(25, 11)']",23,0,23
62,"(11, 16)","(12, 16)",West,"[('(12, 16)', 'East', 1), ('(10, 16)', 'West', 1)]","['(20, 12)', '(34, 8)', '(11, 16)']","['(10, 16)', '(20, 12)', '(34, 8)']","['(21, 16)', '(31, 14)', '(31, 8)', '(23, 16)', '(34, 16)', '(34, 10)', '(12, 16)', '(14, 16)', '(27, 13)', '(30, 9)', '(27, 16)', '(30, 12)', '(33, 8)', '(33, 14)', '(32, 12)', '(24, 11)', '(25, 16)', '(26, 11)', '(16, 16)', '(26, 14)', '(18, 16)', '(29, 16)', '(29, 10)', '(21, 12)', '(31, 10)', '(31, 16)', '(20, 16)', '(23, 12)', '(34, 12)', '(22, 16)', '(34, 15)', '(27, 12)', '(30, 8)', '(30, 14)', '(33, 10)', '(33, 16)', '(32, 14)', '(32, 8)', '(11, 16)', '(24, 16)', '(13, 16)', '(25, 15)', '(26, 16)', '(15, 16)', '(31, 12)', '(34, 11)', '(34, 14)', '(22, 12)', '(27, 11)', '(28, 16)', '(30, 13)', '(27, 14)', '(17, 16)', '(30, 10)', '(30, 16)', '(19, 16)', '(33, 12)', '(32, 10)', '(32, 16)', '(25, 14)', '(24, 12)', '(25, 11)']",23,0,23
63,"(34, 8)","(33, 8)",East,"[('(34, 7)', 'South', 1), ('(33, 8)', 'West', 1)]","['(10, 16)', '(20, 12)', '(34, 8)']","['(34, 7)', '(10, 16)', '(20, 12)']","['(21, 16)', '(31, 14)', '(31, 8)', '(23, 16)', '(34, 16)', '(34, 10)', '(12, 16)', '(14, 16)', '(27, 13)', '(30, 9)', '(27, 16)', '(30, 12)', '(33, 8)', '(33, 14)', '(32, 12)', '(24, 11)', '(25, 16)', '(26, 11)', '(16, 16)', '(26, 14)', '(18, 16)', '(29, 16)', '(29, 10)', '(21, 12)', '(31, 10)', '(31, 16)', '(20, 16)', '(23, 12)', '(34, 12)', '(22, 16)', '(34, 15)', '(27, 12)', '(30, 8)', '(30, 14)', '(33, 10)', '(33, 16)', '(32, 14)', '(32, 8)', '(11, 16)', '(24, 16)', '(13, 16)', '(25, 15)', '(26, 16)', '(15, 16)', '(31, 12)', '(34, 11)', '(34, 8)', '(34, 14)', '(22, 12)', '(27, 11)', '(28, 16)', '(30, 13)', '(27, 14)', '(17, 16)', '(30, 10)', '(30, 16)', '(19, 16)', '(33, 12)', '(32, 10)', '(32, 16)', '(25, 14)', '(24, 12)', '(25, 11)']",24,0,24
64,"(20, 12)","(21, 12)",West,"[('(20, 11)', 'South', 1), ('(21, 12)', 'East', 1), ('(19, 12)', 'West', 1)]","['(34, 7)', '(10, 16)', '(20, 12)']","['(19, 12)', '(20, 11)', '(34, 7)', '(10, 16)']","['(21, 16)', '(31, 14)', '(31, 8)', '(23, 16)', '(34, 16)', '(34, 10)', '(12, 16)', '(14, 16)', '(27, 13)', '(30, 9)', '(27, 16)', '(30, 12)', '(33, 8)', '(33, 14)', '(32, 12)', '(24, 11)', '(25, 16)', '(26, 11)', '(16, 16)', '(26, 14)', '(18, 16)', '(29, 16)', '(29, 10)', '(21, 12)', '(31, 10)', '(31, 16)', '(20, 16)', '(23, 12)', '(34, 12)', '(22, 16)', '(34, 15)', '(27, 12)', '(30, 8)', '(30, 14)', '(33, 10)', '(33, 16)', '(32, 14)', '(32, 8)', '(11, 16)', '(24, 16)', '(13, 16)', '(25, 15)', '(26, 16)', '(15, 16)', '(31, 12)', '(34, 11)', '(20, 12)', '(34, 8)', '(34, 14)', '(22, 12)', '(27, 11)', '(28, 16)', '(30, 13)', '(27, 14)', '(17, 16)', '(30, 10)', '(30, 16)', '(19, 16)', '(33, 12)', '(32, 10)', '(32, 16)', '(25, 14)', '(24, 12)', '(25, 11)']",24,0,24
65,"(10, 16)","(11, 16)",West,"[('(11, 16)', 'East', 1), ('(9, 16)', 'West', 1)]","['(19, 12)', '(20, 11)', '(34, 7)', '(10, 16)']","['(9, 16)', '(19, 12)', '(20, 11)', '(34, 7)']","['(21, 16)', '(31, 14)', '(31, 8)', '(23, 16)', '(34, 16)', '(34, 10)', '(12, 16)', '(14, 16)', '(27, 13)', '(30, 9)', '(27, 16)', '(30, 12)', '(33, 8)', '(33, 14)', '(32, 12)', '(24, 11)', '(25, 16)', '(26, 11)', '(16, 16)', '(26, 14)', '(18, 16)', '(29, 16)', '(29, 10)', '(21, 12)', '(31, 10)', '(31, 16)', '(20, 16)', '(23, 12)', '(34, 12)', '(22, 16)', '(34, 15)', '(27, 12)', '(30, 8)', '(30, 14)', '(33, 10)', '(33, 16)', '(32, 14)', '(32, 8)', '(11, 16)', '(24, 16)', '(13, 16)', '(25, 15)', '(26, 16)', '(15, 16)', '(31, 12)', '(34, 11)', '(20, 12)', '(34, 8)', '(34, 14)', '(22, 12)', '(27, 11)', '(28, 16)', '(30, 13)', '(27, 14)', '(17, 16)', '(30, 10)', '(30, 16)', '(19, 16)', '(33, 12)', '(32, 10)', '(32, 16)', '(10, 16)', '(25, 14)', '(24, 12)', '(25, 11)']",24,0,24
66,"(34, 7)","(34, 8)",South,"[('(34, 8)', 'North', 1), ('(34, 6)', 'South', 1)]","['(9, 16)', '(19, 12)', '(20, 11)', '(34, 7)']","['(34, 6)', '(9, 16)', '(19, 12)', '(20, 11)']","['(21, 16)', '(31, 14)', '(31, 8)', '(34, 7)', '(23, 16)', '(34, 16)', '(34, 10)', '(12, 16)', '(14, 16)', '(27, 13)', '(30, 9)', '(27, 16)', '(30, 12)', '(33, 8)', '(33, 14)', '(32, 12)', '(24, 11)', '(25, 16)', '(26, 11)', '(16, 16)', '(26, 14)', '(18, 16)', '(29, 16)', '(29, 10)', '(21, 12)', '(31, 10)', '(31, 16)', '(20, 16)', '(23, 12)', '(34, 12)', '(22, 16)', '(34, 15)', '(27, 12)', '(30, 8)', '(30, 14)', '(33, 10)', '(33, 16)', '(32, 14)', '(32, 8)', '(11, 16)', '(24, 16)', '(13, 16)', '(25, 15)', '(26, 16)', '(15, 16)', '(31, 12)', '(34, 11)', '(20, 12)', '(34, 8)', '(34, 14)', '(22, 12)', '(27, 11)', '(28, 16)', '(30, 13)', '(27, 14)', '(17, 16)', '(30, 10)', '(30, 16)', '(19, 16)', '(33, 12)', '(32, 10)', '(32, 16)', '(10, 16)', '(25, 14)', '(24, 12)', '(25, 11)']",25,0,25
67,"(20, 11)","(20, 12)",South,"[('(20, 12)', 'North', 1), ('(20, 10)', 'South', 1), ('(19, 11)', 'West', 1)]","['(34, 6)', '(9, 16)', '(19, 12)', '(20, 11)']","['(19, 11)', '(20, 10)', '(34, 6)', '(9, 16)', '(19, 12)']","['(20, 11)', '(21, 16)', '(31, 14)', '(31, 8)', '(34, 7)', '(23, 16)', '(34, 16)', '(34, 10)', '(12, 16)', '(14, 16)', '(27, 13)', '(30, 9)', '(27, 16)', '(30, 12)', '(33, 8)', '(33, 14)', '(32, 12)', '(24, 11)', '(25, 16)', '(26, 11)', '(16, 16)', '(26, 14)', '(18, 16)', '(29, 16)', '(29, 10)', '(21, 12)', '(31, 10)', '(31, 16)', '(20, 16)', '(23, 12)', '(34, 12)', '(22, 16)', '(34, 15)', '(27, 12)', '(30, 8)', '(30, 14)', '(33, 10)', '(33, 16)', '(32, 14)', '(32, 8)', '(11, 16)', '(24, 16)', '(13, 16)', '(25, 15)', '(26, 16)', '(15, 16)', '(31, 12)', '(34, 11)', '(20, 12)', '(34, 8)', '(34, 14)', '(22, 12)', '(27, 11)', '(28, 16)', '(30, 13)', '(27, 14)', '(17, 16)', '(30, 10)', '(30, 16)', '(19, 16)', '(33, 12)', '(32, 10)', '(32, 16)', '(10, 16)', '(25, 14)', '(24, 12)', '(25, 11)']",25,0,25
68,"(19, 12)","(20, 12)",West,"[('(19, 11)', 'South', 1), ('(20, 12)', 'East', 1), ('(18, 12)', 'West', 1)]","['(19, 11)', '(20, 10)', '(34, 6)', '(9, 16)', '(19, 12)']","['(18, 12)', '(19, 11)', '(20, 10)', '(34, 6)', '(9, 16)']","['(20, 11)', '(21, 16)', '(31, 14)', '(31, 8)', '(34, 7)', '(23, 16)', '(34, 16)', '(34, 10)', '(12, 16)', '(14, 16)', '(27, 13)', '(30, 9)', '(27, 16)', '(30, 12)', '(19, 12)', '(33, 8)', '(33, 14)', '(32, 12)', '(24, 11)', '(25, 16)', '(26, 11)', '(16, 16)', '(26, 14)', '(18, 16)', '(29, 16)', '(29, 10)', '(21, 12)', '(31, 10)', '(31, 16)', '(20, 16)', '(23, 12)', '(34, 12)', '(22, 16)', '(34, 15)', '(27, 12)', '(30, 8)', '(30, 14)', '(33, 10)', '(33, 16)', '(32, 14)', '(32, 8)', '(11, 16)', '(24, 16)', '(13, 16)', '(25, 15)', '(26, 16)', '(15, 16)', '(31, 12)', '(34, 11)', '(20, 12)', '(34, 8)', '(34, 14)', '(22, 12)', '(27, 11)', '(28, 16)', '(30, 13)', '(27, 14)', '(17, 16)', '(30, 10)', '(30, 16)', '(19, 16)', '(33, 12)', '(32, 10)', '(32, 16)', '(10, 16)', '(25, 14)', '(24, 12)', '(25, 11)']",25,0,25
69,"(9, 16)","(10, 16)",West,"[('(10, 16)', 'East', 1), ('(8, 16)', 'West', 1)]","['(18, 12)', '(19, 11)', '(20, 10)', '(34, 6)', '(9, 16)']","['(8, 16)', '(18, 12)', '(19, 11)', '(20, 10)', '(34, 6)']","['(20, 11)', '(21, 16)', '(31, 14)', '(31, 8)', '(34, 7)', '(23, 16)', '(34, 16)', '(34, 10)', '(12, 16)', '(14, 16)', '(27, 13)', '(30, 9)', '(27, 16)', '(30, 12)', '(19, 12)', '(33, 8)', '(33, 14)', '(32, 12)', '(24, 11)', '(25, 16)', '(26, 11)', '(16, 16)', '(26, 14)', '(18, 16)', '(29, 16)', '(29, 10)', '(21, 12)', '(31, 10)', '(31, 16)', '(20, 16)', '(23, 12)', '(34, 12)', '(22, 16)', '(34, 15)', '(27, 12)', '(30, 8)', '(30, 14)', '(9, 16)', '(33, 10)', '(33, 16)', '(32, 14)', '(32, 8)', '(11, 16)', '(24, 16)', '(13, 16)', '(25, 15)', '(26, 16)', '(15, 16)', '(31, 12)', '(34, 11)', '(20, 12)', '(34, 8)', '(34, 14)', '(22, 12)', '(27, 11)', '(28, 16)', '(30, 13)', '(27, 14)', '(17, 16)', '(30, 10)', '(30, 16)', '(19, 16)', '(33, 12)', '(32, 10)', '(32, 16)', '(10, 16)', '(25, 14)', '(24, 12)', '(25, 11)']",25,0,25
70,"(34, 6)","(34, 7)",South,"[('(34, 7)', 'North', 1), ('(33, 6)', 'West', 1)]","['(8, 16)', '(18, 12)', '(19, 11)', '(20, 10)', '(34, 6)']","['(33, 6)', '(8, 16)', '(18, 12)', '(19, 11)', '(20, 10)']","['(20, 11)', '(21, 16)', '(31, 14)', '(31, 8)', '(34, 7)', '(23, 16)', '(34, 16)', '(34, 10)', '(12, 16)', '(14, 16)', '(27, 13)', '(30, 9)', '(27, 16)', '(30, 12)', '(19, 12)', '(33, 8)', '(33, 14)', '(32, 12)', '(24, 11)', '(25, 16)', '(26, 11)', '(16, 16)', '(26, 14)', '(18, 16)', '(29, 16)', '(29, 10)', '(34, 6)', '(21, 12)', '(31, 10)', '(31, 16)', '(20, 16)', '(23, 12)', '(34, 12)', '(22, 16)', '(34, 15)', '(27, 12)', '(30, 8)', '(30, 14)', '(9, 16)', '(33, 10)', '(33, 16)', '(32, 14)', '(32, 8)', '(11, 16)', '(24, 16)', '(13, 16)', '(25, 15)', '(26, 16)', '(15, 16)', '(31, 12)', '(34, 11)', '(20, 12)', '(34, 8)', '(34, 14)', '(22, 12)', '(27, 11)', '(28, 16)', '(30, 13)', '(27, 14)', '(17, 16)', '(30, 10)', '(30, 16)', '(19, 16)', '(33, 12)', '(32, 10)', '(32, 16)', '(10, 16)', '(25, 14)', '(24, 12)', '(25, 11)']",26,0,26
71,"(20, 10)","(20, 11)",South,"[('(20, 11)', 'North', 1), ('(20, 9)', 'South', 1)]","['(33, 6)', '(8, 16)', '(18, 12)', '(19, 11)', '(20, 10)']","['(20, 9)', '(33, 6)', '(8, 16)', '(18, 12)', '(19, 11)']","['(20, 11)', '(21, 16)', '(31, 14)', '(31, 8)', '(34, 7)', '(23, 16)', '(34, 16)', '(34, 10)', '(12, 16)', '(14, 16)', '(27, 13)', '(30, 9)', '(27, 16)', '(30, 12)', '(19, 12)', '(33, 8)', '(33, 14)', '(32, 12)', '(24, 11)', '(25, 16)', '(26, 11)', '(16, 16)', '(26, 14)', '(18, 16)', '(29, 16)', '(29, 10)', '(34, 6)', '(21, 12)', '(31, 10)', '(31, 16)', '(20, 16)', '(20, 10)', '(23, 12)', '(34, 12)', '(22, 16)', '(34, 15)', '(27, 12)', '(30, 8)', '(30, 14)', '(9, 16)', '(33, 10)', '(33, 16)', '(32, 14)', '(32, 8)', '(11, 16)', '(24, 16)', '(13, 16)', '(25, 15)', '(26, 16)', '(15, 16)', '(31, 12)', '(34, 11)', '(20, 12)', '(34, 8)', '(34, 14)', '(22, 12)', '(27, 11)', '(28, 16)', '(30, 13)', '(27, 14)', '(17, 16)', '(30, 10)', '(30, 16)', '(19, 16)', '(33, 12)', '(32, 10)', '(32, 16)', '(10, 16)', '(25, 14)', '(24, 12)', '(25, 11)']",26,0,26
72,"(19, 11)","(20, 11)",West,"[('(19, 12)', 'North', 1), ('(20, 11)', 'East', 1)]","['(20, 9)', '(33, 6)', '(8, 16)', '(18, 12)', '(19, 11)']","['(20, 9)', '(33, 6)', '(8, 16)', '(18, 12)']","['(20, 11)', '(21, 16)', '(31, 14)', '(31, 8)', '(34, 7)', '(23, 16)', '(34, 16)', '(34, 10)', '(12, 16)', '(14, 16)', '(27, 13)', '(30, 9)', '(27, 16)', '(30, 12)', '(19, 12)', '(33, 8)', '(33, 14)', '(32, 12)', '(24, 11)', '(25, 16)', '(26, 11)', '(16, 16)', '(26, 14)', '(18, 16)', '(29, 16)', '(29, 10)', '(34, 6)', '(21, 12)', '(31, 10)', '(31, 16)', '(20, 16)', '(20, 10)', '(23, 12)', '(34, 12)', '(22, 16)', '(34, 15)', '(27, 12)', '(19, 11)', '(30, 8)', '(30, 14)', '(9, 16)', '(33, 10)', '(33, 16)', '(32, 14)', '(32, 8)', '(11, 16)', '(24, 16)', '(13, 16)', '(25, 15)', '(26, 16)', '(15, 16)', '(31, 12)', '(34, 11)', '(20, 12)', '(34, 8)', '(34, 14)', '(22, 12)', '(27, 11)', '(28, 16)', '(30, 13)', '(27, 14)', '(17, 16)', '(30, 10)', '(30, 16)', '(19, 16)', '(33, 12)', '(32, 10)', '(32, 16)', '(10, 16)', '(25, 14)', '(24, 12)', '(25, 11)']",26,0,26
73,"(18, 12)","(19, 12)",West,"[('(19, 12)', 'East', 1), ('(17, 12)', 'West', 1)]","['(20, 9)', '(33, 6)', '(8, 16)', '(18, 12)']","['(17, 12)', '(20, 9)', '(33, 6)', '(8, 16)']","['(20, 11)', '(21, 16)', '(31, 14)', '(31, 8)', '(34, 7)', '(23, 16)', '(34, 16)', '(34, 10)', '(12, 16)', '(14, 16)', '(27, 13)', '(30, 9)', '(27, 16)', '(30, 12)', '(19, 12)', '(33, 8)', '(33, 14)', '(32, 12)', '(24, 11)', '(25, 16)', '(26, 11)', '(16, 16)', '(26, 14)', '(18, 16)', '(29, 16)', '(29, 10)', '(34, 6)', '(21, 12)', '(31, 10)', '(31, 16)', '(20, 16)', '(20, 10)', '(23, 12)', '(34, 12)', '(22, 16)', '(34, 15)', '(27, 12)', '(19, 11)', '(30, 8)', '(30, 14)', '(9, 16)', '(33, 10)', '(33, 16)', '(32, 14)', '(32, 8)', '(11, 16)', '(24, 16)', '(13, 16)', '(25, 15)', '(26, 16)', '(15, 16)', '(18, 12)', '(31, 12)', '(34, 11)', '(20, 12)', '(34, 8)', '(34, 14)', '(22, 12)', '(27, 11)', '(28, 16)', '(30, 13)', '(27, 14)', '(17, 16)', '(30, 10)', '(30, 16)', '(19, 16)', '(33, 12)', '(32, 10)', '(32, 16)', '(10, 16)', '(25, 14)', '(24, 12)', '(25, 11)']",26,0,26
74,"(8, 16)","(9, 16)",West,"[('(9, 16)', 'East', 1), ('(7, 16)', 'West', 1)]","['(17, 12)', '(20, 9)', '(33, 6)', '(8, 16)']","['(7, 16)', '(17, 12)', '(20, 9)', '(33, 6)']","['(20, 11)', '(21, 16)', '(31, 14)', '(31, 8)', '(34, 7)', '(23, 16)', '(34, 16)', '(34, 10)', '(12, 16)', '(14, 16)', '(27, 13)', '(30, 9)', '(27, 16)', '(30, 12)', '(19, 12)', '(33, 8)', '(33, 14)', '(32, 12)', '(24, 11)', '(25, 16)', '(26, 11)', '(16, 16)', '(26, 14)', '(18, 16)', '(29, 16)', '(29, 10)', '(34, 6)', '(21, 12)', '(31, 10)', '(31, 16)', '(20, 16)', '(20, 10)', '(23, 12)', '(34, 12)', '(22, 16)', '(34, 15)', '(27, 12)', '(19, 11)', '(30, 8)', '(30, 14)', '(9, 16)', '(33, 10)', '(33, 16)', '(32, 14)', '(32, 8)', '(11, 16)', '(24, 16)', '(13, 16)', '(25, 15)', '(26, 16)', '(15, 16)', '(18, 12)', '(31, 12)', '(34, 11)', '(20, 12)', '(34, 8)', '(34, 14)', '(22, 12)', '(27, 11)', '(28, 16)', '(30, 13)', '(27, 14)', '(17, 16)', '(30, 10)', '(30, 16)', '(19, 16)', '(8, 16)', '(33, 12)', '(32, 10)', '(32, 16)', '(10, 16)', '(25, 14)', '(24, 12)', '(25, 11)']",26,0,26
75,"(33, 6)","(34, 6)",West,"[('(34, 6)', 'East', 1), ('(32, 6)', 'West', 1)]","['(7, 16)', '(17, 12)', '(20, 9)', '(33, 6)']","['(32, 6)', '(7, 16)', '(17, 12)', '(20, 9)']","['(20, 11)', '(21, 16)', '(31, 14)', '(31, 8)', '(34, 7)', '(23, 16)', '(34, 16)', '(34, 10)', '(12, 16)', '(14, 16)', '(27, 13)', '(30, 9)', '(27, 16)', '(30, 12)', '(19, 12)', '(33, 8)', '(33, 14)', '(32, 12)', '(24, 11)', '(25, 16)', '(26, 11)', '(16, 16)', '(26, 14)', '(18, 16)', '(29, 16)', '(29, 10)', '(34, 6)', '(21, 12)', '(31, 10)', '(31, 16)', '(20, 16)', '(20, 10)', '(23, 12)', '(34, 12)', '(22, 16)', '(34, 15)', '(27, 12)', '(19, 11)', '(30, 8)', '(30, 14)', '(9, 16)', '(33, 10)', '(33, 16)', '(32, 14)', '(32, 8)', '(11, 16)', '(24, 16)', '(13, 16)', '(25, 15)', '(26, 16)', '(15, 16)', '(18, 12)', '(31, 12)', '(34, 11)', '(20, 12)', '(34, 8)', '(34, 14)', '(22, 12)', '(27, 11)', '(28, 16)', '(30, 13)', '(27, 14)', '(17, 16)', '(30, 10)', '(30, 16)', '(19, 16)', '(8, 16)', '(33, 6)', '(33, 12)', '(32, 10)', '(32, 16)', '(10, 16)', '(25, 14)', '(24, 12)', '(25, 11)']",27,0,27
76,"(20, 9)","(20, 10)",South,"[('(20, 10)', 'North', 1), ('(21, 9)', 'East', 1)]","['(32, 6)', '(7, 16)', '(17, 12)', '(20, 9)']","['(21, 9)', '(32, 6)', '(7, 16)', '(17, 12)']","['(20, 11)', '(21, 16)', '(31, 14)', '(31, 8)', '(34, 7)', '(23, 16)', '(34, 16)', '(34, 10)', '(12, 16)', '(14, 16)', '(27, 13)', '(30, 9)', '(27, 16)', '(30, 12)', '(19, 12)', '(33, 8)', '(33, 14)', '(32, 12)', '(24, 11)', '(25, 16)', '(26, 11)', '(16, 16)', '(26, 14)', '(18, 16)', '(29, 16)', '(29, 10)', '(34, 6)', '(21, 12)', '(31, 10)', '(31, 16)', '(20, 16)', '(20, 10)', '(23, 12)', '(34, 12)', '(22, 16)', '(34, 15)', '(27, 12)', '(19, 11)', '(30, 8)', '(30, 14)', '(9, 16)', '(33, 10)', '(33, 16)', '(32, 14)', '(32, 8)', '(11, 16)', '(24, 16)', '(13, 16)', '(25, 15)', '(26, 16)', '(15, 16)', '(18, 12)', '(20, 9)', '(31, 12)', '(34, 11)', '(20, 12)', '(34, 8)', '(34, 14)', '(22, 12)', '(27, 11)', '(28, 16)', '(30, 13)', '(27, 14)', '(17, 16)', '(30, 10)', '(30, 16)', '(19, 16)', '(8, 16)', '(33, 6)', '(33, 12)', '(32, 10)', '(32, 16)', '(10, 16)', '(25, 14)', '(24, 12)', '(25, 11)']",27,0,27
77,"(17, 12)","(18, 12)",West,"[('(17, 13)', 'North', 1), ('(18, 12)', 'East', 1), ('(16, 12)', 'West', 1)]","['(21, 9)', '(32, 6)', '(7, 16)', '(17, 12)']","['(16, 12)', '(17, 13)', '(21, 9)', '(32, 6)', '(7, 16)']","['(21, 16)', '(34, 10)', '(27, 13)', '(17, 12)', '(30, 9)', '(32, 12)', '(26, 14)', '(34, 12)', '(19, 11)', '(11, 16)', '(32, 14)', '(26, 16)', '(15, 16)', '(18, 12)', '(34, 14)', '(22, 12)', '(28, 16)', '(30, 13)', '(17, 16)', '(33, 6)', '(32, 16)', '(24, 12)', '(25, 11)', '(31, 8)', '(34, 7)', '(34, 16)', '(33, 8)', '(26, 11)', '(18, 16)', '(31, 10)', '(20, 10)', '(22, 16)', '(9, 16)', '(33, 10)', '(24, 16)', '(13, 16)', '(25, 15)', '(31, 12)', '(34, 11)', '(20, 12)', '(33, 12)', '(31, 14)', '(14, 16)', '(33, 14)', '(24, 11)', '(16, 16)', '(29, 10)', '(34, 6)', '(31, 16)', '(20, 16)', '(23, 12)', '(27, 12)', '(30, 8)', '(33, 16)', '(20, 9)', '(27, 14)', '(30, 10)', '(10, 16)', '(25, 14)', '(20, 11)', '(23, 16)', '(12, 16)', '(27, 16)', '(30, 12)', '(19, 12)', '(25, 16)', '(29, 16)', '(21, 12)', '(34, 15)', '(30, 14)', '(32, 8)', '(34, 8)', '(27, 11)', '(30, 16)', '(19, 16)', '(8, 16)', '(32, 10)']",27,0,27
78,"(7, 16)","(8, 16)",West,"[('(8, 16)', 'East', 1), ('(6, 16)', 'West', 1)]","['(16, 12)', '(17, 13)', '(21, 9)', '(32, 6)', '(7, 16)']","['(6, 16)', '(16, 12)', '(17, 13)', '(21, 9)', '(32, 6)']","['(21, 16)', '(34, 10)', '(27, 13)', '(17, 12)', '(30, 9)', '(32, 12)', '(26, 14)', '(34, 12)', '(19, 11)', '(11, 16)', '(32, 14)', '(26, 16)', '(15, 16)', '(18, 12)', '(34, 14)', '(22, 12)', '(28, 16)', '(30, 13)', '(17, 16)', '(33, 6)', '(32, 16)', '(24, 12)', '(25, 11)', '(31, 8)', '(34, 7)', '(34, 16)', '(33, 8)', '(26, 11)', '(18, 16)', '(7, 16)', '(31, 10)', '(20, 10)', '(22, 16)', '(9, 16)', '(33, 10)', '(24, 16)', '(13, 16)', '(25, 15)', '(31, 12)', '(34, 11)', '(20, 12)', '(33, 12)', '(31, 14)', '(14, 16)', '(33, 14)', '(24, 11)', '(16, 16)', '(29, 10)', '(34, 6)', '(31, 16)', '(20, 16)', '(23, 12)', '(27, 12)', '(30, 8)', '(33, 16)', '(20, 9)', '(27, 14)', '(30, 10)', '(10, 16)', '(25, 14)', '(20, 11)', '(23, 16)', '(12, 16)', '(27, 16)', '(30, 12)', '(19, 12)', '(25, 16)', '(29, 16)', '(21, 12)', '(34, 15)', '(30, 14)', '(32, 8)', '(34, 8)', '(27, 11)', '(30, 16)', '(19, 16)', '(8, 16)', '(32, 10)']",27,0,27
79,"(32, 6)","(33, 6)",West,"[('(33, 6)', 'East', 1), ('(31, 6)', 'West', 1)]","['(6, 16)', '(16, 12)', '(17, 13)', '(21, 9)', '(32, 6)']","['(31, 6)', '(6, 16)', '(16, 12)', '(17, 13)', '(21, 9)']","['(21, 16)', '(34, 10)', '(27, 13)', '(17, 12)', '(30, 9)', '(32, 12)', '(26, 14)', '(34, 12)', '(19, 11)', '(11, 16)', '(32, 14)', '(26, 16)', '(15, 16)', '(18, 12)', '(34, 14)', '(22, 12)', '(28, 16)', '(30, 13)', '(17, 16)', '(33, 6)', '(32, 16)', '(24, 12)', '(25, 11)', '(31, 8)', '(34, 7)', '(34, 16)', '(33, 8)', '(26, 11)', '(18, 16)', '(7, 16)', '(31, 10)', '(20, 10)', '(22, 16)', '(9, 16)', '(33, 10)', '(24, 16)', '(13, 16)', '(25, 15)', '(31, 12)', '(34, 11)', '(20, 12)', '(33, 12)', '(31, 14)', '(14, 16)', '(32, 6)', '(33, 14)', '(24, 11)', '(16, 16)', '(29, 10)', '(34, 6)', '(31, 16)', '(20, 16)', '(23, 12)', '(27, 12)', '(30, 8)', '(33, 16)', '(20, 9)', '(27, 14)', '(30, 10)', '(10, 16)', '(25, 14)', '(20, 11)', '(23, 16)', '(12, 16)', '(27, 16)', '(30, 12)', '(19, 12)', '(25, 16)', '(29, 16)', '(21, 12)', '(34, 15)', '(30, 14)', '(32, 8)', '(34, 8)', '(27, 11)', '(30, 16)', '(19, 16)', '(8, 16)', '(32, 10)']",28,0,28
80,"(21, 9)","(20, 9)",East,"[('(22, 9)', 'East', 1), ('(20, 9)', 'West', 1)]","['(31, 6)', '(6, 16)', '(16, 12)', '(17, 13)', '(21, 9)']","['(22, 9)', '(31, 6)', '(6, 16)', '(16, 12)', '(17, 13)']","['(21, 16)', '(34, 10)', '(27, 13)', '(17, 12)', '(30, 9)', '(32, 12)', '(26, 14)', '(21, 9)', '(34, 12)', '(19, 11)', '(11, 16)', '(32, 14)', '(26, 16)', '(15, 16)', '(18, 12)', '(34, 14)', '(22, 12)', '(28, 16)', '(30, 13)', '(17, 16)', '(33, 6)', '(32, 16)', '(24, 12)', '(25, 11)', '(31, 8)', '(34, 7)', '(34, 16)', '(33, 8)', '(26, 11)', '(18, 16)', '(7, 16)', '(31, 10)', '(20, 10)', '(22, 16)', '(9, 16)', '(33, 10)', '(24, 16)', '(13, 16)', '(25, 15)', '(31, 12)', '(34, 11)', '(20, 12)', '(33, 12)', '(31, 14)', '(14, 16)', '(32, 6)', '(33, 14)', '(24, 11)', '(16, 16)', '(29, 10)', '(34, 6)', '(31, 16)', '(20, 16)', '(23, 12)', '(27, 12)', '(30, 8)', '(33, 16)', '(20, 9)', '(27, 14)', '(30, 10)', '(10, 16)', '(25, 14)', '(20, 11)', '(23, 16)', '(12, 16)', '(27, 16)', '(30, 12)', '(19, 12)', '(25, 16)', '(29, 16)', '(21, 12)', '(34, 15)', '(30, 14)', '(32, 8)', '(34, 8)', '(27, 11)', '(30, 16)', '(19, 16)', '(8, 16)', '(32, 10)']",28,0,28
81,"(17, 13)","(17, 12)",North,"[('(17, 14)', 'North', 1), ('(17, 12)', 'South', 1)]","['(22, 9)', '(31, 6)', '(6, 16)', '(16, 12)', '(17, 13)']","['(17, 14)', '(22, 9)', '(31, 6)', '(6, 16)', '(16, 12)']","['(21, 16)', '(34, 10)', '(27, 13)', '(17, 12)', '(30, 9)', '(32, 12)', '(26, 14)', '(21, 9)', '(34, 12)', '(19, 11)', '(11, 16)', '(32, 14)', '(26, 16)', '(15, 16)', '(18, 12)', '(34, 14)', '(22, 12)', '(28, 16)', '(30, 13)', '(17, 16)', '(33, 6)', '(32, 16)', '(24, 12)', '(25, 11)', '(31, 8)', '(34, 7)', '(34, 16)', '(33, 8)', '(26, 11)', '(18, 16)', '(7, 16)', '(31, 10)', '(20, 10)', '(22, 16)', '(9, 16)', '(33, 10)', '(24, 16)', '(13, 16)', '(25, 15)', '(31, 12)', '(34, 11)', '(20, 12)', '(33, 12)', '(31, 14)', '(14, 16)', '(32, 6)', '(33, 14)', '(24, 11)', '(16, 16)', '(29, 10)', '(34, 6)', '(31, 16)', '(20, 16)', '(23, 12)', '(27, 12)', '(30, 8)', '(33, 16)', '(20, 9)', '(27, 14)', '(17, 13)', '(30, 10)', '(10, 16)', '(25, 14)', '(20, 11)', '(23, 16)', '(12, 16)', '(27, 16)', '(30, 12)', '(19, 12)', '(25, 16)', '(29, 16)', '(21, 12)', '(34, 15)', '(30, 14)', '(32, 8)', '(34, 8)', '(27, 11)', '(30, 16)', '(19, 16)', '(8, 16)', '(32, 10)']",28,0,28
82,"(16, 12)","(17, 12)",West,"[('(17, 12)', 'East', 1), ('(15, 12)', 'West', 1)]","['(17, 14)', '(22, 9)', '(31, 6)', '(6, 16)', '(16, 12)']","['(15, 12)', '(17, 14)', '(22, 9)', '(31, 6)', '(6, 16)']","['(21, 16)', '(34, 10)', '(27, 13)', '(17, 12)', '(30, 9)', '(32, 12)', '(26, 14)', '(21, 9)', '(34, 12)', '(19, 11)', '(11, 16)', '(32, 14)', '(26, 16)', '(15, 16)', '(18, 12)', '(34, 14)', '(22, 12)', '(28, 16)', '(30, 13)', '(17, 16)', '(33, 6)', '(32, 16)', '(24, 12)', '(25, 11)', '(31, 8)', '(34, 7)', '(34, 16)', '(33, 8)', '(26, 11)', '(18, 16)', '(7, 16)', '(31, 10)', '(20, 10)', '(22, 16)', '(9, 16)', '(33, 10)', '(24, 16)', '(13, 16)', '(25, 15)', '(16, 12)', '(31, 12)', '(34, 11)', '(20, 12)', '(33, 12)', '(31, 14)', '(14, 16)', '(32, 6)', '(33, 14)', '(24, 11)', '(16, 16)', '(29, 10)', '(34, 6)', '(31, 16)', '(20, 16)', '(23, 12)', '(27, 12)', '(30, 8)', '(33, 16)', '(20, 9)', '(27, 14)', '(17, 13)', '(30, 10)', '(10, 16)', '(25, 14)', '(20, 11)', '(23, 16)', '(12, 16)', '(27, 16)', '(30, 12)', '(19, 12)', '(25, 16)', '(29, 16)', '(21, 12)', '(34, 15)', '(30, 14)', '(32, 8)', '(34, 8)', '(27, 11)', '(30, 16)', '(19, 16)', '(8, 16)', '(32, 10)']",28,0,28
83,"(6, 16)","(7, 16)",West,"[('(7, 16)', 'East', 1), ('(5, 16)', 'West', 1)]","['(15, 12)', '(17, 14)', '(22, 9)', '(31, 6)', '(6, 16)']","['(5, 16)', '(15, 12)', '(17, 14)', '(22, 9)', '(31, 6)']","['(21, 16)', '(34, 10)', '(27, 13)', '(17, 12)', '(30, 9)', '(32, 12)', '(26, 14)', '(21, 9)', '(34, 12)', '(19, 11)', '(11, 16)', '(32, 14)', '(26, 16)', '(15, 16)', '(18, 12)', '(34, 14)', '(22, 12)', '(28, 16)', '(30, 13)', '(17, 16)', '(33, 6)', '(32, 16)', '(24, 12)', '(25, 11)', '(31, 8)', '(34, 7)', '(34, 16)', '(33, 8)', '(26, 11)', '(18, 16)', '(7, 16)', '(31, 10)', '(20, 10)', '(22, 16)', '(9, 16)', '(33, 10)', '(24, 16)', '(13, 16)', '(25, 15)', '(16, 12)', '(31, 12)', '(34, 11)', '(20, 12)', '(33, 12)', '(31, 14)', '(14, 16)', '(32, 6)', '(33, 14)', '(24, 11)', '(16, 16)', '(29, 10)', '(34, 6)', '(31, 16)', '(20, 16)', '(23, 12)', '(27, 12)', '(30, 8)', '(33, 16)', '(20, 9)', '(27, 14)', '(17, 13)', '(30, 10)', '(10, 16)', '(25, 14)', '(20, 11)', '(23, 16)', '(12, 16)', '(27, 16)', '(30, 12)', '(19, 12)', '(25, 16)', '(29, 16)', '(21, 12)', '(34, 15)', '(30, 14)', '(32, 8)', '(6, 16)', '(34, 8)', '(27, 11)', '(30, 16)', '(19, 16)', '(8, 16)', '(32, 10)']",28,0,28
84,"(31, 6)","(32, 6)",West,"[('(32, 6)', 'East', 1), ('(30, 6)', 'West', 1)]","['(5, 16)', '(15, 12)', '(17, 14)', '(22, 9)', '(31, 6)']","['(30, 6)', '(5, 16)', '(15, 12)', '(17, 14)', '(22, 9)']","['(21, 16)', '(34, 10)', '(27, 13)', '(17, 12)', '(30, 9)', '(32, 12)', '(26, 14)', '(21, 9)', '(34, 12)', '(19, 11)', '(11, 16)', '(32, 14)', '(26, 16)', '(15, 16)', '(18, 12)', '(34, 14)', '(22, 12)', '(28, 16)', '(30, 13)', '(17, 16)', '(33, 6)', '(32, 16)', '(24, 12)', '(25, 11)', '(31, 8)', '(34, 7)', '(34, 16)', '(33, 8)', '(26, 11)', '(18, 16)', '(7, 16)', '(31, 10)', '(20, 10)', '(22, 16)', '(9, 16)', '(33, 10)', '(24, 16)', '(13, 16)', '(25, 15)', '(16, 12)', '(31, 12)', '(34, 11)', '(20, 12)', '(33, 12)', '(31, 14)', '(14, 16)', '(32, 6)', '(33, 14)', '(24, 11)', '(16, 16)', '(29, 10)', '(34, 6)', '(31, 16)', '(20, 16)', '(23, 12)', '(27, 12)', '(30, 8)', '(33, 16)', '(20, 9)', '(27, 14)', '(17, 13)', '(30, 10)', '(10, 16)', '(25, 14)', '(20, 11)', '(23, 16)', '(12, 16)', '(27, 16)', '(30, 12)', '(19, 12)', '(25, 16)', '(29, 16)', '(21, 12)', '(34, 15)', '(30, 14)', '(32, 8)', '(31, 6)', '(6, 16)', '(34, 8)', '(27, 11)', '(30, 16)', '(19, 16)', '(8, 16)', '(32, 10)']",29,0,29
85,"(22, 9)","(21, 9)",East,"[('(23, 9)', 'East', 1), ('(21, 9)', 'West', 1)]","['(30, 6)', '(5, 16)', '(15, 12)', '(17, 14)', '(22, 9)']","['(23, 9)', '(30, 6)', '(5, 16)', '(15, 12)', '(17, 14)']","['(21, 16)', '(34, 10)', '(27, 13)', '(17, 12)', '(30, 9)', '(32, 12)', '(26, 14)', '(21, 9)', '(34, 12)', '(19, 11)', '(11, 16)', '(32, 14)', '(26, 16)', '(15, 16)', '(18, 12)', '(34, 14)', '(22, 12)', '(28, 16)', '(30, 13)', '(17, 16)', '(33, 6)', '(32, 16)', '(24, 12)', '(25, 11)', '(31, 8)', '(34, 7)', '(34, 16)', '(33, 8)', '(26, 11)', '(18, 16)', '(7, 16)', '(31, 10)', '(20, 10)', '(22, 16)', '(9, 16)', '(33, 10)', '(24, 16)', '(13, 16)', '(25, 15)', '(16, 12)', '(31, 12)', '(34, 11)', '(20, 12)', '(22, 9)', '(33, 12)', '(31, 14)', '(14, 16)', '(32, 6)', '(33, 14)', '(24, 11)', '(16, 16)', '(29, 10)', '(34, 6)', '(31, 16)', '(20, 16)', '(23, 12)', '(27, 12)', '(30, 8)', '(33, 16)', '(20, 9)', '(27, 14)', '(17, 13)', '(30, 10)', '(10, 16)', '(25, 14)', '(20, 11)', '(23, 16)', '(12, 16)', '(27, 16)', '(30, 12)', '(19, 12)', '(25, 16)', '(29, 16)', '(21, 12)', '(34, 15)', '(30, 14)', '(32, 8)', '(31, 6)', '(6, 16)', '(34, 8)', '(27, 11)', '(30, 16)', '(19, 16)', '(8, 16)', '(32, 10)']",29,0,29
86,"(17, 14)","(17, 13)",North,"[('(17, 13)', 'South', 1), ('(16, 14)', 'West', 1)]","['(23, 9)', '(30, 6)', '(5, 16)', '(15, 12)', '(17, 14)']","['(16, 14)', '(23, 9)', '(30, 6)', '(5, 16)', '(15, 12)']","['(21, 16)', '(34, 10)', '(27, 13)', '(17, 12)', '(30, 9)', '(32, 12)', '(26, 14)', '(21, 9)', '(34, 12)', '(17, 14)', '(19, 11)', '(11, 16)', '(32, 14)', '(26, 16)', '(15, 16)', '(18, 12)', '(34, 14)', '(22, 12)', '(28, 16)', '(30, 13)', '(17, 16)', '(33, 6)', '(32, 16)', '(24, 12)', '(25, 11)', '(31, 8)', '(34, 7)', '(34, 16)', '(33, 8)', '(26, 11)', '(18, 16)', '(7, 16)', '(31, 10)', '(20, 10)', '(22, 16)', '(9, 16)', '(33, 10)', '(24, 16)', '(13, 16)', '(25, 15)', '(16, 12)', '(31, 12)', '(34, 11)', '(20, 12)', '(22, 9)', '(33, 12)', '(31, 14)', '(14, 16)', '(32, 6)', '(33, 14)', '(24, 11)', '(16, 16)', '(29, 10)', '(34, 6)', '(31, 16)', '(20, 16)', '(23, 12)', '(27, 12)', '(30, 8)', '(33, 16)', '(20, 9)', '(27, 14)', '(17, 13)', '(30, 10)', '(10, 16)', '(25, 14)', '(20, 11)', '(23, 16)', '(12, 16)', '(27, 16)', '(30, 12)', '(19, 12)', '(25, 16)', '(29, 16)', '(21, 12)', '(34, 15)', '(30, 14)', '(32, 8)', '(31, 6)', '(6, 16)', '(34, 8)', '(27, 11)', '(30, 16)', '(19, 16)', '(8, 16)', '(32, 10)']",29,0,29
87,"(15, 12)","(16, 12)",West,"[('(16, 12)', 'East', 1), ('(14, 12)', 'West', 1)]","['(16, 14)', '(23, 9)', '(30, 6)', '(5, 16)', '(15, 12)']","['(14, 12)', '(16, 14)', '(23, 9)', '(30, 6)', '(5, 16)']","['(21, 16)', '(34, 10)', '(27, 13)', '(17, 12)', '(30, 9)', '(32, 12)', '(26, 14)', '(21, 9)', '(34, 12)', '(17, 14)', '(19, 11)', '(11, 16)', '(32, 14)', '(26, 16)', '(15, 16)', '(18, 12)', '(34, 14)', '(22, 12)', '(28, 16)', '(30, 13)', '(17, 16)', '(33, 6)', '(32, 16)', '(24, 12)', '(25, 11)', '(31, 8)', '(34, 7)', '(34, 16)', '(33, 8)', '(26, 11)', '(18, 16)', '(7, 16)', '(31, 10)', '(20, 10)', '(22, 16)', '(9, 16)', '(33, 10)', '(24, 16)', '(13, 16)', '(25, 15)', '(16, 12)', '(31, 12)', '(34, 11)', '(20, 12)', '(22, 9)', '(33, 12)', '(31, 14)', '(14, 16)', '(32, 6)', '(33, 14)', '(24, 11)', '(16, 16)', '(29, 10)', '(34, 6)', '(31, 16)', '(20, 16)', '(23, 12)', '(27, 12)', '(30, 8)', '(33, 16)', '(20, 9)', '(27, 14)', '(17, 13)', '(30, 10)', '(10, 16)', '(25, 14)', '(20, 11)', '(23, 16)', '(12, 16)', '(27, 16)', '(30, 12)', '(19, 12)', '(25, 16)', '(29, 16)', '(21, 12)', '(34, 15)', '(30, 14)', '(32, 8)', '(31, 6)', '(6, 16)', '(34, 8)', '(27, 11)', '(30, 16)', '(19, 16)', '(8, 16)', '(32, 10)', '(15, 12)']",29,0,29
88,"(5, 16)","(6, 16)",West,"[('(6, 16)', 'East', 1), ('(4, 16)', 'West', 1)]","['(14, 12)', '(16, 14)', '(23, 9)', '(30, 6)', '(5, 16)']","['(4, 16)', '(14, 12)', '(16, 14)', '(23, 9)', '(30, 6)']","['(21, 16)', '(34, 10)', '(27, 13)', '(17, 12)', '(30, 9)', '(32, 12)', '(26, 14)', '(21, 9)', '(34, 12)', '(17, 14)', '(19, 11)', '(11, 16)', '(32, 14)', '(26, 16)', '(15, 16)', '(18, 12)', '(34, 14)', '(22, 12)', '(28, 16)', '(30, 13)', '(17, 16)', '(33, 6)', '(32, 16)', '(24, 12)', '(25, 11)', '(31, 8)', '(34, 7)', '(34, 16)', '(5, 16)', '(33, 8)', '(26, 11)', '(18, 16)', '(7, 16)', '(31, 10)', '(20, 10)', '(22, 16)', '(9, 16)', '(33, 10)', '(24, 16)', '(13, 16)', '(25, 15)', '(16, 12)', '(31, 12)', '(34, 11)', '(20, 12)', '(22, 9)', '(33, 12)', '(31, 14)', '(14, 16)', '(32, 6)', '(33, 14)', '(24, 11)', '(16, 16)', '(29, 10)', '(34, 6)', '(31, 16)', '(20, 16)', '(23, 12)', '(27, 12)', '(30, 8)', '(33, 16)', '(20, 9)', '(27, 14)', '(17, 13)', '(30, 10)', '(10, 16)', '(25, 14)', '(20, 11)', '(23, 16)', '(12, 16)', '(27, 16)', '(30, 12)', '(19, 12)', '(25, 16)', '(29, 16)', '(21, 12)', '(34, 15)', '(30, 14)', '(32, 8)', '(31, 6)', '(6, 16)', '(34, 8)', '(27, 11)', '(30, 16)', '(19, 16)', '(8, 16)', '(32, 10)', '(15, 12)']",29,0,29
89,"(30, 6)","(31, 6)",West,"[('(30, 5)', 'South', 1), ('(31, 6)', 'East', 1), ('(29, 6)', 'West', 1)]","['(4, 16)', '(14, 12)', '(16, 14)', '(23, 9)', '(30, 6)']","['(29, 6)', '(30, 5)', '(4, 16)', '(14, 12)', '(16, 14)', '(23, 9)']","['(21, 16)', '(34, 10)', '(27, 13)', '(17, 12)', '(30, 9)', '(32, 12)', '(26, 14)', '(21, 9)', '(34, 12)', '(17, 14)', '(19, 11)', '(11, 16)', '(32, 14)', '(26, 16)', '(15, 16)', '(18, 12)', '(34, 14)', '(22, 12)', '(28, 16)', '(30, 13)', '(17, 16)', '(33, 6)', '(32, 16)', '(24, 12)', '(25, 11)', '(31, 8)', '(34, 7)', '(34, 16)', '(30, 6)', '(5, 16)', '(33, 8)', '(26, 11)', '(18, 16)', '(7, 16)', '(31, 10)', '(20, 10)', '(22, 16)', '(9, 16)', '(33, 10)', '(24, 16)', '(13, 16)', '(25, 15)', '(16, 12)', '(31, 12)', '(34, 11)', '(20, 12)', '(22, 9)', '(33, 12)', '(31, 14)', '(14, 16)', '(32, 6)', '(33, 14)', '(24, 11)', '(16, 16)', '(29, 10)', '(34, 6)', '(31, 16)', '(20, 16)', '(23, 12)', '(27, 12)', '(30, 8)', '(33, 16)', '(20, 9)', '(27, 14)', '(17, 13)', '(30, 10)', '(10, 16)', '(25, 14)', '(20, 11)', '(23, 16)', '(12, 16)', '(27, 16)', '(30, 12)', '(19, 12)', '(25, 16)', '(29, 16)', '(21, 12)', '(34, 15)', '(30, 14)', '(32, 8)', '(31, 6)', '(6, 16)', '(34, 8)', '(27, 11)', '(30, 16)', '(19, 16)', '(8, 16)', '(32, 10)', '(15, 12)']",30,0,30
90,"(23, 9)","(22, 9)",East,"[('(24, 9)', 'East', 1), ('(22, 9)', 'West', 1)]","['(29, 6)', '(30, 5)', '(4, 16)', '(14, 12)', '(16, 14)', '(23, 9)']","['(24, 9)', '(29, 6)', '(30, 5)', '(4, 16)', '(14, 12)', '(16, 14)']","['(21, 16)', '(34, 10)', '(27, 13)', '(17, 12)', '(30, 9)', '(32, 12)', '(26, 14)', '(21, 9)', '(34, 12)', '(17, 14)', '(19, 11)', '(11, 16)', '(32, 14)', '(26, 16)', '(15, 16)', '(18, 12)', '(34, 14)', '(22, 12)', '(28, 16)', '(30, 13)', '(17, 16)', '(33, 6)', '(32, 16)', '(24, 12)', '(25, 11)', '(31, 8)', '(34, 7)', '(34, 16)', '(30, 6)', '(5, 16)', '(33, 8)', '(26, 11)', '(18, 16)', '(7, 16)', '(31, 10)', '(20, 10)', '(22, 16)', '(9, 16)', '(33, 10)', '(24, 16)', '(13, 16)', '(25, 15)', '(16, 12)', '(31, 12)', '(34, 11)', '(20, 12)', '(22, 9)', '(33, 12)', '(31, 14)', '(14, 16)', '(32, 6)', '(33, 14)', '(24, 11)', '(16, 16)', '(29, 10)', '(34, 6)', '(31, 16)', '(20, 16)', '(23, 12)', '(27, 12)', '(30, 8)', '(33, 16)', '(20, 9)', '(27, 14)', '(17, 13)', '(30, 10)', '(10, 16)', '(25, 14)', '(20, 11)', '(23, 16)', '(12, 16)', '(27, 16)', '(30, 12)', '(19, 12)', '(25, 16)', '(29, 16)', '(21, 12)', '(23, 9)', '(34, 15)', '(30, 14)', '(32, 8)', '(31, 6)', '(6, 16)', '(34, 8)', '(27, 11)', '(30, 16)', '(19, 16)', '(8, 16)', '(32, 10)', '(15, 12)']",30,0,30
91,"(16, 14)","(17, 14)",West,"[('(17, 14)', 'East', 1), ('(15, 14)', 'West', 1)]","['(24, 9)', '(29, 6)', '(30, 5)', '(4, 16)', '(14, 12)', '(16, 14)']","['(15, 14)', '(24, 9)', '(29, 6)', '(30, 5)', '(4, 16)', '(14, 12)']","['(21, 16)', '(34, 10)', '(27, 13)', '(17, 12)', '(30, 9)', '(32, 12)', '(26, 14)', '(21, 9)', '(34, 12)', '(17, 14)', '(19, 11)', '(11, 16)', '(32, 14)', '(26, 16)', '(15, 16)', '(18, 12)', '(34, 14)', '(22, 12)', '(28, 16)', '(30, 13)', '(17, 16)', '(33, 6)', '(32, 16)', '(24, 12)', '(25, 11)', '(31, 8)', '(34, 7)', '(34, 16)', '(30, 6)', '(5, 16)', '(33, 8)', '(26, 11)', '(18, 16)', '(7, 16)', '(31, 10)', '(20, 10)', '(22, 16)', '(9, 16)', '(33, 10)', '(24, 16)', '(13, 16)', '(25, 15)', '(16, 12)', '(31, 12)', '(34, 11)', '(20, 12)', '(22, 9)', '(33, 12)', '(16, 14)', '(31, 14)', '(14, 16)', '(32, 6)', '(33, 14)', '(24, 11)', '(16, 16)', '(29, 10)', '(34, 6)', '(31, 16)', '(20, 16)', '(23, 12)', '(27, 12)', '(30, 8)', '(33, 16)', '(20, 9)', '(27, 14)', '(17, 13)', '(30, 10)', '(10, 16)', '(25, 14)', '(20, 11)', '(23, 16)', '(12, 16)', '(27, 16)', '(30, 12)', '(19, 12)', '(25, 16)', '(29, 16)', '(21, 12)', '(23, 9)', '(34, 15)', '(30, 14)', '(32, 8)', '(31, 6)', '(6, 16)', '(34, 8)', '(27, 11)', '(30, 16)', '(19, 16)', '(8, 16)', '(32, 10)', '(15, 12)']",30,0,30
92,"(14, 12)","(15, 12)",West,"[('(14, 11)', 'South', 1), ('(15, 12)', 'East', 1), ('(13, 12)', 'West', 1)]","['(15, 14)', '(24, 9)', '(29, 6)', '(30, 5)', '(4, 16)', '(14, 12)']","['(13, 12)', '(14, 11)', '(15, 14)', '(24, 9)', '(29, 6)', '(30, 5)', '(4, 16)']","['(21, 16)', '(34, 10)', '(27, 13)', '(17, 12)', '(30, 9)', '(32, 12)', '(26, 14)', '(21, 9)', '(34, 12)', '(17, 14)', '(19, 11)', '(11, 16)', '(32, 14)', '(26, 16)', '(15, 16)', '(18, 12)', '(34, 14)', '(22, 12)', '(28, 16)', '(30, 13)', '(17, 16)', '(33, 6)', '(32, 16)', '(24, 12)', '(25, 11)', '(31, 8)', '(34, 7)', '(34, 16)', '(30, 6)', '(5, 16)', '(33, 8)', '(26, 11)', '(18, 16)', '(7, 16)', '(31, 10)', '(20, 10)', '(22, 16)', '(14, 12)', '(9, 16)', '(33, 10)', '(24, 16)', '(13, 16)', '(25, 15)', '(16, 12)', '(31, 12)', '(34, 11)', '(20, 12)', '(22, 9)', '(33, 12)', '(16, 14)', '(31, 14)', '(14, 16)', '(32, 6)', '(33, 14)', '(24, 11)', '(16, 16)', '(29, 10)', '(34, 6)', '(31, 16)', '(20, 16)', '(23, 12)', '(27, 12)', '(30, 8)', '(33, 16)', '(20, 9)', '(27, 14)', '(17, 13)', '(30, 10)', '(10, 16)', '(25, 14)', '(20, 11)', '(23, 16)', '(12, 16)', '(27, 16)', '(30, 12)', '(19, 12)', '(25, 16)', '(29, 16)', '(21, 12)', '(23, 9)', '(34, 15)', '(30, 14)', '(32, 8)', '(31, 6)', '(6, 16)', '(34, 8)', '(27, 11)', '(30, 16)', '(19, 16)', '(8, 16)', '(32, 10)', '(15, 12)']",30,0,30
93,"(4, 16)","(5, 16)",West,"[('(5, 16)', 'East', 1), ('(3, 16)', 'West', 1)]","['(13, 12)', '(14, 11)', '(15, 14)', '(24, 9)', '(29, 6)', '(30, 5)', '(4, 16)']","['(3, 16)', '(13, 12)', '(14, 11)', '(15, 14)', '(24, 9)', '(29, 6)', '(30, 5)']","['(21, 16)', '(34, 10)', '(27, 13)', '(17, 12)', '(30, 9)', '(32, 12)', '(26, 14)', '(21, 9)', '(34, 12)', '(17, 14)', '(19, 11)', '(11, 16)', '(32, 14)', '(26, 16)', '(15, 16)', '(18, 12)', '(34, 14)', '(22, 12)', '(28, 16)', '(30, 13)', '(17, 16)', '(33, 6)', '(32, 16)', '(24, 12)', '(25, 11)', '(31, 8)', '(34, 7)', '(34, 16)', '(30, 6)', '(5, 16)', '(33, 8)', '(26, 11)', '(18, 16)', '(7, 16)', '(31, 10)', '(20, 10)', '(22, 16)', '(14, 12)', '(9, 16)', '(33, 10)', '(24, 16)', '(13, 16)', '(25, 15)', '(16, 12)', '(31, 12)', '(34, 11)', '(20, 12)', '(22, 9)', '(33, 12)', '(16, 14)', '(31, 14)', '(14, 16)', '(32, 6)', '(33, 14)', '(24, 11)', '(16, 16)', '(29, 10)', '(34, 6)', '(31, 16)', '(20, 16)', '(23, 12)', '(27, 12)', '(30, 8)', '(33, 16)', '(20, 9)', '(27, 14)', '(17, 13)', '(30, 10)', '(10, 16)', '(25, 14)', '(20, 11)', '(23, 16)', '(12, 16)', '(27, 16)', '(30, 12)', '(19, 12)', '(25, 16)', '(29, 16)', '(21, 12)', '(23, 9)', '(34, 15)', '(30, 14)', '(32, 8)', '(31, 6)', '(6, 16)', '(34, 8)', '(4, 16)', '(27, 11)', '(30, 16)', '(19, 16)', '(8, 16)', '(32, 10)', '(15, 12)']",30,0,30
94,"(30, 5)","(30, 6)",South,"[('(30, 6)', 'North', 1), ('(30, 4)', 'South', 1)]","['(3, 16)', '(13, 12)', '(14, 11)', '(15, 14)', '(24, 9)', '(29, 6)', '(30, 5)']","['(30, 4)', '(3, 16)', '(13, 12)', '(14, 11)', '(15, 14)', '(24, 9)', '(29, 6)']","['(21, 16)', '(34, 10)', '(27, 13)', '(17, 12)', '(30, 9)', '(32, 12)', '(26, 14)', '(21, 9)', '(34, 12)', '(17, 14)', '(19, 11)', '(11, 16)', '(32, 14)', '(26, 16)', '(15, 16)', '(18, 12)', '(34, 14)', '(22, 12)', '(28, 16)', '(30, 13)', '(17, 16)', '(33, 6)', '(32, 16)', '(24, 12)', '(25, 11)', '(31, 8)', '(34, 7)', '(34, 16)', '(30, 6)', '(5, 16)', '(33, 8)', '(26, 11)', '(18, 16)', '(7, 16)', '(31, 10)', '(20, 10)', '(22, 16)', '(14, 12)', '(9, 16)', '(33, 10)', '(24, 16)', '(13, 16)', '(25, 15)', '(16, 12)', '(31, 12)', '(34, 11)', '(20, 12)', '(22, 9)', '(33, 12)', '(16, 14)', '(31, 14)', '(14, 16)', '(32, 6)', '(33, 14)', '(24, 11)', '(16, 16)', '(29, 10)', '(34, 6)', '(31, 16)', '(20, 16)', '(23, 12)', '(27, 12)', '(30, 8)', '(33, 16)', '(20, 9)', '(27, 14)', '(17, 13)', '(30, 10)', '(10, 16)', '(25, 14)', '(20, 11)', '(23, 16)', '(12, 16)', '(27, 16)', '(30, 12)', '(19, 12)', '(25, 16)', '(29, 16)', '(21, 12)', '(23, 9)', '(34, 15)', '(30, 5)', '(30, 14)', '(32, 8)', '(31, 6)', '(6, 16)', '(34, 8)', '(4, 16)', '(27, 11)', '(30, 16)', '(19, 16)', '(8, 16)', '(32, 10)', '(15, 12)']",31,0,31
95,"(29, 6)","(30, 6)",West,"[('(30, 6)', 'East', 1)]","['(30, 4)', '(3, 16)', '(13, 12)', '(14, 11)', '(15, 14)', '(24, 9)', '(29, 6)']","['(30, 4)', '(3, 16)', '(13, 12)', '(14, 11)', '(15, 14)', '(24, 9)']","['(21, 16)', '(34, 10)', '(27, 13)', '(17, 12)', '(30, 9)', '(32, 12)', '(26, 14)', '(21, 9)', '(34, 12)', '(17, 14)', '(19, 11)', '(11, 16)', '(32, 14)', '(29, 6)', '(26, 16)', '(15, 16)', '(18, 12)', '(34, 14)', '(22, 12)', '(28, 16)', '(30, 13)', '(17, 16)', '(33, 6)', '(32, 16)', '(24, 12)', '(25, 11)', '(31, 8)', '(34, 7)', '(34, 16)', '(30, 6)', '(5, 16)', '(33, 8)', '(26, 11)', '(18, 16)', '(7, 16)', '(31, 10)', '(20, 10)', '(22, 16)', '(14, 12)', '(9, 16)', '(33, 10)', '(24, 16)', '(13, 16)', '(25, 15)', '(16, 12)', '(31, 12)', '(34, 11)', '(20, 12)', '(22, 9)', '(33, 12)', '(16, 14)', '(31, 14)', '(14, 16)', '(32, 6)', '(33, 14)', '(24, 11)', '(16, 16)', '(29, 10)', '(34, 6)', '(31, 16)', '(20, 16)', '(23, 12)', '(27, 12)', '(30, 8)', '(33, 16)', '(20, 9)', '(27, 14)', '(17, 13)', '(30, 10)', '(10, 16)', '(25, 14)', '(20, 11)', '(23, 16)', '(12, 16)', '(27, 16)', '(30, 12)', '(19, 12)', '(25, 16)', '(29, 16)', '(21, 12)', '(23, 9)', '(34, 15)', '(30, 5)', '(30, 14)', '(32, 8)', '(31, 6)', '(6, 16)', '(34, 8)', '(4, 16)', '(27, 11)', '(30, 16)', '(19, 16)', '(8, 16)', '(32, 10)', '(15, 12)']",31,0,31
96,"(24, 9)","(23, 9)",East,"[('(25, 9)', 'East', 1), ('(23, 9)', 'West', 1)]","['(30, 4)', '(3, 16)', '(13, 12)', '(14, 11)', '(15, 14)', '(24, 9)']","['(25, 9)', '(30, 4)', '(3, 16)', '(13, 12)', '(14, 11)', '(15, 14)']","['(21, 16)', '(34, 10)', '(27, 13)', '(17, 12)', '(30, 9)', '(32, 12)', '(26, 14)', '(21, 9)', '(34, 12)', '(17, 14)', '(19, 11)', '(11, 16)', '(32, 14)', '(29, 6)', '(26, 16)', '(15, 16)', '(18, 12)', '(34, 14)', '(22, 12)', '(28, 16)', '(30, 13)', '(17, 16)', '(33, 6)', '(32, 16)', '(24, 12)', '(25, 11)', '(31, 8)', '(34, 7)', '(34, 16)', '(30, 6)', '(5, 16)', '(33, 8)', '(26, 11)', '(18, 16)', '(7, 16)', '(31, 10)', '(20, 10)', '(22, 16)', '(14, 12)', '(9, 16)', '(33, 10)', '(24, 16)', '(13, 16)', '(25, 15)', '(16, 12)', '(31, 12)', '(34, 11)', '(20, 12)', '(22, 9)', '(33, 12)', '(24, 9)', '(16, 14)', '(31, 14)', '(14, 16)', '(32, 6)', '(33, 14)', '(24, 11)', '(16, 16)', '(29, 10)', '(34, 6)', '(31, 16)', '(20, 16)', '(23, 12)', '(27, 12)', '(30, 8)', '(33, 16)', '(20, 9)', '(27, 14)', '(17, 13)', '(30, 10)', '(10, 16)', '(25, 14)', '(20, 11)', '(23, 16)', '(12, 16)', '(27, 16)', '(30, 12)', '(19, 12)', '(25, 16)', '(29, 16)', '(21, 12)', '(23, 9)', '(34, 15)', '(30, 5)', '(30, 14)', '(32, 8)', '(31, 6)', '(6, 16)', '(34, 8)', '(4, 16)', '(27, 11)', '(30, 16)', '(19, 16)', '(8, 16)', '(32, 10)', '(15, 12)']",31,0,31
97,"(15, 14)","(16, 14)",West,"[('(16, 14)', 'East', 1), ('(14, 14)', 'West', 1)]","['(25, 9)', '(30, 4)', '(3, 16)', '(13, 12)', '(14, 11)', '(15, 14)']","['(14, 14)', '(25, 9)', '(30, 4)', '(3, 16)', '(13, 12)', '(14, 11)']","['(21, 16)', '(34, 10)', '(27, 13)', '(17, 12)', '(30, 9)', '(32, 12)', '(26, 14)', '(15, 14)', '(21, 9)', '(34, 12)', '(17, 14)', '(19, 11)', '(11, 16)', '(32, 14)', '(29, 6)', '(26, 16)', '(15, 16)', '(18, 12)', '(34, 14)', '(22, 12)', '(28, 16)', '(30, 13)', '(17, 16)', '(33, 6)', '(32, 16)', '(24, 12)', '(25, 11)', '(31, 8)', '(34, 7)', '(34, 16)', '(30, 6)', '(5, 16)', '(33, 8)', '(26, 11)', '(18, 16)', '(7, 16)', '(31, 10)', '(20, 10)', '(22, 16)', '(14, 12)', '(9, 16)', '(33, 10)', '(24, 16)', '(13, 16)', '(25, 15)', '(16, 12)', '(31, 12)', '(34, 11)', '(20, 12)', '(22, 9)', '(33, 12)', '(24, 9)', '(16, 14)', '(31, 14)', '(14, 16)', '(32, 6)', '(33, 14)', '(24, 11)', '(16, 16)', '(29, 10)', '(34, 6)', '(31, 16)', '(20, 16)', '(23, 12)', '(27, 12)', '(30, 8)', '(33, 16)', '(20, 9)', '(27, 14)', '(17, 13)', '(30, 10)', '(10, 16)', '(25, 14)', '(20, 11)', '(23, 16)', '(12, 16)', '(27, 16)', '(30, 12)', '(19, 12)', '(25, 16)', '(29, 16)', '(21, 12)', '(23, 9)', '(34, 15)', '(30, 5)', '(30, 14)', '(32, 8)', '(31, 6)', '(6, 16)', '(34, 8)', '(4, 16)', '(27, 11)', '(30, 16)', '(19, 16)', '(8, 16)', '(32, 10)', '(15, 12)']",31,0,31
98,"(14, 11)","(14, 12)",South,"[('(14, 12)', 'North', 1), ('(14, 10)', 'South', 1)]","['(14, 14)', '(25, 9)', '(30, 4)', '(3, 16)', '(13, 12)', '(14, 11)']","['(14, 10)', '(14, 14)', '(25, 9)', '(30, 4)', '(3, 16)', '(13, 12)']","['(21, 16)', '(34, 10)', '(27, 13)', '(17, 12)', '(30, 9)', '(32, 12)', '(26, 14)', '(15, 14)', '(21, 9)', '(34, 12)', '(17, 14)', '(19, 11)', '(11, 16)', '(32, 14)', '(29, 6)', '(26, 16)', '(15, 16)', '(18, 12)', '(34, 14)', '(22, 12)', '(28, 16)', '(30, 13)', '(17, 16)', '(33, 6)', '(32, 16)', '(24, 12)', '(25, 11)', '(31, 8)', '(34, 7)', '(34, 16)', '(30, 6)', '(5, 16)', '(33, 8)', '(26, 11)', '(18, 16)', '(7, 16)', '(31, 10)', '(20, 10)', '(22, 16)', '(14, 12)', '(9, 16)', '(33, 10)', '(24, 16)', '(13, 16)', '(25, 15)', '(16, 12)', '(31, 12)', '(34, 11)', '(20, 12)', '(22, 9)', '(33, 12)', '(24, 9)', '(16, 14)', '(31, 14)', '(14, 16)', '(32, 6)', '(33, 14)', '(24, 11)', '(16, 16)', '(29, 10)', '(34, 6)', '(31, 16)', '(20, 16)', '(23, 12)', '(27, 12)', '(30, 8)', '(33, 16)', '(20, 9)', '(14, 11)', '(27, 14)', '(17, 13)', '(30, 10)', '(10, 16)', '(25, 14)', '(20, 11)', '(23, 16)', '(12, 16)', '(27, 16)', '(30, 12)', '(19, 12)', '(25, 16)', '(29, 16)', '(21, 12)', '(23, 9)', '(34, 15)', '(30, 5)', '(30, 14)', '(32, 8)', '(31, 6)', '(6, 16)', '(34, 8)', '(4, 16)', '(27, 11)', '(30, 16)', '(19, 16)', '(8, 16)', '(32, 10)', '(15, 12)']",31,0,31
99,"(13, 12)","(14, 12)",West,"[('(14, 12)', 'East', 1), ('(12, 12)', 'West', 1)]","['(14, 10)', '(14, 14)', '(25, 9)', '(30, 4)', '(3, 16)', '(13, 12)']","['(12, 12)', '(14, 10)', '(14, 14)', '(25, 9)', '(30, 4)', '(3, 16)']","['(21, 16)', '(34, 10)', '(27, 13)', '(17, 12)', '(30, 9)', '(32, 12)', '(26, 14)', '(15, 14)', '(21, 9)', '(34, 12)', '(17, 14)', '(19, 11)', '(11, 16)', '(32, 14)', '(29, 6)', '(26, 16)', '(15, 16)', '(18, 12)', '(34, 14)', '(22, 12)', '(28, 16)', '(30, 13)', '(17, 16)', '(33, 6)', '(32, 16)', '(24, 12)', '(13, 12)', '(25, 11)', '(31, 8)', '(34, 7)', '(34, 16)', '(30, 6)', '(5, 16)', '(33, 8)', '(26, 11)', '(18, 16)', '(7, 16)', '(31, 10)', '(20, 10)', '(22, 16)', '(14, 12)', '(9, 16)', '(33, 10)', '(24, 16)', '(13, 16)', '(25, 15)', '(16, 12)', '(31, 12)', '(34, 11)', '(20, 12)', '(22, 9)', '(33, 12)', '(24, 9)', '(16, 14)', '(31, 14)', '(14, 16)', '(32, 6)', '(33, 14)', '(24, 11)', '(16, 16)', '(29, 10)', '(34, 6)', '(31, 16)', '(20, 16)', '(23, 12)', '(27, 12)', '(30, 8)', '(33, 16)', '(20, 9)', '(14, 11)', '(27, 14)', '(17, 13)', '(30, 10)', '(10, 16)', '(25, 14)', '(20, 11)', '(23, 16)', '(12, 16)', '(27, 16)', '(30, 12)', '(19, 12)', '(25, 16)', '(29, 16)', '(21, 12)', '(23, 9)', '(34, 15)', '(30, 5)', '(30, 14)', '(32, 8)', '(31, 6)', '(6, 16)', '(34, 8)', '(4, 16)', '(27, 11)', '(30, 16)', '(19, 16)', '(8, 16)', '(32, 10)', '(15, 12)']",31,0,31
100,"(3, 16)","(4, 16)",West,"[('(4, 16)', 'East', 1), ('(2, 16)', 'West', 1)]","['(12, 12)', '(14, 10)', '(14, 14)', '(25, 9)', '(30, 4)', '(3, 16)']","['(2, 16)', '(12, 12)', '(14, 10)', '(14, 14)', '(25, 9)', '(30, 4)']","['(21, 16)', '(34, 10)', '(27, 13)', '(17, 12)', '(30, 9)', '(32, 12)', '(26, 14)', '(15, 14)', '(21, 9)', '(34, 12)', '(17, 14)', '(19, 11)', '(11, 16)', '(32, 14)', '(29, 6)', '(26, 16)', '(15, 16)', '(18, 12)', '(34, 14)', '(22, 12)', '(28, 16)', '(30, 13)', '(17, 16)', '(33, 6)', '(32, 16)', '(24, 12)', '(13, 12)', '(25, 11)', '(31, 8)', '(34, 7)', '(34, 16)', '(30, 6)', '(5, 16)', '(33, 8)', '(26, 11)', '(18, 16)', '(7, 16)', '(31, 10)', '(20, 10)', '(22, 16)', '(14, 12)', '(9, 16)', '(33, 10)', '(24, 16)', '(13, 16)', '(25, 15)', '(16, 12)', '(31, 12)', '(34, 11)', '(20, 12)', '(22, 9)', '(33, 12)', '(24, 9)', '(16, 14)', '(31, 14)', '(14, 16)', '(3, 16)', '(32, 6)', '(33, 14)', '(24, 11)', '(16, 16)', '(29, 10)', '(34, 6)', '(31, 16)', '(20, 16)', '(23, 12)', '(27, 12)', '(30, 8)', '(33, 16)', '(20, 9)', '(14, 11)', '(27, 14)', '(17, 13)', '(30, 10)', '(10, 16)', '(25, 14)', '(20, 11)', '(23, 16)', '(12, 16)', '(27, 16)', '(30, 12)', '(19, 12)', '(25, 16)', '(29, 16)', '(21, 12)', '(23, 9)', '(34, 15)', '(30, 5)', '(30, 14)', '(32, 8)', '(31, 6)', '(6, 16)', '(34, 8)', '(4, 16)', '(27, 11)', '(30, 16)', '(19, 16)', '(8, 16)', '(32, 10)', '(15, 12)']",31,0,31
101,"(30, 4)","(30, 5)",South,"[('(30, 5)', 'North', 1), ('(30, 3)', 'South', 1), ('(31, 4)', 'East', 1)]","['(2, 16)', '(12, 12)', '(14, 10)', '(14, 14)', '(25, 9)', '(30, 4)']","['(31, 4)', '(30, 3)', '(2, 16)', '(12, 12)', '(14, 10)', '(14, 14)', '(25, 9)']","['(21, 16)', '(34, 10)', '(27, 13)', '(17, 12)', '(30, 9)', '(32, 12)', '(26, 14)', '(15, 14)', '(21, 9)', '(34, 12)', '(17, 14)', '(19, 11)', '(11, 16)', '(32, 14)', '(29, 6)', '(26, 16)', '(15, 16)', '(18, 12)', '(34, 14)', '(22, 12)', '(30, 4)', '(28, 16)', '(30, 13)', '(17, 16)', '(33, 6)', '(32, 16)', '(24, 12)', '(13, 12)', '(25, 11)', '(31, 8)', '(34, 7)', '(34, 16)', '(30, 6)', '(5, 16)', '(33, 8)', '(26, 11)', '(18, 16)', '(7, 16)', '(31, 10)', '(20, 10)', '(22, 16)', '(14, 12)', '(9, 16)', '(33, 10)', '(24, 16)', '(13, 16)', '(25, 15)', '(16, 12)', '(31, 12)', '(34, 11)', '(20, 12)', '(22, 9)', '(33, 12)', '(24, 9)', '(16, 14)', '(31, 14)', '(14, 16)', '(3, 16)', '(32, 6)', '(33, 14)', '(24, 11)', '(16, 16)', '(29, 10)', '(34, 6)', '(31, 16)', '(20, 16)', '(23, 12)', '(27, 12)', '(30, 8)', '(33, 16)', '(20, 9)', '(14, 11)', '(27, 14)', '(17, 13)', '(30, 10)', '(10, 16)', '(25, 14)', '(20, 11)', '(23, 16)', '(12, 16)', '(27, 16)', '(30, 12)', '(19, 12)', '(25, 16)', '(29, 16)', '(21, 12)', '(23, 9)', '(34, 15)', '(30, 5)', '(30, 14)', '(32, 8)', '(31, 6)', '(6, 16)', '(34, 8)', '(4, 16)', '(27, 11)', '(30, 16)', '(19, 16)', '(8, 16)', '(32, 10)', '(15, 12)']",32,0,32
102,"(25, 9)","(24, 9)",East,"[('(26, 9)', 'East', 1), ('(24, 9)', 'West', 1)]","['(31, 4)', '(30, 3)', '(2, 16)', '(12, 12)', '(14, 10)', '(14, 14)', '(25, 9)']","['(26, 9)', '(31, 4)', '(30, 3)', '(2, 16)', '(12, 12)', '(14, 10)', '(14, 14)']","['(21, 16)', '(34, 10)', '(27, 13)', '(17, 12)', '(30, 9)', '(32, 12)', '(26, 14)', '(15, 14)', '(21, 9)', '(34, 12)', '(17, 14)', '(19, 11)', '(11, 16)', '(32, 14)', '(29, 6)', '(26, 16)', '(15, 16)', '(18, 12)', '(34, 14)', '(22, 12)', '(30, 4)', '(28, 16)', '(30, 13)', '(17, 16)', '(33, 6)', '(32, 16)', '(24, 12)', '(13, 12)', '(25, 11)', '(31, 8)', '(34, 7)', '(34, 16)', '(30, 6)', '(5, 16)', '(33, 8)', '(26, 11)', '(18, 16)', '(7, 16)', '(31, 10)', '(20, 10)', '(22, 16)', '(14, 12)', '(9, 16)', '(33, 10)', '(24, 16)', '(13, 16)', '(25, 15)', '(16, 12)', '(31, 12)', '(34, 11)', '(20, 12)', '(22, 9)', '(33, 12)', '(24, 9)', '(16, 14)', '(31, 14)', '(14, 16)', '(3, 16)', '(32, 6)', '(33, 14)', '(24, 11)', '(16, 16)', '(29, 10)', '(34, 6)', '(31, 16)', '(20, 16)', '(23, 12)', '(27, 12)', '(30, 8)', '(33, 16)', '(20, 9)', '(14, 11)', '(27, 14)', '(17, 13)', '(30, 10)', '(10, 16)', '(25, 14)', '(20, 11)', '(23, 16)', '(12, 16)', '(27, 16)', '(30, 12)', '(19, 12)', '(25, 16)', '(29, 16)', '(21, 12)', '(23, 9)', '(34, 15)', '(30, 5)', '(30, 14)', '(25, 9)', '(32, 8)', '(31, 6)', '(6, 16)', '(34, 8)', '(4, 16)', '(27, 11)', '(30, 16)', '(19, 16)', '(8, 16)', '(32, 10)', '(15, 12)']",32,0,32
103,"(14, 14)","(15, 14)",West,"[('(15, 14)', 'East', 1), ('(13, 14)', 'West', 1)]","['(26, 9)', '(31, 4)', '(30, 3)', '(2, 16)', '(12, 12)', '(14, 10)', '(14, 14)']","['(13, 14)', '(26, 9)', '(31, 4)', '(30, 3)', '(2, 16)', '(12, 12)', '(14, 10)']","['(21, 16)', '(34, 10)', '(27, 13)', '(17, 12)', '(30, 9)', '(32, 12)', '(26, 14)', '(15, 14)', '(21, 9)', '(34, 12)', '(17, 14)', '(19, 11)', '(11, 16)', '(32, 14)', '(29, 6)', '(26, 16)', '(15, 16)', '(18, 12)', '(34, 14)', '(22, 12)', '(30, 4)', '(28, 16)', '(30, 13)', '(17, 16)', '(33, 6)', '(32, 16)', '(24, 12)', '(13, 12)', '(25, 11)', '(31, 8)', '(34, 7)', '(34, 16)', '(30, 6)', '(5, 16)', '(33, 8)', '(26, 11)', '(18, 16)', '(7, 16)', '(31, 10)', '(20, 10)', '(22, 16)', '(14, 12)', '(9, 16)', '(33, 10)', '(24, 16)', '(13, 16)', '(25, 15)', '(16, 12)', '(31, 12)', '(34, 11)', '(20, 12)', '(22, 9)', '(14, 14)', '(33, 12)', '(24, 9)', '(16, 14)', '(31, 14)', '(14, 16)', '(3, 16)', '(32, 6)', '(33, 14)', '(24, 11)', '(16, 16)', '(29, 10)', '(34, 6)', '(31, 16)', '(20, 16)', '(23, 12)', '(27, 12)', '(30, 8)', '(33, 16)', '(20, 9)', '(14, 11)', '(27, 14)', '(17, 13)', '(30, 10)', '(10, 16)', '(25, 14)', '(20, 11)', '(23, 16)', '(12, 16)', '(27, 16)', '(30, 12)', '(19, 12)', '(25, 16)', '(29, 16)', '(21, 12)', '(23, 9)', '(34, 15)', '(30, 5)', '(30, 14)', '(25, 9)', '(32, 8)', '(31, 6)', '(6, 16)', '(34, 8)', '(4, 16)', '(27, 11)', '(30, 16)', '(19, 16)', '(8, 16)', '(32, 10)', '(15, 12)']",32,0,32
104,"(14, 10)","(14, 11)",South,"[('(14, 11)', 'North', 1), ('(15, 10)', 'East', 1)]","['(13, 14)', '(26, 9)', '(31, 4)', '(30, 3)', '(2, 16)', '(12, 12)', '(14, 10)']","['(15, 10)', '(13, 14)', '(26, 9)', '(31, 4)', '(30, 3)', '(2, 16)', '(12, 12)']","['(21, 16)', '(34, 10)', '(27, 13)', '(17, 12)', '(30, 9)', '(32, 12)', '(26, 14)', '(15, 14)', '(21, 9)', '(34, 12)', '(17, 14)', '(19, 11)', '(11, 16)', '(32, 14)', '(29, 6)', '(26, 16)', '(15, 16)', '(18, 12)', '(34, 14)', '(22, 12)', '(30, 4)', '(28, 16)', '(30, 13)', '(17, 16)', '(33, 6)', '(32, 16)', '(24, 12)', '(13, 12)', '(25, 11)', '(31, 8)', '(34, 7)', '(34, 16)', '(14, 10)', '(30, 6)', '(5, 16)', '(33, 8)', '(26, 11)', '(18, 16)', '(7, 16)', '(31, 10)', '(20, 10)', '(22, 16)', '(14, 12)', '(9, 16)', '(33, 10)', '(24, 16)', '(13, 16)', '(25, 15)', '(16, 12)', '(31, 12)', '(34, 11)', '(20, 12)', '(22, 9)', '(14, 14)', '(33, 12)', '(24, 9)', '(16, 14)', '(31, 14)', '(14, 16)', '(3, 16)', '(32, 6)', '(33, 14)', '(24, 11)', '(16, 16)', '(29, 10)', '(34, 6)', '(31, 16)', '(20, 16)', '(23, 12)', '(27, 12)', '(30, 8)', '(33, 16)', '(20, 9)', '(14, 11)', '(27, 14)', '(17, 13)', '(30, 10)', '(10, 16)', '(25, 14)', '(20, 11)', '(23, 16)', '(12, 16)', '(27, 16)', '(30, 12)', '(19, 12)', '(25, 16)', '(29, 16)', '(21, 12)', '(23, 9)', '(34, 15)', '(30, 5)', '(30, 14)', '(25, 9)', '(32, 8)', '(31, 6)', '(6, 16)', '(34, 8)', '(4, 16)', '(27, 11)', '(30, 16)', '(19, 16)', '(8, 16)', '(32, 10)', '(15, 12)']",32,0,32
105,"(12, 12)","(13, 12)",West,"[('(12, 13)', 'North', 1), ('(12, 11)', 'South', 1), ('(13, 12)', 'East', 1)]","['(15, 10)', '(13, 14)', '(26, 9)', '(31, 4)', '(30, 3)', '(2, 16)', '(12, 12)']","['(12, 11)', '(12, 13)', '(15, 10)', '(13, 14)', '(26, 9)', '(31, 4)', '(30, 3)', '(2, 16)']","['(21, 16)', '(34, 10)', '(27, 13)', '(17, 12)', '(30, 9)', '(32, 12)', '(26, 14)', '(15, 14)', '(21, 9)', '(34, 12)', '(17, 14)', '(19, 11)', '(11, 16)', '(32, 14)', '(29, 6)', '(26, 16)', '(15, 16)', '(18, 12)', '(34, 14)', '(22, 12)', '(30, 4)', '(28, 16)', '(30, 13)', '(17, 16)', '(33, 6)', '(32, 16)', '(24, 12)', '(13, 12)', '(25, 11)', '(31, 8)', '(34, 7)', '(34, 16)', '(14, 10)', '(30, 6)', '(5, 16)', '(33, 8)', '(26, 11)', '(18, 16)', '(7, 16)', '(31, 10)', '(20, 10)', '(22, 16)', '(14, 12)', '(9, 16)', '(33, 10)', '(24, 16)', '(13, 16)', '(25, 15)', '(16, 12)', '(31, 12)', '(34, 11)', '(20, 12)', '(22, 9)', '(14, 14)', '(33, 12)', '(24, 9)', '(16, 14)', '(31, 14)', '(14, 16)', '(3, 16)', '(32, 6)', '(33, 14)', '(24, 11)', '(16, 16)', '(29, 10)', '(34, 6)', '(31, 16)', '(20, 16)', '(23, 12)', '(12, 12)', '(27, 12)', '(30, 8)', '(33, 16)', '(20, 9)', '(14, 11)', '(27, 14)', '(17, 13)', '(30, 10)', '(10, 16)', '(25, 14)', '(20, 11)', '(23, 16)', '(12, 16)', '(27, 16)', '(30, 12)', '(19, 12)', '(25, 16)', '(29, 16)', '(21, 12)', '(23, 9)', '(34, 15)', '(30, 5)', '(30, 14)', '(25, 9)', '(32, 8)', '(31, 6)', '(6, 16)', '(34, 8)', '(4, 16)', '(27, 11)', '(30, 16)', '(19, 16)', '(8, 16)', '(32, 10)', '(15, 12)']",32,0,32
106,"(2, 16)","(3, 16)",West,"[('(3, 16)', 'East', 1), ('(1, 16)', 'West', 1)]","['(12, 11)', '(12, 13)', '(15, 10)', '(13, 14)', '(26, 9)', '(31, 4)', '(30, 3)', '(2, 16)']","['(1, 16)', '(12, 11)', '(12, 13)', '(15, 10)', '(13, 14)', '(26, 9)', '(31, 4)', '(30, 3)']","['(21, 16)', '(34, 10)', '(27, 13)', '(17, 12)', '(30, 9)', '(32, 12)', '(26, 14)', '(15, 14)', '(21, 9)', '(34, 12)', '(17, 14)', '(19, 11)', '(11, 16)', '(32, 14)', '(29, 6)', '(26, 16)', '(15, 16)', '(18, 12)', '(34, 14)', '(22, 12)', '(30, 4)', '(28, 16)', '(30, 13)', '(17, 16)', '(33, 6)', '(32, 16)', '(24, 12)', '(13, 12)', '(25, 11)', '(31, 8)', '(34, 7)', '(34, 16)', '(14, 10)', '(30, 6)', '(5, 16)', '(33, 8)', '(26, 11)', '(18, 16)', '(7, 16)', '(31, 10)', '(20, 10)', '(22, 16)', '(14, 12)', '(9, 16)', '(33, 10)', '(24, 16)', '(13, 16)', '(25, 15)', '(16, 12)', '(31, 12)', '(34, 11)', '(20, 12)', '(22, 9)', '(14, 14)', '(33, 12)', '(24, 9)', '(16, 14)', '(31, 14)', '(14, 16)', '(3, 16)', '(32, 6)', '(33, 14)', '(24, 11)', '(16, 16)', '(29, 10)', '(34, 6)', '(31, 16)', '(20, 16)', '(23, 12)', '(12, 12)', '(27, 12)', '(30, 8)', '(33, 16)', '(20, 9)', '(14, 11)', '(27, 14)', '(17, 13)', '(30, 10)', '(10, 16)', '(25, 14)', '(20, 11)', '(23, 16)', '(12, 16)', '(27, 16)', '(30, 12)', '(19, 12)', '(25, 16)', '(29, 16)', '(21, 12)', '(23, 9)', '(34, 15)', '(30, 5)', '(30, 14)', '(25, 9)', '(32, 8)', '(2, 16)', '(31, 6)', '(6, 16)', '(34, 8)', '(4, 16)', '(27, 11)', '(30, 16)', '(19, 16)', '(8, 16)', '(32, 10)', '(15, 12)']",32,0,32
107,"(30, 3)","(30, 4)",South,"[('(30, 4)', 'North', 1), ('(31, 3)', 'East', 1)]","['(1, 16)', '(12, 11)', '(12, 13)', '(15, 10)', '(13, 14)', '(26, 9)', '(31, 4)', '(30, 3)']","['(31, 3)', '(1, 16)', '(12, 11)', '(12, 13)', '(15, 10)', '(13, 14)', '(26, 9)', '(31, 4)']","['(21, 16)', '(34, 10)', '(27, 13)', '(17, 12)', '(30, 9)', '(32, 12)', '(26, 14)', '(15, 14)', '(21, 9)', '(34, 12)', '(17, 14)', '(19, 11)', '(11, 16)', '(32, 14)', '(29, 6)', '(26, 16)', '(15, 16)', '(18, 12)', '(34, 14)', '(22, 12)', '(30, 4)', '(28, 16)', '(30, 13)', '(17, 16)', '(33, 6)', '(32, 16)', '(24, 12)', '(13, 12)', '(25, 11)', '(31, 8)', '(34, 7)', '(34, 16)', '(14, 10)', '(30, 6)', '(5, 16)', '(33, 8)', '(26, 11)', '(18, 16)', '(7, 16)', '(31, 10)', '(20, 10)', '(22, 16)', '(14, 12)', '(9, 16)', '(33, 10)', '(24, 16)', '(13, 16)', '(25, 15)', '(16, 12)', '(31, 12)', '(34, 11)', '(20, 12)', '(22, 9)', '(14, 14)', '(33, 12)', '(24, 9)', '(16, 14)', '(31, 14)', '(14, 16)', '(3, 16)', '(32, 6)', '(33, 14)', '(24, 11)', '(16, 16)', '(29, 10)', '(34, 6)', '(31, 16)', '(20, 16)', '(23, 12)', '(12, 12)', '(27, 12)', '(30, 8)', '(33, 16)', '(20, 9)', '(14, 11)', '(27, 14)', '(17, 13)', '(30, 10)', '(10, 16)', '(25, 14)', '(20, 11)', '(23, 16)', '(12, 16)', '(30, 3)', '(27, 16)', '(30, 12)', '(19, 12)', '(25, 16)', '(29, 16)', '(21, 12)', '(23, 9)', '(34, 15)', '(30, 5)', '(30, 14)', '(25, 9)', '(32, 8)', '(2, 16)', '(31, 6)', '(6, 16)', '(34, 8)', '(4, 16)', '(27, 11)', '(30, 16)', '(19, 16)', '(8, 16)', '(32, 10)', '(15, 12)']",33,0,33
108,"(31, 4)","(30, 4)",East,"[('(31, 3)', 'South', 1), ('(32, 4)', 'East', 1), ('(30, 4)', 'West', 1)]","['(31, 3)', '(1, 16)', '(12, 11)', '(12, 13)', '(15, 10)', '(13, 14)', '(26, 9)', '(31, 4)']","['(32, 4)', '(31, 3)', '(1, 16)', '(12, 11)', '(12, 13)', '(15, 10)', '(13, 14)', '(26, 9)']","['(21, 16)', '(34, 10)', '(27, 13)', '(17, 12)', '(30, 9)', '(32, 12)', '(26, 14)', '(15, 14)', '(21, 9)', '(34, 12)', '(17, 14)', '(19, 11)', '(11, 16)', '(32, 14)', '(29, 6)', '(26, 16)', '(15, 16)', '(18, 12)', '(34, 14)', '(22, 12)', '(30, 4)', '(28, 16)', '(30, 13)', '(17, 16)', '(33, 6)', '(32, 16)', '(24, 12)', '(13, 12)', '(25, 11)', '(31, 8)', '(34, 7)', '(34, 16)', '(14, 10)', '(30, 6)', '(5, 16)', '(33, 8)', '(26, 11)', '(18, 16)', '(7, 16)', '(31, 10)', '(20, 10)', '(22, 16)', '(14, 12)', '(9, 16)', '(33, 10)', '(24, 16)', '(13, 16)', '(25, 15)', '(16, 12)', '(31, 12)', '(34, 11)', '(20, 12)', '(22, 9)', '(14, 14)', '(33, 12)', '(24, 9)', '(16, 14)', '(31, 14)', '(14, 16)', '(3, 16)', '(32, 6)', '(33, 14)', '(24, 11)', '(16, 16)', '(29, 10)', '(34, 6)', '(31, 16)', '(20, 16)', '(23, 12)', '(12, 12)', '(27, 12)', '(30, 8)', '(33, 16)', '(20, 9)', '(14, 11)', '(27, 14)', '(17, 13)', '(30, 10)', '(10, 16)', '(25, 14)', '(20, 11)', '(23, 16)', '(12, 16)', '(30, 3)', '(27, 16)', '(30, 12)', '(19, 12)', '(25, 16)', '(31, 4)', '(29, 16)', '(21, 12)', '(23, 9)', '(34, 15)', '(30, 5)', '(30, 14)', '(25, 9)', '(32, 8)', '(2, 16)', '(31, 6)', '(6, 16)', '(34, 8)', '(4, 16)', '(27, 11)', '(30, 16)', '(19, 16)', '(8, 16)', '(32, 10)', '(15, 12)']",33,0,33
109,"(26, 9)","(25, 9)",East,"[('(27, 9)', 'East', 1), ('(25, 9)', 'West', 1)]","['(32, 4)', '(31, 3)', '(1, 16)', '(12, 11)', '(12, 13)', '(15, 10)', '(13, 14)', '(26, 9)']","['(27, 9)', '(32, 4)', '(31, 3)', '(1, 16)', '(12, 11)', '(12, 13)', '(15, 10)', '(13, 14)']","['(21, 16)', '(34, 10)', '(27, 13)', '(17, 12)', '(30, 9)', '(32, 12)', '(26, 14)', '(15, 14)', '(21, 9)', '(34, 12)', '(17, 14)', '(19, 11)', '(11, 16)', '(32, 14)', '(29, 6)', '(26, 16)', '(15, 16)', '(18, 12)', '(34, 14)', '(22, 12)', '(30, 4)', '(28, 16)', '(30, 13)', '(17, 16)', '(33, 6)', '(32, 16)', '(24, 12)', '(13, 12)', '(25, 11)', '(26, 9)', '(31, 8)', '(34, 7)', '(34, 16)', '(14, 10)', '(30, 6)', '(5, 16)', '(33, 8)', '(26, 11)', '(18, 16)', '(7, 16)', '(31, 10)', '(20, 10)', '(22, 16)', '(14, 12)', '(9, 16)', '(33, 10)', '(24, 16)', '(13, 16)', '(25, 15)', '(16, 12)', '(31, 12)', '(34, 11)', '(20, 12)', '(22, 9)', '(14, 14)', '(33, 12)', '(24, 9)', '(16, 14)', '(31, 14)', '(14, 16)', '(3, 16)', '(32, 6)', '(33, 14)', '(24, 11)', '(16, 16)', '(29, 10)', '(34, 6)', '(31, 16)', '(20, 16)', '(23, 12)', '(12, 12)', '(27, 12)', '(30, 8)', '(33, 16)', '(20, 9)', '(14, 11)', '(27, 14)', '(17, 13)', '(30, 10)', '(10, 16)', '(25, 14)', '(20, 11)', '(23, 16)', '(12, 16)', '(30, 3)', '(27, 16)', '(30, 12)', '(19, 12)', '(25, 16)', '(31, 4)', '(29, 16)', '(21, 12)', '(23, 9)', '(34, 15)', '(30, 5)', '(30, 14)', '(25, 9)', '(32, 8)', '(2, 16)', '(31, 6)', '(6, 16)', '(34, 8)', '(4, 16)', '(27, 11)', '(30, 16)', '(19, 16)', '(8, 16)', '(32, 10)', '(15, 12)']",33,0,33
110,"(13, 14)","(14, 14)",West,"[('(14, 14)', 'East', 1), ('(12, 14)', 'West', 1)]","['(27, 9)', '(32, 4)', '(31, 3)', '(1, 16)', '(12, 11)', '(12, 13)', '(15, 10)', '(13, 14)']","['(12, 14)', '(27, 9)', '(32, 4)', '(31, 3)', '(1, 16)', '(12, 11)', '(12, 13)', '(15, 10)']","['(21, 16)', '(34, 10)', '(27, 13)', '(17, 12)', '(30, 9)', '(32, 12)', '(26, 14)', '(15, 14)', '(21, 9)', '(34, 12)', '(17, 14)', '(19, 11)', '(11, 16)', '(32, 14)', '(29, 6)', '(26, 16)', '(15, 16)', '(18, 12)', '(34, 14)', '(22, 12)', '(30, 4)', '(28, 16)', '(30, 13)', '(17, 16)', '(33, 6)', '(32, 16)', '(24, 12)', '(13, 12)', '(25, 11)', '(26, 9)', '(31, 8)', '(34, 7)', '(34, 16)', '(14, 10)', '(30, 6)', '(5, 16)', '(33, 8)', '(13, 14)', '(26, 11)', '(18, 16)', '(7, 16)', '(31, 10)', '(20, 10)', '(22, 16)', '(14, 12)', '(9, 16)', '(33, 10)', '(24, 16)', '(13, 16)', '(25, 15)', '(16, 12)', '(31, 12)', '(34, 11)', '(20, 12)', '(22, 9)', '(14, 14)', '(33, 12)', '(24, 9)', '(16, 14)', '(31, 14)', '(14, 16)', '(3, 16)', '(32, 6)', '(33, 14)', '(24, 11)', '(16, 16)', '(29, 10)', '(34, 6)', '(31, 16)', '(20, 16)', '(23, 12)', '(12, 12)', '(27, 12)', '(30, 8)', '(33, 16)', '(20, 9)', '(14, 11)', '(27, 14)', '(17, 13)', '(30, 10)', '(10, 16)', '(25, 14)', '(20, 11)', '(23, 16)', '(12, 16)', '(30, 3)', '(27, 16)', '(30, 12)', '(19, 12)', '(25, 16)', '(31, 4)', '(29, 16)', '(21, 12)', '(23, 9)', '(34, 15)', '(30, 5)', '(30, 14)', '(25, 9)', '(32, 8)', '(2, 16)', '(31, 6)', '(6, 16)', '(34, 8)', '(4, 16)', '(27, 11)', '(30, 16)', '(19, 16)', '(8, 16)', '(32, 10)', '(15, 12)']",33,0,33
111,"(15, 10)","(14, 10)",East,"[('(16, 10)', 'East', 1), ('(14, 10)', 'West', 1)]","['(12, 14)', '(27, 9)', '(32, 4)', '(31, 3)', '(1, 16)', '(12, 11)', '(12, 13)', '(15, 10)']","['(16, 10)', '(12, 14)', '(27, 9)', '(32, 4)', '(31, 3)', '(1, 16)', '(12, 11)', '(12, 13)']","['(21, 16)', '(34, 10)', '(27, 13)', '(17, 12)', '(30, 9)', '(32, 12)', '(26, 14)', '(15, 14)', '(21, 9)', '(34, 12)', '(17, 14)', '(19, 11)', '(11, 16)', '(32, 14)', '(29, 6)', '(26, 16)', '(15, 16)', '(18, 12)', '(34, 14)', '(22, 12)', '(30, 4)', '(28, 16)', '(30, 13)', '(17, 16)', '(33, 6)', '(32, 16)', '(24, 12)', '(13, 12)', '(25, 11)', '(26, 9)', '(31, 8)', '(34, 7)', '(34, 16)', '(14, 10)', '(30, 6)', '(5, 16)', '(33, 8)', '(13, 14)', '(26, 11)', '(18, 16)', '(7, 16)', '(31, 10)', '(20, 10)', '(22, 16)', '(14, 12)', '(9, 16)', '(33, 10)', '(24, 16)', '(13, 16)', '(25, 15)', '(16, 12)', '(31, 12)', '(34, 11)', '(20, 12)', '(22, 9)', '(14, 14)', '(33, 12)', '(24, 9)', '(16, 14)', '(31, 14)', '(14, 16)', '(3, 16)', '(32, 6)', '(33, 14)', '(24, 11)', '(16, 16)', '(29, 10)', '(34, 6)', '(31, 16)', '(20, 16)', '(23, 12)', '(12, 12)', '(27, 12)', '(30, 8)', '(33, 16)', '(20, 9)', '(14, 11)', '(27, 14)', '(17, 13)', '(30, 10)', '(10, 16)', '(25, 14)', '(20, 11)', '(23, 16)', '(12, 16)', '(30, 3)', '(27, 16)', '(30, 12)', '(19, 12)', '(25, 16)', '(31, 4)', '(29, 16)', '(21, 12)', '(23, 9)', '(34, 15)', '(30, 5)', '(30, 14)', '(25, 9)', '(32, 8)', '(2, 16)', '(15, 10)', '(31, 6)', '(6, 16)', '(34, 8)', '(4, 16)', '(27, 11)', '(30, 16)', '(19, 16)', '(8, 16)', '(32, 10)', '(15, 12)']",33,0,33
112,"(12, 13)","(12, 12)",North,"[('(12, 14)', 'North', 1), ('(12, 12)', 'South', 1)]","['(16, 10)', '(12, 14)', '(27, 9)', '(32, 4)', '(31, 3)', '(1, 16)', '(12, 11)', '(12, 13)']","['(16, 10)', '(12, 14)', '(27, 9)', '(32, 4)', '(31, 3)', '(1, 16)', '(12, 11)']","['(21, 16)', '(34, 10)', '(27, 13)', '(17, 12)', '(30, 9)', '(32, 12)', '(26, 14)', '(15, 14)', '(21, 9)', '(34, 12)', '(17, 14)', '(19, 11)', '(11, 16)', '(32, 14)', '(29, 6)', '(26, 16)', '(15, 16)', '(18, 12)', '(34, 14)', '(22, 12)', '(30, 4)', '(28, 16)', '(30, 13)', '(17, 16)', '(33, 6)', '(32, 16)', '(24, 12)', '(13, 12)', '(25, 11)', '(26, 9)', '(31, 8)', '(34, 7)', '(34, 16)', '(12, 13)', '(14, 10)', '(30, 6)', '(5, 16)', '(33, 8)', '(13, 14)', '(26, 11)', '(18, 16)', '(7, 16)', '(31, 10)', '(20, 10)', '(22, 16)', '(14, 12)', '(9, 16)', '(33, 10)', '(24, 16)', '(13, 16)', '(25, 15)', '(16, 12)', '(31, 12)', '(34, 11)', '(20, 12)', '(22, 9)', '(14, 14)', '(33, 12)', '(24, 9)', '(16, 14)', '(31, 14)', '(14, 16)', '(3, 16)', '(32, 6)', '(33, 14)', '(24, 11)', '(16, 16)', '(29, 10)', '(34, 6)', '(31, 16)', '(20, 16)', '(23, 12)', '(12, 12)', '(27, 12)', '(30, 8)', '(33, 16)', '(20, 9)', '(14, 11)', '(27, 14)', '(17, 13)', '(30, 10)', '(10, 16)', '(25, 14)', '(20, 11)', '(23, 16)', '(12, 16)', '(30, 3)', '(27, 16)', '(30, 12)', '(19, 12)', '(25, 16)', '(31, 4)', '(29, 16)', '(21, 12)', '(23, 9)', '(34, 15)', '(30, 5)', '(30, 14)', '(25, 9)', '(32, 8)', '(2, 16)', '(15, 10)', '(31, 6)', '(6, 16)', '(34, 8)', '(4, 16)', '(27, 11)', '(30, 16)', '(19, 16)', '(8, 16)', '(32, 10)', '(15, 12)']",33,0,33
113,"(12, 11)","(12, 12)",South,"[('(12, 12)', 'North', 1), ('(12, 10)', 'South', 1)]","['(16, 10)', '(12, 14)', '(27, 9)', '(32, 4)', '(31, 3)', '(1, 16)', '(12, 11)']","['(12, 10)', '(16, 10)', '(12, 14)', '(27, 9)', '(32, 4)', '(31, 3)', '(1, 16)']","['(21, 16)', '(34, 10)', '(27, 13)', '(17, 12)', '(30, 9)', '(32, 12)', '(26, 14)', '(15, 14)', '(21, 9)', '(34, 12)', '(17, 14)', '(19, 11)', '(11, 16)', '(32, 14)', '(29, 6)', '(26, 16)', '(15, 16)', '(18, 12)', '(34, 14)', '(22, 12)', '(30, 4)', '(28, 16)', '(30, 13)', '(17, 16)', '(33, 6)', '(32, 16)', '(24, 12)', '(13, 12)', '(25, 11)', '(26, 9)', '(31, 8)', '(34, 7)', '(34, 16)', '(12, 13)', '(14, 10)', '(30, 6)', '(5, 16)', '(33, 8)', '(13, 14)', '(26, 11)', '(18, 16)', '(7, 16)', '(31, 10)', '(20, 10)', '(22, 16)', '(14, 12)', '(9, 16)', '(33, 10)', '(24, 16)', '(13, 16)', '(25, 15)', '(16, 12)', '(31, 12)', '(34, 11)', '(20, 12)', '(22, 9)', '(14, 14)', '(33, 12)', '(24, 9)', '(16, 14)', '(31, 14)', '(14, 16)', '(3, 16)', '(32, 6)', '(33, 14)', '(24, 11)', '(16, 16)', '(29, 10)', '(34, 6)', '(31, 16)', '(20, 16)', '(23, 12)', '(12, 12)', '(27, 12)', '(30, 8)', '(33, 16)', '(20, 9)', '(14, 11)', '(27, 14)', '(17, 13)', '(30, 10)', '(10, 16)', '(25, 14)', '(20, 11)', '(23, 16)', '(12, 16)', '(30, 3)', '(27, 16)', '(30, 12)', '(19, 12)', '(25, 16)', '(31, 4)', '(29, 16)', '(21, 12)', '(23, 9)', '(34, 15)', '(30, 5)', '(30, 14)', '(25, 9)', '(32, 8)', '(2, 16)', '(15, 10)', '(31, 6)', '(6, 16)', '(12, 11)', '(34, 8)', '(4, 16)', '(27, 11)', '(30, 16)', '(19, 16)', '(8, 16)', '(32, 10)', '(15, 12)']",33,0,33
114,"(1, 16)","(2, 16)",West,"[('(1, 15)', 'South', 1), ('(2, 16)', 'East', 1)]","['(12, 10)', '(16, 10)', '(12, 14)', '(27, 9)', '(32, 4)', '(31, 3)', '(1, 16)']","['(1, 15)', '(12, 10)', '(16, 10)', '(12, 14)', '(27, 9)', '(32, 4)', '(31, 3)']","['(21, 16)', '(34, 10)', '(27, 13)', '(17, 12)', '(30, 9)', '(32, 12)', '(26, 14)', '(15, 14)', '(21, 9)', '(34, 12)', '(17, 14)', '(19, 11)', '(11, 16)', '(32, 14)', '(29, 6)', '(26, 16)', '(15, 16)', '(18, 12)', '(34, 14)', '(22, 12)', '(30, 4)', '(28, 16)', '(30, 13)', '(17, 16)', '(33, 6)', '(32, 16)', '(24, 12)', '(13, 12)', '(25, 11)', '(26, 9)', '(31, 8)', '(34, 7)', '(34, 16)', '(12, 13)', '(14, 10)', '(30, 6)', '(5, 16)', '(33, 8)', '(13, 14)', '(26, 11)', '(18, 16)', '(7, 16)', '(31, 10)', '(20, 10)', '(22, 16)', '(14, 12)', '(9, 16)', '(33, 10)', '(24, 16)', '(13, 16)', '(25, 15)', '(16, 12)', '(31, 12)', '(34, 11)', '(20, 12)', '(22, 9)', '(14, 14)', '(33, 12)', '(24, 9)', '(1, 16)', '(16, 14)', '(31, 14)', '(14, 16)', '(3, 16)', '(32, 6)', '(33, 14)', '(24, 11)', '(16, 16)', '(29, 10)', '(34, 6)', '(31, 16)', '(20, 16)', '(23, 12)', '(12, 12)', '(27, 12)', '(30, 8)', '(33, 16)', '(20, 9)', '(14, 11)', '(27, 14)', '(17, 13)', '(30, 10)', '(10, 16)', '(25, 14)', '(20, 11)', '(23, 16)', '(12, 16)', '(30, 3)', '(27, 16)', '(30, 12)', '(19, 12)', '(25, 16)', '(31, 4)', '(29, 16)', '(21, 12)', '(23, 9)', '(34, 15)', '(30, 5)', '(30, 14)', '(25, 9)', '(32, 8)', '(2, 16)', '(15, 10)', '(31, 6)', '(6, 16)', '(12, 11)', '(34, 8)', '(4, 16)', '(27, 11)', '(30, 16)', '(19, 16)', '(8, 16)', '(32, 10)', '(15, 12)']",33,0,33
115,"(31, 3)","(30, 3)",East,"[('(31, 4)', 'North', 1), ('(30, 3)', 'West', 1)]","['(1, 15)', '(12, 10)', '(16, 10)', '(12, 14)', '(27, 9)', '(32, 4)', '(31, 3)']","['(1, 15)', '(12, 10)', '(16, 10)', '(12, 14)', '(27, 9)', '(32, 4)']","['(21, 16)', '(34, 10)', '(27, 13)', '(17, 12)', '(30, 9)', '(32, 12)', '(26, 14)', '(15, 14)', '(21, 9)', '(34, 12)', '(17, 14)', '(19, 11)', '(11, 16)', '(32, 14)', '(29, 6)', '(26, 16)', '(15, 16)', '(18, 12)', '(34, 14)', '(22, 12)', '(30, 4)', '(28, 16)', '(30, 13)', '(17, 16)', '(33, 6)', '(32, 16)', '(24, 12)', '(13, 12)', '(25, 11)', '(26, 9)', '(31, 8)', '(34, 7)', '(34, 16)', '(12, 13)', '(14, 10)', '(30, 6)', '(5, 16)', '(33, 8)', '(13, 14)', '(26, 11)', '(18, 16)', '(7, 16)', '(31, 10)', '(20, 10)', '(22, 16)', '(14, 12)', '(9, 16)', '(33, 10)', '(24, 16)', '(13, 16)', '(25, 15)', '(16, 12)', '(31, 3)', '(31, 12)', '(34, 11)', '(20, 12)', '(22, 9)', '(14, 14)', '(33, 12)', '(24, 9)', '(1, 16)', '(16, 14)', '(31, 14)', '(14, 16)', '(3, 16)', '(32, 6)', '(33, 14)', '(24, 11)', '(16, 16)', '(29, 10)', '(34, 6)', '(31, 16)', '(20, 16)', '(23, 12)', '(12, 12)', '(27, 12)', '(30, 8)', '(33, 16)', '(20, 9)', '(14, 11)', '(27, 14)', '(17, 13)', '(30, 10)', '(10, 16)', '(25, 14)', '(20, 11)', '(23, 16)', '(12, 16)', '(30, 3)', '(27, 16)', '(30, 12)', '(19, 12)', '(25, 16)', '(31, 4)', '(29, 16)', '(21, 12)', '(23, 9)', '(34, 15)', '(30, 5)', '(30, 14)', '(25, 9)', '(32, 8)', '(2, 16)', '(15, 10)', '(31, 6)', '(6, 16)', '(12, 11)', '(34, 8)', '(4, 16)', '(27, 11)', '(30, 16)', '(19, 16)', '(8, 16)', '(32, 10)', '(15, 12)']",34,0,34
116,"(32, 4)","(31, 4)",East,"[('(33, 4)', 'East', 1), ('(31, 4)', 'West', 1)]","['(1, 15)', '(12, 10)', '(16, 10)', '(12, 14)', '(27, 9)', '(32, 4)']","['(33, 4)', '(1, 15)', '(12, 10)', '(16, 10)', '(12, 14)', '(27, 9)']","['(21, 16)', '(34, 10)', '(27, 13)', '(17, 12)', '(30, 9)', '(32, 12)', '(26, 14)', '(15, 14)', '(21, 9)', '(34, 12)', '(17, 14)', '(19, 11)', '(11, 16)', '(32, 14)', '(29, 6)', '(26, 16)', '(15, 16)', '(18, 12)', '(34, 14)', '(22, 12)', '(30, 4)', '(28, 16)', '(30, 13)', '(17, 16)', '(33, 6)', '(32, 16)', '(24, 12)', '(13, 12)', '(25, 11)', '(26, 9)', '(31, 8)', '(34, 7)', '(34, 16)', '(12, 13)', '(14, 10)', '(30, 6)', '(5, 16)', '(33, 8)', '(13, 14)', '(26, 11)', '(18, 16)', '(7, 16)', '(31, 10)', '(20, 10)', '(22, 16)', '(14, 12)', '(9, 16)', '(33, 10)', '(24, 16)', '(13, 16)', '(25, 15)', '(16, 12)', '(31, 3)', '(31, 12)', '(34, 11)', '(20, 12)', '(22, 9)', '(14, 14)', '(32, 4)', '(33, 12)', '(24, 9)', '(1, 16)', '(16, 14)', '(31, 14)', '(14, 16)', '(3, 16)', '(32, 6)', '(33, 14)', '(24, 11)', '(16, 16)', '(29, 10)', '(34, 6)', '(31, 16)', '(20, 16)', '(23, 12)', '(12, 12)', '(27, 12)', '(30, 8)', '(33, 16)', '(20, 9)', '(14, 11)', '(27, 14)', '(17, 13)', '(30, 10)', '(10, 16)', '(25, 14)', '(20, 11)', '(23, 16)', '(12, 16)', '(30, 3)', '(27, 16)', '(30, 12)', '(19, 12)', '(25, 16)', '(31, 4)', '(29, 16)', '(21, 12)', '(23, 9)', '(34, 15)', '(30, 5)', '(30, 14)', '(25, 9)', '(32, 8)', '(2, 16)', '(15, 10)', '(31, 6)', '(6, 16)', '(12, 11)', '(34, 8)', '(4, 16)', '(27, 11)', '(30, 16)', '(19, 16)', '(8, 16)', '(32, 10)', '(15, 12)']",34,0,34
117,"(27, 9)","(26, 9)",East,"[('(27, 8)', 'South', 1), ('(26, 9)', 'West', 1)]","['(33, 4)', '(1, 15)', '(12, 10)', '(16, 10)', '(12, 14)', '(27, 9)']","['(27, 8)', '(33, 4)', '(1, 15)', '(12, 10)', '(16, 10)', '(12, 14)']","['(21, 16)', '(34, 10)', '(27, 13)', '(17, 12)', '(30, 9)', '(32, 12)', '(26, 14)', '(15, 14)', '(21, 9)', '(34, 12)', '(17, 14)', '(19, 11)', '(11, 16)', '(32, 14)', '(29, 6)', '(26, 16)', '(15, 16)', '(18, 12)', '(34, 14)', '(22, 12)', '(30, 4)', '(28, 16)', '(30, 13)', '(17, 16)', '(33, 6)', '(32, 16)', '(24, 12)', '(13, 12)', '(25, 11)', '(26, 9)', '(31, 8)', '(34, 7)', '(34, 16)', '(12, 13)', '(14, 10)', '(30, 6)', '(5, 16)', '(33, 8)', '(13, 14)', '(26, 11)', '(18, 16)', '(7, 16)', '(31, 10)', '(20, 10)', '(22, 16)', '(14, 12)', '(9, 16)', '(33, 10)', '(24, 16)', '(13, 16)', '(25, 15)', '(16, 12)', '(31, 3)', '(31, 12)', '(34, 11)', '(20, 12)', '(22, 9)', '(14, 14)', '(32, 4)', '(33, 12)', '(24, 9)', '(1, 16)', '(16, 14)', '(31, 14)', '(14, 16)', '(3, 16)', '(32, 6)', '(33, 14)', '(24, 11)', '(16, 16)', '(29, 10)', '(34, 6)', '(31, 16)', '(20, 16)', '(23, 12)', '(12, 12)', '(27, 12)', '(30, 8)', '(33, 16)', '(20, 9)', '(14, 11)', '(27, 14)', '(17, 13)', '(30, 10)', '(10, 16)', '(25, 14)', '(20, 11)', '(23, 16)', '(12, 16)', '(30, 3)', '(27, 16)', '(30, 12)', '(19, 12)', '(25, 16)', '(31, 4)', '(29, 16)', '(21, 12)', '(23, 9)', '(34, 15)', '(27, 9)', '(30, 5)', '(30, 14)', '(25, 9)', '(32, 8)', '(2, 16)', '(15, 10)', '(31, 6)', '(6, 16)', '(12, 11)', '(34, 8)', '(4, 16)', '(27, 11)', '(30, 16)', '(19, 16)', '(8, 16)', '(32, 10)', '(15, 12)']",34,0,34
118,"(12, 14)","(13, 14)",West,"[('(12, 13)', 'South', 1), ('(13, 14)', 'East', 1)]","['(27, 8)', '(33, 4)', '(1, 15)', '(12, 10)', '(16, 10)', '(12, 14)']","['(27, 8)', '(33, 4)', '(1, 15)', '(12, 10)', '(16, 10)']","['(21, 16)', '(34, 10)', '(27, 13)', '(17, 12)', '(30, 9)', '(32, 12)', '(26, 14)', '(15, 14)', '(21, 9)', '(34, 12)', '(17, 14)', '(19, 11)', '(11, 16)', '(32, 14)', '(29, 6)', '(26, 16)', '(15, 16)', '(18, 12)', '(34, 14)', '(22, 12)', '(30, 4)', '(28, 16)', '(30, 13)', '(17, 16)', '(33, 6)', '(32, 16)', '(24, 12)', '(13, 12)', '(25, 11)', '(26, 9)', '(31, 8)', '(34, 7)', '(34, 16)', '(12, 13)', '(14, 10)', '(30, 6)', '(5, 16)', '(33, 8)', '(13, 14)', '(26, 11)', '(18, 16)', '(7, 16)', '(31, 10)', '(20, 10)', '(22, 16)', '(14, 12)', '(9, 16)', '(33, 10)', '(24, 16)', '(13, 16)', '(25, 15)', '(16, 12)', '(31, 3)', '(31, 12)', '(34, 11)', '(20, 12)', '(22, 9)', '(14, 14)', '(32, 4)', '(33, 12)', '(24, 9)', '(1, 16)', '(16, 14)', '(31, 14)', '(14, 16)', '(3, 16)', '(32, 6)', '(33, 14)', '(24, 11)', '(16, 16)', '(29, 10)', '(34, 6)', '(31, 16)', '(20, 16)', '(23, 12)', '(12, 12)', '(27, 12)', '(30, 8)', '(33, 16)', '(20, 9)', '(12, 14)', '(14, 11)', '(27, 14)', '(17, 13)', '(30, 10)', '(10, 16)', '(25, 14)', '(20, 11)', '(23, 16)', '(12, 16)', '(30, 3)', '(27, 16)', '(30, 12)', '(19, 12)', '(25, 16)', '(31, 4)', '(29, 16)', '(21, 12)', '(23, 9)', '(34, 15)', '(27, 9)', '(30, 5)', '(30, 14)', '(25, 9)', '(32, 8)', '(2, 16)', '(15, 10)', '(31, 6)', '(6, 16)', '(12, 11)', '(34, 8)', '(4, 16)', '(27, 11)', '(30, 16)', '(19, 16)', '(8, 16)', '(32, 10)', '(15, 12)']",34,0,34
119,"(16, 10)","(15, 10)",East,"[('(17, 10)', 'East', 1), ('(15, 10)', 'West', 1)]","['(27, 8)', '(33, 4)', '(1, 15)', '(12, 10)', '(16, 10)']","['(17, 10)', '(27, 8)', '(33, 4)', '(1, 15)', '(12, 10)']","['(21, 16)', '(34, 10)', '(27, 13)', '(17, 12)', '(30, 9)', '(32, 12)', '(26, 14)', '(15, 14)', '(21, 9)', '(34, 12)', '(17, 14)', '(19, 11)', '(11, 16)', '(32, 14)', '(29, 6)', '(26, 16)', '(15, 16)', '(18, 12)', '(34, 14)', '(22, 12)', '(30, 4)', '(28, 16)', '(30, 13)', '(17, 16)', '(33, 6)', '(32, 16)', '(24, 12)', '(13, 12)', '(25, 11)', '(26, 9)', '(31, 8)', '(34, 7)', '(34, 16)', '(12, 13)', '(14, 10)', '(30, 6)', '(5, 16)', '(33, 8)', '(13, 14)', '(26, 11)', '(16, 10)', '(18, 16)', '(7, 16)', '(31, 10)', '(20, 10)', '(22, 16)', '(14, 12)', '(9, 16)', '(33, 10)', '(24, 16)', '(13, 16)', '(25, 15)', '(16, 12)', '(31, 3)', '(31, 12)', '(34, 11)', '(20, 12)', '(22, 9)', '(14, 14)', '(32, 4)', '(33, 12)', '(24, 9)', '(1, 16)', '(16, 14)', '(31, 14)', '(14, 16)', '(3, 16)', '(32, 6)', '(33, 14)', '(24, 11)', '(16, 16)', '(29, 10)', '(34, 6)', '(31, 16)', '(20, 16)', '(23, 12)', '(12, 12)', '(27, 12)', '(30, 8)', '(33, 16)', '(20, 9)', '(12, 14)', '(14, 11)', '(27, 14)', '(17, 13)', '(30, 10)', '(10, 16)', '(25, 14)', '(20, 11)', '(23, 16)', '(12, 16)', '(30, 3)', '(27, 16)', '(30, 12)', '(19, 12)', '(25, 16)', '(31, 4)', '(29, 16)', '(21, 12)', '(23, 9)', '(34, 15)', '(27, 9)', '(30, 5)', '(30, 14)', '(25, 9)', '(32, 8)', '(2, 16)', '(15, 10)', '(31, 6)', '(6, 16)', '(12, 11)', '(34, 8)', '(4, 16)', '(27, 11)', '(30, 16)', '(19, 16)', '(8, 16)', '(32, 10)', '(15, 12)']",34,0,34
120,"(12, 10)","(12, 11)",South,"[('(12, 11)', 'North', 1), ('(11, 10)', 'West', 1)]","['(17, 10)', '(27, 8)', '(33, 4)', '(1, 15)', '(12, 10)']","['(11, 10)', '(17, 10)', '(27, 8)', '(33, 4)', '(1, 15)']","['(21, 16)', '(34, 10)', '(27, 13)', '(17, 12)', '(30, 9)', '(32, 12)', '(26, 14)', '(15, 14)', '(21, 9)', '(34, 12)', '(17, 14)', '(19, 11)', '(11, 16)', '(32, 14)', '(29, 6)', '(26, 16)', '(15, 16)', '(18, 12)', '(34, 14)', '(22, 12)', '(30, 4)', '(28, 16)', '(30, 13)', '(17, 16)', '(33, 6)', '(32, 16)', '(24, 12)', '(13, 12)', '(25, 11)', '(26, 9)', '(31, 8)', '(34, 7)', '(34, 16)', '(12, 13)', '(14, 10)', '(30, 6)', '(5, 16)', '(33, 8)', '(13, 14)', '(26, 11)', '(16, 10)', '(18, 16)', '(7, 16)', '(31, 10)', '(20, 10)', '(22, 16)', '(14, 12)', '(9, 16)', '(33, 10)', '(24, 16)', '(13, 16)', '(25, 15)', '(16, 12)', '(31, 3)', '(31, 12)', '(34, 11)', '(20, 12)', '(22, 9)', '(14, 14)', '(32, 4)', '(33, 12)', '(24, 9)', '(1, 16)', '(16, 14)', '(31, 14)', '(12, 10)', '(14, 16)', '(3, 16)', '(32, 6)', '(33, 14)', '(24, 11)', '(16, 16)', '(29, 10)', '(34, 6)', '(31, 16)', '(20, 16)', '(23, 12)', '(12, 12)', '(27, 12)', '(30, 8)', '(33, 16)', '(20, 9)', '(12, 14)', '(14, 11)', '(27, 14)', '(17, 13)', '(30, 10)', '(10, 16)', '(25, 14)', '(20, 11)', '(23, 16)', '(12, 16)', '(30, 3)', '(27, 16)', '(30, 12)', '(19, 12)', '(25, 16)', '(31, 4)', '(29, 16)', '(21, 12)', '(23, 9)', '(34, 15)', '(27, 9)', '(30, 5)', '(30, 14)', '(25, 9)', '(32, 8)', '(2, 16)', '(15, 10)', '(31, 6)', '(6, 16)', '(12, 11)', '(34, 8)', '(4, 16)', '(27, 11)', '(30, 16)', '(19, 16)', '(8, 16)', '(32, 10)', '(15, 12)']",34,0,34
121,"(1, 15)","(1, 16)",South,"[('(1, 16)', 'North', 1), ('(1, 14)', 'South', 1)]","['(11, 10)', '(17, 10)', '(27, 8)', '(33, 4)', '(1, 15)']","['(1, 14)', '(11, 10)', '(17, 10)', '(27, 8)', '(33, 4)']","['(21, 16)', '(34, 10)', '(27, 13)', '(17, 12)', '(30, 9)', '(32, 12)', '(1, 15)', '(26, 14)', '(15, 14)', '(21, 9)', '(34, 12)', '(17, 14)', '(19, 11)', '(11, 16)', '(32, 14)', '(29, 6)', '(26, 16)', '(15, 16)', '(18, 12)', '(34, 14)', '(22, 12)', '(30, 4)', '(28, 16)', '(30, 13)', '(17, 16)', '(33, 6)', '(32, 16)', '(24, 12)', '(13, 12)', '(25, 11)', '(26, 9)', '(31, 8)', '(34, 7)', '(34, 16)', '(12, 13)', '(14, 10)', '(30, 6)', '(5, 16)', '(33, 8)', '(13, 14)', '(26, 11)', '(16, 10)', '(18, 16)', '(7, 16)', '(31, 10)', '(20, 10)', '(22, 16)', '(14, 12)', '(9, 16)', '(33, 10)', '(24, 16)', '(13, 16)', '(25, 15)', '(16, 12)', '(31, 3)', '(31, 12)', '(34, 11)', '(20, 12)', '(22, 9)', '(14, 14)', '(32, 4)', '(33, 12)', '(24, 9)', '(1, 16)', '(16, 14)', '(31, 14)', '(12, 10)', '(14, 16)', '(3, 16)', '(32, 6)', '(33, 14)', '(24, 11)', '(16, 16)', '(29, 10)', '(34, 6)', '(31, 16)', '(20, 16)', '(23, 12)', '(12, 12)', '(27, 12)', '(30, 8)', '(33, 16)', '(20, 9)', '(12, 14)', '(14, 11)', '(27, 14)', '(17, 13)', '(30, 10)', '(10, 16)', '(25, 14)', '(20, 11)', '(23, 16)', '(12, 16)', '(30, 3)', '(27, 16)', '(30, 12)', '(19, 12)', '(25, 16)', '(31, 4)', '(29, 16)', '(21, 12)', '(23, 9)', '(34, 15)', '(27, 9)', '(30, 5)', '(30, 14)', '(25, 9)', '(32, 8)', '(2, 16)', '(15, 10)', '(31, 6)', '(6, 16)', '(12, 11)', '(34, 8)', '(4, 16)', '(27, 11)', '(30, 16)', '(19, 16)', '(8, 16)', '(32, 10)', '(15, 12)']",34,0,34
122,"(33, 4)","(32, 4)",East,"[('(34, 4)', 'East', 1), ('(32, 4)', 'West', 1)]","['(1, 14)', '(11, 10)', '(17, 10)', '(27, 8)', '(33, 4)']","['(34, 4)', '(1, 14)', '(11, 10)', '(17, 10)', '(27, 8)']","['(21, 16)', '(34, 10)', '(27, 13)', '(17, 12)', '(30, 9)', '(32, 12)', '(1, 15)', '(26, 14)', '(15, 14)', '(21, 9)', '(34, 12)', '(17, 14)', '(19, 11)', '(11, 16)', '(32, 14)', '(29, 6)', '(26, 16)', '(15, 16)', '(18, 12)', '(34, 14)', '(22, 12)', '(30, 4)', '(28, 16)', '(30, 13)', '(17, 16)', '(33, 6)', '(32, 16)', '(24, 12)', '(13, 12)', '(25, 11)', '(26, 9)', '(31, 8)', '(34, 7)', '(34, 16)', '(12, 13)', '(14, 10)', '(30, 6)', '(5, 16)', '(33, 8)', '(13, 14)', '(26, 11)', '(16, 10)', '(18, 16)', '(7, 16)', '(31, 10)', '(20, 10)', '(22, 16)', '(14, 12)', '(9, 16)', '(33, 10)', '(24, 16)', '(13, 16)', '(25, 15)', '(16, 12)', '(31, 3)', '(31, 12)', '(34, 11)', '(20, 12)', '(22, 9)', '(14, 14)', '(32, 4)', '(33, 12)', '(24, 9)', '(1, 16)', '(16, 14)', '(31, 14)', '(12, 10)', '(14, 16)', '(3, 16)', '(32, 6)', '(33, 14)', '(24, 11)', '(16, 16)', '(29, 10)', '(34, 6)', '(31, 16)', '(20, 16)', '(23, 12)', '(12, 12)', '(27, 12)', '(30, 8)', '(33, 16)', '(20, 9)', '(12, 14)', '(14, 11)', '(27, 14)', '(17, 13)', '(30, 10)', '(10, 16)', '(25, 14)', '(20, 11)', '(23, 16)', '(12, 16)', '(30, 3)', '(27, 16)', '(30, 12)', '(19, 12)', '(25, 16)', '(31, 4)', '(29, 16)', '(21, 12)', '(23, 9)', '(34, 15)', '(27, 9)', '(30, 5)', '(33, 4)', '(30, 14)', '(25, 9)', '(32, 8)', '(2, 16)', '(15, 10)', '(31, 6)', '(6, 16)', '(12, 11)', '(34, 8)', '(4, 16)', '(27, 11)', '(30, 16)', '(19, 16)', '(8, 16)', '(32, 10)', '(15, 12)']",35,0,35
123,"(27, 8)","(27, 9)",South,"[('(27, 9)', 'North', 1), ('(27, 7)', 'South', 1)]","['(34, 4)', '(1, 14)', '(11, 10)', '(17, 10)', '(27, 8)']","['(27, 7)', '(34, 4)', '(1, 14)', '(11, 10)', '(17, 10)']","['(21, 16)', '(34, 10)', '(27, 13)', '(17, 12)', '(30, 9)', '(32, 12)', '(1, 15)', '(26, 14)', '(15, 14)', '(21, 9)', '(34, 12)', '(17, 14)', '(19, 11)', '(11, 16)', '(32, 14)', '(29, 6)', '(26, 16)', '(15, 16)', '(18, 12)', '(34, 14)', '(22, 12)', '(27, 8)', '(30, 4)', '(28, 16)', '(30, 13)', '(17, 16)', '(33, 6)', '(32, 16)', '(24, 12)', '(13, 12)', '(25, 11)', '(26, 9)', '(31, 8)', '(34, 7)', '(34, 16)', '(12, 13)', '(14, 10)', '(30, 6)', '(5, 16)', '(33, 8)', '(13, 14)', '(26, 11)', '(16, 10)', '(18, 16)', '(7, 16)', '(31, 10)', '(20, 10)', '(22, 16)', '(14, 12)', '(9, 16)', '(33, 10)', '(24, 16)', '(13, 16)', '(25, 15)', '(16, 12)', '(31, 3)', '(31, 12)', '(34, 11)', '(20, 12)', '(22, 9)', '(14, 14)', '(32, 4)', '(33, 12)', '(24, 9)', '(1, 16)', '(16, 14)', '(31, 14)', '(12, 10)', '(14, 16)', '(3, 16)', '(32, 6)', '(33, 14)', '(24, 11)', '(16, 16)', '(29, 10)', '(34, 6)', '(31, 16)', '(20, 16)', '(23, 12)', '(12, 12)', '(27, 12)', '(30, 8)', '(33, 16)', '(20, 9)', '(12, 14)', '(14, 11)', '(27, 14)', '(17, 13)', '(30, 10)', '(10, 16)', '(25, 14)', '(20, 11)', '(23, 16)', '(12, 16)', '(30, 3)', '(27, 16)', '(30, 12)', '(19, 12)', '(25, 16)', '(31, 4)', '(29, 16)', '(21, 12)', '(23, 9)', '(34, 15)', '(27, 9)', '(30, 5)', '(33, 4)', '(30, 14)', '(25, 9)', '(32, 8)', '(2, 16)', '(15, 10)', '(31, 6)', '(6, 16)', '(12, 11)', '(34, 8)', '(4, 16)', '(27, 11)', '(30, 16)', '(19, 16)', '(8, 16)', '(32, 10)', '(15, 12)']",35,0,35
124,"(17, 10)","(16, 10)",East,"[('(17, 9)', 'South', 1), ('(16, 10)', 'West', 1)]","['(27, 7)', '(34, 4)', '(1, 14)', '(11, 10)', '(17, 10)']","['(17, 9)', '(27, 7)', '(34, 4)', '(1, 14)', '(11, 10)']","['(21, 16)', '(34, 10)', '(27, 13)', '(17, 12)', '(30, 9)', '(32, 12)', '(1, 15)', '(26, 14)', '(15, 14)', '(21, 9)', '(34, 12)', '(17, 14)', '(19, 11)', '(11, 16)', '(32, 14)', '(29, 6)', '(26, 16)', '(15, 16)', '(18, 12)', '(34, 14)', '(22, 12)', '(27, 8)', '(30, 4)', '(28, 16)', '(30, 13)', '(17, 16)', '(33, 6)', '(32, 16)', '(24, 12)', '(13, 12)', '(25, 11)', '(26, 9)', '(31, 8)', '(34, 7)', '(34, 16)', '(12, 13)', '(14, 10)', '(30, 6)', '(5, 16)', '(33, 8)', '(13, 14)', '(26, 11)', '(16, 10)', '(18, 16)', '(7, 16)', '(31, 10)', '(20, 10)', '(22, 16)', '(14, 12)', '(9, 16)', '(33, 10)', '(24, 16)', '(13, 16)', '(25, 15)', '(16, 12)', '(31, 3)', '(31, 12)', '(34, 11)', '(20, 12)', '(22, 9)', '(14, 14)', '(32, 4)', '(33, 12)', '(24, 9)', '(1, 16)', '(16, 14)', '(31, 14)', '(12, 10)', '(14, 16)', '(3, 16)', '(32, 6)', '(33, 14)', '(24, 11)', '(16, 16)', '(29, 10)', '(34, 6)', '(31, 16)', '(20, 16)', '(23, 12)', '(12, 12)', '(27, 12)', '(30, 8)', '(33, 16)', '(20, 9)', '(12, 14)', '(14, 11)', '(27, 14)', '(17, 13)', '(30, 10)', '(10, 16)', '(25, 14)', '(20, 11)', '(23, 16)', '(12, 16)', '(30, 3)', '(27, 16)', '(30, 12)', '(19, 12)', '(25, 16)', '(31, 4)', '(29, 16)', '(21, 12)', '(23, 9)', '(34, 15)', '(27, 9)', '(30, 5)', '(33, 4)', '(30, 14)', '(25, 9)', '(32, 8)', '(2, 16)', '(15, 10)', '(31, 6)', '(6, 16)', '(12, 11)', '(34, 8)', '(4, 16)', '(27, 11)', '(17, 10)', '(30, 16)', '(19, 16)', '(8, 16)', '(32, 10)', '(15, 12)']",35,0,35
125,"(11, 10)","(12, 10)",West,"[('(12, 10)', 'East', 1), ('(10, 10)', 'West', 1)]","['(17, 9)', '(27, 7)', '(34, 4)', '(1, 14)', '(11, 10)']","['(10, 10)', '(17, 9)', '(27, 7)', '(34, 4)', '(1, 14)']","['(21, 16)', '(34, 10)', '(27, 13)', '(17, 12)', '(30, 9)', '(32, 12)', '(1, 15)', '(26, 14)', '(15, 14)', '(21, 9)', '(34, 12)', '(17, 14)', '(19, 11)', '(11, 16)', '(32, 14)', '(29, 6)', '(26, 16)', '(15, 16)', '(18, 12)', '(34, 14)', '(22, 12)', '(27, 8)', '(30, 4)', '(28, 16)', '(30, 13)', '(17, 16)', '(33, 6)', '(32, 16)', '(24, 12)', '(13, 12)', '(25, 11)', '(26, 9)', '(31, 8)', '(34, 7)', '(34, 16)', '(12, 13)', '(14, 10)', '(30, 6)', '(5, 16)', '(33, 8)', '(13, 14)', '(26, 11)', '(16, 10)', '(18, 16)', '(7, 16)', '(31, 10)', '(20, 10)', '(22, 16)', '(14, 12)', '(9, 16)', '(33, 10)', '(24, 16)', '(13, 16)', '(25, 15)', '(16, 12)', '(31, 3)', '(31, 12)', '(34, 11)', '(20, 12)', '(22, 9)', '(14, 14)', '(32, 4)', '(33, 12)', '(24, 9)', '(1, 16)', '(16, 14)', '(31, 14)', '(12, 10)', '(14, 16)', '(3, 16)', '(32, 6)', '(33, 14)', '(24, 11)', '(16, 16)', '(29, 10)', '(34, 6)', '(31, 16)', '(20, 16)', '(23, 12)', '(12, 12)', '(27, 12)', '(30, 8)', '(33, 16)', '(20, 9)', '(12, 14)', '(14, 11)', '(27, 14)', '(17, 13)', '(30, 10)', '(10, 16)', '(25, 14)', '(20, 11)', '(23, 16)', '(12, 16)', '(30, 3)', '(27, 16)', '(30, 12)', '(19, 12)', '(25, 16)', '(31, 4)', '(29, 16)', '(21, 12)', '(23, 9)', '(34, 15)', '(27, 9)', '(30, 5)', '(33, 4)', '(30, 14)', '(11, 10)', '(25, 9)', '(32, 8)', '(2, 16)', '(15, 10)', '(31, 6)', '(6, 16)', '(12, 11)', '(34, 8)', '(4, 16)', '(27, 11)', '(17, 10)', '(30, 16)', '(19, 16)', '(8, 16)', '(32, 10)', '(15, 12)']",35,0,35
126,"(1, 14)","(1, 15)",South,"[('(1, 15)', 'North', 1), ('(1, 13)', 'South', 1)]","['(10, 10)', '(17, 9)', '(27, 7)', '(34, 4)', '(1, 14)']","['(1, 13)', '(10, 10)', '(17, 9)', '(27, 7)', '(34, 4)']","['(21, 16)', '(34, 10)', '(27, 13)', '(17, 12)', '(30, 9)', '(32, 12)', '(1, 15)', '(26, 14)', '(15, 14)', '(21, 9)', '(34, 12)', '(17, 14)', '(19, 11)', '(11, 16)', '(32, 14)', '(29, 6)', '(26, 16)', '(15, 16)', '(18, 12)', '(34, 14)', '(22, 12)', '(27, 8)', '(30, 4)', '(28, 16)', '(30, 13)', '(17, 16)', '(33, 6)', '(32, 16)', '(24, 12)', '(13, 12)', '(25, 11)', '(26, 9)', '(31, 8)', '(34, 7)', '(34, 16)', '(12, 13)', '(14, 10)', '(30, 6)', '(5, 16)', '(33, 8)', '(13, 14)', '(26, 11)', '(16, 10)', '(18, 16)', '(7, 16)', '(31, 10)', '(20, 10)', '(22, 16)', '(14, 12)', '(9, 16)', '(33, 10)', '(24, 16)', '(13, 16)', '(25, 15)', '(16, 12)', '(1, 14)', '(31, 3)', '(31, 12)', '(34, 11)', '(20, 12)', '(22, 9)', '(14, 14)', '(32, 4)', '(33, 12)', '(24, 9)', '(1, 16)', '(16, 14)', '(31, 14)', '(12, 10)', '(14, 16)', '(3, 16)', '(32, 6)', '(33, 14)', '(24, 11)', '(16, 16)', '(29, 10)', '(34, 6)', '(31, 16)', '(20, 16)', '(23, 12)', '(12, 12)', '(27, 12)', '(30, 8)', '(33, 16)', '(20, 9)', '(12, 14)', '(14, 11)', '(27, 14)', '(17, 13)', '(30, 10)', '(10, 16)', '(25, 14)', '(20, 11)', '(23, 16)', '(12, 16)', '(30, 3)', '(27, 16)', '(30, 12)', '(19, 12)', '(25, 16)', '(31, 4)', '(29, 16)', '(21, 12)', '(23, 9)', '(34, 15)', '(27, 9)', '(30, 5)', '(33, 4)', '(30, 14)', '(11, 10)', '(25, 9)', '(32, 8)', '(2, 16)', '(15, 10)', '(31, 6)', '(6, 16)', '(12, 11)', '(34, 8)', '(4, 16)', '(27, 11)', '(17, 10)', '(30, 16)', '(19, 16)', '(8, 16)', '(32, 10)', '(15, 12)']",35,0,35
127,"(34, 4)","(33, 4)",East,"[('(34, 3)', 'South', 1), ('(33, 4)', 'West', 1)]","['(1, 13)', '(10, 10)', '(17, 9)', '(27, 7)', '(34, 4)']","['(34, 3)', '(1, 13)', '(10, 10)', '(17, 9)', '(27, 7)']","['(21, 16)', '(34, 10)', '(27, 13)', '(17, 12)', '(30, 9)', '(32, 12)', '(1, 15)', '(26, 14)', '(15, 14)', '(21, 9)', '(34, 12)', '(17, 14)', '(19, 11)', '(11, 16)', '(32, 14)', '(29, 6)', '(26, 16)', '(15, 16)', '(18, 12)', '(34, 14)', '(22, 12)', '(27, 8)', '(30, 4)', '(28, 16)', '(30, 13)', '(17, 16)', '(33, 6)', '(32, 16)', '(24, 12)', '(13, 12)', '(25, 11)', '(26, 9)', '(31, 8)', '(34, 7)', '(34, 16)', '(12, 13)', '(14, 10)', '(30, 6)', '(5, 16)', '(33, 8)', '(13, 14)', '(26, 11)', '(16, 10)', '(18, 16)', '(7, 16)', '(31, 10)', '(20, 10)', '(22, 16)', '(14, 12)', '(9, 16)', '(33, 10)', '(24, 16)', '(13, 16)', '(25, 15)', '(16, 12)', '(1, 14)', '(31, 3)', '(31, 12)', '(34, 11)', '(20, 12)', '(22, 9)', '(14, 14)', '(32, 4)', '(33, 12)', '(24, 9)', '(1, 16)', '(16, 14)', '(34, 4)', '(31, 14)', '(12, 10)', '(14, 16)', '(3, 16)', '(32, 6)', '(33, 14)', '(24, 11)', '(16, 16)', '(29, 10)', '(34, 6)', '(31, 16)', '(20, 16)', '(23, 12)', '(12, 12)', '(27, 12)', '(30, 8)', '(33, 16)', '(20, 9)', '(12, 14)', '(14, 11)', '(27, 14)', '(17, 13)', '(30, 10)', '(10, 16)', '(25, 14)', '(20, 11)', '(23, 16)', '(12, 16)', '(30, 3)', '(27, 16)', '(30, 12)', '(19, 12)', '(25, 16)', '(31, 4)', '(29, 16)', '(21, 12)', '(23, 9)', '(34, 15)', '(27, 9)', '(30, 5)', '(33, 4)', '(30, 14)', '(11, 10)', '(25, 9)', '(32, 8)', '(2, 16)', '(15, 10)', '(31, 6)', '(6, 16)', '(12, 11)', '(34, 8)', '(4, 16)', '(27, 11)', '(17, 10)', '(30, 16)', '(19, 16)', '(8, 16)', '(32, 10)', '(15, 12)']",36,0,36
128,"(27, 7)","(27, 8)",South,"[('(27, 8)', 'North', 1), ('(27, 6)', 'South', 1)]","['(34, 3)', '(1, 13)', '(10, 10)', '(17, 9)', '(27, 7)']","['(27, 6)', '(34, 3)', '(1, 13)', '(10, 10)', '(17, 9)']","['(21, 16)', '(34, 10)', '(27, 13)', '(17, 12)', '(30, 9)', '(32, 12)', '(1, 15)', '(26, 14)', '(15, 14)', '(21, 9)', '(34, 12)', '(17, 14)', '(19, 11)', '(11, 16)', '(32, 14)', '(29, 6)', '(26, 16)', '(15, 16)', '(18, 12)', '(34, 14)', '(22, 12)', '(27, 8)', '(30, 4)', '(28, 16)', '(30, 13)', '(17, 16)', '(33, 6)', '(32, 16)', '(24, 12)', '(13, 12)', '(25, 11)', '(26, 9)', '(31, 8)', '(34, 7)', '(34, 16)', '(12, 13)', '(14, 10)', '(30, 6)', '(5, 16)', '(33, 8)', '(13, 14)', '(26, 11)', '(16, 10)', '(18, 16)', '(7, 16)', '(31, 10)', '(20, 10)', '(22, 16)', '(14, 12)', '(9, 16)', '(33, 10)', '(24, 16)', '(13, 16)', '(25, 15)', '(16, 12)', '(1, 14)', '(31, 3)', '(31, 12)', '(34, 11)', '(20, 12)', '(22, 9)', '(14, 14)', '(32, 4)', '(33, 12)', '(24, 9)', '(1, 16)', '(16, 14)', '(34, 4)', '(31, 14)', '(12, 10)', '(14, 16)', '(3, 16)', '(32, 6)', '(33, 14)', '(24, 11)', '(16, 16)', '(29, 10)', '(34, 6)', '(31, 16)', '(20, 16)', '(23, 12)', '(12, 12)', '(27, 12)', '(30, 8)', '(33, 16)', '(20, 9)', '(12, 14)', '(14, 11)', '(27, 14)', '(17, 13)', '(30, 10)', '(10, 16)', '(25, 14)', '(20, 11)', '(23, 16)', '(12, 16)', '(27, 7)', '(30, 3)', '(27, 16)', '(30, 12)', '(19, 12)', '(25, 16)', '(31, 4)', '(29, 16)', '(21, 12)', '(23, 9)', '(34, 15)', '(27, 9)', '(30, 5)', '(33, 4)', '(30, 14)', '(11, 10)', '(25, 9)', '(32, 8)', '(2, 16)', '(15, 10)', '(31, 6)', '(6, 16)', '(12, 11)', '(34, 8)', '(4, 16)', '(27, 11)', '(17, 10)', '(30, 16)', '(19, 16)', '(8, 16)', '(32, 10)', '(15, 12)']",36,0,36
129,"(17, 9)","(17, 10)",South,"[('(17, 10)', 'North', 1), ('(17, 8)', 'South', 1)]","['(27, 6)', '(34, 3)', '(1, 13)', '(10, 10)', '(17, 9)']","['(17, 8)', '(27, 6)', '(34, 3)', '(1, 13)', '(10, 10)']","['(21, 16)', '(34, 10)', '(27, 13)', '(17, 12)', '(30, 9)', '(32, 12)', '(1, 15)', '(26, 14)', '(15, 14)', '(21, 9)', '(34, 12)', '(17, 14)', '(19, 11)', '(11, 16)', '(32, 14)', '(29, 6)', '(26, 16)', '(15, 16)', '(18, 12)', '(34, 14)', '(22, 12)', '(27, 8)', '(30, 4)', '(28, 16)', '(30, 13)', '(17, 16)', '(33, 6)', '(32, 16)', '(24, 12)', '(13, 12)', '(25, 11)', '(26, 9)', '(31, 8)', '(34, 7)', '(34, 16)', '(12, 13)', '(14, 10)', '(17, 9)', '(30, 6)', '(5, 16)', '(33, 8)', '(13, 14)', '(26, 11)', '(16, 10)', '(18, 16)', '(7, 16)', '(31, 10)', '(20, 10)', '(22, 16)', '(14, 12)', '(9, 16)', '(33, 10)', '(24, 16)', '(13, 16)', '(25, 15)', '(16, 12)', '(1, 14)', '(31, 3)', '(31, 12)', '(34, 11)', '(20, 12)', '(22, 9)', '(14, 14)', '(32, 4)', '(33, 12)', '(24, 9)', '(1, 16)', '(16, 14)', '(34, 4)', '(31, 14)', '(12, 10)', '(14, 16)', '(3, 16)', '(32, 6)', '(33, 14)', '(24, 11)', '(16, 16)', '(29, 10)', '(34, 6)', '(31, 16)', '(20, 16)', '(23, 12)', '(12, 12)', '(27, 12)', '(30, 8)', '(33, 16)', '(20, 9)', '(12, 14)', '(14, 11)', '(27, 14)', '(17, 13)', '(30, 10)', '(10, 16)', '(25, 14)', '(20, 11)', '(23, 16)', '(12, 16)', '(27, 7)', '(30, 3)', '(27, 16)', '(30, 12)', '(19, 12)', '(25, 16)', '(31, 4)', '(29, 16)', '(21, 12)', '(23, 9)', '(34, 15)', '(27, 9)', '(30, 5)', '(33, 4)', '(30, 14)', '(11, 10)', '(25, 9)', '(32, 8)', '(2, 16)', '(15, 10)', '(31, 6)', '(6, 16)', '(12, 11)', '(34, 8)', '(4, 16)', '(27, 11)', '(17, 10)', '(30, 16)', '(19, 16)', '(8, 16)', '(32, 10)', '(15, 12)']",36,0,36
130,"(10, 10)","(11, 10)",West,"[('(10, 11)', 'North', 1), ('(11, 10)', 'East', 1)]","['(17, 8)', '(27, 6)', '(34, 3)', '(1, 13)', '(10, 10)']","['(10, 11)', '(17, 8)', '(27, 6)', '(34, 3)', '(1, 13)']","['(21, 16)', '(34, 10)', '(27, 13)', '(17, 12)', '(30, 9)', '(32, 12)', '(1, 15)', '(26, 14)', '(15, 14)', '(21, 9)', '(34, 12)', '(17, 14)', '(19, 11)', '(11, 16)', '(32, 14)', '(29, 6)', '(26, 16)', '(15, 16)', '(18, 12)', '(34, 14)', '(22, 12)', '(27, 8)', '(30, 4)', '(28, 16)', '(30, 13)', '(17, 16)', '(33, 6)', '(32, 16)', '(24, 12)', '(13, 12)', '(25, 11)', '(26, 9)', '(31, 8)', '(34, 7)', '(34, 16)', '(12, 13)', '(14, 10)', '(17, 9)', '(30, 6)', '(5, 16)', '(33, 8)', '(13, 14)', '(26, 11)', '(16, 10)', '(18, 16)', '(7, 16)', '(31, 10)', '(20, 10)', '(22, 16)', '(14, 12)', '(9, 16)', '(33, 10)', '(24, 16)', '(13, 16)', '(25, 15)', '(16, 12)', '(1, 14)', '(31, 3)', '(31, 12)', '(34, 11)', '(20, 12)', '(22, 9)', '(14, 14)', '(32, 4)', '(33, 12)', '(24, 9)', '(10, 10)', '(1, 16)', '(16, 14)', '(34, 4)', '(31, 14)', '(12, 10)', '(14, 16)', '(3, 16)', '(32, 6)', '(33, 14)', '(24, 11)', '(16, 16)', '(29, 10)', '(34, 6)', '(31, 16)', '(20, 16)', '(23, 12)', '(12, 12)', '(27, 12)', '(30, 8)', '(33, 16)', '(20, 9)', '(12, 14)', '(14, 11)', '(27, 14)', '(17, 13)', '(30, 10)', '(10, 16)', '(25, 14)', '(20, 11)', '(23, 16)', '(12, 16)', '(27, 7)', '(30, 3)', '(27, 16)', '(30, 12)', '(19, 12)', '(25, 16)', '(31, 4)', '(29, 16)', '(21, 12)', '(23, 9)', '(34, 15)', '(27, 9)', '(30, 5)', '(33, 4)', '(30, 14)', '(11, 10)', '(25, 9)', '(32, 8)', '(2, 16)', '(15, 10)', '(31, 6)', '(6, 16)', '(12, 11)', '(34, 8)', '(4, 16)', '(27, 11)', '(17, 10)', '(30, 16)', '(19, 16)', '(8, 16)', '(32, 10)', '(15, 12)']",36,0,36
131,"(1, 13)","(1, 14)",South,"[('(1, 14)', 'North', 1), ('(1, 12)', 'South', 1)]","['(10, 11)', '(17, 8)', '(27, 6)', '(34, 3)', '(1, 13)']","['(1, 12)', '(10, 11)', '(17, 8)', '(27, 6)', '(34, 3)']","['(21, 16)', '(34, 10)', '(27, 13)', '(17, 12)', '(30, 9)', '(32, 12)', '(1, 15)', '(26, 14)', '(15, 14)', '(21, 9)', '(34, 12)', '(17, 14)', '(19, 11)', '(11, 16)', '(32, 14)', '(29, 6)', '(26, 16)', '(15, 16)', '(18, 12)', '(34, 14)', '(22, 12)', '(27, 8)', '(30, 4)', '(28, 16)', '(30, 13)', '(17, 16)', '(33, 6)', '(32, 16)', '(24, 12)', '(13, 12)', '(25, 11)', '(26, 9)', '(31, 8)', '(34, 7)', '(34, 16)', '(12, 13)', '(14, 10)', '(17, 9)', '(30, 6)', '(5, 16)', '(33, 8)', '(13, 14)', '(26, 11)', '(16, 10)', '(18, 16)', '(7, 16)', '(31, 10)', '(20, 10)', '(22, 16)', '(14, 12)', '(9, 16)', '(33, 10)', '(24, 16)', '(13, 16)', '(25, 15)', '(16, 12)', '(1, 14)', '(31, 3)', '(31, 12)', '(34, 11)', '(20, 12)', '(22, 9)', '(14, 14)', '(32, 4)', '(33, 12)', '(24, 9)', '(10, 10)', '(1, 16)', '(16, 14)', '(34, 4)', '(31, 14)', '(12, 10)', '(14, 16)', '(3, 16)', '(32, 6)', '(33, 14)', '(24, 11)', '(16, 16)', '(29, 10)', '(34, 6)', '(31, 16)', '(20, 16)', '(23, 12)', '(12, 12)', '(27, 12)', '(30, 8)', '(33, 16)', '(20, 9)', '(12, 14)', '(14, 11)', '(27, 14)', '(17, 13)', '(30, 10)', '(10, 16)', '(1, 13)', '(25, 14)', '(20, 11)', '(23, 16)', '(12, 16)', '(27, 7)', '(30, 3)', '(27, 16)', '(30, 12)', '(19, 12)', '(25, 16)', '(31, 4)', '(29, 16)', '(21, 12)', '(23, 9)', '(34, 15)', '(27, 9)', '(30, 5)', '(33, 4)', '(30, 14)', '(11, 10)', '(25, 9)', '(32, 8)', '(2, 16)', '(15, 10)', '(31, 6)', '(6, 16)', '(12, 11)', '(34, 8)', '(4, 16)', '(27, 11)', '(17, 10)', '(30, 16)', '(19, 16)', '(8, 16)', '(32, 10)', '(15, 12)']",36,0,36
132,"(34, 3)","(34, 4)",South,"[('(34, 4)', 'North', 1), ('(34, 2)', 'South', 1)]","['(1, 12)', '(10, 11)', '(17, 8)', '(27, 6)', '(34, 3)']","['(34, 2)', '(1, 12)', '(10, 11)', '(17, 8)', '(27, 6)']","['(21, 16)', '(34, 10)', '(27, 13)', '(17, 12)', '(30, 9)', '(32, 12)', '(1, 15)', '(26, 14)', '(15, 14)', '(21, 9)', '(34, 3)', '(34, 12)', '(17, 14)', '(19, 11)', '(11, 16)', '(32, 14)', '(29, 6)', '(26, 16)', '(15, 16)', '(18, 12)', '(34, 14)', '(22, 12)', '(27, 8)', '(30, 4)', '(28, 16)', '(30, 13)', '(17, 16)', '(33, 6)', '(32, 16)', '(24, 12)', '(13, 12)', '(25, 11)', '(26, 9)', '(31, 8)', '(34, 7)', '(34, 16)', '(12, 13)', '(14, 10)', '(17, 9)', '(30, 6)', '(5, 16)', '(33, 8)', '(13, 14)', '(26, 11)', '(16, 10)', '(18, 16)', '(7, 16)', '(31, 10)', '(20, 10)', '(22, 16)', '(14, 12)', '(9, 16)', '(33, 10)', '(24, 16)', '(13, 16)', '(25, 15)', '(16, 12)', '(1, 14)', '(31, 3)', '(31, 12)', '(34, 11)', '(20, 12)', '(22, 9)', '(14, 14)', '(32, 4)', '(33, 12)', '(24, 9)', '(10, 10)', '(1, 16)', '(16, 14)', '(34, 4)', '(31, 14)', '(12, 10)', '(14, 16)', '(3, 16)', '(32, 6)', '(33, 14)', '(24, 11)', '(16, 16)', '(29, 10)', '(34, 6)', '(31, 16)', '(20, 16)', '(23, 12)', '(12, 12)', '(27, 12)', '(30, 8)', '(33, 16)', '(20, 9)', '(12, 14)', '(14, 11)', '(27, 14)', '(17, 13)', '(30, 10)', '(10, 16)', '(1, 13)', '(25, 14)', '(20, 11)', '(23, 16)', '(12, 16)', '(27, 7)', '(30, 3)', '(27, 16)', '(30, 12)', '(19, 12)', '(25, 16)', '(31, 4)', '(29, 16)', '(21, 12)', '(23, 9)', '(34, 15)', '(27, 9)', '(30, 5)', '(33, 4)', '(30, 14)', '(11, 10)', '(25, 9)', '(32, 8)', '(2, 16)', '(15, 10)', '(31, 6)', '(6, 16)', '(12, 11)', '(34, 8)', '(4, 16)', '(27, 11)', '(17, 10)', '(30, 16)', '(19, 16)', '(8, 16)', '(32, 10)', '(15, 12)']",37,0,37
133,"(27, 6)","(27, 7)",South,"[('(27, 7)', 'North', 1), ('(27, 5)', 'South', 1)]","['(34, 2)', '(1, 12)', '(10, 11)', '(17, 8)', '(27, 6)']","['(27, 5)', '(34, 2)', '(1, 12)', '(10, 11)', '(17, 8)']","['(21, 16)', '(34, 10)', '(27, 13)', '(17, 12)', '(30, 9)', '(32, 12)', '(1, 15)', '(26, 14)', '(15, 14)', '(21, 9)', '(34, 3)', '(34, 12)', '(27, 6)', '(17, 14)', '(19, 11)', '(11, 16)', '(32, 14)', '(29, 6)', '(26, 16)', '(15, 16)', '(18, 12)', '(34, 14)', '(22, 12)', '(27, 8)', '(30, 4)', '(28, 16)', '(30, 13)', '(17, 16)', '(33, 6)', '(32, 16)', '(24, 12)', '(13, 12)', '(25, 11)', '(26, 9)', '(31, 8)', '(34, 7)', '(34, 16)', '(12, 13)', '(14, 10)', '(17, 9)', '(30, 6)', '(5, 16)', '(33, 8)', '(13, 14)', '(26, 11)', '(16, 10)', '(18, 16)', '(7, 16)', '(31, 10)', '(20, 10)', '(22, 16)', '(14, 12)', '(9, 16)', '(33, 10)', '(24, 16)', '(13, 16)', '(25, 15)', '(16, 12)', '(1, 14)', '(31, 3)', '(31, 12)', '(34, 11)', '(20, 12)', '(22, 9)', '(14, 14)', '(32, 4)', '(33, 12)', '(24, 9)', '(10, 10)', '(1, 16)', '(16, 14)', '(34, 4)', '(31, 14)', '(12, 10)', '(14, 16)', '(3, 16)', '(32, 6)', '(33, 14)', '(24, 11)', '(16, 16)', '(29, 10)', '(34, 6)', '(31, 16)', '(20, 16)', '(23, 12)', '(12, 12)', '(27, 12)', '(30, 8)', '(33, 16)', '(20, 9)', '(12, 14)', '(14, 11)', '(27, 14)', '(17, 13)', '(30, 10)', '(10, 16)', '(1, 13)', '(25, 14)', '(20, 11)', '(23, 16)', '(12, 16)', '(27, 7)', '(30, 3)', '(27, 16)', '(30, 12)', '(19, 12)', '(25, 16)', '(31, 4)', '(29, 16)', '(21, 12)', '(23, 9)', '(34, 15)', '(27, 9)', '(30, 5)', '(33, 4)', '(30, 14)', '(11, 10)', '(25, 9)', '(32, 8)', '(2, 16)', '(15, 10)', '(31, 6)', '(6, 16)', '(12, 11)', '(34, 8)', '(4, 16)', '(27, 11)', '(17, 10)', '(30, 16)', '(19, 16)', '(8, 16)', '(32, 10)', '(15, 12)']",37,0,37
134,"(17, 8)","(17, 9)",South,"[('(17, 9)', 'North', 1), ('(16, 8)', 'West', 1)]","['(27, 5)', '(34, 2)', '(1, 12)', '(10, 11)', '(17, 8)']","['(16, 8)', '(27, 5)', '(34, 2)', '(1, 12)', '(10, 11)']","['(21, 16)', '(34, 10)', '(27, 13)', '(17, 12)', '(30, 9)', '(32, 12)', '(1, 15)', '(26, 14)', '(15, 14)', '(21, 9)', '(34, 3)', '(34, 12)', '(27, 6)', '(17, 14)', '(19, 11)', '(11, 16)', '(32, 14)', '(29, 6)', '(26, 16)', '(15, 16)', '(18, 12)', '(34, 14)', '(22, 12)', '(27, 8)', '(30, 4)', '(28, 16)', '(30, 13)', '(17, 16)', '(33, 6)', '(32, 16)', '(24, 12)', '(13, 12)', '(25, 11)', '(26, 9)', '(31, 8)', '(34, 7)', '(34, 16)', '(12, 13)', '(14, 10)', '(17, 9)', '(30, 6)', '(5, 16)', '(33, 8)', '(13, 14)', '(26, 11)', '(16, 10)', '(18, 16)', '(7, 16)', '(31, 10)', '(20, 10)', '(22, 16)', '(14, 12)', '(9, 16)', '(33, 10)', '(24, 16)', '(13, 16)', '(25, 15)', '(16, 12)', '(1, 14)', '(31, 3)', '(31, 12)', '(34, 11)', '(20, 12)', '(22, 9)', '(14, 14)', '(32, 4)', '(33, 12)', '(24, 9)', '(10, 10)', '(1, 16)', '(16, 14)', '(34, 4)', '(31, 14)', '(12, 10)', '(14, 16)', '(3, 16)', '(32, 6)', '(33, 14)', '(24, 11)', '(16, 16)', '(29, 10)', '(34, 6)', '(31, 16)', '(20, 16)', '(23, 12)', '(12, 12)', '(27, 12)', '(30, 8)', '(33, 16)', '(20, 9)', '(12, 14)', '(14, 11)', '(27, 14)', '(17, 13)', '(30, 10)', '(10, 16)', '(1, 13)', '(25, 14)', '(20, 11)', '(23, 16)', '(12, 16)', '(27, 7)', '(30, 3)', '(27, 16)', '(30, 12)', '(19, 12)', '(25, 16)', '(31, 4)', '(29, 16)', '(21, 12)', '(23, 9)', '(34, 15)', '(27, 9)', '(17, 8)', '(30, 5)', '(33, 4)', '(30, 14)', '(11, 10)', '(25, 9)', '(32, 8)', '(2, 16)', '(15, 10)', '(31, 6)', '(6, 16)', '(12, 11)', '(34, 8)', '(4, 16)', '(27, 11)', '(17, 10)', '(30, 16)', '(19, 16)', '(8, 16)', '(32, 10)', '(15, 12)']",37,0,37
135,"(10, 11)","(10, 10)",North,"[('(10, 12)', 'North', 1), ('(10, 10)', 'South', 1)]","['(16, 8)', '(27, 5)', '(34, 2)', '(1, 12)', '(10, 11)']","['(10, 12)', '(16, 8)', '(27, 5)', '(34, 2)', '(1, 12)']","['(21, 16)', '(34, 10)', '(27, 13)', '(17, 12)', '(30, 9)', '(32, 12)', '(1, 15)', '(26, 14)', '(15, 14)', '(21, 9)', '(34, 3)', '(34, 12)', '(27, 6)', '(17, 14)', '(19, 11)', '(11, 16)', '(32, 14)', '(29, 6)', '(26, 16)', '(15, 16)', '(18, 12)', '(34, 14)', '(22, 12)', '(27, 8)', '(30, 4)', '(28, 16)', '(30, 13)', '(17, 16)', '(33, 6)', '(32, 16)', '(24, 12)', '(13, 12)', '(25, 11)', '(26, 9)', '(31, 8)', '(34, 7)', '(34, 16)', '(12, 13)', '(14, 10)', '(17, 9)', '(30, 6)', '(5, 16)', '(33, 8)', '(13, 14)', '(26, 11)', '(16, 10)', '(18, 16)', '(7, 16)', '(31, 10)', '(20, 10)', '(22, 16)', '(14, 12)', '(9, 16)', '(33, 10)', '(24, 16)', '(13, 16)', '(25, 15)', '(16, 12)', '(1, 14)', '(31, 3)', '(31, 12)', '(34, 11)', '(20, 12)', '(22, 9)', '(14, 14)', '(32, 4)', '(33, 12)', '(24, 9)', '(10, 10)', '(1, 16)', '(16, 14)', '(34, 4)', '(31, 14)', '(12, 10)', '(14, 16)', '(3, 16)', '(32, 6)', '(33, 14)', '(24, 11)', '(16, 16)', '(29, 10)', '(34, 6)', '(31, 16)', '(20, 16)', '(23, 12)', '(12, 12)', '(27, 12)', '(30, 8)', '(33, 16)', '(20, 9)', '(12, 14)', '(14, 11)', '(27, 14)', '(17, 13)', '(30, 10)', '(10, 16)', '(1, 13)', '(25, 14)', '(20, 11)', '(23, 16)', '(12, 16)', '(27, 7)', '(30, 3)', '(27, 16)', '(30, 12)', '(19, 12)', '(25, 16)', '(31, 4)', '(29, 16)', '(21, 12)', '(23, 9)', '(34, 15)', '(27, 9)', '(17, 8)', '(30, 5)', '(33, 4)', '(30, 14)', '(10, 11)', '(11, 10)', '(25, 9)', '(32, 8)', '(2, 16)', '(15, 10)', '(31, 6)', '(6, 16)', '(12, 11)', '(34, 8)', '(4, 16)', '(27, 11)', '(17, 10)', '(30, 16)', '(19, 16)', '(8, 16)', '(32, 10)', '(15, 12)']",37,0,37
136,"(1, 12)","(1, 13)",South,"[('(1, 13)', 'North', 1), ('(1, 11)', 'South', 1)]","['(10, 12)', '(16, 8)', '(27, 5)', '(34, 2)', '(1, 12)']","['(1, 11)', '(10, 12)', '(16, 8)', '(27, 5)', '(34, 2)']","['(21, 16)', '(34, 10)', '(27, 13)', '(17, 12)', '(30, 9)', '(32, 12)', '(1, 15)', '(26, 14)', '(15, 14)', '(21, 9)', '(34, 3)', '(34, 12)', '(27, 6)', '(17, 14)', '(19, 11)', '(11, 16)', '(32, 14)', '(29, 6)', '(26, 16)', '(15, 16)', '(18, 12)', '(34, 14)', '(22, 12)', '(27, 8)', '(30, 4)', '(28, 16)', '(30, 13)', '(17, 16)', '(33, 6)', '(32, 16)', '(24, 12)', '(13, 12)', '(25, 11)', '(26, 9)', '(31, 8)', '(34, 7)', '(34, 16)', '(12, 13)', '(14, 10)', '(17, 9)', '(30, 6)', '(5, 16)', '(33, 8)', '(13, 14)', '(26, 11)', '(1, 12)', '(16, 10)', '(18, 16)', '(7, 16)', '(31, 10)', '(20, 10)', '(22, 16)', '(14, 12)', '(9, 16)', '(33, 10)', '(24, 16)', '(13, 16)', '(25, 15)', '(16, 12)', '(1, 14)', '(31, 3)', '(31, 12)', '(34, 11)', '(20, 12)', '(22, 9)', '(14, 14)', '(32, 4)', '(33, 12)', '(24, 9)', '(10, 10)', '(1, 16)', '(16, 14)', '(34, 4)', '(31, 14)', '(12, 10)', '(14, 16)', '(3, 16)', '(32, 6)', '(33, 14)', '(24, 11)', '(16, 16)', '(29, 10)', '(34, 6)', '(31, 16)', '(20, 16)', '(23, 12)', '(12, 12)', '(27, 12)', '(30, 8)', '(33, 16)', '(20, 9)', '(12, 14)', '(14, 11)', '(27, 14)', '(17, 13)', '(30, 10)', '(10, 16)', '(1, 13)', '(25, 14)', '(20, 11)', '(23, 16)', '(12, 16)', '(27, 7)', '(30, 3)', '(27, 16)', '(30, 12)', '(19, 12)', '(25, 16)', '(31, 4)', '(29, 16)', '(21, 12)', '(23, 9)', '(34, 15)', '(27, 9)', '(17, 8)', '(30, 5)', '(33, 4)', '(30, 14)', '(10, 11)', '(11, 10)', '(25, 9)', '(32, 8)', '(2, 16)', '(15, 10)', '(31, 6)', '(6, 16)', '(12, 11)', '(34, 8)', '(4, 16)', '(27, 11)', '(17, 10)', '(30, 16)', '(19, 16)', '(8, 16)', '(32, 10)', '(15, 12)']",37,0,37
137,"(34, 2)","(34, 3)",South,"[('(34, 3)', 'North', 1), ('(34, 1)', 'South', 1)]","['(1, 11)', '(10, 12)', '(16, 8)', '(27, 5)', '(34, 2)']","['(34, 1)', '(1, 11)', '(10, 12)', '(16, 8)', '(27, 5)']","['(21, 16)', '(34, 10)', '(27, 13)', '(17, 12)', '(30, 9)', '(32, 12)', '(1, 15)', '(26, 14)', '(15, 14)', '(21, 9)', '(34, 3)', '(34, 12)', '(27, 6)', '(17, 14)', '(19, 11)', '(11, 16)', '(32, 14)', '(29, 6)', '(26, 16)', '(15, 16)', '(18, 12)', '(34, 14)', '(22, 12)', '(27, 8)', '(30, 4)', '(28, 16)', '(30, 13)', '(17, 16)', '(33, 6)', '(32, 16)', '(24, 12)', '(13, 12)', '(25, 11)', '(26, 9)', '(31, 8)', '(34, 7)', '(34, 16)', '(12, 13)', '(14, 10)', '(17, 9)', '(30, 6)', '(5, 16)', '(33, 8)', '(13, 14)', '(26, 11)', '(1, 12)', '(16, 10)', '(18, 16)', '(7, 16)', '(31, 10)', '(20, 10)', '(22, 16)', '(14, 12)', '(9, 16)', '(33, 10)', '(24, 16)', '(13, 16)', '(25, 15)', '(16, 12)', '(1, 14)', '(31, 3)', '(34, 2)', '(31, 12)', '(34, 11)', '(20, 12)', '(22, 9)', '(14, 14)', '(32, 4)', '(33, 12)', '(24, 9)', '(10, 10)', '(1, 16)', '(16, 14)', '(34, 4)', '(31, 14)', '(12, 10)', '(14, 16)', '(3, 16)', '(32, 6)', '(33, 14)', '(24, 11)', '(16, 16)', '(29, 10)', '(34, 6)', '(31, 16)', '(20, 16)', '(23, 12)', '(12, 12)', '(27, 12)', '(30, 8)', '(33, 16)', '(20, 9)', '(12, 14)', '(14, 11)', '(27, 14)', '(17, 13)', '(30, 10)', '(10, 16)', '(1, 13)', '(25, 14)', '(20, 11)', '(23, 16)', '(12, 16)', '(27, 7)', '(30, 3)', '(27, 16)', '(30, 12)', '(19, 12)', '(25, 16)', '(31, 4)', '(29, 16)', '(21, 12)', '(23, 9)', '(34, 15)', '(27, 9)', '(17, 8)', '(30, 5)', '(33, 4)', '(30, 14)', '(10, 11)', '(11, 10)', '(25, 9)', '(32, 8)', '(2, 16)', '(15, 10)', '(31, 6)', '(6, 16)', '(12, 11)', '(34, 8)', '(4, 16)', '(27, 11)', '(17, 10)', '(30, 16)', '(19, 16)', '(8, 16)', '(32, 10)', '(15, 12)']",38,0,38
138,"(27, 5)","(27, 6)",South,"[('(27, 6)', 'North', 1), ('(27, 4)', 'South', 1)]","['(34, 1)', '(1, 11)', '(10, 12)', '(16, 8)', '(27, 5)']","['(27, 4)', '(34, 1)', '(1, 11)', '(10, 12)', '(16, 8)']","['(21, 16)', '(34, 10)', '(27, 13)', '(17, 12)', '(30, 9)', '(32, 12)', '(1, 15)', '(26, 14)', '(15, 14)', '(21, 9)', '(34, 3)', '(34, 12)', '(27, 6)', '(17, 14)', '(19, 11)', '(11, 16)', '(32, 14)', '(29, 6)', '(26, 16)', '(15, 16)', '(18, 12)', '(34, 14)', '(22, 12)', '(27, 8)', '(30, 4)', '(28, 16)', '(30, 13)', '(17, 16)', '(33, 6)', '(32, 16)', '(24, 12)', '(13, 12)', '(25, 11)', '(26, 9)', '(31, 8)', '(34, 7)', '(34, 16)', '(12, 13)', '(14, 10)', '(17, 9)', '(30, 6)', '(5, 16)', '(33, 8)', '(13, 14)', '(26, 11)', '(1, 12)', '(16, 10)', '(18, 16)', '(7, 16)', '(31, 10)', '(20, 10)', '(22, 16)', '(14, 12)', '(9, 16)', '(33, 10)', '(24, 16)', '(13, 16)', '(25, 15)', '(16, 12)', '(1, 14)', '(31, 3)', '(34, 2)', '(31, 12)', '(34, 11)', '(20, 12)', '(22, 9)', '(14, 14)', '(32, 4)', '(33, 12)', '(24, 9)', '(10, 10)', '(1, 16)', '(16, 14)', '(34, 4)', '(31, 14)', '(12, 10)', '(14, 16)', '(3, 16)', '(32, 6)', '(33, 14)', '(24, 11)', '(16, 16)', '(29, 10)', '(34, 6)', '(31, 16)', '(20, 16)', '(23, 12)', '(12, 12)', '(27, 12)', '(30, 8)', '(33, 16)', '(20, 9)', '(12, 14)', '(14, 11)', '(27, 5)', '(27, 14)', '(17, 13)', '(30, 10)', '(10, 16)', '(1, 13)', '(25, 14)', '(20, 11)', '(23, 16)', '(12, 16)', '(27, 7)', '(30, 3)', '(27, 16)', '(30, 12)', '(19, 12)', '(25, 16)', '(31, 4)', '(29, 16)', '(21, 12)', '(23, 9)', '(34, 15)', '(27, 9)', '(17, 8)', '(30, 5)', '(33, 4)', '(30, 14)', '(10, 11)', '(11, 10)', '(25, 9)', '(32, 8)', '(2, 16)', '(15, 10)', '(31, 6)', '(6, 16)', '(12, 11)', '(34, 8)', '(4, 16)', '(27, 11)', '(17, 10)', '(30, 16)', '(19, 16)', '(8, 16)', '(32, 10)', '(15, 12)']",38,0,38
139,"(16, 8)","(17, 8)",West,"[('(17, 8)', 'East', 1), ('(15, 8)', 'West', 1)]","['(27, 4)', '(34, 1)', '(1, 11)', '(10, 12)', '(16, 8)']","['(15, 8)', '(27, 4)', '(34, 1)', '(1, 11)', '(10, 12)']","['(21, 16)', '(34, 10)', '(27, 13)', '(17, 12)', '(30, 9)', '(32, 12)', '(1, 15)', '(26, 14)', '(15, 14)', '(21, 9)', '(34, 3)', '(34, 12)', '(27, 6)', '(17, 14)', '(19, 11)', '(11, 16)', '(32, 14)', '(29, 6)', '(26, 16)', '(15, 16)', '(18, 12)', '(34, 14)', '(22, 12)', '(27, 8)', '(30, 4)', '(28, 16)', '(30, 13)', '(17, 16)', '(33, 6)', '(32, 16)', '(24, 12)', '(13, 12)', '(25, 11)', '(26, 9)', '(16, 8)', '(31, 8)', '(34, 7)', '(34, 16)', '(12, 13)', '(14, 10)', '(17, 9)', '(30, 6)', '(5, 16)', '(33, 8)', '(13, 14)', '(26, 11)', '(1, 12)', '(16, 10)', '(18, 16)', '(7, 16)', '(31, 10)', '(20, 10)', '(22, 16)', '(14, 12)', '(9, 16)', '(33, 10)', '(24, 16)', '(13, 16)', '(25, 15)', '(16, 12)', '(1, 14)', '(31, 3)', '(34, 2)', '(31, 12)', '(34, 11)', '(20, 12)', '(22, 9)', '(14, 14)', '(32, 4)', '(33, 12)', '(24, 9)', '(10, 10)', '(1, 16)', '(16, 14)', '(34, 4)', '(31, 14)', '(12, 10)', '(14, 16)', '(3, 16)', '(32, 6)', '(33, 14)', '(24, 11)', '(16, 16)', '(29, 10)', '(34, 6)', '(31, 16)', '(20, 16)', '(23, 12)', '(12, 12)', '(27, 12)', '(30, 8)', '(33, 16)', '(20, 9)', '(12, 14)', '(14, 11)', '(27, 5)', '(27, 14)', '(17, 13)', '(30, 10)', '(10, 16)', '(1, 13)', '(25, 14)', '(20, 11)', '(23, 16)', '(12, 16)', '(27, 7)', '(30, 3)', '(27, 16)', '(30, 12)', '(19, 12)', '(25, 16)', '(31, 4)', '(29, 16)', '(21, 12)', '(23, 9)', '(34, 15)', '(27, 9)', '(17, 8)', '(30, 5)', '(33, 4)', '(30, 14)', '(10, 11)', '(11, 10)', '(25, 9)', '(32, 8)', '(2, 16)', '(15, 10)', '(31, 6)', '(6, 16)', '(12, 11)', '(34, 8)', '(4, 16)', '(27, 11)', '(17, 10)', '(30, 16)', '(19, 16)', '(8, 16)', '(32, 10)', '(15, 12)']",38,0,38
140,"(10, 12)","(10, 11)",North,"[('(10, 13)', 'North', 1), ('(10, 11)', 'South', 1)]","['(15, 8)', '(27, 4)', '(34, 1)', '(1, 11)', '(10, 12)']","['(10, 13)', '(15, 8)', '(27, 4)', '(34, 1)', '(1, 11)']","['(21, 16)', '(34, 10)', '(27, 13)', '(17, 12)', '(30, 9)', '(32, 12)', '(1, 15)', '(26, 14)', '(15, 14)', '(21, 9)', '(34, 3)', '(34, 12)', '(27, 6)', '(17, 14)', '(19, 11)', '(11, 16)', '(32, 14)', '(29, 6)', '(26, 16)', '(15, 16)', '(18, 12)', '(34, 14)', '(22, 12)', '(27, 8)', '(30, 4)', '(28, 16)', '(30, 13)', '(17, 16)', '(33, 6)', '(32, 16)', '(24, 12)', '(13, 12)', '(25, 11)', '(26, 9)', '(16, 8)', '(31, 8)', '(34, 7)', '(34, 16)', '(12, 13)', '(14, 10)', '(17, 9)', '(30, 6)', '(5, 16)', '(33, 8)', '(13, 14)', '(26, 11)', '(1, 12)', '(16, 10)', '(18, 16)', '(7, 16)', '(31, 10)', '(20, 10)', '(22, 16)', '(14, 12)', '(9, 16)', '(33, 10)', '(24, 16)', '(13, 16)', '(25, 15)', '(16, 12)', '(1, 14)', '(31, 3)', '(34, 2)', '(31, 12)', '(34, 11)', '(20, 12)', '(22, 9)', '(14, 14)', '(32, 4)', '(33, 12)', '(24, 9)', '(10, 10)', '(1, 16)', '(16, 14)', '(34, 4)', '(31, 14)', '(12, 10)', '(14, 16)', '(3, 16)', '(32, 6)', '(33, 14)', '(24, 11)', '(10, 12)', '(16, 16)', '(29, 10)', '(34, 6)', '(31, 16)', '(20, 16)', '(23, 12)', '(12, 12)', '(27, 12)', '(30, 8)', '(33, 16)', '(20, 9)', '(12, 14)', '(14, 11)', '(27, 5)', '(27, 14)', '(17, 13)', '(30, 10)', '(10, 16)', '(1, 13)', '(25, 14)', '(20, 11)', '(23, 16)', '(12, 16)', '(27, 7)', '(30, 3)', '(27, 16)', '(30, 12)', '(19, 12)', '(25, 16)', '(31, 4)', '(29, 16)', '(21, 12)', '(23, 9)', '(34, 15)', '(27, 9)', '(17, 8)', '(30, 5)', '(33, 4)', '(30, 14)', '(10, 11)', '(11, 10)', '(25, 9)', '(32, 8)', '(2, 16)', '(15, 10)', '(31, 6)', '(6, 16)', '(12, 11)', '(34, 8)', '(4, 16)', '(27, 11)', '(17, 10)', '(30, 16)', '(19, 16)', '(8, 16)', '(32, 10)', '(15, 12)']",38,0,38
141,"(1, 11)","(1, 12)",South,"[('(1, 12)', 'North', 1), ('(1, 10)', 'South', 1)]","['(10, 13)', '(15, 8)', '(27, 4)', '(34, 1)', '(1, 11)']","['(1, 10)', '(10, 13)', '(15, 8)', '(27, 4)', '(34, 1)']","['(21, 16)', '(34, 10)', '(27, 13)', '(17, 12)', '(30, 9)', '(32, 12)', '(1, 15)', '(26, 14)', '(15, 14)', '(21, 9)', '(34, 3)', '(34, 12)', '(27, 6)', '(17, 14)', '(19, 11)', '(11, 16)', '(32, 14)', '(29, 6)', '(26, 16)', '(15, 16)', '(18, 12)', '(34, 14)', '(22, 12)', '(27, 8)', '(30, 4)', '(28, 16)', '(30, 13)', '(17, 16)', '(33, 6)', '(32, 16)', '(24, 12)', '(13, 12)', '(25, 11)', '(26, 9)', '(16, 8)', '(31, 8)', '(34, 7)', '(34, 16)', '(12, 13)', '(14, 10)', '(17, 9)', '(30, 6)', '(5, 16)', '(33, 8)', '(13, 14)', '(26, 11)', '(1, 12)', '(16, 10)', '(18, 16)', '(7, 16)', '(31, 10)', '(20, 10)', '(22, 16)', '(14, 12)', '(9, 16)', '(33, 10)', '(24, 16)', '(13, 16)', '(25, 15)', '(16, 12)', '(1, 14)', '(31, 3)', '(34, 2)', '(31, 12)', '(34, 11)', '(20, 12)', '(22, 9)', '(14, 14)', '(32, 4)', '(33, 12)', '(24, 9)', '(10, 10)', '(1, 16)', '(16, 14)', '(34, 4)', '(31, 14)', '(12, 10)', '(14, 16)', '(3, 16)', '(32, 6)', '(33, 14)', '(24, 11)', '(10, 12)', '(16, 16)', '(29, 10)', '(34, 6)', '(31, 16)', '(20, 16)', '(23, 12)', '(12, 12)', '(27, 12)', '(30, 8)', '(33, 16)', '(1, 11)', '(20, 9)', '(12, 14)', '(14, 11)', '(27, 5)', '(27, 14)', '(17, 13)', '(30, 10)', '(10, 16)', '(1, 13)', '(25, 14)', '(20, 11)', '(23, 16)', '(12, 16)', '(27, 7)', '(30, 3)', '(27, 16)', '(30, 12)', '(19, 12)', '(25, 16)', '(31, 4)', '(29, 16)', '(21, 12)', '(23, 9)', '(34, 15)', '(27, 9)', '(17, 8)', '(30, 5)', '(33, 4)', '(30, 14)', '(10, 11)', '(11, 10)', '(25, 9)', '(32, 8)', '(2, 16)', '(15, 10)', '(31, 6)', '(6, 16)', '(12, 11)', '(34, 8)', '(4, 16)', '(27, 11)', '(17, 10)', '(30, 16)', '(19, 16)', '(8, 16)', '(32, 10)', '(15, 12)']",38,0,38
142,"(34, 1)","(34, 2)",South,"[('(34, 2)', 'North', 1), ('(33, 1)', 'West', 1)]","['(1, 10)', '(10, 13)', '(15, 8)', '(27, 4)', '(34, 1)']","['(33, 1)', '(1, 10)', '(10, 13)', '(15, 8)', '(27, 4)']","['(21, 16)', '(34, 1)', '(34, 10)', '(27, 13)', '(17, 12)', '(30, 9)', '(32, 12)', '(1, 15)', '(26, 14)', '(15, 14)', '(21, 9)', '(34, 3)', '(34, 12)', '(27, 6)', '(17, 14)', '(19, 11)', '(11, 16)', '(32, 14)', '(29, 6)', '(26, 16)', '(15, 16)', '(18, 12)', '(34, 14)', '(22, 12)', '(27, 8)', '(30, 4)', '(28, 16)', '(30, 13)', '(17, 16)', '(33, 6)', '(32, 16)', '(24, 12)', '(13, 12)', '(25, 11)', '(26, 9)', '(16, 8)', '(31, 8)', '(34, 7)', '(34, 16)', '(12, 13)', '(14, 10)', '(17, 9)', '(30, 6)', '(5, 16)', '(33, 8)', '(13, 14)', '(26, 11)', '(1, 12)', '(16, 10)', '(18, 16)', '(7, 16)', '(31, 10)', '(20, 10)', '(22, 16)', '(14, 12)', '(9, 16)', '(33, 10)', '(24, 16)', '(13, 16)', '(25, 15)', '(16, 12)', '(1, 14)', '(31, 3)', '(34, 2)', '(31, 12)', '(34, 11)', '(20, 12)', '(22, 9)', '(14, 14)', '(32, 4)', '(33, 12)', '(24, 9)', '(10, 10)', '(1, 16)', '(16, 14)', '(34, 4)', '(31, 14)', '(12, 10)', '(14, 16)', '(3, 16)', '(32, 6)', '(33, 14)', '(24, 11)', '(10, 12)', '(16, 16)', '(29, 10)', '(34, 6)', '(31, 16)', '(20, 16)', '(23, 12)', '(12, 12)', '(27, 12)', '(30, 8)', '(33, 16)', '(1, 11)', '(20, 9)', '(12, 14)', '(14, 11)', '(27, 5)', '(27, 14)', '(17, 13)', '(30, 10)', '(10, 16)', '(1, 13)', '(25, 14)', '(20, 11)', '(23, 16)', '(12, 16)', '(27, 7)', '(30, 3)', '(27, 16)', '(30, 12)', '(19, 12)', '(25, 16)', '(31, 4)', '(29, 16)', '(21, 12)', '(23, 9)', '(34, 15)', '(27, 9)', '(17, 8)', '(30, 5)', '(33, 4)', '(30, 14)', '(10, 11)', '(11, 10)', '(25, 9)', '(32, 8)', '(2, 16)', '(15, 10)', '(31, 6)', '(6, 16)', '(12, 11)', '(34, 8)', '(4, 16)', '(27, 11)', '(17, 10)', '(30, 16)', '(19, 16)', '(8, 16)', '(32, 10)', '(15, 12)']",39,0,39
143,"(27, 4)","(27, 5)",South,"[('(27, 5)', 'North', 1), ('(27, 3)', 'South', 1)]","['(33, 1)', '(1, 10)', '(10, 13)', '(15, 8)', '(27, 4)']","['(27, 3)', '(33, 1)', '(1, 10)', '(10, 13)', '(15, 8)']","['(21, 16)', '(34, 1)', '(34, 10)', '(27, 4)', '(27, 13)', '(17, 12)', '(30, 9)', '(32, 12)', '(1, 15)', '(26, 14)', '(15, 14)', '(21, 9)', '(34, 3)', '(34, 12)', '(27, 6)', '(17, 14)', '(19, 11)', '(11, 16)', '(32, 14)', '(29, 6)', '(26, 16)', '(15, 16)', '(18, 12)', '(34, 14)', '(22, 12)', '(27, 8)', '(30, 4)', '(28, 16)', '(30, 13)', '(17, 16)', '(33, 6)', '(32, 16)', '(24, 12)', '(13, 12)', '(25, 11)', '(26, 9)', '(16, 8)', '(31, 8)', '(34, 7)', '(34, 16)', '(12, 13)', '(14, 10)', '(17, 9)', '(30, 6)', '(5, 16)', '(33, 8)', '(13, 14)', '(26, 11)', '(1, 12)', '(16, 10)', '(18, 16)', '(7, 16)', '(31, 10)', '(20, 10)', '(22, 16)', '(14, 12)', '(9, 16)', '(33, 10)', '(24, 16)', '(13, 16)', '(25, 15)', '(16, 12)', '(1, 14)', '(31, 3)', '(34, 2)', '(31, 12)', '(34, 11)', '(20, 12)', '(22, 9)', '(14, 14)', '(32, 4)', '(33, 12)', '(24, 9)', '(10, 10)', '(1, 16)', '(16, 14)', '(34, 4)', '(31, 14)', '(12, 10)', '(14, 16)', '(3, 16)', '(32, 6)', '(33, 14)', '(24, 11)', '(10, 12)', '(16, 16)', '(29, 10)', '(34, 6)', '(31, 16)', '(20, 16)', '(23, 12)', '(12, 12)', '(27, 12)', '(30, 8)', '(33, 16)', '(1, 11)', '(20, 9)', '(12, 14)', '(14, 11)', '(27, 5)', '(27, 14)', '(17, 13)', '(30, 10)', '(10, 16)', '(1, 13)', '(25, 14)', '(20, 11)', '(23, 16)', '(12, 16)', '(27, 7)', '(30, 3)', '(27, 16)', '(30, 12)', '(19, 12)', '(25, 16)', '(31, 4)', '(29, 16)', '(21, 12)', '(23, 9)', '(34, 15)', '(27, 9)', '(17, 8)', '(30, 5)', '(33, 4)', '(30, 14)', '(10, 11)', '(11, 10)', '(25, 9)', '(32, 8)', '(2, 16)', '(15, 10)', '(31, 6)', '(6, 16)', '(12, 11)', '(34, 8)', '(4, 16)', '(27, 11)', '(17, 10)', '(30, 16)', '(19, 16)', '(8, 16)', '(32, 10)', '(15, 12)']",39,0,39
144,"(15, 8)","(16, 8)",West,"[('(16, 8)', 'East', 1), ('(14, 8)', 'West', 1)]","['(27, 3)', '(33, 1)', '(1, 10)', '(10, 13)', '(15, 8)']","['(14, 8)', '(27, 3)', '(33, 1)', '(1, 10)', '(10, 13)']","['(21, 16)', '(34, 1)', '(34, 10)', '(27, 4)', '(27, 13)', '(17, 12)', '(30, 9)', '(32, 12)', '(1, 15)', '(26, 14)', '(15, 14)', '(21, 9)', '(34, 3)', '(34, 12)', '(27, 6)', '(17, 14)', '(19, 11)', '(11, 16)', '(32, 14)', '(29, 6)', '(26, 16)', '(15, 16)', '(18, 12)', '(34, 14)', '(22, 12)', '(27, 8)', '(30, 4)', '(28, 16)', '(30, 13)', '(17, 16)', '(33, 6)', '(32, 16)', '(24, 12)', '(13, 12)', '(25, 11)', '(26, 9)', '(16, 8)', '(31, 8)', '(34, 7)', '(34, 16)', '(12, 13)', '(14, 10)', '(17, 9)', '(30, 6)', '(5, 16)', '(33, 8)', '(13, 14)', '(26, 11)', '(1, 12)', '(16, 10)', '(18, 16)', '(7, 16)', '(31, 10)', '(20, 10)', '(22, 16)', '(14, 12)', '(9, 16)', '(33, 10)', '(24, 16)', '(13, 16)', '(25, 15)', '(16, 12)', '(1, 14)', '(31, 3)', '(34, 2)', '(31, 12)', '(34, 11)', '(20, 12)', '(22, 9)', '(14, 14)', '(32, 4)', '(33, 12)', '(24, 9)', '(10, 10)', '(1, 16)', '(16, 14)', '(34, 4)', '(31, 14)', '(12, 10)', '(14, 16)', '(3, 16)', '(32, 6)', '(33, 14)', '(24, 11)', '(10, 12)', '(16, 16)', '(29, 10)', '(34, 6)', '(31, 16)', '(20, 16)', '(23, 12)', '(12, 12)', '(27, 12)', '(30, 8)', '(33, 16)', '(1, 11)', '(20, 9)', '(12, 14)', '(14, 11)', '(27, 5)', '(27, 14)', '(17, 13)', '(30, 10)', '(10, 16)', '(1, 13)', '(25, 14)', '(20, 11)', '(23, 16)', '(12, 16)', '(27, 7)', '(30, 3)', '(27, 16)', '(30, 12)', '(19, 12)', '(25, 16)', '(15, 8)', '(31, 4)', '(29, 16)', '(21, 12)', '(23, 9)', '(34, 15)', '(27, 9)', '(17, 8)', '(30, 5)', '(33, 4)', '(30, 14)', '(10, 11)', '(11, 10)', '(25, 9)', '(32, 8)', '(2, 16)', '(15, 10)', '(31, 6)', '(6, 16)', '(12, 11)', '(34, 8)', '(4, 16)', '(27, 11)', '(17, 10)', '(30, 16)', '(19, 16)', '(8, 16)', '(32, 10)', '(15, 12)']",39,0,39
145,"(10, 13)","(10, 12)",North,"[('(10, 14)', 'North', 1), ('(10, 12)', 'South', 1)]","['(14, 8)', '(27, 3)', '(33, 1)', '(1, 10)', '(10, 13)']","['(10, 14)', '(14, 8)', '(27, 3)', '(33, 1)', '(1, 10)']","['(21, 16)', '(34, 1)', '(34, 10)', '(27, 4)', '(27, 13)', '(17, 12)', '(30, 9)', '(32, 12)', '(1, 15)', '(26, 14)', '(15, 14)', '(21, 9)', '(34, 3)', '(34, 12)', '(27, 6)', '(17, 14)', '(19, 11)', '(11, 16)', '(32, 14)', '(29, 6)', '(26, 16)', '(15, 16)', '(18, 12)', '(34, 14)', '(22, 12)', '(27, 8)', '(30, 4)', '(28, 16)', '(30, 13)', '(17, 16)', '(33, 6)', '(32, 16)', '(24, 12)', '(13, 12)', '(25, 11)', '(26, 9)', '(16, 8)', '(31, 8)', '(34, 7)', '(34, 16)', '(12, 13)', '(14, 10)', '(17, 9)', '(30, 6)', '(5, 16)', '(33, 8)', '(13, 14)', '(26, 11)', '(1, 12)', '(16, 10)', '(18, 16)', '(7, 16)', '(31, 10)', '(20, 10)', '(22, 16)', '(14, 12)', '(9, 16)', '(33, 10)', '(24, 16)', '(13, 16)', '(25, 15)', '(16, 12)', '(1, 14)', '(31, 3)', '(34, 2)', '(31, 12)', '(34, 11)', '(20, 12)', '(22, 9)', '(14, 14)', '(32, 4)', '(33, 12)', '(24, 9)', '(10, 10)', '(1, 16)', '(16, 14)', '(34, 4)', '(31, 14)', '(12, 10)', '(14, 16)', '(3, 16)', '(32, 6)', '(33, 14)', '(24, 11)', '(10, 12)', '(16, 16)', '(29, 10)', '(34, 6)', '(31, 16)', '(20, 16)', '(23, 12)', '(12, 12)', '(27, 12)', '(30, 8)', '(33, 16)', '(1, 11)', '(20, 9)', '(12, 14)', '(14, 11)', '(27, 5)', '(27, 14)', '(17, 13)', '(30, 10)', '(10, 16)', '(1, 13)', '(25, 14)', '(20, 11)', '(23, 16)', '(12, 16)', '(27, 7)', '(30, 3)', '(27, 16)', '(30, 12)', '(19, 12)', '(25, 16)', '(15, 8)', '(31, 4)', '(29, 16)', '(21, 12)', '(23, 9)', '(34, 15)', '(27, 9)', '(17, 8)', '(30, 5)', '(33, 4)', '(30, 14)', '(10, 11)', '(11, 10)', '(25, 9)', '(32, 8)', '(2, 16)', '(15, 10)', '(31, 6)', '(6, 16)', '(12, 11)', '(34, 8)', '(4, 16)', '(27, 11)', '(17, 10)', '(30, 16)', '(19, 16)', '(8, 16)', '(10, 13)', '(32, 10)', '(15, 12)']",39,0,39
146,"(1, 10)","(1, 11)",South,"[('(1, 11)', 'North', 1), ('(1, 9)', 'South', 1)]","['(10, 14)', '(14, 8)', '(27, 3)', '(33, 1)', '(1, 10)']","['(1, 9)', '(10, 14)', '(14, 8)', '(27, 3)', '(33, 1)']","['(21, 16)', '(34, 1)', '(34, 10)', '(27, 4)', '(27, 13)', '(17, 12)', '(30, 9)', '(32, 12)', '(1, 15)', '(26, 14)', '(15, 14)', '(21, 9)', '(34, 3)', '(34, 12)', '(27, 6)', '(17, 14)', '(19, 11)', '(11, 16)', '(32, 14)', '(29, 6)', '(26, 16)', '(15, 16)', '(18, 12)', '(34, 14)', '(22, 12)', '(27, 8)', '(30, 4)', '(28, 16)', '(30, 13)', '(17, 16)', '(33, 6)', '(32, 16)', '(24, 12)', '(13, 12)', '(25, 11)', '(26, 9)', '(16, 8)', '(1, 10)', '(31, 8)', '(34, 7)', '(34, 16)', '(12, 13)', '(14, 10)', '(17, 9)', '(30, 6)', '(5, 16)', '(33, 8)', '(13, 14)', '(26, 11)', '(1, 12)', '(16, 10)', '(18, 16)', '(7, 16)', '(31, 10)', '(20, 10)', '(22, 16)', '(14, 12)', '(9, 16)', '(33, 10)', '(24, 16)', '(13, 16)', '(25, 15)', '(16, 12)', '(1, 14)', '(31, 3)', '(34, 2)', '(31, 12)', '(34, 11)', '(20, 12)', '(22, 9)', '(14, 14)', '(32, 4)', '(33, 12)', '(24, 9)', '(10, 10)', '(1, 16)', '(16, 14)', '(34, 4)', '(31, 14)', '(12, 10)', '(14, 16)', '(3, 16)', '(32, 6)', '(33, 14)', '(24, 11)', '(10, 12)', '(16, 16)', '(29, 10)', '(34, 6)', '(31, 16)', '(20, 16)', '(23, 12)', '(12, 12)', '(27, 12)', '(30, 8)', '(33, 16)', '(1, 11)', '(20, 9)', '(12, 14)', '(14, 11)', '(27, 5)', '(27, 14)', '(17, 13)', '(30, 10)', '(10, 16)', '(1, 13)', '(25, 14)', '(20, 11)', '(23, 16)', '(12, 16)', '(27, 7)', '(30, 3)', '(27, 16)', '(30, 12)', '(19, 12)', '(25, 16)', '(15, 8)', '(31, 4)', '(29, 16)', '(21, 12)', '(23, 9)', '(34, 15)', '(27, 9)', '(17, 8)', '(30, 5)', '(33, 4)', '(30, 14)', '(10, 11)', '(11, 10)', '(25, 9)', '(32, 8)', '(2, 16)', '(15, 10)', '(31, 6)', '(6, 16)', '(12, 11)', '(34, 8)', '(4, 16)', '(27, 11)', '(17, 10)', '(30, 16)', '(19, 16)', '(8, 16)', '(10, 13)', '(32, 10)', '(15, 12)']",39,0,39
147,"(33, 1)","(34, 1)",West,"[('(34, 1)', 'East', 1), ('(32, 1)', 'West', 1)]","['(1, 9)', '(10, 14)', '(14, 8)', '(27, 3)', '(33, 1)']","['(32, 1)', '(1, 9)', '(10, 14)', '(14, 8)', '(27, 3)']","['(21, 16)', '(34, 1)', '(34, 10)', '(27, 4)', '(27, 13)', '(17, 12)', '(30, 9)', '(32, 12)', '(1, 15)', '(26, 14)', '(15, 14)', '(21, 9)', '(34, 3)', '(34, 12)', '(27, 6)', '(17, 14)', '(19, 11)', '(11, 16)', '(32, 14)', '(29, 6)', '(26, 16)', '(15, 16)', '(18, 12)', '(34, 14)', '(22, 12)', '(27, 8)', '(30, 4)', '(28, 16)', '(30, 13)', '(17, 16)', '(33, 6)', '(32, 16)', '(24, 12)', '(13, 12)', '(25, 11)', '(26, 9)', '(16, 8)', '(1, 10)', '(31, 8)', '(34, 7)', '(34, 16)', '(12, 13)', '(14, 10)', '(17, 9)', '(30, 6)', '(5, 16)', '(33, 8)', '(13, 14)', '(26, 11)', '(1, 12)', '(16, 10)', '(18, 16)', '(7, 16)', '(31, 10)', '(20, 10)', '(22, 16)', '(14, 12)', '(9, 16)', '(33, 1)', '(33, 10)', '(24, 16)', '(13, 16)', '(25, 15)', '(16, 12)', '(1, 14)', '(31, 3)', '(34, 2)', '(31, 12)', '(34, 11)', '(20, 12)', '(22, 9)', '(14, 14)', '(32, 4)', '(33, 12)', '(24, 9)', '(10, 10)', '(1, 16)', '(16, 14)', '(34, 4)', '(31, 14)', '(12, 10)', '(14, 16)', '(3, 16)', '(32, 6)', '(33, 14)', '(24, 11)', '(10, 12)', '(16, 16)', '(29, 10)', '(34, 6)', '(31, 16)', '(20, 16)', '(23, 12)', '(12, 12)', '(27, 12)', '(30, 8)', '(33, 16)', '(1, 11)', '(20, 9)', '(12, 14)', '(14, 11)', '(27, 5)', '(27, 14)', '(17, 13)', '(30, 10)', '(10, 16)', '(1, 13)', '(25, 14)', '(20, 11)', '(23, 16)', '(12, 16)', '(27, 7)', '(30, 3)', '(27, 16)', '(30, 12)', '(19, 12)', '(25, 16)', '(15, 8)', '(31, 4)', '(29, 16)', '(21, 12)', '(23, 9)', '(34, 15)', '(27, 9)', '(17, 8)', '(30, 5)', '(33, 4)', '(30, 14)', '(10, 11)', '(11, 10)', '(25, 9)', '(32, 8)', '(2, 16)', '(15, 10)', '(31, 6)', '(6, 16)', '(12, 11)', '(34, 8)', '(4, 16)', '(27, 11)', '(17, 10)', '(30, 16)', '(19, 16)', '(8, 16)', '(10, 13)', '(32, 10)', '(15, 12)']",40,0,40
148,"(27, 3)","(27, 4)",South,"[('(27, 4)', 'North', 1), ('(27, 2)', 'South', 1)]","['(32, 1)', '(1, 9)', '(10, 14)', '(14, 8)', '(27, 3)']","['(27, 2)', '(32, 1)', '(1, 9)', '(10, 14)', '(14, 8)']","['(21, 16)', '(34, 1)', '(34, 10)', '(27, 4)', '(27, 13)', '(17, 12)', '(30, 9)', '(32, 12)', '(1, 15)', '(26, 14)', '(15, 14)', '(21, 9)', '(34, 3)', '(34, 12)', '(27, 6)', '(17, 14)', '(19, 11)', '(11, 16)', '(32, 14)', '(29, 6)', '(26, 16)', '(15, 16)', '(18, 12)', '(34, 14)', '(22, 12)', '(27, 8)', '(30, 4)', '(28, 16)', '(30, 13)', '(17, 16)', '(33, 6)', '(32, 16)', '(24, 12)', '(13, 12)', '(25, 11)', '(26, 9)', '(16, 8)', '(1, 10)', '(31, 8)', '(34, 7)', '(34, 16)', '(12, 13)', '(14, 10)', '(17, 9)', '(30, 6)', '(5, 16)', '(33, 8)', '(13, 14)', '(26, 11)', '(1, 12)', '(16, 10)', '(18, 16)', '(7, 16)', '(31, 10)', '(20, 10)', '(22, 16)', '(14, 12)', '(9, 16)', '(33, 1)', '(33, 10)', '(24, 16)', '(13, 16)', '(25, 15)', '(16, 12)', '(1, 14)', '(31, 3)', '(34, 2)', '(31, 12)', '(34, 11)', '(20, 12)', '(22, 9)', '(14, 14)', '(32, 4)', '(33, 12)', '(24, 9)', '(10, 10)', '(1, 16)', '(16, 14)', '(34, 4)', '(31, 14)', '(12, 10)', '(14, 16)', '(3, 16)', '(32, 6)', '(33, 14)', '(24, 11)', '(10, 12)', '(16, 16)', '(29, 10)', '(34, 6)', '(31, 16)', '(20, 16)', '(23, 12)', '(12, 12)', '(27, 3)', '(27, 12)', '(30, 8)', '(33, 16)', '(1, 11)', '(20, 9)', '(12, 14)', '(14, 11)', '(27, 5)', '(27, 14)', '(17, 13)', '(30, 10)', '(10, 16)', '(1, 13)', '(25, 14)', '(20, 11)', '(23, 16)', '(12, 16)', '(27, 7)', '(30, 3)', '(27, 16)', '(30, 12)', '(19, 12)', '(25, 16)', '(15, 8)', '(31, 4)', '(29, 16)', '(21, 12)', '(23, 9)', '(34, 15)', '(27, 9)', '(17, 8)', '(30, 5)', '(33, 4)', '(30, 14)', '(10, 11)', '(11, 10)', '(25, 9)', '(32, 8)', '(2, 16)', '(15, 10)', '(31, 6)', '(6, 16)', '(12, 11)', '(34, 8)', '(4, 16)', '(27, 11)', '(17, 10)', '(30, 16)', '(19, 16)', '(8, 16)', '(10, 13)', '(32, 10)', '(15, 12)']",40,0,40
149,"(14, 8)","(15, 8)",West,"[('(15, 8)', 'East', 1), ('(13, 8)', 'West', 1)]","['(27, 2)', '(32, 1)', '(1, 9)', '(10, 14)', '(14, 8)']","['(13, 8)', '(27, 2)', '(32, 1)', '(1, 9)', '(10, 14)']","['(21, 16)', '(34, 1)', '(34, 10)', '(27, 4)', '(27, 13)', '(17, 12)', '(30, 9)', '(32, 12)', '(1, 15)', '(26, 14)', '(15, 14)', '(21, 9)', '(34, 3)', '(34, 12)', '(27, 6)', '(17, 14)', '(19, 11)', '(11, 16)', '(32, 14)', '(29, 6)', '(26, 16)', '(15, 16)', '(18, 12)', '(34, 14)', '(22, 12)', '(27, 8)', '(14, 8)', '(30, 4)', '(28, 16)', '(30, 13)', '(17, 16)', '(33, 6)', '(32, 16)', '(24, 12)', '(13, 12)', '(25, 11)', '(26, 9)', '(16, 8)', '(1, 10)', '(31, 8)', '(34, 7)', '(34, 16)', '(12, 13)', '(14, 10)', '(17, 9)', '(30, 6)', '(5, 16)', '(33, 8)', '(13, 14)', '(26, 11)', '(1, 12)', '(16, 10)', '(18, 16)', '(7, 16)', '(31, 10)', '(20, 10)', '(22, 16)', '(14, 12)', '(9, 16)', '(33, 1)', '(33, 10)', '(24, 16)', '(13, 16)', '(25, 15)', '(16, 12)', '(1, 14)', '(31, 3)', '(34, 2)', '(31, 12)', '(34, 11)', '(20, 12)', '(22, 9)', '(14, 14)', '(32, 4)', '(33, 12)', '(24, 9)', '(10, 10)', '(1, 16)', '(16, 14)', '(34, 4)', '(31, 14)', '(12, 10)', '(14, 16)', '(3, 16)', '(32, 6)', '(33, 14)', '(24, 11)', '(10, 12)', '(16, 16)', '(29, 10)', '(34, 6)', '(31, 16)', '(20, 16)', '(23, 12)', '(12, 12)', '(27, 3)', '(27, 12)', '(30, 8)', '(33, 16)', '(1, 11)', '(20, 9)', '(12, 14)', '(14, 11)', '(27, 5)', '(27, 14)', '(17, 13)', '(30, 10)', '(10, 16)', '(1, 13)', '(25, 14)', '(20, 11)', '(23, 16)', '(12, 16)', '(27, 7)', '(30, 3)', '(27, 16)', '(30, 12)', '(19, 12)', '(25, 16)', '(15, 8)', '(31, 4)', '(29, 16)', '(21, 12)', '(23, 9)', '(34, 15)', '(27, 9)', '(17, 8)', '(30, 5)', '(33, 4)', '(30, 14)', '(10, 11)', '(11, 10)', '(25, 9)', '(32, 8)', '(2, 16)', '(15, 10)', '(31, 6)', '(6, 16)', '(12, 11)', '(34, 8)', '(4, 16)', '(27, 11)', '(17, 10)', '(30, 16)', '(19, 16)', '(8, 16)', '(10, 13)', '(32, 10)', '(15, 12)']",40,0,40
150,"(10, 14)","(10, 13)",North,"[('(10, 13)', 'South', 1), ('(9, 14)', 'West', 1)]","['(13, 8)', '(27, 2)', '(32, 1)', '(1, 9)', '(10, 14)']","['(9, 14)', '(13, 8)', '(27, 2)', '(32, 1)', '(1, 9)']","['(21, 16)', '(34, 1)', '(34, 10)', '(27, 4)', '(27, 13)', '(17, 12)', '(30, 9)', '(32, 12)', '(1, 15)', '(26, 14)', '(15, 14)', '(21, 9)', '(34, 3)', '(34, 12)', '(27, 6)', '(17, 14)', '(19, 11)', '(11, 16)', '(32, 14)', '(29, 6)', '(26, 16)', '(15, 16)', '(18, 12)', '(34, 14)', '(22, 12)', '(27, 8)', '(14, 8)', '(30, 4)', '(28, 16)', '(30, 13)', '(17, 16)', '(33, 6)', '(32, 16)', '(24, 12)', '(13, 12)', '(25, 11)', '(26, 9)', '(16, 8)', '(1, 10)', '(31, 8)', '(34, 7)', '(34, 16)', '(12, 13)', '(14, 10)', '(17, 9)', '(30, 6)', '(5, 16)', '(33, 8)', '(13, 14)', '(26, 11)', '(1, 12)', '(16, 10)', '(18, 16)', '(7, 16)', '(31, 10)', '(20, 10)', '(22, 16)', '(14, 12)', '(9, 16)', '(33, 1)', '(33, 10)', '(24, 16)', '(13, 16)', '(25, 15)', '(16, 12)', '(1, 14)', '(31, 3)', '(34, 2)', '(31, 12)', '(34, 11)', '(20, 12)', '(22, 9)', '(14, 14)', '(32, 4)', '(33, 12)', '(24, 9)', '(10, 10)', '(1, 16)', '(16, 14)', '(34, 4)', '(31, 14)', '(12, 10)', '(14, 16)', '(3, 16)', '(32, 6)', '(33, 14)', '(24, 11)', '(10, 12)', '(16, 16)', '(29, 10)', '(34, 6)', '(31, 16)', '(20, 16)', '(23, 12)', '(12, 12)', '(27, 3)', '(27, 12)', '(30, 8)', '(33, 16)', '(1, 11)', '(10, 14)', '(20, 9)', '(12, 14)', '(14, 11)', '(27, 5)', '(27, 14)', '(17, 13)', '(30, 10)', '(10, 16)', '(1, 13)', '(25, 14)', '(20, 11)', '(23, 16)', '(12, 16)', '(27, 7)', '(30, 3)', '(27, 16)', '(30, 12)', '(19, 12)', '(25, 16)', '(15, 8)', '(31, 4)', '(29, 16)', '(21, 12)', '(23, 9)', '(34, 15)', '(27, 9)', '(17, 8)', '(30, 5)', '(33, 4)', '(30, 14)', '(10, 11)', '(11, 10)', '(25, 9)', '(32, 8)', '(2, 16)', '(15, 10)', '(31, 6)', '(6, 16)', '(12, 11)', '(34, 8)', '(4, 16)', '(27, 11)', '(17, 10)', '(30, 16)', '(19, 16)', '(8, 16)', '(10, 13)', '(32, 10)', '(15, 12)']",40,0,40
151,"(1, 9)","(1, 10)",South,"[('(1, 10)', 'North', 1), ('(1, 8)', 'South', 1)]","['(9, 14)', '(13, 8)', '(27, 2)', '(32, 1)', '(1, 9)']","['(1, 8)', '(9, 14)', '(13, 8)', '(27, 2)', '(32, 1)']","['(21, 16)', '(34, 1)', '(34, 10)', '(27, 4)', '(27, 13)', '(17, 12)', '(30, 9)', '(32, 12)', '(1, 15)', '(26, 14)', '(15, 14)', '(21, 9)', '(34, 3)', '(34, 12)', '(27, 6)', '(17, 14)', '(19, 11)', '(11, 16)', '(32, 14)', '(29, 6)', '(26, 16)', '(15, 16)', '(18, 12)', '(34, 14)', '(22, 12)', '(27, 8)', '(14, 8)', '(30, 4)', '(28, 16)', '(30, 13)', '(17, 16)', '(33, 6)', '(32, 16)', '(24, 12)', '(13, 12)', '(25, 11)', '(26, 9)', '(16, 8)', '(1, 10)', '(31, 8)', '(34, 7)', '(34, 16)', '(12, 13)', '(14, 10)', '(17, 9)', '(30, 6)', '(5, 16)', '(33, 8)', '(13, 14)', '(26, 11)', '(1, 12)', '(16, 10)', '(18, 16)', '(7, 16)', '(31, 10)', '(20, 10)', '(22, 16)', '(14, 12)', '(9, 16)', '(33, 1)', '(33, 10)', '(24, 16)', '(13, 16)', '(25, 15)', '(16, 12)', '(1, 14)', '(31, 3)', '(34, 2)', '(31, 12)', '(34, 11)', '(20, 12)', '(22, 9)', '(14, 14)', '(32, 4)', '(33, 12)', '(24, 9)', '(10, 10)', '(1, 16)', '(16, 14)', '(34, 4)', '(31, 14)', '(12, 10)', '(14, 16)', '(3, 16)', '(32, 6)', '(33, 14)', '(24, 11)', '(10, 12)', '(1, 9)', '(16, 16)', '(29, 10)', '(34, 6)', '(31, 16)', '(20, 16)', '(23, 12)', '(12, 12)', '(27, 3)', '(27, 12)', '(30, 8)', '(33, 16)', '(1, 11)', '(10, 14)', '(20, 9)', '(12, 14)', '(14, 11)', '(27, 5)', '(27, 14)', '(17, 13)', '(30, 10)', '(10, 16)', '(1, 13)', '(25, 14)', '(20, 11)', '(23, 16)', '(12, 16)', '(27, 7)', '(30, 3)', '(27, 16)', '(30, 12)', '(19, 12)', '(25, 16)', '(15, 8)', '(31, 4)', '(29, 16)', '(21, 12)', '(23, 9)', '(34, 15)', '(27, 9)', '(17, 8)', '(30, 5)', '(33, 4)', '(30, 14)', '(10, 11)', '(11, 10)', '(25, 9)', '(32, 8)', '(2, 16)', '(15, 10)', '(31, 6)', '(6, 16)', '(12, 11)', '(34, 8)', '(4, 16)', '(27, 11)', '(17, 10)', '(30, 16)', '(19, 16)', '(8, 16)', '(10, 13)', '(32, 10)', '(15, 12)']",40,0,40
152,"(32, 1)","(33, 1)",West,"[('(33, 1)', 'East', 1), ('(31, 1)', 'West', 1)]","['(1, 8)', '(9, 14)', '(13, 8)', '(27, 2)', '(32, 1)']","['(31, 1)', '(1, 8)', '(9, 14)', '(13, 8)', '(27, 2)']","['(21, 16)', '(34, 1)', '(34, 10)', '(27, 4)', '(27, 13)', '(17, 12)', '(30, 9)', '(32, 12)', '(1, 15)', '(26, 14)', '(15, 14)', '(21, 9)', '(34, 3)', '(34, 12)', '(27, 6)', '(17, 14)', '(19, 11)', '(11, 16)', '(32, 14)', '(29, 6)', '(26, 16)', '(15, 16)', '(18, 12)', '(34, 14)', '(22, 12)', '(27, 8)', '(14, 8)', '(30, 4)', '(28, 16)', '(30, 13)', '(17, 16)', '(33, 6)', '(32, 16)', '(24, 12)', '(13, 12)', '(25, 11)', '(26, 9)', '(16, 8)', '(1, 10)', '(31, 8)', '(34, 7)', '(34, 16)', '(12, 13)', '(14, 10)', '(17, 9)', '(30, 6)', '(5, 16)', '(33, 8)', '(13, 14)', '(26, 11)', '(1, 12)', '(16, 10)', '(18, 16)', '(7, 16)', '(31, 10)', '(20, 10)', '(22, 16)', '(14, 12)', '(9, 16)', '(33, 1)', '(33, 10)', '(24, 16)', '(13, 16)', '(25, 15)', '(16, 12)', '(1, 14)', '(31, 3)', '(34, 2)', '(31, 12)', '(34, 11)', '(20, 12)', '(22, 9)', '(14, 14)', '(32, 4)', '(33, 12)', '(24, 9)', '(10, 10)', '(1, 16)', '(16, 14)', '(34, 4)', '(31, 14)', '(12, 10)', '(14, 16)', '(3, 16)', '(32, 6)', '(33, 14)', '(24, 11)', '(10, 12)', '(1, 9)', '(16, 16)', '(29, 10)', '(34, 6)', '(31, 16)', '(20, 16)', '(23, 12)', '(12, 12)', '(27, 3)', '(27, 12)', '(30, 8)', '(33, 16)', '(1, 11)', '(10, 14)', '(20, 9)', '(12, 14)', '(14, 11)', '(27, 5)', '(32, 1)', '(27, 14)', '(17, 13)', '(30, 10)', '(10, 16)', '(1, 13)', '(25, 14)', '(20, 11)', '(23, 16)', '(12, 16)', '(27, 7)', '(30, 3)', '(27, 16)', '(30, 12)', '(19, 12)', '(25, 16)', '(15, 8)', '(31, 4)', '(29, 16)', '(21, 12)', '(23, 9)', '(34, 15)', '(27, 9)', '(17, 8)', '(30, 5)', '(33, 4)', '(30, 14)', '(10, 11)', '(11, 10)', '(25, 9)', '(32, 8)', '(2, 16)', '(15, 10)', '(31, 6)', '(6, 16)', '(12, 11)', '(34, 8)', '(4, 16)', '(27, 11)', '(17, 10)', '(30, 16)', '(19, 16)', '(8, 16)', '(10, 13)', '(32, 10)', '(15, 12)']",41,0,41
153,"(27, 2)","(27, 3)",South,"[('(27, 3)', 'North', 1), ('(27, 1)', 'South', 1), ('(26, 2)', 'West', 1)]","['(31, 1)', '(1, 8)', '(9, 14)', '(13, 8)', '(27, 2)']","['(26, 2)', '(27, 1)', '(31, 1)', '(1, 8)', '(9, 14)', '(13, 8)']","['(21, 16)', '(34, 1)', '(34, 10)', '(27, 4)', '(27, 13)', '(17, 12)', '(30, 9)', '(32, 12)', '(1, 15)', '(26, 14)', '(15, 14)', '(21, 9)', '(34, 3)', '(34, 12)', '(27, 6)', '(17, 14)', '(19, 11)', '(11, 16)', '(32, 14)', '(29, 6)', '(26, 16)', '(15, 16)', '(18, 12)', '(34, 14)', '(22, 12)', '(27, 8)', '(14, 8)', '(30, 4)', '(28, 16)', '(30, 13)', '(17, 16)', '(33, 6)', '(32, 16)', '(24, 12)', '(13, 12)', '(25, 11)', '(26, 9)', '(16, 8)', '(1, 10)', '(31, 8)', '(34, 7)', '(34, 16)', '(12, 13)', '(14, 10)', '(17, 9)', '(30, 6)', '(5, 16)', '(33, 8)', '(13, 14)', '(26, 11)', '(1, 12)', '(16, 10)', '(18, 16)', '(7, 16)', '(31, 10)', '(20, 10)', '(22, 16)', '(14, 12)', '(9, 16)', '(33, 1)', '(33, 10)', '(24, 16)', '(13, 16)', '(25, 15)', '(16, 12)', '(1, 14)', '(31, 3)', '(34, 2)', '(31, 12)', '(34, 11)', '(20, 12)', '(22, 9)', '(14, 14)', '(32, 4)', '(33, 12)', '(24, 9)', '(10, 10)', '(1, 16)', '(16, 14)', '(34, 4)', '(31, 14)', '(12, 10)', '(14, 16)', '(3, 16)', '(32, 6)', '(33, 14)', '(24, 11)', '(10, 12)', '(1, 9)', '(16, 16)', '(29, 10)', '(34, 6)', '(31, 16)', '(20, 16)', '(23, 12)', '(12, 12)', '(27, 3)', '(27, 12)', '(30, 8)', '(33, 16)', '(1, 11)', '(10, 14)', '(20, 9)', '(12, 14)', '(14, 11)', '(27, 5)', '(32, 1)', '(27, 14)', '(17, 13)', '(30, 10)', '(10, 16)', '(1, 13)', '(25, 14)', '(20, 11)', '(23, 16)', '(12, 16)', '(27, 7)', '(30, 3)', '(27, 16)', '(30, 12)', '(19, 12)', '(25, 16)', '(15, 8)', '(31, 4)', '(29, 16)', '(21, 12)', '(23, 9)', '(34, 15)', '(27, 9)', '(17, 8)', '(30, 5)', '(33, 4)', '(30, 14)', '(10, 11)', '(11, 10)', '(25, 9)', '(32, 8)', '(2, 16)', '(15, 10)', '(31, 6)', '(6, 16)', '(12, 11)', '(34, 8)', '(27, 2)', '(4, 16)', '(27, 11)', '(17, 10)', '(30, 16)', '(19, 16)', '(8, 16)', '(10, 13)', '(32, 10)', '(15, 12)']",41,0,41
154,"(13, 8)","(14, 8)",West,"[('(14, 8)', 'East', 1), ('(12, 8)', 'West', 1)]","['(26, 2)', '(27, 1)', '(31, 1)', '(1, 8)', '(9, 14)', '(13, 8)']","['(12, 8)', '(26, 2)', '(27, 1)', '(31, 1)', '(1, 8)', '(9, 14)']","['(21, 16)', '(34, 1)', '(34, 10)', '(27, 4)', '(27, 13)', '(17, 12)', '(30, 9)', '(32, 12)', '(13, 8)', '(1, 15)', '(26, 14)', '(15, 14)', '(21, 9)', '(34, 3)', '(34, 12)', '(27, 6)', '(17, 14)', '(19, 11)', '(11, 16)', '(32, 14)', '(29, 6)', '(26, 16)', '(15, 16)', '(18, 12)', '(34, 14)', '(22, 12)', '(27, 8)', '(14, 8)', '(30, 4)', '(28, 16)', '(30, 13)', '(17, 16)', '(33, 6)', '(32, 16)', '(24, 12)', '(13, 12)', '(25, 11)', '(26, 9)', '(16, 8)', '(1, 10)', '(31, 8)', '(34, 7)', '(34, 16)', '(12, 13)', '(14, 10)', '(17, 9)', '(30, 6)', '(5, 16)', '(33, 8)', '(13, 14)', '(26, 11)', '(1, 12)', '(16, 10)', '(18, 16)', '(7, 16)', '(31, 10)', '(20, 10)', '(22, 16)', '(14, 12)', '(9, 16)', '(33, 1)', '(33, 10)', '(24, 16)', '(13, 16)', '(25, 15)', '(16, 12)', '(1, 14)', '(31, 3)', '(34, 2)', '(31, 12)', '(34, 11)', '(20, 12)', '(22, 9)', '(14, 14)', '(32, 4)', '(33, 12)', '(24, 9)', '(10, 10)', '(1, 16)', '(16, 14)', '(34, 4)', '(31, 14)', '(12, 10)', '(14, 16)', '(3, 16)', '(32, 6)', '(33, 14)', '(24, 11)', '(10, 12)', '(1, 9)', '(16, 16)', '(29, 10)', '(34, 6)', '(31, 16)', '(20, 16)', '(23, 12)', '(12, 12)', '(27, 3)', '(27, 12)', '(30, 8)', '(33, 16)', '(1, 11)', '(10, 14)', '(20, 9)', '(12, 14)', '(14, 11)', '(27, 5)', '(32, 1)', '(27, 14)', '(17, 13)', '(30, 10)', '(10, 16)', '(1, 13)', '(25, 14)', '(20, 11)', '(23, 16)', '(12, 16)', '(27, 7)', '(30, 3)', '(27, 16)', '(30, 12)', '(19, 12)', '(25, 16)', '(15, 8)', '(31, 4)', '(29, 16)', '(21, 12)', '(23, 9)', '(34, 15)', '(27, 9)', '(17, 8)', '(30, 5)', '(33, 4)', '(30, 14)', '(10, 11)', '(11, 10)', '(25, 9)', '(32, 8)', '(2, 16)', '(15, 10)', '(31, 6)', '(6, 16)', '(12, 11)', '(34, 8)', '(27, 2)', '(4, 16)', '(27, 11)', '(17, 10)', '(30, 16)', '(19, 16)', '(8, 16)', '(10, 13)', '(32, 10)', '(15, 12)']",41,0,41
155,"(9, 14)","(10, 14)",West,"[('(10, 14)', 'East', 1), ('(8, 14)', 'West', 1)]","['(12, 8)', '(26, 2)', '(27, 1)', '(31, 1)', '(1, 8)', '(9, 14)']","['(8, 14)', '(12, 8)', '(26, 2)', '(27, 1)', '(31, 1)', '(1, 8)']","['(21, 16)', '(34, 1)', '(34, 10)', '(27, 4)', '(27, 13)', '(17, 12)', '(30, 9)', '(32, 12)', '(13, 8)', '(1, 15)', '(26, 14)', '(15, 14)', '(21, 9)', '(34, 3)', '(34, 12)', '(27, 6)', '(17, 14)', '(19, 11)', '(11, 16)', '(32, 14)', '(29, 6)', '(26, 16)', '(15, 16)', '(18, 12)', '(34, 14)', '(22, 12)', '(27, 8)', '(14, 8)', '(30, 4)', '(28, 16)', '(30, 13)', '(17, 16)', '(33, 6)', '(32, 16)', '(24, 12)', '(13, 12)', '(25, 11)', '(26, 9)', '(16, 8)', '(1, 10)', '(31, 8)', '(34, 7)', '(34, 16)', '(12, 13)', '(14, 10)', '(17, 9)', '(30, 6)', '(5, 16)', '(9, 14)', '(33, 8)', '(13, 14)', '(26, 11)', '(1, 12)', '(16, 10)', '(18, 16)', '(7, 16)', '(31, 10)', '(20, 10)', '(22, 16)', '(14, 12)', '(9, 16)', '(33, 1)', '(33, 10)', '(24, 16)', '(13, 16)', '(25, 15)', '(16, 12)', '(1, 14)', '(31, 3)', '(34, 2)', '(31, 12)', '(34, 11)', '(20, 12)', '(22, 9)', '(14, 14)', '(32, 4)', '(33, 12)', '(24, 9)', '(10, 10)', '(1, 16)', '(16, 14)', '(34, 4)', '(31, 14)', '(12, 10)', '(14, 16)', '(3, 16)', '(32, 6)', '(33, 14)', '(24, 11)', '(10, 12)', '(1, 9)', '(16, 16)', '(29, 10)', '(34, 6)', '(31, 16)', '(20, 16)', '(23, 12)', '(12, 12)', '(27, 3)', '(27, 12)', '(30, 8)', '(33, 16)', '(1, 11)', '(10, 14)', '(20, 9)', '(12, 14)', '(14, 11)', '(27, 5)', '(32, 1)', '(27, 14)', '(17, 13)', '(30, 10)', '(10, 16)', '(1, 13)', '(25, 14)', '(20, 11)', '(23, 16)', '(12, 16)', '(27, 7)', '(30, 3)', '(27, 16)', '(30, 12)', '(19, 12)', '(25, 16)', '(15, 8)', '(31, 4)', '(29, 16)', '(21, 12)', '(23, 9)', '(34, 15)', '(27, 9)', '(17, 8)', '(30, 5)', '(33, 4)', '(30, 14)', '(10, 11)', '(11, 10)', '(25, 9)', '(32, 8)', '(2, 16)', '(15, 10)', '(31, 6)', '(6, 16)', '(12, 11)', '(34, 8)', '(27, 2)', '(4, 16)', '(27, 11)', '(17, 10)', '(30, 16)', '(19, 16)', '(8, 16)', '(10, 13)', '(32, 10)', '(15, 12)']",41,0,41
156,"(1, 8)","(1, 9)",South,"[('(1, 9)', 'North', 1), ('(1, 7)', 'South', 1)]","['(8, 14)', '(12, 8)', '(26, 2)', '(27, 1)', '(31, 1)', '(1, 8)']","['(1, 7)', '(8, 14)', '(12, 8)', '(26, 2)', '(27, 1)', '(31, 1)']","['(21, 16)', '(34, 1)', '(34, 10)', '(27, 4)', '(27, 13)', '(17, 12)', '(30, 9)', '(32, 12)', '(13, 8)', '(1, 15)', '(26, 14)', '(15, 14)', '(21, 9)', '(34, 3)', '(34, 12)', '(27, 6)', '(17, 14)', '(19, 11)', '(11, 16)', '(32, 14)', '(1, 8)', '(29, 6)', '(26, 16)', '(15, 16)', '(18, 12)', '(34, 14)', '(22, 12)', '(27, 8)', '(14, 8)', '(30, 4)', '(28, 16)', '(30, 13)', '(17, 16)', '(33, 6)', '(32, 16)', '(24, 12)', '(13, 12)', '(25, 11)', '(26, 9)', '(16, 8)', '(1, 10)', '(31, 8)', '(34, 7)', '(34, 16)', '(12, 13)', '(14, 10)', '(17, 9)', '(30, 6)', '(5, 16)', '(9, 14)', '(33, 8)', '(13, 14)', '(26, 11)', '(1, 12)', '(16, 10)', '(18, 16)', '(7, 16)', '(31, 10)', '(20, 10)', '(22, 16)', '(14, 12)', '(9, 16)', '(33, 1)', '(33, 10)', '(24, 16)', '(13, 16)', '(25, 15)', '(16, 12)', '(1, 14)', '(31, 3)', '(34, 2)', '(31, 12)', '(34, 11)', '(20, 12)', '(22, 9)', '(14, 14)', '(32, 4)', '(33, 12)', '(24, 9)', '(10, 10)', '(1, 16)', '(16, 14)', '(34, 4)', '(31, 14)', '(12, 10)', '(14, 16)', '(3, 16)', '(32, 6)', '(33, 14)', '(24, 11)', '(10, 12)', '(1, 9)', '(16, 16)', '(29, 10)', '(34, 6)', '(31, 16)', '(20, 16)', '(23, 12)', '(12, 12)', '(27, 3)', '(27, 12)', '(30, 8)', '(33, 16)', '(1, 11)', '(10, 14)', '(20, 9)', '(12, 14)', '(14, 11)', '(27, 5)', '(32, 1)', '(27, 14)', '(17, 13)', '(30, 10)', '(10, 16)', '(1, 13)', '(25, 14)', '(20, 11)', '(23, 16)', '(12, 16)', '(27, 7)', '(30, 3)', '(27, 16)', '(30, 12)', '(19, 12)', '(25, 16)', '(15, 8)', '(31, 4)', '(29, 16)', '(21, 12)', '(23, 9)', '(34, 15)', '(27, 9)', '(17, 8)', '(30, 5)', '(33, 4)', '(30, 14)', '(10, 11)', '(11, 10)', '(25, 9)', '(32, 8)', '(2, 16)', '(15, 10)', '(31, 6)', '(6, 16)', '(12, 11)', '(34, 8)', '(27, 2)', '(4, 16)', '(27, 11)', '(17, 10)', '(30, 16)', '(19, 16)', '(8, 16)', '(10, 13)', '(32, 10)', '(15, 12)']",41,0,41
157,"(31, 1)","(32, 1)",West,"[('(32, 1)', 'East', 1), ('(30, 1)', 'West', 1)]","['(1, 7)', '(8, 14)', '(12, 8)', '(26, 2)', '(27, 1)', '(31, 1)']","['(30, 1)', '(1, 7)', '(8, 14)', '(12, 8)', '(26, 2)', '(27, 1)']","['(21, 16)', '(34, 1)', '(34, 10)', '(27, 4)', '(27, 13)', '(17, 12)', '(30, 9)', '(32, 12)', '(13, 8)', '(1, 15)', '(26, 14)', '(15, 14)', '(21, 9)', '(34, 3)', '(34, 12)', '(27, 6)', '(17, 14)', '(19, 11)', '(11, 16)', '(32, 14)', '(1, 8)', '(29, 6)', '(26, 16)', '(15, 16)', '(18, 12)', '(34, 14)', '(22, 12)', '(27, 8)', '(14, 8)', '(30, 4)', '(28, 16)', '(30, 13)', '(17, 16)', '(33, 6)', '(32, 16)', '(24, 12)', '(13, 12)', '(25, 11)', '(26, 9)', '(16, 8)', '(1, 10)', '(31, 8)', '(34, 7)', '(34, 16)', '(12, 13)', '(14, 10)', '(17, 9)', '(30, 6)', '(5, 16)', '(9, 14)', '(33, 8)', '(13, 14)', '(26, 11)', '(1, 12)', '(16, 10)', '(18, 16)', '(7, 16)', '(31, 1)', '(31, 10)', '(20, 10)', '(22, 16)', '(14, 12)', '(9, 16)', '(33, 1)', '(33, 10)', '(24, 16)', '(13, 16)', '(25, 15)', '(16, 12)', '(1, 14)', '(31, 3)', '(34, 2)', '(31, 12)', '(34, 11)', '(20, 12)', '(22, 9)', '(14, 14)', '(32, 4)', '(33, 12)', '(24, 9)', '(10, 10)', '(1, 16)', '(16, 14)', '(34, 4)', '(31, 14)', '(12, 10)', '(14, 16)', '(3, 16)', '(32, 6)', '(33, 14)', '(24, 11)', '(10, 12)', '(1, 9)', '(16, 16)', '(29, 10)', '(34, 6)', '(31, 16)', '(20, 16)', '(23, 12)', '(12, 12)', '(27, 3)', '(27, 12)', '(30, 8)', '(33, 16)', '(1, 11)', '(10, 14)', '(20, 9)', '(12, 14)', '(14, 11)', '(27, 5)', '(32, 1)', '(27, 14)', '(17, 13)', '(30, 10)', '(10, 16)', '(1, 13)', '(25, 14)', '(20, 11)', '(23, 16)', '(12, 16)', '(27, 7)', '(30, 3)', '(27, 16)', '(30, 12)', '(19, 12)', '(25, 16)', '(15, 8)', '(31, 4)', '(29, 16)', '(21, 12)', '(23, 9)', '(34, 15)', '(27, 9)', '(17, 8)', '(30, 5)', '(33, 4)', '(30, 14)', '(10, 11)', '(11, 10)', '(25, 9)', '(32, 8)', '(2, 16)', '(15, 10)', '(31, 6)', '(6, 16)', '(12, 11)', '(34, 8)', '(27, 2)', '(4, 16)', '(27, 11)', '(17, 10)', '(30, 16)', '(19, 16)', '(8, 16)', '(10, 13)', '(32, 10)', '(15, 12)']",42,0,42
158,"(27, 1)","(27, 2)",South,"[('(27, 2)', 'North', 1), ('(28, 1)', 'East', 1)]","['(30, 1)', '(1, 7)', '(8, 14)', '(12, 8)', '(26, 2)', '(27, 1)']","['(28, 1)', '(30, 1)', '(1, 7)', '(8, 14)', '(12, 8)', '(26, 2)']","['(21, 16)', '(34, 1)', '(34, 10)', '(27, 4)', '(27, 13)', '(17, 12)', '(30, 9)', '(32, 12)', '(13, 8)', '(1, 15)', '(26, 14)', '(15, 14)', '(21, 9)', '(34, 3)', '(34, 12)', '(27, 6)', '(17, 14)', '(19, 11)', '(11, 16)', '(32, 14)', '(1, 8)', '(29, 6)', '(26, 16)', '(15, 16)', '(18, 12)', '(34, 14)', '(22, 12)', '(27, 8)', '(14, 8)', '(30, 4)', '(28, 16)', '(30, 13)', '(17, 16)', '(33, 6)', '(32, 16)', '(24, 12)', '(13, 12)', '(25, 11)', '(26, 9)', '(16, 8)', '(1, 10)', '(31, 8)', '(34, 7)', '(27, 1)', '(34, 16)', '(12, 13)', '(14, 10)', '(17, 9)', '(30, 6)', '(5, 16)', '(9, 14)', '(33, 8)', '(13, 14)', '(26, 11)', '(1, 12)', '(16, 10)', '(18, 16)', '(7, 16)', '(31, 1)', '(31, 10)', '(20, 10)', '(22, 16)', '(14, 12)', '(9, 16)', '(33, 1)', '(33, 10)', '(24, 16)', '(13, 16)', '(25, 15)', '(16, 12)', '(1, 14)', '(31, 3)', '(34, 2)', '(31, 12)', '(34, 11)', '(20, 12)', '(22, 9)', '(14, 14)', '(32, 4)', '(33, 12)', '(24, 9)', '(10, 10)', '(1, 16)', '(16, 14)', '(34, 4)', '(31, 14)', '(12, 10)', '(14, 16)', '(3, 16)', '(32, 6)', '(33, 14)', '(24, 11)', '(10, 12)', '(1, 9)', '(16, 16)', '(29, 10)', '(34, 6)', '(31, 16)', '(20, 16)', '(23, 12)', '(12, 12)', '(27, 3)', '(27, 12)', '(30, 8)', '(33, 16)', '(1, 11)', '(10, 14)', '(20, 9)', '(12, 14)', '(14, 11)', '(27, 5)', '(32, 1)', '(27, 14)', '(17, 13)', '(30, 10)', '(10, 16)', '(1, 13)', '(25, 14)', '(20, 11)', '(23, 16)', '(12, 16)', '(27, 7)', '(30, 3)', '(27, 16)', '(30, 12)', '(19, 12)', '(25, 16)', '(15, 8)', '(31, 4)', '(29, 16)', '(21, 12)', '(23, 9)', '(34, 15)', '(27, 9)', '(17, 8)', '(30, 5)', '(33, 4)', '(30, 14)', '(10, 11)', '(11, 10)', '(25, 9)', '(32, 8)', '(2, 16)', '(15, 10)', '(31, 6)', '(6, 16)', '(12, 11)', '(34, 8)', '(27, 2)', '(4, 16)', '(27, 11)', '(17, 10)', '(30, 16)', '(19, 16)', '(8, 16)', '(10, 13)', '(32, 10)', '(15, 12)']",42,0,42
159,"(26, 2)","(27, 2)",West,"[('(27, 2)', 'East', 1), ('(25, 2)', 'West', 1)]","['(28, 1)', '(30, 1)', '(1, 7)', '(8, 14)', '(12, 8)', '(26, 2)']","['(25, 2)', '(28, 1)', '(30, 1)', '(1, 7)', '(8, 14)', '(12, 8)']","['(21, 16)', '(34, 1)', '(34, 10)', '(27, 4)', '(27, 13)', '(17, 12)', '(30, 9)', '(32, 12)', '(13, 8)', '(1, 15)', '(26, 14)', '(15, 14)', '(21, 9)', '(34, 3)', '(34, 12)', '(27, 6)', '(17, 14)', '(19, 11)', '(11, 16)', '(32, 14)', '(1, 8)', '(29, 6)', '(26, 16)', '(15, 16)', '(18, 12)', '(34, 14)', '(22, 12)', '(27, 8)', '(14, 8)', '(30, 4)', '(28, 16)', '(30, 13)', '(17, 16)', '(33, 6)', '(32, 16)', '(24, 12)', '(13, 12)', '(25, 11)', '(26, 9)', '(16, 8)', '(1, 10)', '(31, 8)', '(34, 7)', '(27, 1)', '(34, 16)', '(12, 13)', '(14, 10)', '(17, 9)', '(30, 6)', '(5, 16)', '(9, 14)', '(33, 8)', '(26, 2)', '(13, 14)', '(26, 11)', '(1, 12)', '(16, 10)', '(18, 16)', '(7, 16)', '(31, 1)', '(31, 10)', '(20, 10)', '(22, 16)', '(14, 12)', '(9, 16)', '(33, 1)', '(33, 10)', '(24, 16)', '(13, 16)', '(25, 15)', '(16, 12)', '(1, 14)', '(31, 3)', '(34, 2)', '(31, 12)', '(34, 11)', '(20, 12)', '(22, 9)', '(14, 14)', '(32, 4)', '(33, 12)', '(24, 9)', '(10, 10)', '(1, 16)', '(16, 14)', '(34, 4)', '(31, 14)', '(12, 10)', '(14, 16)', '(3, 16)', '(32, 6)', '(33, 14)', '(24, 11)', '(10, 12)', '(1, 9)', '(16, 16)', '(29, 10)', '(34, 6)', '(31, 16)', '(20, 16)', '(23, 12)', '(12, 12)', '(27, 3)', '(27, 12)', '(30, 8)', '(33, 16)', '(1, 11)', '(10, 14)', '(20, 9)', '(12, 14)', '(14, 11)', '(27, 5)', '(32, 1)', '(27, 14)', '(17, 13)', '(30, 10)', '(10, 16)', '(1, 13)', '(25, 14)', '(20, 11)', '(23, 16)', '(12, 16)', '(27, 7)', '(30, 3)', '(27, 16)', '(30, 12)', '(19, 12)', '(25, 16)', '(15, 8)', '(31, 4)', '(29, 16)', '(21, 12)', '(23, 9)', '(34, 15)', '(27, 9)', '(17, 8)', '(30, 5)', '(33, 4)', '(30, 14)', '(10, 11)', '(11, 10)', '(25, 9)', '(32, 8)', '(2, 16)', '(15, 10)', '(31, 6)', '(6, 16)', '(12, 11)', '(34, 8)', '(27, 2)', '(4, 16)', '(27, 11)', '(17, 10)', '(30, 16)', '(19, 16)', '(8, 16)', '(10, 13)', '(32, 10)', '(15, 12)']",42,0,42
160,"(12, 8)","(13, 8)",West,"[('(13, 8)', 'East', 1), ('(11, 8)', 'West', 1)]","['(25, 2)', '(28, 1)', '(30, 1)', '(1, 7)', '(8, 14)', '(12, 8)']","['(11, 8)', '(25, 2)', '(28, 1)', '(30, 1)', '(1, 7)', '(8, 14)']","['(21, 16)', '(34, 1)', '(34, 10)', '(27, 4)', '(27, 13)', '(17, 12)', '(30, 9)', '(32, 12)', '(13, 8)', '(1, 15)', '(26, 14)', '(15, 14)', '(21, 9)', '(34, 3)', '(34, 12)', '(27, 6)', '(17, 14)', '(19, 11)', '(11, 16)', '(32, 14)', '(1, 8)', '(29, 6)', '(26, 16)', '(15, 16)', '(18, 12)', '(34, 14)', '(22, 12)', '(27, 8)', '(14, 8)', '(30, 4)', '(28, 16)', '(30, 13)', '(17, 16)', '(33, 6)', '(32, 16)', '(24, 12)', '(13, 12)', '(25, 11)', '(26, 9)', '(16, 8)', '(1, 10)', '(31, 8)', '(34, 7)', '(27, 1)', '(34, 16)', '(12, 13)', '(14, 10)', '(17, 9)', '(30, 6)', '(5, 16)', '(9, 14)', '(33, 8)', '(26, 2)', '(13, 14)', '(26, 11)', '(1, 12)', '(16, 10)', '(18, 16)', '(7, 16)', '(31, 1)', '(31, 10)', '(20, 10)', '(22, 16)', '(14, 12)', '(9, 16)', '(33, 1)', '(33, 10)', '(24, 16)', '(13, 16)', '(25, 15)', '(16, 12)', '(1, 14)', '(31, 3)', '(34, 2)', '(31, 12)', '(34, 11)', '(20, 12)', '(22, 9)', '(12, 8)', '(14, 14)', '(32, 4)', '(33, 12)', '(24, 9)', '(10, 10)', '(1, 16)', '(16, 14)', '(34, 4)', '(31, 14)', '(12, 10)', '(14, 16)', '(3, 16)', '(32, 6)', '(33, 14)', '(24, 11)', '(10, 12)', '(1, 9)', '(16, 16)', '(29, 10)', '(34, 6)', '(31, 16)', '(20, 16)', '(23, 12)', '(12, 12)', '(27, 3)', '(27, 12)', '(30, 8)', '(33, 16)', '(1, 11)', '(10, 14)', '(20, 9)', '(12, 14)', '(14, 11)', '(27, 5)', '(32, 1)', '(27, 14)', '(17, 13)', '(30, 10)', '(10, 16)', '(1, 13)', '(25, 14)', '(20, 11)', '(23, 16)', '(12, 16)', '(27, 7)', '(30, 3)', '(27, 16)', '(30, 12)', '(19, 12)', '(25, 16)', '(15, 8)', '(31, 4)', '(29, 16)', '(21, 12)', '(23, 9)', '(34, 15)', '(27, 9)', '(17, 8)', '(30, 5)', '(33, 4)', '(30, 14)', '(10, 11)', '(11, 10)', '(25, 9)', '(32, 8)', '(2, 16)', '(15, 10)', '(31, 6)', '(6, 16)', '(12, 11)', '(34, 8)', '(27, 2)', '(4, 16)', '(27, 11)', '(17, 10)', '(30, 16)', '(19, 16)', '(8, 16)', '(10, 13)', '(32, 10)', '(15, 12)']",42,0,42
161,"(8, 14)","(9, 14)",West,"[('(8, 13)', 'South', 1), ('(9, 14)', 'East', 1)]","['(11, 8)', '(25, 2)', '(28, 1)', '(30, 1)', '(1, 7)', '(8, 14)']","['(8, 13)', '(11, 8)', '(25, 2)', '(28, 1)', '(30, 1)', '(1, 7)']","['(21, 16)', '(34, 1)', '(34, 10)', '(27, 4)', '(27, 13)', '(17, 12)', '(30, 9)', '(32, 12)', '(13, 8)', '(1, 15)', '(26, 14)', '(15, 14)', '(21, 9)', '(34, 3)', '(34, 12)', '(27, 6)', '(17, 14)', '(19, 11)', '(11, 16)', '(32, 14)', '(1, 8)', '(29, 6)', '(26, 16)', '(15, 16)', '(18, 12)', '(34, 14)', '(22, 12)', '(27, 8)', '(14, 8)', '(30, 4)', '(28, 16)', '(30, 13)', '(17, 16)', '(33, 6)', '(32, 16)', '(24, 12)', '(13, 12)', '(25, 11)', '(26, 9)', '(16, 8)', '(1, 10)', '(31, 8)', '(34, 7)', '(27, 1)', '(34, 16)', '(12, 13)', '(14, 10)', '(17, 9)', '(30, 6)', '(5, 16)', '(9, 14)', '(33, 8)', '(26, 2)', '(13, 14)', '(26, 11)', '(1, 12)', '(16, 10)', '(18, 16)', '(7, 16)', '(31, 1)', '(31, 10)', '(20, 10)', '(22, 16)', '(14, 12)', '(9, 16)', '(33, 1)', '(33, 10)', '(24, 16)', '(13, 16)', '(25, 15)', '(16, 12)', '(1, 14)', '(31, 3)', '(34, 2)', '(31, 12)', '(34, 11)', '(20, 12)', '(22, 9)', '(12, 8)', '(14, 14)', '(32, 4)', '(33, 12)', '(24, 9)', '(10, 10)', '(1, 16)', '(16, 14)', '(34, 4)', '(31, 14)', '(12, 10)', '(14, 16)', '(3, 16)', '(32, 6)', '(33, 14)', '(24, 11)', '(10, 12)', '(1, 9)', '(16, 16)', '(29, 10)', '(34, 6)', '(31, 16)', '(20, 16)', '(23, 12)', '(12, 12)', '(27, 3)', '(27, 12)', '(30, 8)', '(33, 16)', '(1, 11)', '(10, 14)', '(20, 9)', '(12, 14)', '(14, 11)', '(27, 5)', '(32, 1)', '(27, 14)', '(17, 13)', '(30, 10)', '(10, 16)', '(1, 13)', '(25, 14)', '(20, 11)', '(23, 16)', '(12, 16)', '(27, 7)', '(30, 3)', '(27, 16)', '(30, 12)', '(19, 12)', '(25, 16)', '(15, 8)', '(31, 4)', '(29, 16)', '(21, 12)', '(23, 9)', '(34, 15)', '(27, 9)', '(17, 8)', '(30, 5)', '(33, 4)', '(30, 14)', '(10, 11)', '(8, 14)', '(11, 10)', '(25, 9)', '(32, 8)', '(2, 16)', '(15, 10)', '(31, 6)', '(6, 16)', '(12, 11)', '(34, 8)', '(27, 2)', '(4, 16)', '(27, 11)', '(17, 10)', '(30, 16)', '(19, 16)', '(8, 16)', '(10, 13)', '(32, 10)', '(15, 12)']",42,0,42
162,"(1, 7)","(1, 8)",South,"[('(1, 8)', 'North', 1), ('(2, 7)', 'East', 1)]","['(8, 13)', '(11, 8)', '(25, 2)', '(28, 1)', '(30, 1)', '(1, 7)']","['(2, 7)', '(8, 13)', '(11, 8)', '(25, 2)', '(28, 1)', '(30, 1)']","['(21, 16)', '(34, 1)', '(34, 10)', '(27, 4)', '(27, 13)', '(17, 12)', '(30, 9)', '(32, 12)', '(13, 8)', '(1, 15)', '(26, 14)', '(15, 14)', '(21, 9)', '(34, 3)', '(34, 12)', '(27, 6)', '(17, 14)', '(19, 11)', '(11, 16)', '(32, 14)', '(1, 8)', '(29, 6)', '(26, 16)', '(15, 16)', '(18, 12)', '(34, 14)', '(22, 12)', '(27, 8)', '(14, 8)', '(30, 4)', '(28, 16)', '(30, 13)', '(17, 16)', '(33, 6)', '(32, 16)', '(24, 12)', '(13, 12)', '(25, 11)', '(26, 9)', '(16, 8)', '(1, 10)', '(31, 8)', '(34, 7)', '(27, 1)', '(34, 16)', '(12, 13)', '(14, 10)', '(17, 9)', '(30, 6)', '(5, 16)', '(9, 14)', '(33, 8)', '(26, 2)', '(13, 14)', '(26, 11)', '(1, 12)', '(16, 10)', '(18, 16)', '(7, 16)', '(31, 1)', '(31, 10)', '(20, 10)', '(22, 16)', '(14, 12)', '(9, 16)', '(33, 1)', '(33, 10)', '(24, 16)', '(13, 16)', '(25, 15)', '(16, 12)', '(1, 14)', '(31, 3)', '(34, 2)', '(31, 12)', '(34, 11)', '(20, 12)', '(22, 9)', '(12, 8)', '(14, 14)', '(32, 4)', '(33, 12)', '(24, 9)', '(10, 10)', '(1, 7)', '(1, 16)', '(16, 14)', '(34, 4)', '(31, 14)', '(12, 10)', '(14, 16)', '(3, 16)', '(32, 6)', '(33, 14)', '(24, 11)', '(10, 12)', '(1, 9)', '(16, 16)', '(29, 10)', '(34, 6)', '(31, 16)', '(20, 16)', '(23, 12)', '(12, 12)', '(27, 3)', '(27, 12)', '(30, 8)', '(33, 16)', '(1, 11)', '(10, 14)', '(20, 9)', '(12, 14)', '(14, 11)', '(27, 5)', '(32, 1)', '(27, 14)', '(17, 13)', '(30, 10)', '(10, 16)', '(1, 13)', '(25, 14)', '(20, 11)', '(23, 16)', '(12, 16)', '(27, 7)', '(30, 3)', '(27, 16)', '(30, 12)', '(19, 12)', '(25, 16)', '(15, 8)', '(31, 4)', '(29, 16)', '(21, 12)', '(23, 9)', '(34, 15)', '(27, 9)', '(17, 8)', '(30, 5)', '(33, 4)', '(30, 14)', '(10, 11)', '(8, 14)', '(11, 10)', '(25, 9)', '(32, 8)', '(2, 16)', '(15, 10)', '(31, 6)', '(6, 16)', '(12, 11)', '(34, 8)', '(27, 2)', '(4, 16)', '(27, 11)', '(17, 10)', '(30, 16)', '(19, 16)', '(8, 16)', '(10, 13)', '(32, 10)', '(15, 12)']",42,0,42
163,"(30, 1)","(31, 1)",West,"[('(31, 1)', 'East', 1), ('(29, 1)', 'West', 1)]","['(2, 7)', '(8, 13)', '(11, 8)', '(25, 2)', '(28, 1)', '(30, 1)']","['(29, 1)', '(2, 7)', '(8, 13)', '(11, 8)', '(25, 2)', '(28, 1)']","['(21, 16)', '(34, 1)', '(34, 10)', '(27, 4)', '(27, 13)', '(17, 12)', '(30, 9)', '(32, 12)', '(13, 8)', '(1, 15)', '(26, 14)', '(15, 14)', '(21, 9)', '(34, 3)', '(34, 12)', '(27, 6)', '(17, 14)', '(19, 11)', '(11, 16)', '(32, 14)', '(1, 8)', '(29, 6)', '(26, 16)', '(15, 16)', '(18, 12)', '(34, 14)', '(22, 12)', '(27, 8)', '(14, 8)', '(30, 4)', '(28, 16)', '(30, 13)', '(17, 16)', '(33, 6)', '(32, 16)', '(24, 12)', '(13, 12)', '(25, 11)', '(26, 9)', '(16, 8)', '(1, 10)', '(31, 8)', '(34, 7)', '(27, 1)', '(34, 16)', '(12, 13)', '(14, 10)', '(17, 9)', '(30, 6)', '(5, 16)', '(9, 14)', '(33, 8)', '(26, 2)', '(13, 14)', '(26, 11)', '(1, 12)', '(16, 10)', '(18, 16)', '(7, 16)', '(31, 1)', '(31, 10)', '(20, 10)', '(22, 16)', '(14, 12)', '(9, 16)', '(33, 1)', '(33, 10)', '(24, 16)', '(13, 16)', '(25, 15)', '(16, 12)', '(1, 14)', '(31, 3)', '(34, 2)', '(31, 12)', '(34, 11)', '(20, 12)', '(22, 9)', '(12, 8)', '(14, 14)', '(32, 4)', '(33, 12)', '(24, 9)', '(10, 10)', '(1, 7)', '(1, 16)', '(16, 14)', '(34, 4)', '(31, 14)', '(12, 10)', '(14, 16)', '(3, 16)', '(32, 6)', '(33, 14)', '(24, 11)', '(10, 12)', '(1, 9)', '(16, 16)', '(29, 10)', '(34, 6)', '(31, 16)', '(20, 16)', '(23, 12)', '(12, 12)', '(27, 3)', '(27, 12)', '(30, 8)', '(33, 16)', '(1, 11)', '(10, 14)', '(20, 9)', '(12, 14)', '(14, 11)', '(27, 5)', '(32, 1)', '(30, 1)', '(27, 14)', '(17, 13)', '(30, 10)', '(10, 16)', '(1, 13)', '(25, 14)', '(20, 11)', '(23, 16)', '(12, 16)', '(27, 7)', '(30, 3)', '(27, 16)', '(30, 12)', '(19, 12)', '(25, 16)', '(15, 8)', '(31, 4)', '(29, 16)', '(21, 12)', '(23, 9)', '(34, 15)', '(27, 9)', '(17, 8)', '(30, 5)', '(33, 4)', '(30, 14)', '(10, 11)', '(8, 14)', '(11, 10)', '(25, 9)', '(32, 8)', '(2, 16)', '(15, 10)', '(31, 6)', '(6, 16)', '(12, 11)', '(34, 8)', '(27, 2)', '(4, 16)', '(27, 11)', '(17, 10)', '(30, 16)', '(19, 16)', '(8, 16)', '(10, 13)', '(32, 10)', '(15, 12)']",43,0,43
164,"(28, 1)","(27, 1)",East,"[('(29, 1)', 'East', 1), ('(27, 1)', 'West', 1)]","['(29, 1)', '(2, 7)', '(8, 13)', '(11, 8)', '(25, 2)', '(28, 1)']","['(29, 1)', '(2, 7)', '(8, 13)', '(11, 8)', '(25, 2)']","['(21, 16)', '(34, 1)', '(34, 10)', '(27, 4)', '(27, 13)', '(17, 12)', '(30, 9)', '(32, 12)', '(13, 8)', '(1, 15)', '(26, 14)', '(15, 14)', '(21, 9)', '(34, 3)', '(34, 12)', '(27, 6)', '(17, 14)', '(19, 11)', '(11, 16)', '(32, 14)', '(1, 8)', '(29, 6)', '(26, 16)', '(15, 16)', '(18, 12)', '(34, 14)', '(22, 12)', '(27, 8)', '(14, 8)', '(30, 4)', '(28, 16)', '(30, 13)', '(17, 16)', '(33, 6)', '(32, 16)', '(24, 12)', '(13, 12)', '(25, 11)', '(26, 9)', '(16, 8)', '(1, 10)', '(31, 8)', '(34, 7)', '(27, 1)', '(34, 16)', '(12, 13)', '(14, 10)', '(17, 9)', '(30, 6)', '(5, 16)', '(9, 14)', '(33, 8)', '(26, 2)', '(13, 14)', '(26, 11)', '(1, 12)', '(16, 10)', '(18, 16)', '(7, 16)', '(31, 1)', '(31, 10)', '(20, 10)', '(22, 16)', '(14, 12)', '(9, 16)', '(33, 1)', '(33, 10)', '(24, 16)', '(13, 16)', '(25, 15)', '(16, 12)', '(1, 14)', '(31, 3)', '(34, 2)', '(31, 12)', '(34, 11)', '(20, 12)', '(22, 9)', '(12, 8)', '(14, 14)', '(32, 4)', '(33, 12)', '(24, 9)', '(10, 10)', '(1, 7)', '(1, 16)', '(16, 14)', '(34, 4)', '(31, 14)', '(12, 10)', '(14, 16)', '(3, 16)', '(32, 6)', '(33, 14)', '(24, 11)', '(10, 12)', '(1, 9)', '(16, 16)', '(29, 10)', '(34, 6)', '(31, 16)', '(20, 16)', '(23, 12)', '(12, 12)', '(27, 3)', '(27, 12)', '(30, 8)', '(33, 16)', '(1, 11)', '(10, 14)', '(20, 9)', '(12, 14)', '(14, 11)', '(27, 5)', '(32, 1)', '(30, 1)', '(27, 14)', '(17, 13)', '(30, 10)', '(10, 16)', '(1, 13)', '(25, 14)', '(20, 11)', '(23, 16)', '(12, 16)', '(27, 7)', '(30, 3)', '(27, 16)', '(30, 12)', '(19, 12)', '(25, 16)', '(15, 8)', '(31, 4)', '(29, 16)', '(21, 12)', '(23, 9)', '(34, 15)', '(27, 9)', '(17, 8)', '(30, 5)', '(33, 4)', '(30, 14)', '(10, 11)', '(8, 14)', '(11, 10)', '(25, 9)', '(32, 8)', '(2, 16)', '(15, 10)', '(31, 6)', '(6, 16)', '(12, 11)', '(34, 8)', '(27, 2)', '(4, 16)', '(28, 1)', '(27, 11)', '(17, 10)', '(30, 16)', '(19, 16)', '(8, 16)', '(10, 13)', '(32, 10)', '(15, 12)']",43,0,43
165,"(25, 2)","(26, 2)",West,"[('(26, 2)', 'East', 1), ('(24, 2)', 'West', 1)]","['(29, 1)', '(2, 7)', '(8, 13)', '(11, 8)', '(25, 2)']","['(24, 2)', '(29, 1)', '(2, 7)', '(8, 13)', '(11, 8)']","['(21, 16)', '(34, 1)', '(34, 10)', '(27, 4)', '(27, 13)', '(17, 12)', '(30, 9)', '(32, 12)', '(13, 8)', '(1, 15)', '(26, 14)', '(15, 14)', '(21, 9)', '(34, 3)', '(34, 12)', '(27, 6)', '(17, 14)', '(19, 11)', '(11, 16)', '(32, 14)', '(1, 8)', '(29, 6)', '(26, 16)', '(15, 16)', '(18, 12)', '(34, 14)', '(22, 12)', '(27, 8)', '(14, 8)', '(30, 4)', '(28, 16)', '(30, 13)', '(17, 16)', '(33, 6)', '(32, 16)', '(24, 12)', '(13, 12)', '(25, 11)', '(26, 9)', '(16, 8)', '(1, 10)', '(31, 8)', '(34, 7)', '(27, 1)', '(34, 16)', '(12, 13)', '(14, 10)', '(17, 9)', '(30, 6)', '(5, 16)', '(9, 14)', '(33, 8)', '(26, 2)', '(13, 14)', '(26, 11)', '(1, 12)', '(16, 10)', '(18, 16)', '(7, 16)', '(31, 1)', '(31, 10)', '(20, 10)', '(22, 16)', '(14, 12)', '(9, 16)', '(33, 1)', '(33, 10)', '(24, 16)', '(13, 16)', '(25, 15)', '(16, 12)', '(1, 14)', '(31, 3)', '(34, 2)', '(31, 12)', '(34, 11)', '(20, 12)', '(22, 9)', '(12, 8)', '(14, 14)', '(32, 4)', '(33, 12)', '(24, 9)', '(10, 10)', '(1, 7)', '(1, 16)', '(16, 14)', '(34, 4)', '(31, 14)', '(12, 10)', '(14, 16)', '(3, 16)', '(32, 6)', '(33, 14)', '(24, 11)', '(10, 12)', '(1, 9)', '(16, 16)', '(29, 10)', '(34, 6)', '(31, 16)', '(20, 16)', '(23, 12)', '(12, 12)', '(27, 3)', '(27, 12)', '(30, 8)', '(33, 16)', '(1, 11)', '(10, 14)', '(20, 9)', '(12, 14)', '(14, 11)', '(27, 5)', '(32, 1)', '(30, 1)', '(27, 14)', '(17, 13)', '(30, 10)', '(10, 16)', '(1, 13)', '(25, 14)', '(20, 11)', '(23, 16)', '(12, 16)', '(27, 7)', '(30, 3)', '(27, 16)', '(30, 12)', '(19, 12)', '(25, 16)', '(15, 8)', '(31, 4)', '(29, 16)', '(21, 12)', '(23, 9)', '(34, 15)', '(27, 9)', '(17, 8)', '(30, 5)', '(33, 4)', '(30, 14)', '(10, 11)', '(8, 14)', '(11, 10)', '(25, 9)', '(32, 8)', '(2, 16)', '(15, 10)', '(31, 6)', '(6, 16)', '(12, 11)', '(34, 8)', '(27, 2)', '(4, 16)', '(28, 1)', '(27, 11)', '(17, 10)', '(25, 2)', '(30, 16)', '(19, 16)', '(8, 16)', '(10, 13)', '(32, 10)', '(15, 12)']",43,0,43
166,"(11, 8)","(12, 8)",West,"[('(11, 7)', 'South', 1), ('(12, 8)', 'East', 1)]","['(24, 2)', '(29, 1)', '(2, 7)', '(8, 13)', '(11, 8)']","['(11, 7)', '(24, 2)', '(29, 1)', '(2, 7)', '(8, 13)']","['(21, 16)', '(34, 1)', '(34, 10)', '(27, 4)', '(27, 13)', '(17, 12)', '(30, 9)', '(32, 12)', '(13, 8)', '(1, 15)', '(26, 14)', '(15, 14)', '(21, 9)', '(34, 3)', '(34, 12)', '(27, 6)', '(17, 14)', '(19, 11)', '(11, 16)', '(32, 14)', '(1, 8)', '(29, 6)', '(26, 16)', '(15, 16)', '(18, 12)', '(34, 14)', '(22, 12)', '(27, 8)', '(14, 8)', '(30, 4)', '(28, 16)', '(30, 13)', '(17, 16)', '(33, 6)', '(32, 16)', '(24, 12)', '(13, 12)', '(25, 11)', '(26, 9)', '(16, 8)', '(1, 10)', '(31, 8)', '(34, 7)', '(27, 1)', '(34, 16)', '(12, 13)', '(14, 10)', '(17, 9)', '(30, 6)', '(5, 16)', '(9, 14)', '(33, 8)', '(26, 2)', '(13, 14)', '(26, 11)', '(1, 12)', '(16, 10)', '(18, 16)', '(7, 16)', '(31, 1)', '(31, 10)', '(20, 10)', '(22, 16)', '(14, 12)', '(9, 16)', '(33, 1)', '(33, 10)', '(24, 16)', '(13, 16)', '(25, 15)', '(16, 12)', '(1, 14)', '(31, 3)', '(34, 2)', '(31, 12)', '(34, 11)', '(20, 12)', '(22, 9)', '(12, 8)', '(14, 14)', '(32, 4)', '(33, 12)', '(24, 9)', '(10, 10)', '(1, 7)', '(1, 16)', '(16, 14)', '(34, 4)', '(31, 14)', '(12, 10)', '(14, 16)', '(3, 16)', '(32, 6)', '(33, 14)', '(24, 11)', '(10, 12)', '(1, 9)', '(16, 16)', '(29, 10)', '(34, 6)', '(31, 16)', '(20, 16)', '(23, 12)', '(12, 12)', '(27, 3)', '(27, 12)', '(30, 8)', '(33, 16)', '(1, 11)', '(10, 14)', '(20, 9)', '(12, 14)', '(14, 11)', '(27, 5)', '(32, 1)', '(30, 1)', '(27, 14)', '(17, 13)', '(30, 10)', '(10, 16)', '(1, 13)', '(25, 14)', '(20, 11)', '(23, 16)', '(12, 16)', '(27, 7)', '(30, 3)', '(27, 16)', '(30, 12)', '(19, 12)', '(11, 8)', '(25, 16)', '(15, 8)', '(31, 4)', '(29, 16)', '(21, 12)', '(23, 9)', '(34, 15)', '(27, 9)', '(17, 8)', '(30, 5)', '(33, 4)', '(30, 14)', '(10, 11)', '(8, 14)', '(11, 10)', '(25, 9)', '(32, 8)', '(2, 16)', '(15, 10)', '(31, 6)', '(6, 16)', '(12, 11)', '(34, 8)', '(27, 2)', '(4, 16)', '(28, 1)', '(27, 11)', '(17, 10)', '(25, 2)', '(30, 16)', '(19, 16)', '(8, 16)', '(10, 13)', '(32, 10)', '(15, 12)']",43,0,43
167,"(8, 13)","(8, 14)",South,"[('(8, 14)', 'North', 1), ('(8, 12)', 'South', 1)]","['(11, 7)', '(24, 2)', '(29, 1)', '(2, 7)', '(8, 13)']","['(8, 12)', '(11, 7)', '(24, 2)', '(29, 1)', '(2, 7)']","['(21, 16)', '(34, 1)', '(34, 10)', '(27, 4)', '(27, 13)', '(17, 12)', '(30, 9)', '(32, 12)', '(13, 8)', '(1, 15)', '(26, 14)', '(15, 14)', '(21, 9)', '(34, 3)', '(34, 12)', '(27, 6)', '(17, 14)', '(19, 11)', '(11, 16)', '(32, 14)', '(1, 8)', '(29, 6)', '(26, 16)', '(15, 16)', '(18, 12)', '(34, 14)', '(22, 12)', '(27, 8)', '(14, 8)', '(30, 4)', '(28, 16)', '(30, 13)', '(17, 16)', '(33, 6)', '(32, 16)', '(24, 12)', '(13, 12)', '(25, 11)', '(26, 9)', '(16, 8)', '(1, 10)', '(31, 8)', '(34, 7)', '(27, 1)', '(34, 16)', '(12, 13)', '(14, 10)', '(17, 9)', '(30, 6)', '(5, 16)', '(9, 14)', '(33, 8)', '(26, 2)', '(13, 14)', '(26, 11)', '(1, 12)', '(16, 10)', '(18, 16)', '(7, 16)', '(31, 1)', '(31, 10)', '(20, 10)', '(22, 16)', '(14, 12)', '(9, 16)', '(33, 1)', '(33, 10)', '(24, 16)', '(13, 16)', '(25, 15)', '(16, 12)', '(1, 14)', '(31, 3)', '(34, 2)', '(31, 12)', '(34, 11)', '(20, 12)', '(22, 9)', '(12, 8)', '(14, 14)', '(32, 4)', '(8, 13)', '(33, 12)', '(24, 9)', '(10, 10)', '(1, 7)', '(1, 16)', '(16, 14)', '(34, 4)', '(31, 14)', '(12, 10)', '(14, 16)', '(3, 16)', '(32, 6)', '(33, 14)', '(24, 11)', '(10, 12)', '(1, 9)', '(16, 16)', '(29, 10)', '(34, 6)', '(31, 16)', '(20, 16)', '(23, 12)', '(12, 12)', '(27, 3)', '(27, 12)', '(30, 8)', '(33, 16)', '(1, 11)', '(10, 14)', '(20, 9)', '(12, 14)', '(14, 11)', '(27, 5)', '(32, 1)', '(30, 1)', '(27, 14)', '(17, 13)', '(30, 10)', '(10, 16)', '(1, 13)', '(25, 14)', '(20, 11)', '(23, 16)', '(12, 16)', '(27, 7)', '(30, 3)', '(27, 16)', '(30, 12)', '(19, 12)', '(11, 8)', '(25, 16)', '(15, 8)', '(31, 4)', '(29, 16)', '(21, 12)', '(23, 9)', '(34, 15)', '(27, 9)', '(17, 8)', '(30, 5)', '(33, 4)', '(30, 14)', '(10, 11)', '(8, 14)', '(11, 10)', '(25, 9)', '(32, 8)', '(2, 16)', '(15, 10)', '(31, 6)', '(6, 16)', '(12, 11)', '(34, 8)', '(27, 2)', '(4, 16)', '(28, 1)', '(27, 11)', '(17, 10)', '(25, 2)', '(30, 16)', '(19, 16)', '(8, 16)', '(10, 13)', '(32, 10)', '(15, 12)']",43,0,43
168,"(2, 7)","(1, 7)",East,"[('(3, 7)', 'East', 1), ('(1, 7)', 'West', 1)]","['(8, 12)', '(11, 7)', '(24, 2)', '(29, 1)', '(2, 7)']","['(3, 7)', '(8, 12)', '(11, 7)', '(24, 2)', '(29, 1)']","['(21, 16)', '(34, 1)', '(34, 10)', '(27, 4)', '(27, 13)', '(17, 12)', '(30, 9)', '(32, 12)', '(13, 8)', '(1, 15)', '(26, 14)', '(15, 14)', '(21, 9)', '(34, 3)', '(34, 12)', '(27, 6)', '(17, 14)', '(19, 11)', '(11, 16)', '(32, 14)', '(1, 8)', '(29, 6)', '(26, 16)', '(15, 16)', '(18, 12)', '(34, 14)', '(22, 12)', '(27, 8)', '(14, 8)', '(30, 4)', '(28, 16)', '(30, 13)', '(17, 16)', '(33, 6)', '(32, 16)', '(24, 12)', '(13, 12)', '(25, 11)', '(26, 9)', '(16, 8)', '(1, 10)', '(31, 8)', '(34, 7)', '(27, 1)', '(34, 16)', '(12, 13)', '(14, 10)', '(17, 9)', '(30, 6)', '(5, 16)', '(9, 14)', '(33, 8)', '(26, 2)', '(13, 14)', '(26, 11)', '(1, 12)', '(16, 10)', '(18, 16)', '(7, 16)', '(31, 1)', '(31, 10)', '(20, 10)', '(22, 16)', '(14, 12)', '(9, 16)', '(33, 1)', '(33, 10)', '(24, 16)', '(13, 16)', '(25, 15)', '(16, 12)', '(1, 14)', '(31, 3)', '(34, 2)', '(31, 12)', '(34, 11)', '(20, 12)', '(22, 9)', '(12, 8)', '(14, 14)', '(32, 4)', '(8, 13)', '(33, 12)', '(24, 9)', '(10, 10)', '(1, 7)', '(1, 16)', '(16, 14)', '(34, 4)', '(31, 14)', '(12, 10)', '(14, 16)', '(3, 16)', '(32, 6)', '(33, 14)', '(24, 11)', '(10, 12)', '(1, 9)', '(16, 16)', '(29, 10)', '(34, 6)', '(31, 16)', '(20, 16)', '(23, 12)', '(12, 12)', '(27, 3)', '(27, 12)', '(30, 8)', '(33, 16)', '(1, 11)', '(10, 14)', '(20, 9)', '(12, 14)', '(14, 11)', '(27, 5)', '(32, 1)', '(30, 1)', '(27, 14)', '(17, 13)', '(30, 10)', '(10, 16)', '(1, 13)', '(25, 14)', '(20, 11)', '(23, 16)', '(12, 16)', '(27, 7)', '(30, 3)', '(27, 16)', '(30, 12)', '(19, 12)', '(11, 8)', '(25, 16)', '(15, 8)', '(31, 4)', '(29, 16)', '(21, 12)', '(23, 9)', '(34, 15)', '(27, 9)', '(17, 8)', '(30, 5)', '(33, 4)', '(30, 14)', '(10, 11)', '(8, 14)', '(11, 10)', '(25, 9)', '(32, 8)', '(2, 7)', '(2, 16)', '(15, 10)', '(31, 6)', '(6, 16)', '(12, 11)', '(34, 8)', '(27, 2)', '(4, 16)', '(28, 1)', '(27, 11)', '(17, 10)', '(25, 2)', '(30, 16)', '(19, 16)', '(8, 16)', '(10, 13)', '(32, 10)', '(15, 12)']",43,0,43
169,"(29, 1)","(30, 1)",West,"[('(30, 1)', 'East', 1), ('(28, 1)', 'West', 1)]","['(3, 7)', '(8, 12)', '(11, 7)', '(24, 2)', '(29, 1)']","['(3, 7)', '(8, 12)', '(11, 7)', '(24, 2)']","['(21, 16)', '(34, 1)', '(34, 10)', '(27, 4)', '(27, 13)', '(17, 12)', '(30, 9)', '(32, 12)', '(13, 8)', '(1, 15)', '(26, 14)', '(15, 14)', '(21, 9)', '(34, 3)', '(34, 12)', '(27, 6)', '(17, 14)', '(19, 11)', '(11, 16)', '(32, 14)', '(1, 8)', '(29, 6)', '(26, 16)', '(15, 16)', '(18, 12)', '(34, 14)', '(22, 12)', '(27, 8)', '(14, 8)', '(30, 4)', '(28, 16)', '(30, 13)', '(17, 16)', '(33, 6)', '(32, 16)', '(24, 12)', '(13, 12)', '(25, 11)', '(26, 9)', '(16, 8)', '(1, 10)', '(31, 8)', '(34, 7)', '(27, 1)', '(34, 16)', '(12, 13)', '(14, 10)', '(17, 9)', '(30, 6)', '(5, 16)', '(9, 14)', '(33, 8)', '(26, 2)', '(13, 14)', '(26, 11)', '(1, 12)', '(16, 10)', '(18, 16)', '(7, 16)', '(31, 1)', '(31, 10)', '(20, 10)', '(22, 16)', '(14, 12)', '(9, 16)', '(33, 1)', '(33, 10)', '(24, 16)', '(13, 16)', '(25, 15)', '(16, 12)', '(1, 14)', '(31, 3)', '(34, 2)', '(31, 12)', '(34, 11)', '(20, 12)', '(22, 9)', '(12, 8)', '(14, 14)', '(32, 4)', '(8, 13)', '(33, 12)', '(24, 9)', '(10, 10)', '(1, 7)', '(1, 16)', '(16, 14)', '(34, 4)', '(31, 14)', '(12, 10)', '(14, 16)', '(3, 16)', '(32, 6)', '(33, 14)', '(24, 11)', '(10, 12)', '(1, 9)', '(16, 16)', '(29, 1)', '(29, 10)', '(34, 6)', '(31, 16)', '(20, 16)', '(23, 12)', '(12, 12)', '(27, 3)', '(27, 12)', '(30, 8)', '(33, 16)', '(1, 11)', '(10, 14)', '(20, 9)', '(12, 14)', '(14, 11)', '(27, 5)', '(32, 1)', '(30, 1)', '(27, 14)', '(17, 13)', '(30, 10)', '(10, 16)', '(1, 13)', '(25, 14)', '(20, 11)', '(23, 16)', '(12, 16)', '(27, 7)', '(30, 3)', '(27, 16)', '(30, 12)', '(19, 12)', '(11, 8)', '(25, 16)', '(15, 8)', '(31, 4)', '(29, 16)', '(21, 12)', '(23, 9)', '(34, 15)', '(27, 9)', '(17, 8)', '(30, 5)', '(33, 4)', '(30, 14)', '(10, 11)', '(8, 14)', '(11, 10)', '(25, 9)', '(32, 8)', '(2, 7)', '(2, 16)', '(15, 10)', '(31, 6)', '(6, 16)', '(12, 11)', '(34, 8)', '(27, 2)', '(4, 16)', '(28, 1)', '(27, 11)', '(17, 10)', '(25, 2)', '(30, 16)', '(19, 16)', '(8, 16)', '(10, 13)', '(32, 10)', '(15, 12)']",44,0,44
170,"(24, 2)","(25, 2)",West,"[('(25, 2)', 'East', 1), ('(23, 2)', 'West', 1)]","['(3, 7)', '(8, 12)', '(11, 7)', '(24, 2)']","['(23, 2)', '(3, 7)', '(8, 12)', '(11, 7)']","['(21, 16)', '(34, 1)', '(34, 10)', '(27, 4)', '(27, 13)', '(17, 12)', '(30, 9)', '(32, 12)', '(13, 8)', '(1, 15)', '(26, 14)', '(15, 14)', '(21, 9)', '(34, 3)', '(34, 12)', '(27, 6)', '(17, 14)', '(19, 11)', '(11, 16)', '(32, 14)', '(1, 8)', '(29, 6)', '(26, 16)', '(15, 16)', '(18, 12)', '(34, 14)', '(22, 12)', '(27, 8)', '(14, 8)', '(30, 4)', '(28, 16)', '(30, 13)', '(17, 16)', '(33, 6)', '(32, 16)', '(24, 12)', '(13, 12)', '(25, 11)', '(26, 9)', '(16, 8)', '(1, 10)', '(31, 8)', '(34, 7)', '(27, 1)', '(34, 16)', '(12, 13)', '(14, 10)', '(17, 9)', '(30, 6)', '(5, 16)', '(9, 14)', '(33, 8)', '(26, 2)', '(13, 14)', '(26, 11)', '(1, 12)', '(16, 10)', '(18, 16)', '(7, 16)', '(31, 1)', '(31, 10)', '(20, 10)', '(22, 16)', '(14, 12)', '(9, 16)', '(33, 1)', '(33, 10)', '(24, 16)', '(13, 16)', '(25, 15)', '(16, 12)', '(1, 14)', '(31, 3)', '(34, 2)', '(31, 12)', '(34, 11)', '(20, 12)', '(22, 9)', '(12, 8)', '(14, 14)', '(32, 4)', '(8, 13)', '(33, 12)', '(24, 9)', '(10, 10)', '(1, 7)', '(1, 16)', '(16, 14)', '(34, 4)', '(31, 14)', '(12, 10)', '(14, 16)', '(3, 16)', '(32, 6)', '(24, 2)', '(33, 14)', '(24, 11)', '(10, 12)', '(1, 9)', '(16, 16)', '(29, 1)', '(29, 10)', '(34, 6)', '(31, 16)', '(20, 16)', '(23, 12)', '(12, 12)', '(27, 3)', '(27, 12)', '(30, 8)', '(33, 16)', '(1, 11)', '(10, 14)', '(20, 9)', '(12, 14)', '(14, 11)', '(27, 5)', '(32, 1)', '(30, 1)', '(27, 14)', '(17, 13)', '(30, 10)', '(10, 16)', '(1, 13)', '(25, 14)', '(20, 11)', '(23, 16)', '(12, 16)', '(27, 7)', '(30, 3)', '(27, 16)', '(30, 12)', '(19, 12)', '(11, 8)', '(25, 16)', '(15, 8)', '(31, 4)', '(29, 16)', '(21, 12)', '(23, 9)', '(34, 15)', '(27, 9)', '(17, 8)', '(30, 5)', '(33, 4)', '(30, 14)', '(10, 11)', '(8, 14)', '(11, 10)', '(25, 9)', '(32, 8)', '(2, 7)', '(2, 16)', '(15, 10)', '(31, 6)', '(6, 16)', '(12, 11)', '(34, 8)', '(27, 2)', '(4, 16)', '(28, 1)', '(27, 11)', '(17, 10)', '(25, 2)', '(30, 16)', '(19, 16)', '(8, 16)', '(10, 13)', '(32, 10)', '(15, 12)']",44,0,44
171,"(11, 7)","(11, 8)",South,"[('(11, 8)', 'North', 1), ('(11, 6)', 'South', 1)]","['(23, 2)', '(3, 7)', '(8, 12)', '(11, 7)']","['(11, 6)', '(23, 2)', '(3, 7)', '(8, 12)']","['(21, 16)', '(34, 1)', '(34, 10)', '(27, 4)', '(27, 13)', '(17, 12)', '(30, 9)', '(32, 12)', '(13, 8)', '(1, 15)', '(26, 14)', '(15, 14)', '(21, 9)', '(34, 3)', '(34, 12)', '(27, 6)', '(17, 14)', '(19, 11)', '(11, 7)', '(11, 16)', '(32, 14)', '(1, 8)', '(29, 6)', '(26, 16)', '(15, 16)', '(18, 12)', '(34, 14)', '(22, 12)', '(27, 8)', '(14, 8)', '(30, 4)', '(28, 16)', '(30, 13)', '(17, 16)', '(33, 6)', '(32, 16)', '(24, 12)', '(13, 12)', '(25, 11)', '(26, 9)', '(16, 8)', '(1, 10)', '(31, 8)', '(34, 7)', '(27, 1)', '(34, 16)', '(12, 13)', '(14, 10)', '(17, 9)', '(30, 6)', '(5, 16)', '(9, 14)', '(33, 8)', '(26, 2)', '(13, 14)', '(26, 11)', '(1, 12)', '(16, 10)', '(18, 16)', '(7, 16)', '(31, 1)', '(31, 10)', '(20, 10)', '(22, 16)', '(14, 12)', '(9, 16)', '(33, 1)', '(33, 10)', '(24, 16)', '(13, 16)', '(25, 15)', '(16, 12)', '(1, 14)', '(31, 3)', '(34, 2)', '(31, 12)', '(34, 11)', '(20, 12)', '(22, 9)', '(12, 8)', '(14, 14)', '(32, 4)', '(8, 13)', '(33, 12)', '(24, 9)', '(10, 10)', '(1, 7)', '(1, 16)', '(16, 14)', '(34, 4)', '(31, 14)', '(12, 10)', '(14, 16)', '(3, 16)', '(32, 6)', '(24, 2)', '(33, 14)', '(24, 11)', '(10, 12)', '(1, 9)', '(16, 16)', '(29, 1)', '(29, 10)', '(34, 6)', '(31, 16)', '(20, 16)', '(23, 12)', '(12, 12)', '(27, 3)', '(27, 12)', '(30, 8)', '(33, 16)', '(1, 11)', '(10, 14)', '(20, 9)', '(12, 14)', '(14, 11)', '(27, 5)', '(32, 1)', '(30, 1)', '(27, 14)', '(17, 13)', '(30, 10)', '(10, 16)', '(1, 13)', '(25, 14)', '(20, 11)', '(23, 16)', '(12, 16)', '(27, 7)', '(30, 3)', '(27, 16)', '(30, 12)', '(19, 12)', '(11, 8)', '(25, 16)', '(15, 8)', '(31, 4)', '(29, 16)', '(21, 12)', '(23, 9)', '(34, 15)', '(27, 9)', '(17, 8)', '(30, 5)', '(33, 4)', '(30, 14)', '(10, 11)', '(8, 14)', '(11, 10)', '(25, 9)', '(32, 8)', '(2, 7)', '(2, 16)', '(15, 10)', '(31, 6)', '(6, 16)', '(12, 11)', '(34, 8)', '(27, 2)', '(4, 16)', '(28, 1)', '(27, 11)', '(17, 10)', '(25, 2)', '(30, 16)', '(19, 16)', '(8, 16)', '(10, 13)', '(32, 10)', '(15, 12)']",44,0,44
172,"(8, 12)","(8, 13)",South,"[('(8, 13)', 'North', 1), ('(8, 11)', 'South', 1)]","['(11, 6)', '(23, 2)', '(3, 7)', '(8, 12)']","['(8, 11)', '(11, 6)', '(23, 2)', '(3, 7)']","['(21, 16)', '(34, 1)', '(34, 10)', '(27, 4)', '(27, 13)', '(17, 12)', '(30, 9)', '(32, 12)', '(13, 8)', '(1, 15)', '(26, 14)', '(15, 14)', '(21, 9)', '(34, 3)', '(34, 12)', '(27, 6)', '(17, 14)', '(19, 11)', '(11, 7)', '(11, 16)', '(32, 14)', '(1, 8)', '(29, 6)', '(26, 16)', '(15, 16)', '(18, 12)', '(34, 14)', '(22, 12)', '(27, 8)', '(14, 8)', '(30, 4)', '(28, 16)', '(30, 13)', '(17, 16)', '(33, 6)', '(32, 16)', '(24, 12)', '(13, 12)', '(25, 11)', '(26, 9)', '(16, 8)', '(1, 10)', '(31, 8)', '(34, 7)', '(27, 1)', '(34, 16)', '(12, 13)', '(14, 10)', '(17, 9)', '(30, 6)', '(5, 16)', '(9, 14)', '(33, 8)', '(26, 2)', '(13, 14)', '(26, 11)', '(1, 12)', '(16, 10)', '(18, 16)', '(7, 16)', '(31, 1)', '(31, 10)', '(20, 10)', '(22, 16)', '(14, 12)', '(9, 16)', '(33, 1)', '(33, 10)', '(24, 16)', '(13, 16)', '(25, 15)', '(16, 12)', '(1, 14)', '(31, 3)', '(34, 2)', '(31, 12)', '(34, 11)', '(20, 12)', '(22, 9)', '(12, 8)', '(14, 14)', '(32, 4)', '(8, 13)', '(33, 12)', '(24, 9)', '(10, 10)', '(1, 7)', '(1, 16)', '(16, 14)', '(34, 4)', '(31, 14)', '(12, 10)', '(14, 16)', '(3, 16)', '(32, 6)', '(24, 2)', '(33, 14)', '(24, 11)', '(10, 12)', '(1, 9)', '(16, 16)', '(29, 1)', '(29, 10)', '(34, 6)', '(31, 16)', '(20, 16)', '(23, 12)', '(12, 12)', '(27, 3)', '(27, 12)', '(30, 8)', '(33, 16)', '(1, 11)', '(10, 14)', '(20, 9)', '(12, 14)', '(14, 11)', '(27, 5)', '(32, 1)', '(30, 1)', '(27, 14)', '(17, 13)', '(30, 10)', '(10, 16)', '(1, 13)', '(25, 14)', '(20, 11)', '(23, 16)', '(12, 16)', '(27, 7)', '(30, 3)', '(27, 16)', '(30, 12)', '(19, 12)', '(8, 12)', '(11, 8)', '(25, 16)', '(15, 8)', '(31, 4)', '(29, 16)', '(21, 12)', '(23, 9)', '(34, 15)', '(27, 9)', '(17, 8)', '(30, 5)', '(33, 4)', '(30, 14)', '(10, 11)', '(8, 14)', '(11, 10)', '(25, 9)', '(32, 8)', '(2, 7)', '(2, 16)', '(15, 10)', '(31, 6)', '(6, 16)', '(12, 11)', '(34, 8)', '(27, 2)', '(4, 16)', '(28, 1)', '(27, 11)', '(17, 10)', '(25, 2)', '(30, 16)', '(19, 16)', '(8, 16)', '(10, 13)', '(32, 10)', '(15, 12)']",44,0,44
173,"(3, 7)","(2, 7)",East,"[('(4, 7)', 'East', 1), ('(2, 7)', 'West', 1)]","['(8, 11)', '(11, 6)', '(23, 2)', '(3, 7)']","['(4, 7)', '(8, 11)', '(11, 6)', '(23, 2)']","['(21, 16)', '(34, 1)', '(34, 10)', '(27, 4)', '(27, 13)', '(17, 12)', '(30, 9)', '(32, 12)', '(13, 8)', '(1, 15)', '(26, 14)', '(15, 14)', '(21, 9)', '(34, 3)', '(34, 12)', '(27, 6)', '(17, 14)', '(19, 11)', '(11, 7)', '(11, 16)', '(32, 14)', '(1, 8)', '(29, 6)', '(26, 16)', '(15, 16)', '(18, 12)', '(34, 14)', '(22, 12)', '(27, 8)', '(14, 8)', '(30, 4)', '(28, 16)', '(30, 13)', '(17, 16)', '(33, 6)', '(32, 16)', '(24, 12)', '(13, 12)', '(25, 11)', '(26, 9)', '(16, 8)', '(1, 10)', '(31, 8)', '(34, 7)', '(27, 1)', '(34, 16)', '(12, 13)', '(14, 10)', '(17, 9)', '(30, 6)', '(5, 16)', '(9, 14)', '(33, 8)', '(26, 2)', '(13, 14)', '(26, 11)', '(1, 12)', '(16, 10)', '(18, 16)', '(7, 16)', '(31, 1)', '(31, 10)', '(20, 10)', '(22, 16)', '(14, 12)', '(9, 16)', '(33, 1)', '(33, 10)', '(24, 16)', '(13, 16)', '(25, 15)', '(16, 12)', '(1, 14)', '(31, 3)', '(34, 2)', '(31, 12)', '(34, 11)', '(20, 12)', '(22, 9)', '(12, 8)', '(14, 14)', '(32, 4)', '(8, 13)', '(33, 12)', '(24, 9)', '(10, 10)', '(1, 7)', '(1, 16)', '(16, 14)', '(34, 4)', '(31, 14)', '(12, 10)', '(3, 7)', '(14, 16)', '(3, 16)', '(32, 6)', '(24, 2)', '(33, 14)', '(24, 11)', '(10, 12)', '(1, 9)', '(16, 16)', '(29, 1)', '(29, 10)', '(34, 6)', '(31, 16)', '(20, 16)', '(23, 12)', '(12, 12)', '(27, 3)', '(27, 12)', '(30, 8)', '(33, 16)', '(1, 11)', '(10, 14)', '(20, 9)', '(12, 14)', '(14, 11)', '(27, 5)', '(32, 1)', '(30, 1)', '(27, 14)', '(17, 13)', '(30, 10)', '(10, 16)', '(1, 13)', '(25, 14)', '(20, 11)', '(23, 16)', '(12, 16)', '(27, 7)', '(30, 3)', '(27, 16)', '(30, 12)', '(19, 12)', '(8, 12)', '(11, 8)', '(25, 16)', '(15, 8)', '(31, 4)', '(29, 16)', '(21, 12)', '(23, 9)', '(34, 15)', '(27, 9)', '(17, 8)', '(30, 5)', '(33, 4)', '(30, 14)', '(10, 11)', '(8, 14)', '(11, 10)', '(25, 9)', '(32, 8)', '(2, 7)', '(2, 16)', '(15, 10)', '(31, 6)', '(6, 16)', '(12, 11)', '(34, 8)', '(27, 2)', '(4, 16)', '(28, 1)', '(27, 11)', '(17, 10)', '(25, 2)', '(30, 16)', '(19, 16)', '(8, 16)', '(10, 13)', '(32, 10)', '(15, 12)']",44,0,44
174,"(23, 2)","(24, 2)",West,"[('(24, 2)', 'East', 1), ('(22, 2)', 'West', 1)]","['(4, 7)', '(8, 11)', '(11, 6)', '(23, 2)']","['(22, 2)', '(4, 7)', '(8, 11)', '(11, 6)']","['(21, 16)', '(34, 1)', '(34, 10)', '(27, 4)', '(27, 13)', '(17, 12)', '(30, 9)', '(32, 12)', '(13, 8)', '(1, 15)', '(26, 14)', '(15, 14)', '(21, 9)', '(34, 3)', '(34, 12)', '(27, 6)', '(17, 14)', '(19, 11)', '(11, 7)', '(11, 16)', '(32, 14)', '(1, 8)', '(29, 6)', '(26, 16)', '(15, 16)', '(18, 12)', '(34, 14)', '(22, 12)', '(27, 8)', '(14, 8)', '(30, 4)', '(28, 16)', '(30, 13)', '(17, 16)', '(33, 6)', '(32, 16)', '(24, 12)', '(13, 12)', '(25, 11)', '(26, 9)', '(16, 8)', '(1, 10)', '(31, 8)', '(34, 7)', '(27, 1)', '(34, 16)', '(12, 13)', '(14, 10)', '(17, 9)', '(30, 6)', '(5, 16)', '(9, 14)', '(33, 8)', '(26, 2)', '(13, 14)', '(26, 11)', '(1, 12)', '(16, 10)', '(18, 16)', '(7, 16)', '(31, 1)', '(31, 10)', '(20, 10)', '(22, 16)', '(14, 12)', '(9, 16)', '(33, 1)', '(33, 10)', '(24, 16)', '(13, 16)', '(25, 15)', '(16, 12)', '(1, 14)', '(31, 3)', '(34, 2)', '(31, 12)', '(34, 11)', '(20, 12)', '(22, 9)', '(12, 8)', '(14, 14)', '(32, 4)', '(8, 13)', '(33, 12)', '(24, 9)', '(10, 10)', '(1, 7)', '(1, 16)', '(16, 14)', '(34, 4)', '(31, 14)', '(12, 10)', '(3, 7)', '(14, 16)', '(3, 16)', '(32, 6)', '(24, 2)', '(33, 14)', '(24, 11)', '(10, 12)', '(1, 9)', '(16, 16)', '(29, 1)', '(29, 10)', '(34, 6)', '(31, 16)', '(20, 16)', '(23, 12)', '(12, 12)', '(27, 3)', '(27, 12)', '(30, 8)', '(33, 16)', '(1, 11)', '(10, 14)', '(20, 9)', '(12, 14)', '(14, 11)', '(27, 5)', '(32, 1)', '(30, 1)', '(27, 14)', '(17, 13)', '(30, 10)', '(10, 16)', '(1, 13)', '(25, 14)', '(20, 11)', '(23, 16)', '(12, 16)', '(27, 7)', '(30, 3)', '(27, 16)', '(30, 12)', '(19, 12)', '(8, 12)', '(11, 8)', '(25, 16)', '(15, 8)', '(31, 4)', '(29, 16)', '(21, 12)', '(23, 9)', '(34, 15)', '(27, 9)', '(17, 8)', '(30, 5)', '(33, 4)', '(30, 14)', '(10, 11)', '(8, 14)', '(11, 10)', '(25, 9)', '(32, 8)', '(2, 7)', '(2, 16)', '(15, 10)', '(31, 6)', '(23, 2)', '(6, 16)', '(12, 11)', '(34, 8)', '(27, 2)', '(4, 16)', '(28, 1)', '(27, 11)', '(17, 10)', '(25, 2)', '(30, 16)', '(19, 16)', '(8, 16)', '(10, 13)', '(32, 10)', '(15, 12)']",45,0,45
175,"(11, 6)","(11, 7)",South,"[('(11, 7)', 'North', 1), ('(10, 6)', 'West', 1)]","['(22, 2)', '(4, 7)', '(8, 11)', '(11, 6)']","['(10, 6)', '(22, 2)', '(4, 7)', '(8, 11)']","['(21, 16)', '(34, 1)', '(34, 10)', '(27, 4)', '(27, 13)', '(17, 12)', '(30, 9)', '(32, 12)', '(13, 8)', '(1, 15)', '(26, 14)', '(15, 14)', '(21, 9)', '(34, 3)', '(34, 12)', '(27, 6)', '(17, 14)', '(19, 11)', '(11, 7)', '(11, 16)', '(32, 14)', '(1, 8)', '(29, 6)', '(26, 16)', '(15, 16)', '(18, 12)', '(34, 14)', '(22, 12)', '(27, 8)', '(14, 8)', '(30, 4)', '(28, 16)', '(30, 13)', '(17, 16)', '(33, 6)', '(32, 16)', '(24, 12)', '(13, 12)', '(25, 11)', '(26, 9)', '(16, 8)', '(1, 10)', '(31, 8)', '(34, 7)', '(27, 1)', '(34, 16)', '(12, 13)', '(14, 10)', '(17, 9)', '(30, 6)', '(5, 16)', '(9, 14)', '(33, 8)', '(26, 2)', '(13, 14)', '(26, 11)', '(1, 12)', '(16, 10)', '(18, 16)', '(7, 16)', '(31, 1)', '(31, 10)', '(20, 10)', '(22, 16)', '(14, 12)', '(9, 16)', '(33, 1)', '(33, 10)', '(24, 16)', '(13, 16)', '(25, 15)', '(16, 12)', '(1, 14)', '(31, 3)', '(34, 2)', '(31, 12)', '(34, 11)', '(20, 12)', '(22, 9)', '(12, 8)', '(14, 14)', '(32, 4)', '(8, 13)', '(33, 12)', '(24, 9)', '(10, 10)', '(1, 7)', '(1, 16)', '(16, 14)', '(34, 4)', '(31, 14)', '(12, 10)', '(3, 7)', '(14, 16)', '(3, 16)', '(32, 6)', '(24, 2)', '(33, 14)', '(24, 11)', '(10, 12)', '(1, 9)', '(16, 16)', '(29, 1)', '(29, 10)', '(34, 6)', '(31, 16)', '(20, 16)', '(23, 12)', '(12, 12)', '(27, 3)', '(27, 12)', '(30, 8)', '(33, 16)', '(1, 11)', '(10, 14)', '(20, 9)', '(12, 14)', '(14, 11)', '(27, 5)', '(32, 1)', '(30, 1)', '(27, 14)', '(17, 13)', '(30, 10)', '(11, 6)', '(10, 16)', '(1, 13)', '(25, 14)', '(20, 11)', '(23, 16)', '(12, 16)', '(27, 7)', '(30, 3)', '(27, 16)', '(30, 12)', '(19, 12)', '(8, 12)', '(11, 8)', '(25, 16)', '(15, 8)', '(31, 4)', '(29, 16)', '(21, 12)', '(23, 9)', '(34, 15)', '(27, 9)', '(17, 8)', '(30, 5)', '(33, 4)', '(30, 14)', '(10, 11)', '(8, 14)', '(11, 10)', '(25, 9)', '(32, 8)', '(2, 7)', '(2, 16)', '(15, 10)', '(31, 6)', '(23, 2)', '(6, 16)', '(12, 11)', '(34, 8)', '(27, 2)', '(4, 16)', '(28, 1)', '(27, 11)', '(17, 10)', '(25, 2)', '(30, 16)', '(19, 16)', '(8, 16)', '(10, 13)', '(32, 10)', '(15, 12)']",45,0,45
176,"(8, 11)","(8, 12)",South,"[('(8, 12)', 'North', 1), ('(8, 10)', 'South', 1)]","['(10, 6)', '(22, 2)', '(4, 7)', '(8, 11)']","['(8, 10)', '(10, 6)', '(22, 2)', '(4, 7)']","['(21, 16)', '(34, 1)', '(34, 10)', '(27, 4)', '(27, 13)', '(17, 12)', '(30, 9)', '(32, 12)', '(13, 8)', '(1, 15)', '(26, 14)', '(15, 14)', '(21, 9)', '(34, 3)', '(34, 12)', '(27, 6)', '(17, 14)', '(19, 11)', '(8, 11)', '(11, 7)', '(11, 16)', '(32, 14)', '(1, 8)', '(29, 6)', '(26, 16)', '(15, 16)', '(18, 12)', '(34, 14)', '(22, 12)', '(27, 8)', '(14, 8)', '(30, 4)', '(28, 16)', '(30, 13)', '(17, 16)', '(33, 6)', '(32, 16)', '(24, 12)', '(13, 12)', '(25, 11)', '(26, 9)', '(16, 8)', '(1, 10)', '(31, 8)', '(34, 7)', '(27, 1)', '(34, 16)', '(12, 13)', '(14, 10)', '(17, 9)', '(30, 6)', '(5, 16)', '(9, 14)', '(33, 8)', '(26, 2)', '(13, 14)', '(26, 11)', '(1, 12)', '(16, 10)', '(18, 16)', '(7, 16)', '(31, 1)', '(31, 10)', '(20, 10)', '(22, 16)', '(14, 12)', '(9, 16)', '(33, 1)', '(33, 10)', '(24, 16)', '(13, 16)', '(25, 15)', '(16, 12)', '(1, 14)', '(31, 3)', '(34, 2)', '(31, 12)', '(34, 11)', '(20, 12)', '(22, 9)', '(12, 8)', '(14, 14)', '(32, 4)', '(8, 13)', '(33, 12)', '(24, 9)', '(10, 10)', '(1, 7)', '(1, 16)', '(16, 14)', '(34, 4)', '(31, 14)', '(12, 10)', '(3, 7)', '(14, 16)', '(3, 16)', '(32, 6)', '(24, 2)', '(33, 14)', '(24, 11)', '(10, 12)', '(1, 9)', '(16, 16)', '(29, 1)', '(29, 10)', '(34, 6)', '(31, 16)', '(20, 16)', '(23, 12)', '(12, 12)', '(27, 3)', '(27, 12)', '(30, 8)', '(33, 16)', '(1, 11)', '(10, 14)', '(20, 9)', '(12, 14)', '(14, 11)', '(27, 5)', '(32, 1)', '(30, 1)', '(27, 14)', '(17, 13)', '(30, 10)', '(11, 6)', '(10, 16)', '(1, 13)', '(25, 14)', '(20, 11)', '(23, 16)', '(12, 16)', '(27, 7)', '(30, 3)', '(27, 16)', '(30, 12)', '(19, 12)', '(8, 12)', '(11, 8)', '(25, 16)', '(15, 8)', '(31, 4)', '(29, 16)', '(21, 12)', '(23, 9)', '(34, 15)', '(27, 9)', '(17, 8)', '(30, 5)', '(33, 4)', '(30, 14)', '(10, 11)', '(8, 14)', '(11, 10)', '(25, 9)', '(32, 8)', '(2, 7)', '(2, 16)', '(15, 10)', '(31, 6)', '(23, 2)', '(6, 16)', '(12, 11)', '(34, 8)', '(27, 2)', '(4, 16)', '(28, 1)', '(27, 11)', '(17, 10)', '(25, 2)', '(30, 16)', '(19, 16)', '(8, 16)', '(10, 13)', '(32, 10)', '(15, 12)']",45,0,45
177,"(4, 7)","(3, 7)",East,"[('(4, 8)', 'North', 1), ('(3, 7)', 'West', 1)]","['(8, 10)', '(10, 6)', '(22, 2)', '(4, 7)']","['(4, 8)', '(8, 10)', '(10, 6)', '(22, 2)']","['(21, 16)', '(34, 1)', '(34, 10)', '(27, 4)', '(27, 13)', '(17, 12)', '(30, 9)', '(32, 12)', '(13, 8)', '(1, 15)', '(26, 14)', '(15, 14)', '(21, 9)', '(34, 3)', '(34, 12)', '(27, 6)', '(17, 14)', '(19, 11)', '(8, 11)', '(11, 7)', '(11, 16)', '(32, 14)', '(1, 8)', '(29, 6)', '(26, 16)', '(15, 16)', '(18, 12)', '(34, 14)', '(22, 12)', '(27, 8)', '(14, 8)', '(30, 4)', '(28, 16)', '(30, 13)', '(17, 16)', '(33, 6)', '(32, 16)', '(24, 12)', '(13, 12)', '(25, 11)', '(26, 9)', '(16, 8)', '(1, 10)', '(31, 8)', '(34, 7)', '(27, 1)', '(34, 16)', '(12, 13)', '(14, 10)', '(17, 9)', '(30, 6)', '(5, 16)', '(9, 14)', '(33, 8)', '(26, 2)', '(13, 14)', '(26, 11)', '(1, 12)', '(16, 10)', '(18, 16)', '(7, 16)', '(31, 1)', '(31, 10)', '(20, 10)', '(22, 16)', '(14, 12)', '(9, 16)', '(33, 1)', '(33, 10)', '(24, 16)', '(13, 16)', '(25, 15)', '(16, 12)', '(1, 14)', '(31, 3)', '(34, 2)', '(31, 12)', '(34, 11)', '(20, 12)', '(22, 9)', '(12, 8)', '(14, 14)', '(32, 4)', '(8, 13)', '(33, 12)', '(24, 9)', '(10, 10)', '(1, 7)', '(1, 16)', '(16, 14)', '(34, 4)', '(31, 14)', '(12, 10)', '(3, 7)', '(14, 16)', '(3, 16)', '(32, 6)', '(24, 2)', '(33, 14)', '(24, 11)', '(10, 12)', '(1, 9)', '(16, 16)', '(29, 1)', '(29, 10)', '(34, 6)', '(31, 16)', '(20, 16)', '(23, 12)', '(12, 12)', '(27, 3)', '(27, 12)', '(30, 8)', '(33, 16)', '(1, 11)', '(10, 14)', '(20, 9)', '(12, 14)', '(14, 11)', '(27, 5)', '(32, 1)', '(30, 1)', '(27, 14)', '(17, 13)', '(30, 10)', '(11, 6)', '(10, 16)', '(1, 13)', '(25, 14)', '(20, 11)', '(23, 16)', '(12, 16)', '(27, 7)', '(30, 3)', '(27, 16)', '(30, 12)', '(19, 12)', '(8, 12)', '(11, 8)', '(25, 16)', '(15, 8)', '(31, 4)', '(29, 16)', '(21, 12)', '(23, 9)', '(34, 15)', '(27, 9)', '(17, 8)', '(30, 5)', '(33, 4)', '(30, 14)', '(10, 11)', '(8, 14)', '(11, 10)', '(25, 9)', '(32, 8)', '(2, 7)', '(2, 16)', '(15, 10)', '(31, 6)', '(23, 2)', '(6, 16)', '(12, 11)', '(4, 7)', '(34, 8)', '(27, 2)', '(4, 16)', '(28, 1)', '(27, 11)', '(17, 10)', '(25, 2)', '(30, 16)', '(19, 16)', '(8, 16)', '(10, 13)', '(32, 10)', '(15, 12)']",45,0,45
178,"(22, 2)","(23, 2)",West,"[('(23, 2)', 'East', 1), ('(21, 2)', 'West', 1)]","['(4, 8)', '(8, 10)', '(10, 6)', '(22, 2)']","['(21, 2)', '(4, 8)', '(8, 10)', '(10, 6)']","['(21, 16)', '(34, 1)', '(34, 10)', '(27, 4)', '(27, 13)', '(17, 12)', '(30, 9)', '(32, 12)', '(13, 8)', '(1, 15)', '(26, 14)', '(15, 14)', '(21, 9)', '(34, 3)', '(34, 12)', '(27, 6)', '(17, 14)', '(19, 11)', '(8, 11)', '(11, 7)', '(11, 16)', '(32, 14)', '(1, 8)', '(29, 6)', '(26, 16)', '(15, 16)', '(18, 12)', '(34, 14)', '(22, 12)', '(27, 8)', '(14, 8)', '(30, 4)', '(28, 16)', '(30, 13)', '(17, 16)', '(33, 6)', '(32, 16)', '(24, 12)', '(13, 12)', '(25, 11)', '(26, 9)', '(16, 8)', '(1, 10)', '(31, 8)', '(34, 7)', '(27, 1)', '(34, 16)', '(12, 13)', '(14, 10)', '(17, 9)', '(30, 6)', '(5, 16)', '(9, 14)', '(33, 8)', '(26, 2)', '(13, 14)', '(26, 11)', '(1, 12)', '(16, 10)', '(18, 16)', '(7, 16)', '(31, 1)', '(31, 10)', '(20, 10)', '(22, 16)', '(14, 12)', '(9, 16)', '(33, 1)', '(33, 10)', '(24, 16)', '(13, 16)', '(25, 15)', '(16, 12)', '(1, 14)', '(31, 3)', '(34, 2)', '(31, 12)', '(34, 11)', '(20, 12)', '(22, 9)', '(12, 8)', '(14, 14)', '(32, 4)', '(8, 13)', '(33, 12)', '(24, 9)', '(10, 10)', '(1, 7)', '(1, 16)', '(16, 14)', '(34, 4)', '(22, 2)', '(31, 14)', '(12, 10)', '(3, 7)', '(14, 16)', '(3, 16)', '(32, 6)', '(24, 2)', '(33, 14)', '(24, 11)', '(10, 12)', '(1, 9)', '(16, 16)', '(29, 1)', '(29, 10)', '(34, 6)', '(31, 16)', '(20, 16)', '(23, 12)', '(12, 12)', '(27, 3)', '(27, 12)', '(30, 8)', '(33, 16)', '(1, 11)', '(10, 14)', '(20, 9)', '(12, 14)', '(14, 11)', '(27, 5)', '(32, 1)', '(30, 1)', '(27, 14)', '(17, 13)', '(30, 10)', '(11, 6)', '(10, 16)', '(1, 13)', '(25, 14)', '(20, 11)', '(23, 16)', '(12, 16)', '(27, 7)', '(30, 3)', '(27, 16)', '(30, 12)', '(19, 12)', '(8, 12)', '(11, 8)', '(25, 16)', '(15, 8)', '(31, 4)', '(29, 16)', '(21, 12)', '(23, 9)', '(34, 15)', '(27, 9)', '(17, 8)', '(30, 5)', '(33, 4)', '(30, 14)', '(10, 11)', '(8, 14)', '(11, 10)', '(25, 9)', '(32, 8)', '(2, 7)', '(2, 16)', '(15, 10)', '(31, 6)', '(23, 2)', '(6, 16)', '(12, 11)', '(4, 7)', '(34, 8)', '(27, 2)', '(4, 16)', '(28, 1)', '(27, 11)', '(17, 10)', '(25, 2)', '(30, 16)', '(19, 16)', '(8, 16)', '(10, 13)', '(32, 10)', '(15, 12)']",46,0,46
179,"(10, 6)","(11, 6)",West,"[('(11, 6)', 'East', 1), ('(9, 6)', 'West', 1)]","['(21, 2)', '(4, 8)', '(8, 10)', '(10, 6)']","['(9, 6)', '(21, 2)', '(4, 8)', '(8, 10)']","['(21, 16)', '(34, 1)', '(34, 10)', '(27, 4)', '(27, 13)', '(17, 12)', '(30, 9)', '(10, 6)', '(32, 12)', '(13, 8)', '(1, 15)', '(26, 14)', '(15, 14)', '(21, 9)', '(34, 3)', '(34, 12)', '(27, 6)', '(17, 14)', '(19, 11)', '(8, 11)', '(11, 7)', '(11, 16)', '(32, 14)', '(1, 8)', '(29, 6)', '(26, 16)', '(15, 16)', '(18, 12)', '(34, 14)', '(22, 12)', '(27, 8)', '(14, 8)', '(30, 4)', '(28, 16)', '(30, 13)', '(17, 16)', '(33, 6)', '(32, 16)', '(24, 12)', '(13, 12)', '(25, 11)', '(26, 9)', '(16, 8)', '(1, 10)', '(31, 8)', '(34, 7)', '(27, 1)', '(34, 16)', '(12, 13)', '(14, 10)', '(17, 9)', '(30, 6)', '(5, 16)', '(9, 14)', '(33, 8)', '(26, 2)', '(13, 14)', '(26, 11)', '(1, 12)', '(16, 10)', '(18, 16)', '(7, 16)', '(31, 1)', '(31, 10)', '(20, 10)', '(22, 16)', '(14, 12)', '(9, 16)', '(33, 1)', '(33, 10)', '(24, 16)', '(13, 16)', '(25, 15)', '(16, 12)', '(1, 14)', '(31, 3)', '(34, 2)', '(31, 12)', '(34, 11)', '(20, 12)', '(22, 9)', '(12, 8)', '(14, 14)', '(32, 4)', '(8, 13)', '(33, 12)', '(24, 9)', '(10, 10)', '(1, 7)', '(1, 16)', '(16, 14)', '(34, 4)', '(22, 2)', '(31, 14)', '(12, 10)', '(3, 7)', '(14, 16)', '(3, 16)', '(32, 6)', '(24, 2)', '(33, 14)', '(24, 11)', '(10, 12)', '(1, 9)', '(16, 16)', '(29, 1)', '(29, 10)', '(34, 6)', '(31, 16)', '(20, 16)', '(23, 12)', '(12, 12)', '(27, 3)', '(27, 12)', '(30, 8)', '(33, 16)', '(1, 11)', '(10, 14)', '(20, 9)', '(12, 14)', '(14, 11)', '(27, 5)', '(32, 1)', '(30, 1)', '(27, 14)', '(17, 13)', '(30, 10)', '(11, 6)', '(10, 16)', '(1, 13)', '(25, 14)', '(20, 11)', '(23, 16)', '(12, 16)', '(27, 7)', '(30, 3)', '(27, 16)', '(30, 12)', '(19, 12)', '(8, 12)', '(11, 8)', '(25, 16)', '(15, 8)', '(31, 4)', '(29, 16)', '(21, 12)', '(23, 9)', '(34, 15)', '(27, 9)', '(17, 8)', '(30, 5)', '(33, 4)', '(30, 14)', '(10, 11)', '(8, 14)', '(11, 10)', '(25, 9)', '(32, 8)', '(2, 7)', '(2, 16)', '(15, 10)', '(31, 6)', '(23, 2)', '(6, 16)', '(12, 11)', '(4, 7)', '(34, 8)', '(27, 2)', '(4, 16)', '(28, 1)', '(27, 11)', '(17, 10)', '(25, 2)', '(30, 16)', '(19, 16)', '(8, 16)', '(10, 13)', '(32, 10)', '(15, 12)']",46,0,46
180,"(8, 10)","(8, 11)",South,"[('(8, 11)', 'North', 1), ('(8, 9)', 'South', 1)]","['(9, 6)', '(21, 2)', '(4, 8)', '(8, 10)']","['(8, 9)', '(9, 6)', '(21, 2)', '(4, 8)']","['(21, 16)', '(34, 1)', '(34, 10)', '(27, 4)', '(27, 13)', '(17, 12)', '(30, 9)', '(10, 6)', '(32, 12)', '(13, 8)', '(1, 15)', '(26, 14)', '(15, 14)', '(21, 9)', '(34, 3)', '(34, 12)', '(27, 6)', '(17, 14)', '(19, 11)', '(8, 11)', '(11, 7)', '(11, 16)', '(32, 14)', '(1, 8)', '(29, 6)', '(26, 16)', '(15, 16)', '(18, 12)', '(34, 14)', '(22, 12)', '(27, 8)', '(14, 8)', '(30, 4)', '(28, 16)', '(30, 13)', '(17, 16)', '(33, 6)', '(32, 16)', '(24, 12)', '(13, 12)', '(25, 11)', '(26, 9)', '(16, 8)', '(1, 10)', '(31, 8)', '(34, 7)', '(27, 1)', '(34, 16)', '(12, 13)', '(14, 10)', '(17, 9)', '(30, 6)', '(5, 16)', '(9, 14)', '(33, 8)', '(26, 2)', '(13, 14)', '(26, 11)', '(1, 12)', '(16, 10)', '(18, 16)', '(7, 16)', '(31, 1)', '(31, 10)', '(20, 10)', '(22, 16)', '(14, 12)', '(9, 16)', '(33, 1)', '(33, 10)', '(24, 16)', '(13, 16)', '(25, 15)', '(16, 12)', '(1, 14)', '(31, 3)', '(34, 2)', '(31, 12)', '(34, 11)', '(20, 12)', '(22, 9)', '(12, 8)', '(14, 14)', '(32, 4)', '(8, 13)', '(33, 12)', '(24, 9)', '(10, 10)', '(1, 7)', '(1, 16)', '(16, 14)', '(34, 4)', '(22, 2)', '(31, 14)', '(12, 10)', '(3, 7)', '(14, 16)', '(3, 16)', '(32, 6)', '(24, 2)', '(33, 14)', '(24, 11)', '(10, 12)', '(1, 9)', '(16, 16)', '(29, 1)', '(29, 10)', '(34, 6)', '(31, 16)', '(20, 16)', '(23, 12)', '(12, 12)', '(27, 3)', '(27, 12)', '(30, 8)', '(33, 16)', '(1, 11)', '(10, 14)', '(20, 9)', '(12, 14)', '(14, 11)', '(27, 5)', '(32, 1)', '(30, 1)', '(27, 14)', '(17, 13)', '(30, 10)', '(8, 10)', '(11, 6)', '(10, 16)', '(1, 13)', '(25, 14)', '(20, 11)', '(23, 16)', '(12, 16)', '(27, 7)', '(30, 3)', '(27, 16)', '(30, 12)', '(19, 12)', '(8, 12)', '(11, 8)', '(25, 16)', '(15, 8)', '(31, 4)', '(29, 16)', '(21, 12)', '(23, 9)', '(34, 15)', '(27, 9)', '(17, 8)', '(30, 5)', '(33, 4)', '(30, 14)', '(10, 11)', '(8, 14)', '(11, 10)', '(25, 9)', '(32, 8)', '(2, 7)', '(2, 16)', '(15, 10)', '(31, 6)', '(23, 2)', '(6, 16)', '(12, 11)', '(4, 7)', '(34, 8)', '(27, 2)', '(4, 16)', '(28, 1)', '(27, 11)', '(17, 10)', '(25, 2)', '(30, 16)', '(19, 16)', '(8, 16)', '(10, 13)', '(32, 10)', '(15, 12)']",46,0,46
181,"(4, 8)","(4, 7)",North,"[('(4, 9)', 'North', 1), ('(4, 7)', 'South', 1)]","['(8, 9)', '(9, 6)', '(21, 2)', '(4, 8)']","['(4, 9)', '(8, 9)', '(9, 6)', '(21, 2)']","['(21, 16)', '(34, 1)', '(34, 10)', '(27, 4)', '(27, 13)', '(17, 12)', '(30, 9)', '(10, 6)', '(32, 12)', '(13, 8)', '(1, 15)', '(26, 14)', '(15, 14)', '(21, 9)', '(34, 3)', '(34, 12)', '(27, 6)', '(17, 14)', '(19, 11)', '(8, 11)', '(11, 7)', '(11, 16)', '(32, 14)', '(1, 8)', '(29, 6)', '(26, 16)', '(15, 16)', '(18, 12)', '(34, 14)', '(22, 12)', '(27, 8)', '(14, 8)', '(30, 4)', '(28, 16)', '(30, 13)', '(17, 16)', '(33, 6)', '(32, 16)', '(24, 12)', '(13, 12)', '(25, 11)', '(26, 9)', '(16, 8)', '(1, 10)', '(31, 8)', '(34, 7)', '(27, 1)', '(34, 16)', '(12, 13)', '(14, 10)', '(17, 9)', '(30, 6)', '(5, 16)', '(9, 14)', '(33, 8)', '(26, 2)', '(13, 14)', '(26, 11)', '(1, 12)', '(16, 10)', '(18, 16)', '(7, 16)', '(31, 1)', '(31, 10)', '(20, 10)', '(22, 16)', '(14, 12)', '(9, 16)', '(33, 1)', '(33, 10)', '(24, 16)', '(13, 16)', '(25, 15)', '(16, 12)', '(1, 14)', '(31, 3)', '(34, 2)', '(31, 12)', '(34, 11)', '(20, 12)', '(22, 9)', '(12, 8)', '(14, 14)', '(32, 4)', '(8, 13)', '(33, 12)', '(24, 9)', '(10, 10)', '(1, 7)', '(1, 16)', '(16, 14)', '(34, 4)', '(22, 2)', '(31, 14)', '(12, 10)', '(3, 7)', '(14, 16)', '(3, 16)', '(32, 6)', '(24, 2)', '(33, 14)', '(24, 11)', '(10, 12)', '(1, 9)', '(16, 16)', '(29, 1)', '(29, 10)', '(34, 6)', '(31, 16)', '(20, 16)', '(23, 12)', '(12, 12)', '(4, 8)', '(27, 3)', '(27, 12)', '(30, 8)', '(33, 16)', '(1, 11)', '(10, 14)', '(20, 9)', '(12, 14)', '(14, 11)', '(27, 5)', '(32, 1)', '(30, 1)', '(27, 14)', '(17, 13)', '(30, 10)', '(8, 10)', '(11, 6)', '(10, 16)', '(1, 13)', '(25, 14)', '(20, 11)', '(23, 16)', '(12, 16)', '(27, 7)', '(30, 3)', '(27, 16)', '(30, 12)', '(19, 12)', '(8, 12)', '(11, 8)', '(25, 16)', '(15, 8)', '(31, 4)', '(29, 16)', '(21, 12)', '(23, 9)', '(34, 15)', '(27, 9)', '(17, 8)', '(30, 5)', '(33, 4)', '(30, 14)', '(10, 11)', '(8, 14)', '(11, 10)', '(25, 9)', '(32, 8)', '(2, 7)', '(2, 16)', '(15, 10)', '(31, 6)', '(23, 2)', '(6, 16)', '(12, 11)', '(4, 7)', '(34, 8)', '(27, 2)', '(4, 16)', '(28, 1)', '(27, 11)', '(17, 10)', '(25, 2)', '(30, 16)', '(19, 16)', '(8, 16)', '(10, 13)', '(32, 10)', '(15, 12)']",46,0,46
182,"(21, 2)","(22, 2)",West,"[('(22, 2)', 'East', 1), ('(20, 2)', 'West', 1)]","['(4, 9)', '(8, 9)', '(9, 6)', '(21, 2)']","['(20, 2)', '(4, 9)', '(8, 9)', '(9, 6)']","['(21, 16)', '(34, 1)', '(34, 10)', '(27, 4)', '(27, 13)', '(17, 12)', '(30, 9)', '(10, 6)', '(32, 12)', '(13, 8)', '(1, 15)', '(26, 14)', '(15, 14)', '(21, 9)', '(34, 3)', '(34, 12)', '(27, 6)', '(17, 14)', '(19, 11)', '(8, 11)', '(11, 7)', '(11, 16)', '(32, 14)', '(1, 8)', '(29, 6)', '(21, 2)', '(26, 16)', '(15, 16)', '(18, 12)', '(34, 14)', '(22, 12)', '(27, 8)', '(14, 8)', '(30, 4)', '(28, 16)', '(30, 13)', '(17, 16)', '(33, 6)', '(32, 16)', '(24, 12)', '(13, 12)', '(25, 11)', '(26, 9)', '(16, 8)', '(1, 10)', '(31, 8)', '(34, 7)', '(27, 1)', '(34, 16)', '(12, 13)', '(14, 10)', '(17, 9)', '(30, 6)', '(5, 16)', '(9, 14)', '(33, 8)', '(26, 2)', '(13, 14)', '(26, 11)', '(1, 12)', '(16, 10)', '(18, 16)', '(7, 16)', '(31, 1)', '(31, 10)', '(20, 10)', '(22, 16)', '(14, 12)', '(9, 16)', '(33, 1)', '(33, 10)', '(24, 16)', '(13, 16)', '(25, 15)', '(16, 12)', '(1, 14)', '(31, 3)', '(34, 2)', '(31, 12)', '(34, 11)', '(20, 12)', '(22, 9)', '(12, 8)', '(14, 14)', '(32, 4)', '(8, 13)', '(33, 12)', '(24, 9)', '(10, 10)', '(1, 7)', '(1, 16)', '(16, 14)', '(34, 4)', '(22, 2)', '(31, 14)', '(12, 10)', '(3, 7)', '(14, 16)', '(3, 16)', '(32, 6)', '(24, 2)', '(33, 14)', '(24, 11)', '(10, 12)', '(1, 9)', '(16, 16)', '(29, 1)', '(29, 10)', '(34, 6)', '(31, 16)', '(20, 16)', '(23, 12)', '(12, 12)', '(4, 8)', '(27, 3)', '(27, 12)', '(30, 8)', '(33, 16)', '(1, 11)', '(10, 14)', '(20, 9)', '(12, 14)', '(14, 11)', '(27, 5)', '(32, 1)', '(30, 1)', '(27, 14)', '(17, 13)', '(30, 10)', '(8, 10)', '(11, 6)', '(10, 16)', '(1, 13)', '(25, 14)', '(20, 11)', '(23, 16)', '(12, 16)', '(27, 7)', '(30, 3)', '(27, 16)', '(30, 12)', '(19, 12)', '(8, 12)', '(11, 8)', '(25, 16)', '(15, 8)', '(31, 4)', '(29, 16)', '(21, 12)', '(23, 9)', '(34, 15)', '(27, 9)', '(17, 8)', '(30, 5)', '(33, 4)', '(30, 14)', '(10, 11)', '(8, 14)', '(11, 10)', '(25, 9)', '(32, 8)', '(2, 7)', '(2, 16)', '(15, 10)', '(31, 6)', '(23, 2)', '(6, 16)', '(12, 11)', '(4, 7)', '(34, 8)', '(27, 2)', '(4, 16)', '(28, 1)', '(27, 11)', '(17, 10)', '(25, 2)', '(30, 16)', '(19, 16)', '(8, 16)', '(10, 13)', '(32, 10)', '(15, 12)']",47,0,47
183,"(9, 6)","(10, 6)",West,"[('(10, 6)', 'East', 1), ('(8, 6)', 'West', 1)]","['(20, 2)', '(4, 9)', '(8, 9)', '(9, 6)']","['(8, 6)', '(20, 2)', '(4, 9)', '(8, 9)']","['(21, 16)', '(34, 1)', '(34, 10)', '(27, 4)', '(27, 13)', '(17, 12)', '(30, 9)', '(10, 6)', '(32, 12)', '(13, 8)', '(1, 15)', '(26, 14)', '(15, 14)', '(21, 9)', '(34, 3)', '(34, 12)', '(27, 6)', '(17, 14)', '(19, 11)', '(8, 11)', '(11, 7)', '(11, 16)', '(32, 14)', '(1, 8)', '(29, 6)', '(21, 2)', '(26, 16)', '(15, 16)', '(18, 12)', '(34, 14)', '(22, 12)', '(27, 8)', '(14, 8)', '(30, 4)', '(28, 16)', '(30, 13)', '(17, 16)', '(33, 6)', '(32, 16)', '(24, 12)', '(13, 12)', '(25, 11)', '(26, 9)', '(16, 8)', '(1, 10)', '(31, 8)', '(34, 7)', '(27, 1)', '(34, 16)', '(12, 13)', '(14, 10)', '(17, 9)', '(30, 6)', '(5, 16)', '(9, 14)', '(33, 8)', '(26, 2)', '(13, 14)', '(26, 11)', '(1, 12)', '(16, 10)', '(18, 16)', '(7, 16)', '(31, 1)', '(31, 10)', '(20, 10)', '(22, 16)', '(14, 12)', '(9, 16)', '(33, 1)', '(33, 10)', '(24, 16)', '(13, 16)', '(25, 15)', '(16, 12)', '(1, 14)', '(31, 3)', '(34, 2)', '(31, 12)', '(34, 11)', '(20, 12)', '(22, 9)', '(12, 8)', '(14, 14)', '(32, 4)', '(8, 13)', '(33, 12)', '(24, 9)', '(10, 10)', '(1, 7)', '(1, 16)', '(16, 14)', '(34, 4)', '(22, 2)', '(31, 14)', '(12, 10)', '(3, 7)', '(14, 16)', '(3, 16)', '(32, 6)', '(24, 2)', '(33, 14)', '(24, 11)', '(10, 12)', '(1, 9)', '(16, 16)', '(29, 1)', '(29, 10)', '(34, 6)', '(31, 16)', '(20, 16)', '(23, 12)', '(12, 12)', '(4, 8)', '(27, 3)', '(27, 12)', '(30, 8)', '(33, 16)', '(1, 11)', '(10, 14)', '(20, 9)', '(12, 14)', '(14, 11)', '(27, 5)', '(32, 1)', '(30, 1)', '(27, 14)', '(17, 13)', '(30, 10)', '(8, 10)', '(11, 6)', '(10, 16)', '(1, 13)', '(25, 14)', '(20, 11)', '(23, 16)', '(12, 16)', '(27, 7)', '(30, 3)', '(27, 16)', '(30, 12)', '(19, 12)', '(8, 12)', '(11, 8)', '(25, 16)', '(15, 8)', '(31, 4)', '(29, 16)', '(21, 12)', '(23, 9)', '(34, 15)', '(27, 9)', '(17, 8)', '(30, 5)', '(33, 4)', '(30, 14)', '(10, 11)', '(8, 14)', '(11, 10)', '(25, 9)', '(32, 8)', '(2, 7)', '(2, 16)', '(15, 10)', '(31, 6)', '(23, 2)', '(6, 16)', '(12, 11)', '(4, 7)', '(34, 8)', '(27, 2)', '(4, 16)', '(28, 1)', '(27, 11)', '(17, 10)', '(9, 6)', '(25, 2)', '(30, 16)', '(19, 16)', '(8, 16)', '(10, 13)', '(32, 10)', '(15, 12)']",47,0,47
184,"(8, 9)","(8, 10)",South,"[('(8, 10)', 'North', 1), ('(8, 8)', 'South', 1)]","['(8, 6)', '(20, 2)', '(4, 9)', '(8, 9)']","['(8, 8)', '(8, 6)', '(20, 2)', '(4, 9)']","['(21, 16)', '(34, 1)', '(34, 10)', '(27, 4)', '(27, 13)', '(17, 12)', '(30, 9)', '(10, 6)', '(8, 9)', '(32, 12)', '(13, 8)', '(1, 15)', '(26, 14)', '(15, 14)', '(21, 9)', '(34, 3)', '(34, 12)', '(27, 6)', '(17, 14)', '(19, 11)', '(8, 11)', '(11, 7)', '(11, 16)', '(32, 14)', '(1, 8)', '(29, 6)', '(21, 2)', '(26, 16)', '(15, 16)', '(18, 12)', '(34, 14)', '(22, 12)', '(27, 8)', '(14, 8)', '(30, 4)', '(28, 16)', '(30, 13)', '(17, 16)', '(33, 6)', '(32, 16)', '(24, 12)', '(13, 12)', '(25, 11)', '(26, 9)', '(16, 8)', '(1, 10)', '(31, 8)', '(34, 7)', '(27, 1)', '(34, 16)', '(12, 13)', '(14, 10)', '(17, 9)', '(30, 6)', '(5, 16)', '(9, 14)', '(33, 8)', '(26, 2)', '(13, 14)', '(26, 11)', '(1, 12)', '(16, 10)', '(18, 16)', '(7, 16)', '(31, 1)', '(31, 10)', '(20, 10)', '(22, 16)', '(14, 12)', '(9, 16)', '(33, 1)', '(33, 10)', '(24, 16)', '(13, 16)', '(25, 15)', '(16, 12)', '(1, 14)', '(31, 3)', '(34, 2)', '(31, 12)', '(34, 11)', '(20, 12)', '(22, 9)', '(12, 8)', '(14, 14)', '(32, 4)', '(8, 13)', '(33, 12)', '(24, 9)', '(10, 10)', '(1, 7)', '(1, 16)', '(16, 14)', '(34, 4)', '(22, 2)', '(31, 14)', '(12, 10)', '(3, 7)', '(14, 16)', '(3, 16)', '(32, 6)', '(24, 2)', '(33, 14)', '(24, 11)', '(10, 12)', '(1, 9)', '(16, 16)', '(29, 1)', '(29, 10)', '(34, 6)', '(31, 16)', '(20, 16)', '(23, 12)', '(12, 12)', '(4, 8)', '(27, 3)', '(27, 12)', '(30, 8)', '(33, 16)', '(1, 11)', '(10, 14)', '(20, 9)', '(12, 14)', '(14, 11)', '(27, 5)', '(32, 1)', '(30, 1)', '(27, 14)', '(17, 13)', '(30, 10)', '(8, 10)', '(11, 6)', '(10, 16)', '(1, 13)', '(25, 14)', '(20, 11)', '(23, 16)', '(12, 16)', '(27, 7)', '(30, 3)', '(27, 16)', '(30, 12)', '(19, 12)', '(8, 12)', '(11, 8)', '(25, 16)', '(15, 8)', '(31, 4)', '(29, 16)', '(21, 12)', '(23, 9)', '(34, 15)', '(27, 9)', '(17, 8)', '(30, 5)', '(33, 4)', '(30, 14)', '(10, 11)', '(8, 14)', '(11, 10)', '(25, 9)', '(32, 8)', '(2, 7)', '(2, 16)', '(15, 10)', '(31, 6)', '(23, 2)', '(6, 16)', '(12, 11)', '(4, 7)', '(34, 8)', '(27, 2)', '(4, 16)', '(28, 1)', '(27, 11)', '(17, 10)', '(9, 6)', '(25, 2)', '(30, 16)', '(19, 16)', '(8, 16)', '(10, 13)', '(32, 10)', '(15, 12)']",47,0,47
185,"(4, 9)","(4, 8)",North,"[('(4, 10)', 'North', 1), ('(4, 8)', 'South', 1)]","['(8, 8)', '(8, 6)', '(20, 2)', '(4, 9)']","['(4, 10)', '(8, 8)', '(8, 6)', '(20, 2)']","['(21, 16)', '(34, 1)', '(4, 9)', '(34, 10)', '(27, 4)', '(27, 13)', '(17, 12)', '(30, 9)', '(10, 6)', '(8, 9)', '(32, 12)', '(13, 8)', '(1, 15)', '(26, 14)', '(15, 14)', '(21, 9)', '(34, 3)', '(34, 12)', '(27, 6)', '(17, 14)', '(19, 11)', '(8, 11)', '(11, 7)', '(11, 16)', '(32, 14)', '(1, 8)', '(29, 6)', '(21, 2)', '(26, 16)', '(15, 16)', '(18, 12)', '(34, 14)', '(22, 12)', '(27, 8)', '(14, 8)', '(30, 4)', '(28, 16)', '(30, 13)', '(17, 16)', '(33, 6)', '(32, 16)', '(24, 12)', '(13, 12)', '(25, 11)', '(26, 9)', '(16, 8)', '(1, 10)', '(31, 8)', '(34, 7)', '(27, 1)', '(34, 16)', '(12, 13)', '(14, 10)', '(17, 9)', '(30, 6)', '(5, 16)', '(9, 14)', '(33, 8)', '(26, 2)', '(13, 14)', '(26, 11)', '(1, 12)', '(16, 10)', '(18, 16)', '(7, 16)', '(31, 1)', '(31, 10)', '(20, 10)', '(22, 16)', '(14, 12)', '(9, 16)', '(33, 1)', '(33, 10)', '(24, 16)', '(13, 16)', '(25, 15)', '(16, 12)', '(1, 14)', '(31, 3)', '(34, 2)', '(31, 12)', '(34, 11)', '(20, 12)', '(22, 9)', '(12, 8)', '(14, 14)', '(32, 4)', '(8, 13)', '(33, 12)', '(24, 9)', '(10, 10)', '(1, 7)', '(1, 16)', '(16, 14)', '(34, 4)', '(22, 2)', '(31, 14)', '(12, 10)', '(3, 7)', '(14, 16)', '(3, 16)', '(32, 6)', '(24, 2)', '(33, 14)', '(24, 11)', '(10, 12)', '(1, 9)', '(16, 16)', '(29, 1)', '(29, 10)', '(34, 6)', '(31, 16)', '(20, 16)', '(23, 12)', '(12, 12)', '(4, 8)', '(27, 3)', '(27, 12)', '(30, 8)', '(33, 16)', '(1, 11)', '(10, 14)', '(20, 9)', '(12, 14)', '(14, 11)', '(27, 5)', '(32, 1)', '(30, 1)', '(27, 14)', '(17, 13)', '(30, 10)', '(8, 10)', '(11, 6)', '(10, 16)', '(1, 13)', '(25, 14)', '(20, 11)', '(23, 16)', '(12, 16)', '(27, 7)', '(30, 3)', '(27, 16)', '(30, 12)', '(19, 12)', '(8, 12)', '(11, 8)', '(25, 16)', '(15, 8)', '(31, 4)', '(29, 16)', '(21, 12)', '(23, 9)', '(34, 15)', '(27, 9)', '(17, 8)', '(30, 5)', '(33, 4)', '(30, 14)', '(10, 11)', '(8, 14)', '(11, 10)', '(25, 9)', '(32, 8)', '(2, 7)', '(2, 16)', '(15, 10)', '(31, 6)', '(23, 2)', '(6, 16)', '(12, 11)', '(4, 7)', '(34, 8)', '(27, 2)', '(4, 16)', '(28, 1)', '(27, 11)', '(17, 10)', '(9, 6)', '(25, 2)', '(30, 16)', '(19, 16)', '(8, 16)', '(10, 13)', '(32, 10)', '(15, 12)']",47,0,47
186,"(20, 2)","(21, 2)",West,"[('(21, 2)', 'East', 1), ('(19, 2)', 'West', 1)]","['(4, 10)', '(8, 8)', '(8, 6)', '(20, 2)']","['(19, 2)', '(4, 10)', '(8, 8)', '(8, 6)']","['(21, 16)', '(34, 1)', '(4, 9)', '(34, 10)', '(27, 4)', '(27, 13)', '(17, 12)', '(30, 9)', '(10, 6)', '(8, 9)', '(32, 12)', '(13, 8)', '(1, 15)', '(26, 14)', '(15, 14)', '(21, 9)', '(34, 3)', '(34, 12)', '(27, 6)', '(17, 14)', '(19, 11)', '(8, 11)', '(11, 7)', '(11, 16)', '(32, 14)', '(1, 8)', '(29, 6)', '(21, 2)', '(26, 16)', '(15, 16)', '(18, 12)', '(34, 14)', '(22, 12)', '(27, 8)', '(14, 8)', '(30, 4)', '(28, 16)', '(30, 13)', '(17, 16)', '(33, 6)', '(32, 16)', '(24, 12)', '(13, 12)', '(25, 11)', '(26, 9)', '(16, 8)', '(1, 10)', '(31, 8)', '(34, 7)', '(27, 1)', '(34, 16)', '(12, 13)', '(14, 10)', '(17, 9)', '(30, 6)', '(5, 16)', '(9, 14)', '(33, 8)', '(26, 2)', '(13, 14)', '(26, 11)', '(1, 12)', '(16, 10)', '(18, 16)', '(7, 16)', '(31, 1)', '(31, 10)', '(20, 10)', '(22, 16)', '(14, 12)', '(9, 16)', '(33, 1)', '(33, 10)', '(24, 16)', '(13, 16)', '(25, 15)', '(16, 12)', '(1, 14)', '(31, 3)', '(34, 2)', '(31, 12)', '(34, 11)', '(20, 12)', '(22, 9)', '(12, 8)', '(14, 14)', '(32, 4)', '(8, 13)', '(33, 12)', '(24, 9)', '(10, 10)', '(1, 7)', '(1, 16)', '(16, 14)', '(34, 4)', '(22, 2)', '(31, 14)', '(12, 10)', '(3, 7)', '(14, 16)', '(3, 16)', '(32, 6)', '(24, 2)', '(33, 14)', '(24, 11)', '(10, 12)', '(1, 9)', '(16, 16)', '(29, 1)', '(29, 10)', '(34, 6)', '(31, 16)', '(20, 16)', '(23, 12)', '(12, 12)', '(4, 8)', '(27, 3)', '(27, 12)', '(30, 8)', '(33, 16)', '(1, 11)', '(10, 14)', '(20, 9)', '(12, 14)', '(14, 11)', '(27, 5)', '(32, 1)', '(30, 1)', '(27, 14)', '(17, 13)', '(30, 10)', '(8, 10)', '(11, 6)', '(10, 16)', '(1, 13)', '(25, 14)', '(20, 2)', '(20, 11)', '(23, 16)', '(12, 16)', '(27, 7)', '(30, 3)', '(27, 16)', '(30, 12)', '(19, 12)', '(8, 12)', '(11, 8)', '(25, 16)', '(15, 8)', '(31, 4)', '(29, 16)', '(21, 12)', '(23, 9)', '(34, 15)', '(27, 9)', '(17, 8)', '(30, 5)', '(33, 4)', '(30, 14)', '(10, 11)', '(8, 14)', '(11, 10)', '(25, 9)', '(32, 8)', '(2, 7)', '(2, 16)', '(15, 10)', '(31, 6)', '(23, 2)', '(6, 16)', '(12, 11)', '(4, 7)', '(34, 8)', '(27, 2)', '(4, 16)', '(28, 1)', '(27, 11)', '(17, 10)', '(9, 6)', '(25, 2)', '(30, 16)', '(19, 16)', '(8, 16)', '(10, 13)', '(32, 10)', '(15, 12)']",48,0,48
187,"(8, 6)","(9, 6)",West,"[('(9, 6)', 'East', 1), ('(7, 6)', 'West', 1)]","['(19, 2)', '(4, 10)', '(8, 8)', '(8, 6)']","['(7, 6)', '(19, 2)', '(4, 10)', '(8, 8)']","['(21, 16)', '(34, 1)', '(4, 9)', '(34, 10)', '(27, 4)', '(27, 13)', '(17, 12)', '(30, 9)', '(10, 6)', '(8, 9)', '(32, 12)', '(13, 8)', '(1, 15)', '(26, 14)', '(15, 14)', '(21, 9)', '(34, 3)', '(34, 12)', '(27, 6)', '(17, 14)', '(19, 11)', '(8, 11)', '(11, 7)', '(11, 16)', '(32, 14)', '(1, 8)', '(29, 6)', '(21, 2)', '(26, 16)', '(15, 16)', '(18, 12)', '(34, 14)', '(22, 12)', '(27, 8)', '(14, 8)', '(30, 4)', '(28, 16)', '(30, 13)', '(17, 16)', '(33, 6)', '(32, 16)', '(24, 12)', '(13, 12)', '(25, 11)', '(26, 9)', '(16, 8)', '(1, 10)', '(31, 8)', '(34, 7)', '(27, 1)', '(34, 16)', '(12, 13)', '(14, 10)', '(17, 9)', '(30, 6)', '(5, 16)', '(9, 14)', '(33, 8)', '(26, 2)', '(13, 14)', '(26, 11)', '(1, 12)', '(16, 10)', '(18, 16)', '(7, 16)', '(31, 1)', '(31, 10)', '(20, 10)', '(22, 16)', '(14, 12)', '(9, 16)', '(33, 1)', '(33, 10)', '(24, 16)', '(13, 16)', '(25, 15)', '(16, 12)', '(1, 14)', '(31, 3)', '(34, 2)', '(31, 12)', '(34, 11)', '(20, 12)', '(22, 9)', '(12, 8)', '(14, 14)', '(32, 4)', '(8, 13)', '(33, 12)', '(24, 9)', '(10, 10)', '(1, 7)', '(1, 16)', '(16, 14)', '(34, 4)', '(22, 2)', '(31, 14)', '(12, 10)', '(3, 7)', '(14, 16)', '(3, 16)', '(32, 6)', '(8, 6)', '(24, 2)', '(33, 14)', '(24, 11)', '(10, 12)', '(1, 9)', '(16, 16)', '(29, 1)', '(29, 10)', '(34, 6)', '(31, 16)', '(20, 16)', '(23, 12)', '(12, 12)', '(4, 8)', '(27, 3)', '(27, 12)', '(30, 8)', '(33, 16)', '(1, 11)', '(10, 14)', '(20, 9)', '(12, 14)', '(14, 11)', '(27, 5)', '(32, 1)', '(30, 1)', '(27, 14)', '(17, 13)', '(30, 10)', '(8, 10)', '(11, 6)', '(10, 16)', '(1, 13)', '(25, 14)', '(20, 2)', '(20, 11)', '(23, 16)', '(12, 16)', '(27, 7)', '(30, 3)', '(27, 16)', '(30, 12)', '(19, 12)', '(8, 12)', '(11, 8)', '(25, 16)', '(15, 8)', '(31, 4)', '(29, 16)', '(21, 12)', '(23, 9)', '(34, 15)', '(27, 9)', '(17, 8)', '(30, 5)', '(33, 4)', '(30, 14)', '(10, 11)', '(8, 14)', '(11, 10)', '(25, 9)', '(32, 8)', '(2, 7)', '(2, 16)', '(15, 10)', '(31, 6)', '(23, 2)', '(6, 16)', '(12, 11)', '(4, 7)', '(34, 8)', '(27, 2)', '(4, 16)', '(28, 1)', '(27, 11)', '(17, 10)', '(9, 6)', '(25, 2)', '(30, 16)', '(19, 16)', '(8, 16)', '(10, 13)', '(32, 10)', '(15, 12)']",48,0,48
188,"(8, 8)","(8, 9)",South,"[('(8, 9)', 'North', 1), ('(7, 8)', 'West', 1)]","['(7, 6)', '(19, 2)', '(4, 10)', '(8, 8)']","['(7, 8)', '(7, 6)', '(19, 2)', '(4, 10)']","['(21, 16)', '(34, 1)', '(4, 9)', '(34, 10)', '(27, 4)', '(27, 13)', '(17, 12)', '(30, 9)', '(10, 6)', '(8, 9)', '(32, 12)', '(13, 8)', '(1, 15)', '(26, 14)', '(15, 14)', '(21, 9)', '(34, 3)', '(34, 12)', '(27, 6)', '(17, 14)', '(19, 11)', '(8, 11)', '(11, 7)', '(11, 16)', '(32, 14)', '(1, 8)', '(29, 6)', '(21, 2)', '(26, 16)', '(15, 16)', '(18, 12)', '(34, 14)', '(22, 12)', '(27, 8)', '(14, 8)', '(30, 4)', '(28, 16)', '(30, 13)', '(17, 16)', '(33, 6)', '(32, 16)', '(24, 12)', '(13, 12)', '(25, 11)', '(26, 9)', '(16, 8)', '(1, 10)', '(31, 8)', '(34, 7)', '(27, 1)', '(34, 16)', '(12, 13)', '(14, 10)', '(17, 9)', '(30, 6)', '(5, 16)', '(9, 14)', '(33, 8)', '(26, 2)', '(13, 14)', '(26, 11)', '(1, 12)', '(16, 10)', '(18, 16)', '(7, 16)', '(31, 1)', '(31, 10)', '(20, 10)', '(22, 16)', '(14, 12)', '(9, 16)', '(33, 1)', '(33, 10)', '(24, 16)', '(13, 16)', '(25, 15)', '(16, 12)', '(1, 14)', '(31, 3)', '(34, 2)', '(31, 12)', '(34, 11)', '(20, 12)', '(22, 9)', '(12, 8)', '(14, 14)', '(32, 4)', '(8, 13)', '(33, 12)', '(24, 9)', '(10, 10)', '(1, 7)', '(1, 16)', '(16, 14)', '(34, 4)', '(22, 2)', '(31, 14)', '(12, 10)', '(3, 7)', '(14, 16)', '(3, 16)', '(32, 6)', '(8, 6)', '(24, 2)', '(33, 14)', '(24, 11)', '(10, 12)', '(1, 9)', '(16, 16)', '(29, 1)', '(29, 10)', '(34, 6)', '(31, 16)', '(20, 16)', '(23, 12)', '(12, 12)', '(4, 8)', '(27, 3)', '(27, 12)', '(30, 8)', '(8, 8)', '(33, 16)', '(1, 11)', '(10, 14)', '(20, 9)', '(12, 14)', '(14, 11)', '(27, 5)', '(32, 1)', '(30, 1)', '(27, 14)', '(17, 13)', '(30, 10)', '(8, 10)', '(11, 6)', '(10, 16)', '(1, 13)', '(25, 14)', '(20, 2)', '(20, 11)', '(23, 16)', '(12, 16)', '(27, 7)', '(30, 3)', '(27, 16)', '(30, 12)', '(19, 12)', '(8, 12)', '(11, 8)', '(25, 16)', '(15, 8)', '(31, 4)', '(29, 16)', '(21, 12)', '(23, 9)', '(34, 15)', '(27, 9)', '(17, 8)', '(30, 5)', '(33, 4)', '(30, 14)', '(10, 11)', '(8, 14)', '(11, 10)', '(25, 9)', '(32, 8)', '(2, 7)', '(2, 16)', '(15, 10)', '(31, 6)', '(23, 2)', '(6, 16)', '(12, 11)', '(4, 7)', '(34, 8)', '(27, 2)', '(4, 16)', '(28, 1)', '(27, 11)', '(17, 10)', '(9, 6)', '(25, 2)', '(30, 16)', '(19, 16)', '(8, 16)', '(10, 13)', '(32, 10)', '(15, 12)']",48,0,48
189,"(4, 10)","(4, 9)",North,"[('(4, 11)', 'North', 1), ('(4, 9)', 'South', 1), ('(3, 10)', 'West', 1)]","['(7, 8)', '(7, 6)', '(19, 2)', '(4, 10)']","['(3, 10)', '(4, 11)', '(7, 8)', '(7, 6)', '(19, 2)']","['(21, 16)', '(34, 1)', '(4, 9)', '(34, 10)', '(27, 4)', '(27, 13)', '(17, 12)', '(30, 9)', '(10, 6)', '(8, 9)', '(32, 12)', '(13, 8)', '(1, 15)', '(26, 14)', '(15, 14)', '(21, 9)', '(34, 3)', '(34, 12)', '(27, 6)', '(17, 14)', '(19, 11)', '(8, 11)', '(11, 7)', '(11, 16)', '(32, 14)', '(1, 8)', '(29, 6)', '(21, 2)', '(26, 16)', '(15, 16)', '(18, 12)', '(34, 14)', '(22, 12)', '(27, 8)', '(14, 8)', '(30, 4)', '(28, 16)', '(30, 13)', '(17, 16)', '(33, 6)', '(32, 16)', '(24, 12)', '(13, 12)', '(25, 11)', '(26, 9)', '(16, 8)', '(1, 10)', '(31, 8)', '(34, 7)', '(27, 1)', '(34, 16)', '(12, 13)', '(14, 10)', '(17, 9)', '(30, 6)', '(5, 16)', '(9, 14)', '(33, 8)', '(26, 2)', '(13, 14)', '(26, 11)', '(1, 12)', '(16, 10)', '(18, 16)', '(7, 16)', '(31, 1)', '(31, 10)', '(20, 10)', '(22, 16)', '(14, 12)', '(9, 16)', '(33, 1)', '(33, 10)', '(24, 16)', '(13, 16)', '(25, 15)', '(16, 12)', '(1, 14)', '(31, 3)', '(34, 2)', '(31, 12)', '(34, 11)', '(20, 12)', '(22, 9)', '(12, 8)', '(14, 14)', '(32, 4)', '(8, 13)', '(33, 12)', '(24, 9)', '(10, 10)', '(1, 7)', '(1, 16)', '(16, 14)', '(34, 4)', '(22, 2)', '(31, 14)', '(12, 10)', '(3, 7)', '(14, 16)', '(3, 16)', '(32, 6)', '(8, 6)', '(24, 2)', '(33, 14)', '(24, 11)', '(10, 12)', '(1, 9)', '(16, 16)', '(29, 1)', '(29, 10)', '(34, 6)', '(31, 16)', '(20, 16)', '(23, 12)', '(12, 12)', '(4, 8)', '(27, 3)', '(27, 12)', '(30, 8)', '(8, 8)', '(33, 16)', '(1, 11)', '(10, 14)', '(20, 9)', '(12, 14)', '(14, 11)', '(4, 10)', '(27, 5)', '(32, 1)', '(30, 1)', '(27, 14)', '(17, 13)', '(30, 10)', '(8, 10)', '(11, 6)', '(10, 16)', '(1, 13)', '(25, 14)', '(20, 2)', '(20, 11)', '(23, 16)', '(12, 16)', '(27, 7)', '(30, 3)', '(27, 16)', '(30, 12)', '(19, 12)', '(8, 12)', '(11, 8)', '(25, 16)', '(15, 8)', '(31, 4)', '(29, 16)', '(21, 12)', '(23, 9)', '(34, 15)', '(27, 9)', '(17, 8)', '(30, 5)', '(33, 4)', '(30, 14)', '(10, 11)', '(8, 14)', '(11, 10)', '(25, 9)', '(32, 8)', '(2, 7)', '(2, 16)', '(15, 10)', '(31, 6)', '(23, 2)', '(6, 16)', '(12, 11)', '(4, 7)', '(34, 8)', '(27, 2)', '(4, 16)', '(28, 1)', '(27, 11)', '(17, 10)', '(9, 6)', '(25, 2)', '(30, 16)', '(19, 16)', '(8, 16)', '(10, 13)', '(32, 10)', '(15, 12)']",48,0,48
190,"(19, 2)","(20, 2)",West,"[('(20, 2)', 'East', 1), ('(18, 2)', 'West', 1)]","['(3, 10)', '(4, 11)', '(7, 8)', '(7, 6)', '(19, 2)']","['(18, 2)', '(3, 10)', '(4, 11)', '(7, 8)', '(7, 6)']","['(21, 16)', '(34, 1)', '(4, 9)', '(34, 10)', '(27, 4)', '(27, 13)', '(17, 12)', '(30, 9)', '(10, 6)', '(8, 9)', '(32, 12)', '(13, 8)', '(1, 15)', '(26, 14)', '(15, 14)', '(21, 9)', '(34, 3)', '(34, 12)', '(27, 6)', '(19, 2)', '(17, 14)', '(19, 11)', '(8, 11)', '(11, 7)', '(11, 16)', '(32, 14)', '(1, 8)', '(29, 6)', '(21, 2)', '(26, 16)', '(15, 16)', '(18, 12)', '(34, 14)', '(22, 12)', '(27, 8)', '(14, 8)', '(30, 4)', '(28, 16)', '(30, 13)', '(17, 16)', '(33, 6)', '(32, 16)', '(24, 12)', '(13, 12)', '(25, 11)', '(26, 9)', '(16, 8)', '(1, 10)', '(31, 8)', '(34, 7)', '(27, 1)', '(34, 16)', '(12, 13)', '(14, 10)', '(17, 9)', '(30, 6)', '(5, 16)', '(9, 14)', '(33, 8)', '(26, 2)', '(13, 14)', '(26, 11)', '(1, 12)', '(16, 10)', '(18, 16)', '(7, 16)', '(31, 1)', '(31, 10)', '(20, 10)', '(22, 16)', '(14, 12)', '(9, 16)', '(33, 1)', '(33, 10)', '(24, 16)', '(13, 16)', '(25, 15)', '(16, 12)', '(1, 14)', '(31, 3)', '(34, 2)', '(31, 12)', '(34, 11)', '(20, 12)', '(22, 9)', '(12, 8)', '(14, 14)', '(32, 4)', '(8, 13)', '(33, 12)', '(24, 9)', '(10, 10)', '(1, 7)', '(1, 16)', '(16, 14)', '(34, 4)', '(22, 2)', '(31, 14)', '(12, 10)', '(3, 7)', '(14, 16)', '(3, 16)', '(32, 6)', '(8, 6)', '(24, 2)', '(33, 14)', '(24, 11)', '(10, 12)', '(1, 9)', '(16, 16)', '(29, 1)', '(29, 10)', '(34, 6)', '(31, 16)', '(20, 16)', '(23, 12)', '(12, 12)', '(4, 8)', '(27, 3)', '(27, 12)', '(30, 8)', '(8, 8)', '(33, 16)', '(1, 11)', '(10, 14)', '(20, 9)', '(12, 14)', '(14, 11)', '(4, 10)', '(27, 5)', '(32, 1)', '(30, 1)', '(27, 14)', '(17, 13)', '(30, 10)', '(8, 10)', '(11, 6)', '(10, 16)', '(1, 13)', '(25, 14)', '(20, 2)', '(20, 11)', '(23, 16)', '(12, 16)', '(27, 7)', '(30, 3)', '(27, 16)', '(30, 12)', '(19, 12)', '(8, 12)', '(11, 8)', '(25, 16)', '(15, 8)', '(31, 4)', '(29, 16)', '(21, 12)', '(23, 9)', '(34, 15)', '(27, 9)', '(17, 8)', '(30, 5)', '(33, 4)', '(30, 14)', '(10, 11)', '(8, 14)', '(11, 10)', '(25, 9)', '(32, 8)', '(2, 7)', '(2, 16)', '(15, 10)', '(31, 6)', '(23, 2)', '(6, 16)', '(12, 11)', '(4, 7)', '(34, 8)', '(27, 2)', '(4, 16)', '(28, 1)', '(27, 11)', '(17, 10)', '(9, 6)', '(25, 2)', '(30, 16)', '(19, 16)', '(8, 16)', '(10, 13)', '(32, 10)', '(15, 12)']",49,0,49
191,"(7, 6)","(8, 6)",West,"[('(8, 6)', 'East', 1), ('(6, 6)', 'West', 1)]","['(18, 2)', '(3, 10)', '(4, 11)', '(7, 8)', '(7, 6)']","['(6, 6)', '(18, 2)', '(3, 10)', '(4, 11)', '(7, 8)']","['(21, 16)', '(34, 1)', '(4, 9)', '(34, 10)', '(27, 4)', '(27, 13)', '(17, 12)', '(30, 9)', '(10, 6)', '(8, 9)', '(32, 12)', '(13, 8)', '(1, 15)', '(26, 14)', '(15, 14)', '(21, 9)', '(34, 3)', '(34, 12)', '(27, 6)', '(19, 2)', '(17, 14)', '(19, 11)', '(8, 11)', '(11, 7)', '(11, 16)', '(32, 14)', '(1, 8)', '(29, 6)', '(21, 2)', '(26, 16)', '(15, 16)', '(18, 12)', '(34, 14)', '(22, 12)', '(27, 8)', '(14, 8)', '(30, 4)', '(28, 16)', '(30, 13)', '(17, 16)', '(33, 6)', '(32, 16)', '(24, 12)', '(13, 12)', '(25, 11)', '(26, 9)', '(16, 8)', '(1, 10)', '(31, 8)', '(34, 7)', '(27, 1)', '(34, 16)', '(12, 13)', '(14, 10)', '(17, 9)', '(30, 6)', '(5, 16)', '(9, 14)', '(33, 8)', '(26, 2)', '(13, 14)', '(26, 11)', '(1, 12)', '(16, 10)', '(18, 16)', '(7, 16)', '(31, 1)', '(31, 10)', '(20, 10)', '(22, 16)', '(14, 12)', '(9, 16)', '(33, 1)', '(33, 10)', '(24, 16)', '(13, 16)', '(25, 15)', '(16, 12)', '(1, 14)', '(31, 3)', '(34, 2)', '(31, 12)', '(34, 11)', '(20, 12)', '(22, 9)', '(12, 8)', '(14, 14)', '(32, 4)', '(8, 13)', '(33, 12)', '(24, 9)', '(10, 10)', '(1, 7)', '(1, 16)', '(16, 14)', '(34, 4)', '(22, 2)', '(31, 14)', '(12, 10)', '(3, 7)', '(14, 16)', '(3, 16)', '(32, 6)', '(8, 6)', '(24, 2)', '(33, 14)', '(24, 11)', '(10, 12)', '(1, 9)', '(16, 16)', '(29, 1)', '(29, 10)', '(34, 6)', '(31, 16)', '(20, 16)', '(23, 12)', '(12, 12)', '(4, 8)', '(27, 3)', '(27, 12)', '(30, 8)', '(8, 8)', '(33, 16)', '(1, 11)', '(10, 14)', '(20, 9)', '(12, 14)', '(14, 11)', '(4, 10)', '(27, 5)', '(32, 1)', '(30, 1)', '(27, 14)', '(17, 13)', '(30, 10)', '(8, 10)', '(11, 6)', '(10, 16)', '(1, 13)', '(25, 14)', '(20, 2)', '(20, 11)', '(23, 16)', '(12, 16)', '(27, 7)', '(30, 3)', '(27, 16)', '(30, 12)', '(19, 12)', '(8, 12)', '(11, 8)', '(25, 16)', '(15, 8)', '(31, 4)', '(29, 16)', '(21, 12)', '(23, 9)', '(34, 15)', '(27, 9)', '(17, 8)', '(30, 5)', '(33, 4)', '(30, 14)', '(10, 11)', '(8, 14)', '(11, 10)', '(25, 9)', '(32, 8)', '(2, 7)', '(2, 16)', '(15, 10)', '(31, 6)', '(7, 6)', '(23, 2)', '(6, 16)', '(12, 11)', '(4, 7)', '(34, 8)', '(27, 2)', '(4, 16)', '(28, 1)', '(27, 11)', '(17, 10)', '(9, 6)', '(25, 2)', '(30, 16)', '(19, 16)', '(8, 16)', '(10, 13)', '(32, 10)', '(15, 12)']",49,0,49
192,"(7, 8)","(8, 8)",West,"[('(8, 8)', 'East', 1), ('(6, 8)', 'West', 1)]","['(6, 6)', '(18, 2)', '(3, 10)', '(4, 11)', '(7, 8)']","['(6, 8)', '(6, 6)', '(18, 2)', '(3, 10)', '(4, 11)']","['(21, 16)', '(34, 1)', '(4, 9)', '(34, 10)', '(27, 4)', '(27, 13)', '(17, 12)', '(30, 9)', '(10, 6)', '(8, 9)', '(32, 12)', '(13, 8)', '(1, 15)', '(26, 14)', '(15, 14)', '(21, 9)', '(34, 3)', '(34, 12)', '(27, 6)', '(19, 2)', '(17, 14)', '(19, 11)', '(8, 11)', '(11, 7)', '(11, 16)', '(32, 14)', '(1, 8)', '(29, 6)', '(21, 2)', '(26, 16)', '(15, 16)', '(18, 12)', '(34, 14)', '(22, 12)', '(27, 8)', '(14, 8)', '(30, 4)', '(28, 16)', '(30, 13)', '(17, 16)', '(33, 6)', '(32, 16)', '(24, 12)', '(13, 12)', '(25, 11)', '(26, 9)', '(16, 8)', '(1, 10)', '(31, 8)', '(34, 7)', '(27, 1)', '(34, 16)', '(12, 13)', '(14, 10)', '(17, 9)', '(30, 6)', '(5, 16)', '(9, 14)', '(33, 8)', '(26, 2)', '(13, 14)', '(26, 11)', '(1, 12)', '(16, 10)', '(18, 16)', '(7, 16)', '(31, 1)', '(31, 10)', '(20, 10)', '(22, 16)', '(14, 12)', '(9, 16)', '(33, 1)', '(33, 10)', '(24, 16)', '(13, 16)', '(25, 15)', '(16, 12)', '(1, 14)', '(31, 3)', '(34, 2)', '(31, 12)', '(34, 11)', '(20, 12)', '(22, 9)', '(12, 8)', '(14, 14)', '(32, 4)', '(8, 13)', '(33, 12)', '(24, 9)', '(10, 10)', '(1, 7)', '(1, 16)', '(16, 14)', '(34, 4)', '(22, 2)', '(31, 14)', '(12, 10)', '(3, 7)', '(14, 16)', '(3, 16)', '(32, 6)', '(8, 6)', '(24, 2)', '(33, 14)', '(24, 11)', '(10, 12)', '(1, 9)', '(16, 16)', '(29, 1)', '(29, 10)', '(34, 6)', '(31, 16)', '(20, 16)', '(23, 12)', '(12, 12)', '(4, 8)', '(27, 3)', '(27, 12)', '(30, 8)', '(8, 8)', '(33, 16)', '(1, 11)', '(10, 14)', '(20, 9)', '(12, 14)', '(14, 11)', '(4, 10)', '(27, 5)', '(32, 1)', '(30, 1)', '(27, 14)', '(17, 13)', '(30, 10)', '(8, 10)', '(11, 6)', '(10, 16)', '(1, 13)', '(25, 14)', '(20, 2)', '(20, 11)', '(23, 16)', '(12, 16)', '(27, 7)', '(30, 3)', '(27, 16)', '(30, 12)', '(19, 12)', '(8, 12)', '(11, 8)', '(25, 16)', '(15, 8)', '(31, 4)', '(29, 16)', '(21, 12)', '(23, 9)', '(34, 15)', '(27, 9)', '(17, 8)', '(30, 5)', '(33, 4)', '(30, 14)', '(10, 11)', '(8, 14)', '(11, 10)', '(25, 9)', '(32, 8)', '(2, 7)', '(2, 16)', '(15, 10)', '(31, 6)', '(7, 6)', '(23, 2)', '(6, 16)', '(12, 11)', '(4, 7)', '(34, 8)', '(27, 2)', '(4, 16)', '(28, 1)', '(27, 11)', '(17, 10)', '(9, 6)', '(25, 2)', '(30, 16)', '(19, 16)', '(8, 16)', '(10, 13)', '(32, 10)', '(15, 12)', '(7, 8)']",49,0,49
193,"(4, 11)","(4, 10)",North,"[('(4, 12)', 'North', 1), ('(4, 10)', 'South', 1)]","['(6, 8)', '(6, 6)', '(18, 2)', '(3, 10)', '(4, 11)']","['(4, 12)', '(6, 8)', '(6, 6)', '(18, 2)', '(3, 10)']","['(21, 16)', '(34, 1)', '(4, 9)', '(34, 10)', '(27, 4)', '(27, 13)', '(17, 12)', '(30, 9)', '(10, 6)', '(8, 9)', '(32, 12)', '(13, 8)', '(1, 15)', '(26, 14)', '(15, 14)', '(21, 9)', '(34, 3)', '(34, 12)', '(27, 6)', '(19, 2)', '(17, 14)', '(19, 11)', '(8, 11)', '(11, 7)', '(11, 16)', '(32, 14)', '(1, 8)', '(29, 6)', '(21, 2)', '(26, 16)', '(15, 16)', '(18, 12)', '(34, 14)', '(22, 12)', '(27, 8)', '(14, 8)', '(30, 4)', '(28, 16)', '(30, 13)', '(17, 16)', '(33, 6)', '(32, 16)', '(24, 12)', '(13, 12)', '(25, 11)', '(26, 9)', '(16, 8)', '(1, 10)', '(31, 8)', '(34, 7)', '(27, 1)', '(34, 16)', '(12, 13)', '(14, 10)', '(17, 9)', '(30, 6)', '(5, 16)', '(9, 14)', '(33, 8)', '(26, 2)', '(13, 14)', '(26, 11)', '(1, 12)', '(16, 10)', '(18, 16)', '(7, 16)', '(31, 1)', '(31, 10)', '(20, 10)', '(22, 16)', '(14, 12)', '(4, 11)', '(9, 16)', '(33, 1)', '(33, 10)', '(24, 16)', '(13, 16)', '(25, 15)', '(16, 12)', '(1, 14)', '(31, 3)', '(34, 2)', '(31, 12)', '(34, 11)', '(20, 12)', '(22, 9)', '(12, 8)', '(14, 14)', '(32, 4)', '(8, 13)', '(33, 12)', '(24, 9)', '(10, 10)', '(1, 7)', '(1, 16)', '(16, 14)', '(34, 4)', '(22, 2)', '(31, 14)', '(12, 10)', '(3, 7)', '(14, 16)', '(3, 16)', '(32, 6)', '(8, 6)', '(24, 2)', '(33, 14)', '(24, 11)', '(10, 12)', '(1, 9)', '(16, 16)', '(29, 1)', '(29, 10)', '(34, 6)', '(31, 16)', '(20, 16)', '(23, 12)', '(12, 12)', '(4, 8)', '(27, 3)', '(27, 12)', '(30, 8)', '(8, 8)', '(33, 16)', '(1, 11)', '(10, 14)', '(20, 9)', '(12, 14)', '(14, 11)', '(4, 10)', '(27, 5)', '(32, 1)', '(30, 1)', '(27, 14)', '(17, 13)', '(30, 10)', '(8, 10)', '(11, 6)', '(10, 16)', '(1, 13)', '(25, 14)', '(20, 2)', '(20, 11)', '(23, 16)', '(12, 16)', '(27, 7)', '(30, 3)', '(27, 16)', '(30, 12)', '(19, 12)', '(8, 12)', '(11, 8)', '(25, 16)', '(15, 8)', '(31, 4)', '(29, 16)', '(21, 12)', '(23, 9)', '(34, 15)', '(27, 9)', '(17, 8)', '(30, 5)', '(33, 4)', '(30, 14)', '(10, 11)', '(8, 14)', '(11, 10)', '(25, 9)', '(32, 8)', '(2, 7)', '(2, 16)', '(15, 10)', '(31, 6)', '(7, 6)', '(23, 2)', '(6, 16)', '(12, 11)', '(4, 7)', '(34, 8)', '(27, 2)', '(4, 16)', '(28, 1)', '(27, 11)', '(17, 10)', '(9, 6)', '(25, 2)', '(30, 16)', '(19, 16)', '(8, 16)', '(10, 13)', '(32, 10)', '(15, 12)', '(7, 8)']",49,0,49
194,"(3, 10)","(4, 10)",West,"[('(4, 10)', 'East', 1)]","['(4, 12)', '(6, 8)', '(6, 6)', '(18, 2)', '(3, 10)']","['(4, 12)', '(6, 8)', '(6, 6)', '(18, 2)']","['(21, 16)', '(34, 1)', '(4, 9)', '(34, 10)', '(27, 4)', '(27, 13)', '(17, 12)', '(30, 9)', '(10, 6)', '(8, 9)', '(32, 12)', '(13, 8)', '(1, 15)', '(26, 14)', '(15, 14)', '(21, 9)', '(34, 3)', '(34, 12)', '(27, 6)', '(19, 2)', '(17, 14)', '(19, 11)', '(8, 11)', '(11, 7)', '(11, 16)', '(32, 14)', '(1, 8)', '(29, 6)', '(21, 2)', '(26, 16)', '(15, 16)', '(18, 12)', '(34, 14)', '(22, 12)', '(27, 8)', '(14, 8)', '(30, 4)', '(28, 16)', '(30, 13)', '(17, 16)', '(33, 6)', '(32, 16)', '(24, 12)', '(13, 12)', '(25, 11)', '(26, 9)', '(16, 8)', '(1, 10)', '(31, 8)', '(34, 7)', '(27, 1)', '(34, 16)', '(12, 13)', '(14, 10)', '(17, 9)', '(30, 6)', '(3, 10)', '(5, 16)', '(9, 14)', '(33, 8)', '(26, 2)', '(13, 14)', '(26, 11)', '(1, 12)', '(16, 10)', '(18, 16)', '(7, 16)', '(31, 1)', '(31, 10)', '(20, 10)', '(22, 16)', '(14, 12)', '(4, 11)', '(9, 16)', '(33, 1)', '(33, 10)', '(24, 16)', '(13, 16)', '(25, 15)', '(16, 12)', '(1, 14)', '(31, 3)', '(34, 2)', '(31, 12)', '(34, 11)', '(20, 12)', '(22, 9)', '(12, 8)', '(14, 14)', '(32, 4)', '(8, 13)', '(33, 12)', '(24, 9)', '(10, 10)', '(1, 7)', '(1, 16)', '(16, 14)', '(34, 4)', '(22, 2)', '(31, 14)', '(12, 10)', '(3, 7)', '(14, 16)', '(3, 16)', '(32, 6)', '(8, 6)', '(24, 2)', '(33, 14)', '(24, 11)', '(10, 12)', '(1, 9)', '(16, 16)', '(29, 1)', '(29, 10)', '(34, 6)', '(31, 16)', '(20, 16)', '(23, 12)', '(12, 12)', '(4, 8)', '(27, 3)', '(27, 12)', '(30, 8)', '(8, 8)', '(33, 16)', '(1, 11)', '(10, 14)', '(20, 9)', '(12, 14)', '(14, 11)', '(4, 10)', '(27, 5)', '(32, 1)', '(30, 1)', '(27, 14)', '(17, 13)', '(30, 10)', '(8, 10)', '(11, 6)', '(10, 16)', '(1, 13)', '(25, 14)', '(20, 2)', '(20, 11)', '(23, 16)', '(12, 16)', '(27, 7)', '(30, 3)', '(27, 16)', '(30, 12)', '(19, 12)', '(8, 12)', '(11, 8)', '(25, 16)', '(15, 8)', '(31, 4)', '(29, 16)', '(21, 12)', '(23, 9)', '(34, 15)', '(27, 9)', '(17, 8)', '(30, 5)', '(33, 4)', '(30, 14)', '(10, 11)', '(8, 14)', '(11, 10)', '(25, 9)', '(32, 8)', '(2, 7)', '(2, 16)', '(15, 10)', '(31, 6)', '(7, 6)', '(23, 2)', '(6, 16)', '(12, 11)', '(4, 7)', '(34, 8)', '(27, 2)', '(4, 16)', '(28, 1)', '(27, 11)', '(17, 10)', '(9, 6)', '(25, 2)', '(30, 16)', '(19, 16)', '(8, 16)', '(10, 13)', '(32, 10)', '(15, 12)', '(7, 8)']",49,0,49
195,"(18, 2)","(19, 2)",West,"[('(19, 2)', 'East', 1), ('(17, 2)', 'West', 1)]","['(4, 12)', '(6, 8)', '(6, 6)', '(18, 2)']","['(17, 2)', '(4, 12)', '(6, 8)', '(6, 6)']","['(21, 16)', '(34, 1)', '(4, 9)', '(34, 10)', '(27, 4)', '(27, 13)', '(17, 12)', '(30, 9)', '(10, 6)', '(8, 9)', '(32, 12)', '(13, 8)', '(1, 15)', '(26, 14)', '(15, 14)', '(21, 9)', '(34, 3)', '(34, 12)', '(27, 6)', '(19, 2)', '(17, 14)', '(19, 11)', '(8, 11)', '(11, 7)', '(11, 16)', '(32, 14)', '(1, 8)', '(29, 6)', '(21, 2)', '(26, 16)', '(15, 16)', '(18, 12)', '(34, 14)', '(22, 12)', '(27, 8)', '(14, 8)', '(30, 4)', '(28, 16)', '(30, 13)', '(17, 16)', '(33, 6)', '(32, 16)', '(24, 12)', '(13, 12)', '(25, 11)', '(26, 9)', '(16, 8)', '(1, 10)', '(31, 8)', '(34, 7)', '(27, 1)', '(34, 16)', '(12, 13)', '(14, 10)', '(17, 9)', '(30, 6)', '(3, 10)', '(5, 16)', '(9, 14)', '(33, 8)', '(26, 2)', '(13, 14)', '(26, 11)', '(1, 12)', '(16, 10)', '(18, 16)', '(7, 16)', '(31, 1)', '(31, 10)', '(20, 10)', '(22, 16)', '(14, 12)', '(4, 11)', '(9, 16)', '(33, 1)', '(33, 10)', '(24, 16)', '(13, 16)', '(25, 15)', '(16, 12)', '(1, 14)', '(31, 3)', '(34, 2)', '(31, 12)', '(34, 11)', '(20, 12)', '(22, 9)', '(12, 8)', '(14, 14)', '(32, 4)', '(8, 13)', '(33, 12)', '(24, 9)', '(10, 10)', '(1, 7)', '(18, 2)', '(1, 16)', '(16, 14)', '(34, 4)', '(22, 2)', '(31, 14)', '(12, 10)', '(3, 7)', '(14, 16)', '(3, 16)', '(32, 6)', '(8, 6)', '(24, 2)', '(33, 14)', '(24, 11)', '(10, 12)', '(1, 9)', '(16, 16)', '(29, 1)', '(29, 10)', '(34, 6)', '(31, 16)', '(20, 16)', '(23, 12)', '(12, 12)', '(4, 8)', '(27, 3)', '(27, 12)', '(30, 8)', '(8, 8)', '(33, 16)', '(1, 11)', '(10, 14)', '(20, 9)', '(12, 14)', '(14, 11)', '(4, 10)', '(27, 5)', '(32, 1)', '(30, 1)', '(27, 14)', '(17, 13)', '(30, 10)', '(8, 10)', '(11, 6)', '(10, 16)', '(1, 13)', '(25, 14)', '(20, 2)', '(20, 11)', '(23, 16)', '(12, 16)', '(27, 7)', '(30, 3)', '(27, 16)', '(30, 12)', '(19, 12)', '(8, 12)', '(11, 8)', '(25, 16)', '(15, 8)', '(31, 4)', '(29, 16)', '(21, 12)', '(23, 9)', '(34, 15)', '(27, 9)', '(17, 8)', '(30, 5)', '(33, 4)', '(30, 14)', '(10, 11)', '(8, 14)', '(11, 10)', '(25, 9)', '(32, 8)', '(2, 7)', '(2, 16)', '(15, 10)', '(31, 6)', '(7, 6)', '(23, 2)', '(6, 16)', '(12, 11)', '(4, 7)', '(34, 8)', '(27, 2)', '(4, 16)', '(28, 1)', '(27, 11)', '(17, 10)', '(9, 6)', '(25, 2)', '(30, 16)', '(19, 16)', '(8, 16)', '(10, 13)', '(32, 10)', '(15, 12)', '(7, 8)']",50,0,50
196,"(6, 6)","(7, 6)",West,"[('(6, 5)', 'South', 1), ('(7, 6)', 'East', 1)]","['(17, 2)', '(4, 12)', '(6, 8)', '(6, 6)']","['(6, 5)', '(17, 2)', '(4, 12)', '(6, 8)']","['(21, 16)', '(34, 1)', '(4, 9)', '(34, 10)', '(27, 4)', '(27, 13)', '(17, 12)', '(30, 9)', '(10, 6)', '(8, 9)', '(32, 12)', '(13, 8)', '(1, 15)', '(26, 14)', '(15, 14)', '(21, 9)', '(34, 3)', '(34, 12)', '(27, 6)', '(19, 2)', '(17, 14)', '(19, 11)', '(8, 11)', '(11, 7)', '(11, 16)', '(32, 14)', '(1, 8)', '(29, 6)', '(21, 2)', '(26, 16)', '(15, 16)', '(18, 12)', '(34, 14)', '(22, 12)', '(27, 8)', '(14, 8)', '(30, 4)', '(28, 16)', '(30, 13)', '(17, 16)', '(33, 6)', '(32, 16)', '(24, 12)', '(13, 12)', '(25, 11)', '(26, 9)', '(16, 8)', '(1, 10)', '(6, 6)', '(31, 8)', '(34, 7)', '(27, 1)', '(34, 16)', '(12, 13)', '(14, 10)', '(17, 9)', '(30, 6)', '(3, 10)', '(5, 16)', '(9, 14)', '(33, 8)', '(26, 2)', '(13, 14)', '(26, 11)', '(1, 12)', '(16, 10)', '(18, 16)', '(7, 16)', '(31, 1)', '(31, 10)', '(20, 10)', '(22, 16)', '(14, 12)', '(4, 11)', '(9, 16)', '(33, 1)', '(33, 10)', '(24, 16)', '(13, 16)', '(25, 15)', '(16, 12)', '(1, 14)', '(31, 3)', '(34, 2)', '(31, 12)', '(34, 11)', '(20, 12)', '(22, 9)', '(12, 8)', '(14, 14)', '(32, 4)', '(8, 13)', '(33, 12)', '(24, 9)', '(10, 10)', '(1, 7)', '(18, 2)', '(1, 16)', '(16, 14)', '(34, 4)', '(22, 2)', '(31, 14)', '(12, 10)', '(3, 7)', '(14, 16)', '(3, 16)', '(32, 6)', '(8, 6)', '(24, 2)', '(33, 14)', '(24, 11)', '(10, 12)', '(1, 9)', '(16, 16)', '(29, 1)', '(29, 10)', '(34, 6)', '(31, 16)', '(20, 16)', '(23, 12)', '(12, 12)', '(4, 8)', '(27, 3)', '(27, 12)', '(30, 8)', '(8, 8)', '(33, 16)', '(1, 11)', '(10, 14)', '(20, 9)', '(12, 14)', '(14, 11)', '(4, 10)', '(27, 5)', '(32, 1)', '(30, 1)', '(27, 14)', '(17, 13)', '(30, 10)', '(8, 10)', '(11, 6)', '(10, 16)', '(1, 13)', '(25, 14)', '(20, 2)', '(20, 11)', '(23, 16)', '(12, 16)', '(27, 7)', '(30, 3)', '(27, 16)', '(30, 12)', '(19, 12)', '(8, 12)', '(11, 8)', '(25, 16)', '(15, 8)', '(31, 4)', '(29, 16)', '(21, 12)', '(23, 9)', '(34, 15)', '(27, 9)', '(17, 8)', '(30, 5)', '(33, 4)', '(30, 14)', '(10, 11)', '(8, 14)', '(11, 10)', '(25, 9)', '(32, 8)', '(2, 7)', '(2, 16)', '(15, 10)', '(31, 6)', '(7, 6)', '(23, 2)', '(6, 16)', '(12, 11)', '(4, 7)', '(34, 8)', '(27, 2)', '(4, 16)', '(28, 1)', '(27, 11)', '(17, 10)', '(9, 6)', '(25, 2)', '(30, 16)', '(19, 16)', '(8, 16)', '(10, 13)', '(32, 10)', '(15, 12)', '(7, 8)']",50,0,50
197,"(6, 8)","(7, 8)",West,"[('(6, 9)', 'North', 1), ('(7, 8)', 'East', 1)]","['(6, 5)', '(17, 2)', '(4, 12)', '(6, 8)']","['(6, 9)', '(6, 5)', '(17, 2)', '(4, 12)']","['(21, 16)', '(34, 1)', '(4, 9)', '(34, 10)', '(27, 4)', '(27, 13)', '(17, 12)', '(30, 9)', '(10, 6)', '(8, 9)', '(32, 12)', '(13, 8)', '(1, 15)', '(26, 14)', '(15, 14)', '(21, 9)', '(34, 3)', '(34, 12)', '(27, 6)', '(19, 2)', '(17, 14)', '(19, 11)', '(8, 11)', '(11, 7)', '(11, 16)', '(32, 14)', '(1, 8)', '(29, 6)', '(21, 2)', '(26, 16)', '(15, 16)', '(18, 12)', '(34, 14)', '(22, 12)', '(27, 8)', '(14, 8)', '(30, 4)', '(28, 16)', '(30, 13)', '(17, 16)', '(33, 6)', '(32, 16)', '(24, 12)', '(13, 12)', '(25, 11)', '(26, 9)', '(16, 8)', '(1, 10)', '(6, 6)', '(31, 8)', '(34, 7)', '(27, 1)', '(34, 16)', '(12, 13)', '(14, 10)', '(17, 9)', '(30, 6)', '(3, 10)', '(5, 16)', '(9, 14)', '(33, 8)', '(26, 2)', '(13, 14)', '(26, 11)', '(1, 12)', '(16, 10)', '(18, 16)', '(7, 16)', '(31, 1)', '(31, 10)', '(20, 10)', '(22, 16)', '(14, 12)', '(4, 11)', '(9, 16)', '(33, 1)', '(33, 10)', '(24, 16)', '(13, 16)', '(25, 15)', '(16, 12)', '(1, 14)', '(31, 3)', '(34, 2)', '(31, 12)', '(34, 11)', '(20, 12)', '(22, 9)', '(12, 8)', '(14, 14)', '(32, 4)', '(8, 13)', '(33, 12)', '(24, 9)', '(10, 10)', '(1, 7)', '(18, 2)', '(1, 16)', '(16, 14)', '(34, 4)', '(22, 2)', '(31, 14)', '(12, 10)', '(3, 7)', '(14, 16)', '(3, 16)', '(32, 6)', '(8, 6)', '(24, 2)', '(33, 14)', '(24, 11)', '(10, 12)', '(1, 9)', '(16, 16)', '(29, 1)', '(29, 10)', '(6, 8)', '(34, 6)', '(31, 16)', '(20, 16)', '(23, 12)', '(12, 12)', '(4, 8)', '(27, 3)', '(27, 12)', '(30, 8)', '(8, 8)', '(33, 16)', '(1, 11)', '(10, 14)', '(20, 9)', '(12, 14)', '(14, 11)', '(4, 10)', '(27, 5)', '(32, 1)', '(30, 1)', '(27, 14)', '(17, 13)', '(30, 10)', '(8, 10)', '(11, 6)', '(10, 16)', '(1, 13)', '(25, 14)', '(20, 2)', '(20, 11)', '(23, 16)', '(12, 16)', '(27, 7)', '(30, 3)', '(27, 16)', '(30, 12)', '(19, 12)', '(8, 12)', '(11, 8)', '(25, 16)', '(15, 8)', '(31, 4)', '(29, 16)', '(21, 12)', '(23, 9)', '(34, 15)', '(27, 9)', '(17, 8)', '(30, 5)', '(33, 4)', '(30, 14)', '(10, 11)', '(8, 14)', '(11, 10)', '(25, 9)', '(32, 8)', '(2, 7)', '(2, 16)', '(15, 10)', '(31, 6)', '(7, 6)', '(23, 2)', '(6, 16)', '(12, 11)', '(4, 7)', '(34, 8)', '(27, 2)', '(4, 16)', '(28, 1)', '(27, 11)', '(17, 10)', '(9, 6)', '(25, 2)', '(30, 16)', '(19, 16)', '(8, 16)', '(10, 13)', '(32, 10)', '(15, 12)', '(7, 8)']",50,0,50
198,"(4, 12)","(4, 11)",North,"[('(4, 13)', 'North', 1), ('(4, 11)', 'South', 1)]","['(6, 9)', '(6, 5)', '(17, 2)', '(4, 12)']","['(4, 13)', '(6, 9)', '(6, 5)', '(17, 2)']","['(21, 16)', '(34, 1)', '(4, 9)', '(34, 10)', '(27, 4)', '(27, 13)', '(17, 12)', '(30, 9)', '(10, 6)', '(8, 9)', '(32, 12)', '(13, 8)', '(1, 15)', '(26, 14)', '(15, 14)', '(21, 9)', '(34, 3)', '(34, 12)', '(27, 6)', '(19, 2)', '(17, 14)', '(19, 11)', '(8, 11)', '(11, 7)', '(11, 16)', '(32, 14)', '(1, 8)', '(29, 6)', '(21, 2)', '(26, 16)', '(15, 16)', '(18, 12)', '(34, 14)', '(22, 12)', '(27, 8)', '(14, 8)', '(30, 4)', '(28, 16)', '(30, 13)', '(17, 16)', '(33, 6)', '(32, 16)', '(24, 12)', '(13, 12)', '(25, 11)', '(26, 9)', '(16, 8)', '(1, 10)', '(6, 6)', '(31, 8)', '(34, 7)', '(27, 1)', '(34, 16)', '(12, 13)', '(14, 10)', '(17, 9)', '(30, 6)', '(3, 10)', '(5, 16)', '(9, 14)', '(33, 8)', '(26, 2)', '(13, 14)', '(26, 11)', '(1, 12)', '(16, 10)', '(18, 16)', '(7, 16)', '(31, 1)', '(31, 10)', '(20, 10)', '(22, 16)', '(14, 12)', '(4, 11)', '(9, 16)', '(33, 1)', '(33, 10)', '(24, 16)', '(13, 16)', '(25, 15)', '(16, 12)', '(1, 14)', '(31, 3)', '(34, 2)', '(31, 12)', '(34, 11)', '(20, 12)', '(22, 9)', '(12, 8)', '(14, 14)', '(32, 4)', '(8, 13)', '(33, 12)', '(24, 9)', '(10, 10)', '(1, 7)', '(18, 2)', '(1, 16)', '(16, 14)', '(34, 4)', '(22, 2)', '(31, 14)', '(12, 10)', '(3, 7)', '(14, 16)', '(3, 16)', '(32, 6)', '(8, 6)', '(24, 2)', '(33, 14)', '(24, 11)', '(10, 12)', '(1, 9)', '(16, 16)', '(29, 1)', '(29, 10)', '(6, 8)', '(34, 6)', '(31, 16)', '(20, 16)', '(23, 12)', '(12, 12)', '(4, 8)', '(27, 3)', '(27, 12)', '(30, 8)', '(8, 8)', '(33, 16)', '(1, 11)', '(10, 14)', '(20, 9)', '(12, 14)', '(14, 11)', '(4, 10)', '(27, 5)', '(32, 1)', '(30, 1)', '(27, 14)', '(17, 13)', '(30, 10)', '(8, 10)', '(11, 6)', '(10, 16)', '(1, 13)', '(25, 14)', '(20, 2)', '(20, 11)', '(23, 16)', '(12, 16)', '(4, 12)', '(27, 7)', '(30, 3)', '(27, 16)', '(30, 12)', '(19, 12)', '(8, 12)', '(11, 8)', '(25, 16)', '(15, 8)', '(31, 4)', '(29, 16)', '(21, 12)', '(23, 9)', '(34, 15)', '(27, 9)', '(17, 8)', '(30, 5)', '(33, 4)', '(30, 14)', '(10, 11)', '(8, 14)', '(11, 10)', '(25, 9)', '(32, 8)', '(2, 7)', '(2, 16)', '(15, 10)', '(31, 6)', '(7, 6)', '(23, 2)', '(6, 16)', '(12, 11)', '(4, 7)', '(34, 8)', '(27, 2)', '(4, 16)', '(28, 1)', '(27, 11)', '(17, 10)', '(9, 6)', '(25, 2)', '(30, 16)', '(19, 16)', '(8, 16)', '(10, 13)', '(32, 10)', '(15, 12)', '(7, 8)']",50,0,50
199,"(17, 2)","(18, 2)",West,"[('(18, 2)', 'East', 1), ('(16, 2)', 'West', 1)]","['(4, 13)', '(6, 9)', '(6, 5)', '(17, 2)']","['(16, 2)', '(4, 13)', '(6, 9)', '(6, 5)']","['(21, 16)', '(34, 1)', '(4, 9)', '(34, 10)', '(27, 4)', '(27, 13)', '(17, 12)', '(30, 9)', '(10, 6)', '(8, 9)', '(32, 12)', '(13, 8)', '(1, 15)', '(26, 14)', '(15, 14)', '(21, 9)', '(34, 3)', '(34, 12)', '(27, 6)', '(19, 2)', '(17, 14)', '(19, 11)', '(8, 11)', '(11, 7)', '(11, 16)', '(32, 14)', '(1, 8)', '(29, 6)', '(21, 2)', '(26, 16)', '(15, 16)', '(18, 12)', '(34, 14)', '(22, 12)', '(27, 8)', '(14, 8)', '(30, 4)', '(28, 16)', '(30, 13)', '(17, 16)', '(33, 6)', '(32, 16)', '(24, 12)', '(13, 12)', '(25, 11)', '(26, 9)', '(16, 8)', '(1, 10)', '(6, 6)', '(31, 8)', '(34, 7)', '(27, 1)', '(34, 16)', '(12, 13)', '(14, 10)', '(17, 9)', '(30, 6)', '(3, 10)', '(5, 16)', '(9, 14)', '(33, 8)', '(26, 2)', '(13, 14)', '(26, 11)', '(1, 12)', '(16, 10)', '(18, 16)', '(7, 16)', '(31, 1)', '(31, 10)', '(20, 10)', '(17, 2)', '(22, 16)', '(14, 12)', '(4, 11)', '(9, 16)', '(33, 1)', '(33, 10)', '(24, 16)', '(13, 16)', '(25, 15)', '(16, 12)', '(1, 14)', '(31, 3)', '(34, 2)', '(31, 12)', '(34, 11)', '(20, 12)', '(22, 9)', '(12, 8)', '(14, 14)', '(32, 4)', '(8, 13)', '(33, 12)', '(24, 9)', '(10, 10)', '(1, 7)', '(18, 2)', '(1, 16)', '(16, 14)', '(34, 4)', '(22, 2)', '(31, 14)', '(12, 10)', '(3, 7)', '(14, 16)', '(3, 16)', '(32, 6)', '(8, 6)', '(24, 2)', '(33, 14)', '(24, 11)', '(10, 12)', '(1, 9)', '(16, 16)', '(29, 1)', '(29, 10)', '(6, 8)', '(34, 6)', '(31, 16)', '(20, 16)', '(23, 12)', '(12, 12)', '(4, 8)', '(27, 3)', '(27, 12)', '(30, 8)', '(8, 8)', '(33, 16)', '(1, 11)', '(10, 14)', '(20, 9)', '(12, 14)', '(14, 11)', '(4, 10)', '(27, 5)', '(32, 1)', '(30, 1)', '(27, 14)', '(17, 13)', '(30, 10)', '(8, 10)', '(11, 6)', '(10, 16)', '(1, 13)', '(25, 14)', '(20, 2)', '(20, 11)', '(23, 16)', '(12, 16)', '(4, 12)', '(27, 7)', '(30, 3)', '(27, 16)', '(30, 12)', '(19, 12)', '(8, 12)', '(11, 8)', '(25, 16)', '(15, 8)', '(31, 4)', '(29, 16)', '(21, 12)', '(23, 9)', '(34, 15)', '(27, 9)', '(17, 8)', '(30, 5)', '(33, 4)', '(30, 14)', '(10, 11)', '(8, 14)', '(11, 10)', '(25, 9)', '(32, 8)', '(2, 7)', '(2, 16)', '(15, 10)', '(31, 6)', '(7, 6)', '(23, 2)', '(6, 16)', '(12, 11)', '(4, 7)', '(34, 8)', '(27, 2)', '(4, 16)', '(28, 1)', '(27, 11)', '(17, 10)', '(9, 6)', '(25, 2)', '(30, 16)', '(19, 16)', '(8, 16)', '(10, 13)', '(32, 10)', '(15, 12)', '(7, 8)']",51,0,51
200,"(6, 5)","(6, 6)",South,"[('(6, 6)', 'North', 1), ('(5, 5)', 'West', 1)]","['(16, 2)', '(4, 13)', '(6, 9)', '(6, 5)']","['(5, 5)', '(16, 2)', '(4, 13)', '(6, 9)']","['(21, 16)', '(34, 1)', '(4, 9)', '(34, 10)', '(27, 4)', '(27, 13)', '(17, 12)', '(30, 9)', '(10, 6)', '(8, 9)', '(32, 12)', '(13, 8)', '(1, 15)', '(26, 14)', '(15, 14)', '(21, 9)', '(34, 3)', '(34, 12)', '(27, 6)', '(19, 2)', '(17, 14)', '(19, 11)', '(8, 11)', '(11, 7)', '(11, 16)', '(32, 14)', '(1, 8)', '(29, 6)', '(21, 2)', '(26, 16)', '(15, 16)', '(18, 12)', '(34, 14)', '(22, 12)', '(27, 8)', '(14, 8)', '(30, 4)', '(28, 16)', '(30, 13)', '(17, 16)', '(33, 6)', '(32, 16)', '(24, 12)', '(13, 12)', '(25, 11)', '(26, 9)', '(16, 8)', '(1, 10)', '(6, 6)', '(31, 8)', '(34, 7)', '(27, 1)', '(34, 16)', '(12, 13)', '(14, 10)', '(17, 9)', '(30, 6)', '(3, 10)', '(5, 16)', '(9, 14)', '(33, 8)', '(26, 2)', '(13, 14)', '(26, 11)', '(1, 12)', '(16, 10)', '(18, 16)', '(7, 16)', '(31, 1)', '(31, 10)', '(20, 10)', '(17, 2)', '(22, 16)', '(14, 12)', '(4, 11)', '(9, 16)', '(33, 1)', '(33, 10)', '(24, 16)', '(13, 16)', '(25, 15)', '(16, 12)', '(1, 14)', '(31, 3)', '(34, 2)', '(31, 12)', '(34, 11)', '(20, 12)', '(22, 9)', '(12, 8)', '(14, 14)', '(32, 4)', '(8, 13)', '(33, 12)', '(24, 9)', '(10, 10)', '(1, 7)', '(18, 2)', '(1, 16)', '(16, 14)', '(34, 4)', '(22, 2)', '(31, 14)', '(12, 10)', '(3, 7)', '(14, 16)', '(3, 16)', '(32, 6)', '(8, 6)', '(24, 2)', '(33, 14)', '(24, 11)', '(10, 12)', '(1, 9)', '(16, 16)', '(29, 1)', '(29, 10)', '(6, 8)', '(34, 6)', '(31, 16)', '(20, 16)', '(23, 12)', '(12, 12)', '(4, 8)', '(27, 3)', '(27, 12)', '(30, 8)', '(8, 8)', '(33, 16)', '(1, 11)', '(10, 14)', '(20, 9)', '(12, 14)', '(14, 11)', '(4, 10)', '(27, 5)', '(32, 1)', '(30, 1)', '(27, 14)', '(17, 13)', '(30, 10)', '(8, 10)', '(11, 6)', '(10, 16)', '(1, 13)', '(25, 14)', '(20, 2)', '(20, 11)', '(23, 16)', '(12, 16)', '(4, 12)', '(27, 7)', '(30, 3)', '(27, 16)', '(30, 12)', '(19, 12)', '(8, 12)', '(11, 8)', '(25, 16)', '(15, 8)', '(6, 5)', '(31, 4)', '(29, 16)', '(21, 12)', '(23, 9)', '(34, 15)', '(27, 9)', '(17, 8)', '(30, 5)', '(33, 4)', '(30, 14)', '(10, 11)', '(8, 14)', '(11, 10)', '(25, 9)', '(32, 8)', '(2, 7)', '(2, 16)', '(15, 10)', '(31, 6)', '(7, 6)', '(23, 2)', '(6, 16)', '(12, 11)', '(4, 7)', '(34, 8)', '(27, 2)', '(4, 16)', '(28, 1)', '(27, 11)', '(17, 10)', '(9, 6)', '(25, 2)', '(30, 16)', '(19, 16)', '(8, 16)', '(10, 13)', '(32, 10)', '(15, 12)', '(7, 8)']",51,0,51
201,"(6, 9)","(6, 8)",North,"[('(6, 10)', 'North', 1), ('(6, 8)', 'South', 1)]","['(5, 5)', '(16, 2)', '(4, 13)', '(6, 9)']","['(6, 10)', '(5, 5)', '(16, 2)', '(4, 13)']","['(21, 16)', '(34, 1)', '(4, 9)', '(34, 10)', '(27, 4)', '(27, 13)', '(17, 12)', '(30, 9)', '(10, 6)', '(8, 9)', '(32, 12)', '(13, 8)', '(1, 15)', '(26, 14)', '(15, 14)', '(21, 9)', '(34, 3)', '(34, 12)', '(27, 6)', '(19, 2)', '(17, 14)', '(19, 11)', '(8, 11)', '(11, 7)', '(11, 16)', '(32, 14)', '(1, 8)', '(29, 6)', '(21, 2)', '(26, 16)', '(15, 16)', '(18, 12)', '(34, 14)', '(22, 12)', '(27, 8)', '(14, 8)', '(30, 4)', '(28, 16)', '(30, 13)', '(17, 16)', '(33, 6)', '(32, 16)', '(24, 12)', '(13, 12)', '(25, 11)', '(26, 9)', '(16, 8)', '(1, 10)', '(6, 6)', '(31, 8)', '(34, 7)', '(27, 1)', '(34, 16)', '(12, 13)', '(14, 10)', '(17, 9)', '(30, 6)', '(3, 10)', '(5, 16)', '(9, 14)', '(33, 8)', '(26, 2)', '(13, 14)', '(26, 11)', '(1, 12)', '(16, 10)', '(18, 16)', '(7, 16)', '(31, 1)', '(31, 10)', '(20, 10)', '(17, 2)', '(22, 16)', '(14, 12)', '(4, 11)', '(9, 16)', '(33, 1)', '(33, 10)', '(24, 16)', '(13, 16)', '(25, 15)', '(16, 12)', '(1, 14)', '(31, 3)', '(34, 2)', '(31, 12)', '(34, 11)', '(20, 12)', '(22, 9)', '(12, 8)', '(14, 14)', '(32, 4)', '(8, 13)', '(33, 12)', '(24, 9)', '(10, 10)', '(1, 7)', '(18, 2)', '(1, 16)', '(16, 14)', '(34, 4)', '(22, 2)', '(31, 14)', '(12, 10)', '(3, 7)', '(14, 16)', '(3, 16)', '(32, 6)', '(8, 6)', '(24, 2)', '(33, 14)', '(24, 11)', '(10, 12)', '(1, 9)', '(16, 16)', '(29, 1)', '(29, 10)', '(6, 8)', '(34, 6)', '(31, 16)', '(20, 16)', '(23, 12)', '(12, 12)', '(4, 8)', '(27, 3)', '(27, 12)', '(30, 8)', '(8, 8)', '(33, 16)', '(1, 11)', '(10, 14)', '(20, 9)', '(12, 14)', '(14, 11)', '(4, 10)', '(27, 5)', '(32, 1)', '(30, 1)', '(27, 14)', '(17, 13)', '(30, 10)', '(8, 10)', '(11, 6)', '(10, 16)', '(1, 13)', '(25, 14)', '(20, 2)', '(20, 11)', '(23, 16)', '(12, 16)', '(4, 12)', '(27, 7)', '(30, 3)', '(27, 16)', '(30, 12)', '(19, 12)', '(8, 12)', '(11, 8)', '(25, 16)', '(15, 8)', '(6, 5)', '(31, 4)', '(29, 16)', '(21, 12)', '(23, 9)', '(34, 15)', '(27, 9)', '(17, 8)', '(30, 5)', '(33, 4)', '(30, 14)', '(10, 11)', '(8, 14)', '(11, 10)', '(25, 9)', '(32, 8)', '(2, 7)', '(2, 16)', '(15, 10)', '(31, 6)', '(7, 6)', '(23, 2)', '(6, 16)', '(12, 11)', '(4, 7)', '(34, 8)', '(27, 2)', '(4, 16)', '(28, 1)', '(27, 11)', '(17, 10)', '(9, 6)', '(25, 2)', '(30, 16)', '(19, 16)', '(8, 16)', '(10, 13)', '(32, 10)', '(15, 12)', '(6, 9)', '(7, 8)']",51,0,51
202,"(4, 13)","(4, 12)",North,"[('(4, 14)', 'North', 1), ('(4, 12)', 'South', 1)]","['(6, 10)', '(5, 5)', '(16, 2)', '(4, 13)']","['(4, 14)', '(6, 10)', '(5, 5)', '(16, 2)']","['(21, 16)', '(34, 1)', '(4, 9)', '(34, 10)', '(27, 4)', '(27, 13)', '(17, 12)', '(30, 9)', '(10, 6)', '(8, 9)', '(32, 12)', '(13, 8)', '(1, 15)', '(26, 14)', '(15, 14)', '(21, 9)', '(34, 3)', '(34, 12)', '(27, 6)', '(19, 2)', '(17, 14)', '(19, 11)', '(8, 11)', '(11, 7)', '(11, 16)', '(32, 14)', '(1, 8)', '(29, 6)', '(21, 2)', '(26, 16)', '(15, 16)', '(18, 12)', '(34, 14)', '(22, 12)', '(27, 8)', '(14, 8)', '(30, 4)', '(28, 16)', '(30, 13)', '(17, 16)', '(33, 6)', '(32, 16)', '(24, 12)', '(13, 12)', '(25, 11)', '(26, 9)', '(16, 8)', '(1, 10)', '(6, 6)', '(31, 8)', '(34, 7)', '(27, 1)', '(34, 16)', '(12, 13)', '(14, 10)', '(17, 9)', '(30, 6)', '(3, 10)', '(5, 16)', '(9, 14)', '(33, 8)', '(26, 2)', '(13, 14)', '(26, 11)', '(1, 12)', '(16, 10)', '(18, 16)', '(7, 16)', '(31, 1)', '(31, 10)', '(20, 10)', '(17, 2)', '(22, 16)', '(14, 12)', '(4, 11)', '(9, 16)', '(33, 1)', '(33, 10)', '(24, 16)', '(13, 16)', '(25, 15)', '(16, 12)', '(1, 14)', '(31, 3)', '(34, 2)', '(31, 12)', '(34, 11)', '(20, 12)', '(22, 9)', '(12, 8)', '(14, 14)', '(4, 13)', '(32, 4)', '(8, 13)', '(33, 12)', '(24, 9)', '(10, 10)', '(1, 7)', '(18, 2)', '(1, 16)', '(16, 14)', '(34, 4)', '(22, 2)', '(31, 14)', '(12, 10)', '(3, 7)', '(14, 16)', '(3, 16)', '(32, 6)', '(8, 6)', '(24, 2)', '(33, 14)', '(24, 11)', '(10, 12)', '(1, 9)', '(16, 16)', '(29, 1)', '(29, 10)', '(6, 8)', '(34, 6)', '(31, 16)', '(20, 16)', '(23, 12)', '(12, 12)', '(4, 8)', '(27, 3)', '(27, 12)', '(30, 8)', '(8, 8)', '(33, 16)', '(1, 11)', '(10, 14)', '(20, 9)', '(12, 14)', '(14, 11)', '(4, 10)', '(27, 5)', '(32, 1)', '(30, 1)', '(27, 14)', '(17, 13)', '(30, 10)', '(8, 10)', '(11, 6)', '(10, 16)', '(1, 13)', '(25, 14)', '(20, 2)', '(20, 11)', '(23, 16)', '(12, 16)', '(4, 12)', '(27, 7)', '(30, 3)', '(27, 16)', '(30, 12)', '(19, 12)', '(8, 12)', '(11, 8)', '(25, 16)', '(15, 8)', '(6, 5)', '(31, 4)', '(29, 16)', '(21, 12)', '(23, 9)', '(34, 15)', '(27, 9)', '(17, 8)', '(30, 5)', '(33, 4)', '(30, 14)', '(10, 11)', '(8, 14)', '(11, 10)', '(25, 9)', '(32, 8)', '(2, 7)', '(2, 16)', '(15, 10)', '(31, 6)', '(7, 6)', '(23, 2)', '(6, 16)', '(12, 11)', '(4, 7)', '(34, 8)', '(27, 2)', '(4, 16)', '(28, 1)', '(27, 11)', '(17, 10)', '(9, 6)', '(25, 2)', '(30, 16)', '(19, 16)', '(8, 16)', '(10, 13)', '(32, 10)', '(15, 12)', '(6, 9)', '(7, 8)']",51,0,51
203,"(16, 2)","(17, 2)",West,"[('(17, 2)', 'East', 1), ('(15, 2)', 'West', 1)]","['(4, 14)', '(6, 10)', '(5, 5)', '(16, 2)']","['(15, 2)', '(4, 14)', '(6, 10)', '(5, 5)']","['(21, 16)', '(34, 1)', '(4, 9)', '(34, 10)', '(27, 4)', '(27, 13)', '(17, 12)', '(30, 9)', '(10, 6)', '(8, 9)', '(32, 12)', '(13, 8)', '(1, 15)', '(26, 14)', '(15, 14)', '(21, 9)', '(34, 3)', '(34, 12)', '(27, 6)', '(19, 2)', '(17, 14)', '(19, 11)', '(8, 11)', '(11, 7)', '(11, 16)', '(32, 14)', '(1, 8)', '(29, 6)', '(21, 2)', '(26, 16)', '(15, 16)', '(18, 12)', '(34, 14)', '(22, 12)', '(27, 8)', '(14, 8)', '(30, 4)', '(28, 16)', '(30, 13)', '(17, 16)', '(33, 6)', '(32, 16)', '(24, 12)', '(13, 12)', '(25, 11)', '(26, 9)', '(16, 8)', '(1, 10)', '(6, 6)', '(31, 8)', '(34, 7)', '(27, 1)', '(34, 16)', '(12, 13)', '(14, 10)', '(17, 9)', '(30, 6)', '(3, 10)', '(5, 16)', '(9, 14)', '(33, 8)', '(26, 2)', '(13, 14)', '(26, 11)', '(1, 12)', '(16, 10)', '(18, 16)', '(7, 16)', '(31, 1)', '(31, 10)', '(20, 10)', '(17, 2)', '(22, 16)', '(14, 12)', '(4, 11)', '(9, 16)', '(33, 1)', '(33, 10)', '(24, 16)', '(13, 16)', '(25, 15)', '(16, 12)', '(1, 14)', '(31, 3)', '(34, 2)', '(31, 12)', '(34, 11)', '(20, 12)', '(22, 9)', '(12, 8)', '(14, 14)', '(4, 13)', '(32, 4)', '(8, 13)', '(33, 12)', '(24, 9)', '(10, 10)', '(1, 7)', '(18, 2)', '(1, 16)', '(16, 14)', '(34, 4)', '(22, 2)', '(31, 14)', '(12, 10)', '(3, 7)', '(14, 16)', '(3, 16)', '(32, 6)', '(8, 6)', '(24, 2)', '(33, 14)', '(24, 11)', '(10, 12)', '(1, 9)', '(16, 16)', '(29, 1)', '(29, 10)', '(6, 8)', '(34, 6)', '(31, 16)', '(20, 16)', '(23, 12)', '(12, 12)', '(4, 8)', '(27, 3)', '(27, 12)', '(30, 8)', '(8, 8)', '(33, 16)', '(1, 11)', '(10, 14)', '(20, 9)', '(12, 14)', '(14, 11)', '(4, 10)', '(27, 5)', '(32, 1)', '(30, 1)', '(27, 14)', '(17, 13)', '(30, 10)', '(8, 10)', '(11, 6)', '(16, 2)', '(10, 16)', '(1, 13)', '(25, 14)', '(20, 2)', '(20, 11)', '(23, 16)', '(12, 16)', '(4, 12)', '(27, 7)', '(30, 3)', '(27, 16)', '(30, 12)', '(19, 12)', '(8, 12)', '(11, 8)', '(25, 16)', '(15, 8)', '(6, 5)', '(31, 4)', '(29, 16)', '(21, 12)', '(23, 9)', '(34, 15)', '(27, 9)', '(17, 8)', '(30, 5)', '(33, 4)', '(30, 14)', '(10, 11)', '(8, 14)', '(11, 10)', '(25, 9)', '(32, 8)', '(2, 7)', '(2, 16)', '(15, 10)', '(31, 6)', '(7, 6)', '(23, 2)', '(6, 16)', '(12, 11)', '(4, 7)', '(34, 8)', '(27, 2)', '(4, 16)', '(28, 1)', '(27, 11)', '(17, 10)', '(9, 6)', '(25, 2)', '(30, 16)', '(19, 16)', '(8, 16)', '(10, 13)', '(32, 10)', '(15, 12)', '(6, 9)', '(7, 8)']",52,0,52
204,"(5, 5)","(6, 5)",West,"[('(6, 5)', 'East', 1), ('(4, 5)', 'West', 1)]","['(15, 2)', '(4, 14)', '(6, 10)', '(5, 5)']","['(4, 5)', '(15, 2)', '(4, 14)', '(6, 10)']","['(21, 16)', '(34, 1)', '(4, 9)', '(34, 10)', '(27, 4)', '(27, 13)', '(17, 12)', '(30, 9)', '(10, 6)', '(8, 9)', '(32, 12)', '(13, 8)', '(1, 15)', '(26, 14)', '(15, 14)', '(21, 9)', '(34, 3)', '(34, 12)', '(27, 6)', '(19, 2)', '(17, 14)', '(19, 11)', '(8, 11)', '(11, 7)', '(11, 16)', '(32, 14)', '(1, 8)', '(29, 6)', '(21, 2)', '(26, 16)', '(15, 16)', '(18, 12)', '(34, 14)', '(22, 12)', '(27, 8)', '(14, 8)', '(5, 5)', '(30, 4)', '(28, 16)', '(30, 13)', '(17, 16)', '(33, 6)', '(32, 16)', '(24, 12)', '(13, 12)', '(25, 11)', '(26, 9)', '(16, 8)', '(1, 10)', '(6, 6)', '(31, 8)', '(34, 7)', '(27, 1)', '(34, 16)', '(12, 13)', '(14, 10)', '(17, 9)', '(30, 6)', '(3, 10)', '(5, 16)', '(9, 14)', '(33, 8)', '(26, 2)', '(13, 14)', '(26, 11)', '(1, 12)', '(16, 10)', '(18, 16)', '(7, 16)', '(31, 1)', '(31, 10)', '(20, 10)', '(17, 2)', '(22, 16)', '(14, 12)', '(4, 11)', '(9, 16)', '(33, 1)', '(33, 10)', '(24, 16)', '(13, 16)', '(25, 15)', '(16, 12)', '(1, 14)', '(31, 3)', '(34, 2)', '(31, 12)', '(34, 11)', '(20, 12)', '(22, 9)', '(12, 8)', '(14, 14)', '(4, 13)', '(32, 4)', '(8, 13)', '(33, 12)', '(24, 9)', '(10, 10)', '(1, 7)', '(18, 2)', '(1, 16)', '(16, 14)', '(34, 4)', '(22, 2)', '(31, 14)', '(12, 10)', '(3, 7)', '(14, 16)', '(3, 16)', '(32, 6)', '(8, 6)', '(24, 2)', '(33, 14)', '(24, 11)', '(10, 12)', '(1, 9)', '(16, 16)', '(29, 1)', '(29, 10)', '(6, 8)', '(34, 6)', '(31, 16)', '(20, 16)', '(23, 12)', '(12, 12)', '(4, 8)', '(27, 3)', '(27, 12)', '(30, 8)', '(8, 8)', '(33, 16)', '(1, 11)', '(10, 14)', '(20, 9)', '(12, 14)', '(14, 11)', '(4, 10)', '(27, 5)', '(32, 1)', '(30, 1)', '(27, 14)', '(17, 13)', '(30, 10)', '(8, 10)', '(11, 6)', '(16, 2)', '(10, 16)', '(1, 13)', '(25, 14)', '(20, 2)', '(20, 11)', '(23, 16)', '(12, 16)', '(4, 12)', '(27, 7)', '(30, 3)', '(27, 16)', '(30, 12)', '(19, 12)', '(8, 12)', '(11, 8)', '(25, 16)', '(15, 8)', '(6, 5)', '(31, 4)', '(29, 16)', '(21, 12)', '(23, 9)', '(34, 15)', '(27, 9)', '(17, 8)', '(30, 5)', '(33, 4)', '(30, 14)', '(10, 11)', '(8, 14)', '(11, 10)', '(25, 9)', '(32, 8)', '(2, 7)', '(2, 16)', '(15, 10)', '(31, 6)', '(7, 6)', '(23, 2)', '(6, 16)', '(12, 11)', '(4, 7)', '(34, 8)', '(27, 2)', '(4, 16)', '(28, 1)', '(27, 11)', '(17, 10)', '(9, 6)', '(25, 2)', '(30, 16)', '(19, 16)', '(8, 16)', '(10, 13)', '(32, 10)', '(15, 12)', '(6, 9)', '(7, 8)']",52,0,52
205,"(6, 10)","(6, 9)",North,"[('(6, 11)', 'North', 1), ('(6, 9)', 'South', 1)]","['(4, 5)', '(15, 2)', '(4, 14)', '(6, 10)']","['(6, 11)', '(4, 5)', '(15, 2)', '(4, 14)']","['(21, 16)', '(34, 1)', '(4, 9)', '(34, 10)', '(27, 4)', '(27, 13)', '(17, 12)', '(30, 9)', '(10, 6)', '(8, 9)', '(32, 12)', '(13, 8)', '(1, 15)', '(26, 14)', '(15, 14)', '(21, 9)', '(34, 3)', '(34, 12)', '(27, 6)', '(19, 2)', '(17, 14)', '(19, 11)', '(8, 11)', '(11, 7)', '(11, 16)', '(32, 14)', '(1, 8)', '(29, 6)', '(21, 2)', '(26, 16)', '(15, 16)', '(18, 12)', '(34, 14)', '(22, 12)', '(27, 8)', '(14, 8)', '(5, 5)', '(30, 4)', '(28, 16)', '(30, 13)', '(17, 16)', '(33, 6)', '(32, 16)', '(24, 12)', '(13, 12)', '(25, 11)', '(26, 9)', '(16, 8)', '(1, 10)', '(6, 6)', '(31, 8)', '(34, 7)', '(27, 1)', '(34, 16)', '(12, 13)', '(14, 10)', '(17, 9)', '(30, 6)', '(3, 10)', '(5, 16)', '(9, 14)', '(33, 8)', '(26, 2)', '(13, 14)', '(26, 11)', '(1, 12)', '(16, 10)', '(18, 16)', '(7, 16)', '(31, 1)', '(31, 10)', '(20, 10)', '(17, 2)', '(22, 16)', '(14, 12)', '(4, 11)', '(9, 16)', '(33, 1)', '(33, 10)', '(24, 16)', '(13, 16)', '(25, 15)', '(16, 12)', '(1, 14)', '(31, 3)', '(34, 2)', '(31, 12)', '(34, 11)', '(20, 12)', '(22, 9)', '(12, 8)', '(14, 14)', '(4, 13)', '(32, 4)', '(8, 13)', '(33, 12)', '(24, 9)', '(10, 10)', '(1, 7)', '(18, 2)', '(1, 16)', '(16, 14)', '(34, 4)', '(22, 2)', '(31, 14)', '(12, 10)', '(3, 7)', '(14, 16)', '(3, 16)', '(32, 6)', '(8, 6)', '(24, 2)', '(33, 14)', '(24, 11)', '(10, 12)', '(1, 9)', '(16, 16)', '(29, 1)', '(29, 10)', '(6, 8)', '(34, 6)', '(31, 16)', '(20, 16)', '(23, 12)', '(12, 12)', '(4, 8)', '(27, 3)', '(27, 12)', '(30, 8)', '(8, 8)', '(33, 16)', '(1, 11)', '(10, 14)', '(6, 10)', '(20, 9)', '(12, 14)', '(14, 11)', '(4, 10)', '(27, 5)', '(32, 1)', '(30, 1)', '(27, 14)', '(17, 13)', '(30, 10)', '(8, 10)', '(11, 6)', '(16, 2)', '(10, 16)', '(1, 13)', '(25, 14)', '(20, 2)', '(20, 11)', '(23, 16)', '(12, 16)', '(4, 12)', '(27, 7)', '(30, 3)', '(27, 16)', '(30, 12)', '(19, 12)', '(8, 12)', '(11, 8)', '(25, 16)', '(15, 8)', '(6, 5)', '(31, 4)', '(29, 16)', '(21, 12)', '(23, 9)', '(34, 15)', '(27, 9)', '(17, 8)', '(30, 5)', '(33, 4)', '(30, 14)', '(10, 11)', '(8, 14)', '(11, 10)', '(25, 9)', '(32, 8)', '(2, 7)', '(2, 16)', '(15, 10)', '(31, 6)', '(7, 6)', '(23, 2)', '(6, 16)', '(12, 11)', '(4, 7)', '(34, 8)', '(27, 2)', '(4, 16)', '(28, 1)', '(27, 11)', '(17, 10)', '(9, 6)', '(25, 2)', '(30, 16)', '(19, 16)', '(8, 16)', '(10, 13)', '(32, 10)', '(15, 12)', '(6, 9)', '(7, 8)']",52,0,52
206,"(4, 14)","(4, 13)",North,"[('(4, 13)', 'South', 1), ('(5, 14)', 'East', 1)]","['(6, 11)', '(4, 5)', '(15, 2)', '(4, 14)']","['(5, 14)', '(6, 11)', '(4, 5)', '(15, 2)']","['(21, 16)', '(34, 1)', '(4, 9)', '(34, 10)', '(27, 4)', '(27, 13)', '(17, 12)', '(30, 9)', '(10, 6)', '(8, 9)', '(32, 12)', '(13, 8)', '(1, 15)', '(26, 14)', '(15, 14)', '(21, 9)', '(34, 3)', '(34, 12)', '(27, 6)', '(19, 2)', '(17, 14)', '(19, 11)', '(8, 11)', '(11, 7)', '(11, 16)', '(32, 14)', '(1, 8)', '(29, 6)', '(21, 2)', '(26, 16)', '(15, 16)', '(18, 12)', '(34, 14)', '(22, 12)', '(27, 8)', '(14, 8)', '(5, 5)', '(30, 4)', '(28, 16)', '(30, 13)', '(17, 16)', '(33, 6)', '(32, 16)', '(24, 12)', '(13, 12)', '(25, 11)', '(26, 9)', '(16, 8)', '(1, 10)', '(6, 6)', '(31, 8)', '(34, 7)', '(27, 1)', '(34, 16)', '(12, 13)', '(14, 10)', '(17, 9)', '(30, 6)', '(3, 10)', '(5, 16)', '(9, 14)', '(33, 8)', '(26, 2)', '(13, 14)', '(26, 11)', '(1, 12)', '(16, 10)', '(18, 16)', '(7, 16)', '(31, 1)', '(31, 10)', '(20, 10)', '(17, 2)', '(22, 16)', '(14, 12)', '(4, 11)', '(9, 16)', '(33, 1)', '(33, 10)', '(24, 16)', '(13, 16)', '(25, 15)', '(16, 12)', '(1, 14)', '(31, 3)', '(34, 2)', '(31, 12)', '(34, 11)', '(20, 12)', '(22, 9)', '(12, 8)', '(14, 14)', '(4, 13)', '(32, 4)', '(8, 13)', '(33, 12)', '(24, 9)', '(10, 10)', '(1, 7)', '(18, 2)', '(1, 16)', '(16, 14)', '(34, 4)', '(22, 2)', '(31, 14)', '(12, 10)', '(3, 7)', '(14, 16)', '(3, 16)', '(32, 6)', '(8, 6)', '(24, 2)', '(33, 14)', '(24, 11)', '(10, 12)', '(1, 9)', '(16, 16)', '(29, 1)', '(29, 10)', '(6, 8)', '(34, 6)', '(31, 16)', '(20, 16)', '(23, 12)', '(12, 12)', '(4, 8)', '(27, 3)', '(27, 12)', '(30, 8)', '(8, 8)', '(33, 16)', '(1, 11)', '(10, 14)', '(6, 10)', '(20, 9)', '(12, 14)', '(14, 11)', '(4, 10)', '(27, 5)', '(32, 1)', '(30, 1)', '(27, 14)', '(17, 13)', '(30, 10)', '(8, 10)', '(11, 6)', '(16, 2)', '(10, 16)', '(1, 13)', '(25, 14)', '(20, 2)', '(20, 11)', '(23, 16)', '(12, 16)', '(4, 12)', '(27, 7)', '(30, 3)', '(27, 16)', '(30, 12)', '(19, 12)', '(8, 12)', '(11, 8)', '(25, 16)', '(15, 8)', '(6, 5)', '(31, 4)', '(29, 16)', '(21, 12)', '(23, 9)', '(4, 14)', '(34, 15)', '(27, 9)', '(17, 8)', '(30, 5)', '(33, 4)', '(30, 14)', '(10, 11)', '(8, 14)', '(11, 10)', '(25, 9)', '(32, 8)', '(2, 7)', '(2, 16)', '(15, 10)', '(31, 6)', '(7, 6)', '(23, 2)', '(6, 16)', '(12, 11)', '(4, 7)', '(34, 8)', '(27, 2)', '(4, 16)', '(28, 1)', '(27, 11)', '(17, 10)', '(9, 6)', '(25, 2)', '(30, 16)', '(19, 16)', '(8, 16)', '(10, 13)', '(32, 10)', '(15, 12)', '(6, 9)', '(7, 8)']",52,0,52
207,"(15, 2)","(16, 2)",West,"[('(15, 3)', 'North', 1), ('(16, 2)', 'East', 1), ('(14, 2)', 'West', 1)]","['(5, 14)', '(6, 11)', '(4, 5)', '(15, 2)']","['(14, 2)', '(15, 3)', '(5, 14)', '(6, 11)', '(4, 5)']","['(21, 16)', '(34, 1)', '(4, 9)', '(34, 10)', '(27, 4)', '(27, 13)', '(17, 12)', '(30, 9)', '(10, 6)', '(8, 9)', '(32, 12)', '(13, 8)', '(1, 15)', '(26, 14)', '(15, 14)', '(21, 9)', '(34, 3)', '(34, 12)', '(27, 6)', '(19, 2)', '(17, 14)', '(19, 11)', '(8, 11)', '(11, 7)', '(11, 16)', '(32, 14)', '(1, 8)', '(29, 6)', '(21, 2)', '(26, 16)', '(15, 16)', '(18, 12)', '(34, 14)', '(22, 12)', '(27, 8)', '(14, 8)', '(5, 5)', '(30, 4)', '(28, 16)', '(30, 13)', '(17, 16)', '(33, 6)', '(32, 16)', '(24, 12)', '(13, 12)', '(25, 11)', '(26, 9)', '(16, 8)', '(1, 10)', '(6, 6)', '(31, 8)', '(34, 7)', '(27, 1)', '(34, 16)', '(12, 13)', '(14, 10)', '(17, 9)', '(30, 6)', '(3, 10)', '(5, 16)', '(9, 14)', '(33, 8)', '(26, 2)', '(15, 2)', '(13, 14)', '(26, 11)', '(1, 12)', '(16, 10)', '(18, 16)', '(7, 16)', '(31, 1)', '(31, 10)', '(20, 10)', '(17, 2)', '(22, 16)', '(14, 12)', '(4, 11)', '(9, 16)', '(33, 1)', '(33, 10)', '(24, 16)', '(13, 16)', '(25, 15)', '(16, 12)', '(1, 14)', '(31, 3)', '(34, 2)', '(31, 12)', '(34, 11)', '(20, 12)', '(22, 9)', '(12, 8)', '(14, 14)', '(4, 13)', '(32, 4)', '(8, 13)', '(33, 12)', '(24, 9)', '(10, 10)', '(1, 7)', '(18, 2)', '(1, 16)', '(16, 14)', '(34, 4)', '(22, 2)', '(31, 14)', '(12, 10)', '(3, 7)', '(14, 16)', '(3, 16)', '(32, 6)', '(8, 6)', '(24, 2)', '(33, 14)', '(24, 11)', '(10, 12)', '(1, 9)', '(16, 16)', '(29, 1)', '(29, 10)', '(6, 8)', '(34, 6)', '(31, 16)', '(20, 16)', '(23, 12)', '(12, 12)', '(4, 8)', '(27, 3)', '(27, 12)', '(30, 8)', '(8, 8)', '(33, 16)', '(1, 11)', '(10, 14)', '(6, 10)', '(20, 9)', '(12, 14)', '(14, 11)', '(4, 10)', '(27, 5)', '(32, 1)', '(30, 1)', '(27, 14)', '(17, 13)', '(30, 10)', '(8, 10)', '(11, 6)', '(16, 2)', '(10, 16)', '(1, 13)', '(25, 14)', '(20, 2)', '(20, 11)', '(23, 16)', '(12, 16)', '(4, 12)', '(27, 7)', '(30, 3)', '(27, 16)', '(30, 12)', '(19, 12)', '(8, 12)', '(11, 8)', '(25, 16)', '(15, 8)', '(6, 5)', '(31, 4)', '(29, 16)', '(21, 12)', '(23, 9)', '(4, 14)', '(34, 15)', '(27, 9)', '(17, 8)', '(30, 5)', '(33, 4)', '(30, 14)', '(10, 11)', '(8, 14)', '(11, 10)', '(25, 9)', '(32, 8)', '(2, 7)', '(2, 16)', '(15, 10)', '(31, 6)', '(7, 6)', '(23, 2)', '(6, 16)', '(12, 11)', '(4, 7)', '(34, 8)', '(27, 2)', '(4, 16)', '(28, 1)', '(27, 11)', '(17, 10)', '(9, 6)', '(25, 2)', '(30, 16)', '(19, 16)', '(8, 16)', '(10, 13)', '(32, 10)', '(15, 12)', '(6, 9)', '(7, 8)']",53,0,53
208,"(4, 5)","(5, 5)",West,"[('(5, 5)', 'East', 1), ('(3, 5)', 'West', 1)]","['(14, 2)', '(15, 3)', '(5, 14)', '(6, 11)', '(4, 5)']","['(3, 5)', '(14, 2)', '(15, 3)', '(5, 14)', '(6, 11)']","['(21, 16)', '(34, 1)', '(4, 9)', '(34, 10)', '(27, 4)', '(27, 13)', '(17, 12)', '(30, 9)', '(10, 6)', '(8, 9)', '(32, 12)', '(13, 8)', '(1, 15)', '(26, 14)', '(15, 14)', '(21, 9)', '(34, 3)', '(34, 12)', '(27, 6)', '(19, 2)', '(17, 14)', '(19, 11)', '(8, 11)', '(11, 7)', '(11, 16)', '(32, 14)', '(1, 8)', '(29, 6)', '(21, 2)', '(26, 16)', '(15, 16)', '(18, 12)', '(34, 14)', '(22, 12)', '(27, 8)', '(14, 8)', '(5, 5)', '(30, 4)', '(28, 16)', '(30, 13)', '(17, 16)', '(33, 6)', '(32, 16)', '(24, 12)', '(13, 12)', '(25, 11)', '(26, 9)', '(16, 8)', '(1, 10)', '(6, 6)', '(31, 8)', '(34, 7)', '(27, 1)', '(34, 16)', '(12, 13)', '(14, 10)', '(17, 9)', '(30, 6)', '(3, 10)', '(5, 16)', '(9, 14)', '(33, 8)', '(26, 2)', '(15, 2)', '(13, 14)', '(26, 11)', '(1, 12)', '(16, 10)', '(18, 16)', '(7, 16)', '(31, 1)', '(31, 10)', '(20, 10)', '(17, 2)', '(22, 16)', '(14, 12)', '(4, 11)', '(9, 16)', '(33, 1)', '(33, 10)', '(24, 16)', '(13, 16)', '(25, 15)', '(16, 12)', '(1, 14)', '(31, 3)', '(34, 2)', '(31, 12)', '(34, 11)', '(20, 12)', '(22, 9)', '(12, 8)', '(14, 14)', '(4, 13)', '(32, 4)', '(8, 13)', '(33, 12)', '(24, 9)', '(10, 10)', '(1, 7)', '(18, 2)', '(1, 16)', '(16, 14)', '(34, 4)', '(22, 2)', '(31, 14)', '(12, 10)', '(3, 7)', '(14, 16)', '(3, 16)', '(32, 6)', '(8, 6)', '(24, 2)', '(33, 14)', '(24, 11)', '(10, 12)', '(1, 9)', '(16, 16)', '(29, 1)', '(29, 10)', '(6, 8)', '(34, 6)', '(31, 16)', '(20, 16)', '(23, 12)', '(12, 12)', '(4, 8)', '(27, 3)', '(27, 12)', '(30, 8)', '(8, 8)', '(33, 16)', '(1, 11)', '(10, 14)', '(6, 10)', '(20, 9)', '(12, 14)', '(14, 11)', '(4, 10)', '(27, 5)', '(32, 1)', '(30, 1)', '(27, 14)', '(17, 13)', '(30, 10)', '(8, 10)', '(11, 6)', '(16, 2)', '(10, 16)', '(1, 13)', '(25, 14)', '(20, 2)', '(20, 11)', '(23, 16)', '(12, 16)', '(4, 12)', '(27, 7)', '(30, 3)', '(27, 16)', '(30, 12)', '(19, 12)', '(8, 12)', '(11, 8)', '(25, 16)', '(15, 8)', '(6, 5)', '(31, 4)', '(29, 16)', '(21, 12)', '(23, 9)', '(4, 5)', '(4, 14)', '(34, 15)', '(27, 9)', '(17, 8)', '(30, 5)', '(33, 4)', '(30, 14)', '(10, 11)', '(8, 14)', '(11, 10)', '(25, 9)', '(32, 8)', '(2, 7)', '(2, 16)', '(15, 10)', '(31, 6)', '(7, 6)', '(23, 2)', '(6, 16)', '(12, 11)', '(4, 7)', '(34, 8)', '(27, 2)', '(4, 16)', '(28, 1)', '(27, 11)', '(17, 10)', '(9, 6)', '(25, 2)', '(30, 16)', '(19, 16)', '(8, 16)', '(10, 13)', '(32, 10)', '(15, 12)', '(6, 9)', '(7, 8)']",53,0,53
209,"(6, 11)","(6, 10)",North,"[('(6, 12)', 'North', 1), ('(6, 10)', 'South', 1)]","['(3, 5)', '(14, 2)', '(15, 3)', '(5, 14)', '(6, 11)']","['(6, 12)', '(3, 5)', '(14, 2)', '(15, 3)', '(5, 14)']","['(21, 16)', '(34, 1)', '(4, 9)', '(34, 10)', '(27, 4)', '(27, 13)', '(17, 12)', '(30, 9)', '(10, 6)', '(8, 9)', '(32, 12)', '(13, 8)', '(1, 15)', '(26, 14)', '(15, 14)', '(6, 11)', '(21, 9)', '(34, 3)', '(34, 12)', '(27, 6)', '(19, 2)', '(17, 14)', '(19, 11)', '(8, 11)', '(11, 7)', '(11, 16)', '(32, 14)', '(1, 8)', '(29, 6)', '(21, 2)', '(26, 16)', '(15, 16)', '(18, 12)', '(34, 14)', '(22, 12)', '(27, 8)', '(14, 8)', '(5, 5)', '(30, 4)', '(28, 16)', '(30, 13)', '(17, 16)', '(33, 6)', '(32, 16)', '(24, 12)', '(13, 12)', '(25, 11)', '(26, 9)', '(16, 8)', '(1, 10)', '(6, 6)', '(31, 8)', '(34, 7)', '(27, 1)', '(34, 16)', '(12, 13)', '(14, 10)', '(17, 9)', '(30, 6)', '(3, 10)', '(5, 16)', '(9, 14)', '(33, 8)', '(26, 2)', '(15, 2)', '(13, 14)', '(26, 11)', '(1, 12)', '(16, 10)', '(18, 16)', '(7, 16)', '(31, 1)', '(31, 10)', '(20, 10)', '(17, 2)', '(22, 16)', '(14, 12)', '(4, 11)', '(9, 16)', '(33, 1)', '(33, 10)', '(24, 16)', '(13, 16)', '(25, 15)', '(16, 12)', '(1, 14)', '(31, 3)', '(34, 2)', '(31, 12)', '(34, 11)', '(20, 12)', '(22, 9)', '(12, 8)', '(14, 14)', '(4, 13)', '(32, 4)', '(8, 13)', '(33, 12)', '(24, 9)', '(10, 10)', '(1, 7)', '(18, 2)', '(1, 16)', '(16, 14)', '(34, 4)', '(22, 2)', '(31, 14)', '(12, 10)', '(3, 7)', '(14, 16)', '(3, 16)', '(32, 6)', '(8, 6)', '(24, 2)', '(33, 14)', '(24, 11)', '(10, 12)', '(1, 9)', '(16, 16)', '(29, 1)', '(29, 10)', '(6, 8)', '(34, 6)', '(31, 16)', '(20, 16)', '(23, 12)', '(12, 12)', '(4, 8)', '(27, 3)', '(27, 12)', '(30, 8)', '(8, 8)', '(33, 16)', '(1, 11)', '(10, 14)', '(6, 10)', '(20, 9)', '(12, 14)', '(14, 11)', '(4, 10)', '(27, 5)', '(32, 1)', '(30, 1)', '(27, 14)', '(17, 13)', '(30, 10)', '(8, 10)', '(11, 6)', '(16, 2)', '(10, 16)', '(1, 13)', '(25, 14)', '(20, 2)', '(20, 11)', '(23, 16)', '(12, 16)', '(4, 12)', '(27, 7)', '(30, 3)', '(27, 16)', '(30, 12)', '(19, 12)', '(8, 12)', '(11, 8)', '(25, 16)', '(15, 8)', '(6, 5)', '(31, 4)', '(29, 16)', '(21, 12)', '(23, 9)', '(4, 5)', '(4, 14)', '(34, 15)', '(27, 9)', '(17, 8)', '(30, 5)', '(33, 4)', '(30, 14)', '(10, 11)', '(8, 14)', '(11, 10)', '(25, 9)', '(32, 8)', '(2, 7)', '(2, 16)', '(15, 10)', '(31, 6)', '(7, 6)', '(23, 2)', '(6, 16)', '(12, 11)', '(4, 7)', '(34, 8)', '(27, 2)', '(4, 16)', '(28, 1)', '(27, 11)', '(17, 10)', '(9, 6)', '(25, 2)', '(30, 16)', '(19, 16)', '(8, 16)', '(10, 13)', '(32, 10)', '(15, 12)', '(6, 9)', '(7, 8)']",53,0,53
210,"(5, 14)","(4, 14)",East,"[('(6, 14)', 'East', 1), ('(4, 14)', 'West', 1)]","['(6, 12)', '(3, 5)', '(14, 2)', '(15, 3)', '(5, 14)']","['(6, 14)', '(6, 12)', '(3, 5)', '(14, 2)', '(15, 3)']","['(21, 16)', '(34, 1)', '(4, 9)', '(34, 10)', '(27, 4)', '(27, 13)', '(17, 12)', '(30, 9)', '(10, 6)', '(8, 9)', '(32, 12)', '(13, 8)', '(1, 15)', '(26, 14)', '(15, 14)', '(6, 11)', '(21, 9)', '(34, 3)', '(34, 12)', '(27, 6)', '(19, 2)', '(17, 14)', '(19, 11)', '(8, 11)', '(11, 7)', '(11, 16)', '(32, 14)', '(1, 8)', '(29, 6)', '(21, 2)', '(26, 16)', '(15, 16)', '(18, 12)', '(34, 14)', '(22, 12)', '(27, 8)', '(14, 8)', '(5, 5)', '(30, 4)', '(28, 16)', '(30, 13)', '(17, 16)', '(5, 14)', '(33, 6)', '(32, 16)', '(24, 12)', '(13, 12)', '(25, 11)', '(26, 9)', '(16, 8)', '(1, 10)', '(6, 6)', '(31, 8)', '(34, 7)', '(27, 1)', '(34, 16)', '(12, 13)', '(14, 10)', '(17, 9)', '(30, 6)', '(3, 10)', '(5, 16)', '(9, 14)', '(33, 8)', '(26, 2)', '(15, 2)', '(13, 14)', '(26, 11)', '(1, 12)', '(16, 10)', '(18, 16)', '(7, 16)', '(31, 1)', '(31, 10)', '(20, 10)', '(17, 2)', '(22, 16)', '(14, 12)', '(4, 11)', '(9, 16)', '(33, 1)', '(33, 10)', '(24, 16)', '(13, 16)', '(25, 15)', '(16, 12)', '(1, 14)', '(31, 3)', '(34, 2)', '(31, 12)', '(34, 11)', '(20, 12)', '(22, 9)', '(12, 8)', '(14, 14)', '(4, 13)', '(32, 4)', '(8, 13)', '(33, 12)', '(24, 9)', '(10, 10)', '(1, 7)', '(18, 2)', '(1, 16)', '(16, 14)', '(34, 4)', '(22, 2)', '(31, 14)', '(12, 10)', '(3, 7)', '(14, 16)', '(3, 16)', '(32, 6)', '(8, 6)', '(24, 2)', '(33, 14)', '(24, 11)', '(10, 12)', '(1, 9)', '(16, 16)', '(29, 1)', '(29, 10)', '(6, 8)', '(34, 6)', '(31, 16)', '(20, 16)', '(23, 12)', '(12, 12)', '(4, 8)', '(27, 3)', '(27, 12)', '(30, 8)', '(8, 8)', '(33, 16)', '(1, 11)', '(10, 14)', '(6, 10)', '(20, 9)', '(12, 14)', '(14, 11)', '(4, 10)', '(27, 5)', '(32, 1)', '(30, 1)', '(27, 14)', '(17, 13)', '(30, 10)', '(8, 10)', '(11, 6)', '(16, 2)', '(10, 16)', '(1, 13)', '(25, 14)', '(20, 2)', '(20, 11)', '(23, 16)', '(12, 16)', '(4, 12)', '(27, 7)', '(30, 3)', '(27, 16)', '(30, 12)', '(19, 12)', '(8, 12)', '(11, 8)', '(25, 16)', '(15, 8)', '(6, 5)', '(31, 4)', '(29, 16)', '(21, 12)', '(23, 9)', '(4, 5)', '(4, 14)', '(34, 15)', '(27, 9)', '(17, 8)', '(30, 5)', '(33, 4)', '(30, 14)', '(10, 11)', '(8, 14)', '(11, 10)', '(25, 9)', '(32, 8)', '(2, 7)', '(2, 16)', '(15, 10)', '(31, 6)', '(7, 6)', '(23, 2)', '(6, 16)', '(12, 11)', '(4, 7)', '(34, 8)', '(27, 2)', '(4, 16)', '(28, 1)', '(27, 11)', '(17, 10)', '(9, 6)', '(25, 2)', '(30, 16)', '(19, 16)', '(8, 16)', '(10, 13)', '(32, 10)', '(15, 12)', '(6, 9)', '(7, 8)']",53,0,53
211,"(15, 3)","(15, 2)",North,"[('(15, 4)', 'North', 1), ('(15, 2)', 'South', 1)]","['(6, 14)', '(6, 12)', '(3, 5)', '(14, 2)', '(15, 3)']","['(15, 4)', '(6, 14)', '(6, 12)', '(3, 5)', '(14, 2)']","['(21, 16)', '(34, 1)', '(4, 9)', '(34, 10)', '(27, 4)', '(27, 13)', '(17, 12)', '(30, 9)', '(10, 6)', '(8, 9)', '(32, 12)', '(13, 8)', '(1, 15)', '(26, 14)', '(15, 14)', '(6, 11)', '(21, 9)', '(34, 3)', '(34, 12)', '(27, 6)', '(19, 2)', '(17, 14)', '(19, 11)', '(8, 11)', '(11, 7)', '(11, 16)', '(32, 14)', '(1, 8)', '(29, 6)', '(21, 2)', '(26, 16)', '(15, 16)', '(18, 12)', '(34, 14)', '(22, 12)', '(27, 8)', '(14, 8)', '(5, 5)', '(30, 4)', '(28, 16)', '(30, 13)', '(17, 16)', '(5, 14)', '(33, 6)', '(32, 16)', '(24, 12)', '(13, 12)', '(25, 11)', '(26, 9)', '(16, 8)', '(1, 10)', '(6, 6)', '(31, 8)', '(34, 7)', '(27, 1)', '(34, 16)', '(12, 13)', '(14, 10)', '(17, 9)', '(30, 6)', '(3, 10)', '(5, 16)', '(9, 14)', '(33, 8)', '(26, 2)', '(15, 2)', '(13, 14)', '(26, 11)', '(1, 12)', '(16, 10)', '(18, 16)', '(7, 16)', '(31, 1)', '(31, 10)', '(20, 10)', '(17, 2)', '(22, 16)', '(14, 12)', '(4, 11)', '(9, 16)', '(33, 1)', '(33, 10)', '(24, 16)', '(13, 16)', '(25, 15)', '(16, 12)', '(1, 14)', '(31, 3)', '(34, 2)', '(31, 12)', '(34, 11)', '(20, 12)', '(22, 9)', '(12, 8)', '(14, 14)', '(4, 13)', '(32, 4)', '(8, 13)', '(33, 12)', '(24, 9)', '(10, 10)', '(1, 7)', '(18, 2)', '(1, 16)', '(16, 14)', '(34, 4)', '(22, 2)', '(31, 14)', '(12, 10)', '(3, 7)', '(14, 16)', '(3, 16)', '(32, 6)', '(8, 6)', '(24, 2)', '(33, 14)', '(24, 11)', '(10, 12)', '(1, 9)', '(16, 16)', '(29, 1)', '(29, 10)', '(6, 8)', '(34, 6)', '(31, 16)', '(20, 16)', '(23, 12)', '(12, 12)', '(4, 8)', '(27, 3)', '(27, 12)', '(30, 8)', '(8, 8)', '(33, 16)', '(1, 11)', '(10, 14)', '(6, 10)', '(20, 9)', '(12, 14)', '(14, 11)', '(4, 10)', '(27, 5)', '(32, 1)', '(30, 1)', '(27, 14)', '(17, 13)', '(30, 10)', '(8, 10)', '(11, 6)', '(16, 2)', '(10, 16)', '(1, 13)', '(25, 14)', '(20, 2)', '(20, 11)', '(23, 16)', '(12, 16)', '(4, 12)', '(27, 7)', '(30, 3)', '(27, 16)', '(30, 12)', '(19, 12)', '(8, 12)', '(11, 8)', '(25, 16)', '(15, 8)', '(6, 5)', '(31, 4)', '(29, 16)', '(21, 12)', '(23, 9)', '(4, 5)', '(4, 14)', '(34, 15)', '(27, 9)', '(17, 8)', '(30, 5)', '(33, 4)', '(30, 14)', '(10, 11)', '(8, 14)', '(11, 10)', '(25, 9)', '(32, 8)', '(2, 7)', '(2, 16)', '(15, 10)', '(31, 6)', '(7, 6)', '(23, 2)', '(6, 16)', '(12, 11)', '(4, 7)', '(34, 8)', '(27, 2)', '(4, 16)', '(28, 1)', '(27, 11)', '(17, 10)', '(9, 6)', '(25, 2)', '(30, 16)', '(19, 16)', '(8, 16)', '(10, 13)', '(32, 10)', '(15, 3)', '(15, 12)', '(6, 9)', '(7, 8)']",54,0,54
212,"(14, 2)","(15, 2)",West,"[('(15, 2)', 'East', 1), ('(13, 2)', 'West', 1)]","['(15, 4)', '(6, 14)', '(6, 12)', '(3, 5)', '(14, 2)']","['(13, 2)', '(15, 4)', '(6, 14)', '(6, 12)', '(3, 5)']","['(21, 16)', '(34, 1)', '(4, 9)', '(34, 10)', '(27, 4)', '(27, 13)', '(17, 12)', '(30, 9)', '(10, 6)', '(8, 9)', '(32, 12)', '(13, 8)', '(1, 15)', '(26, 14)', '(15, 14)', '(6, 11)', '(21, 9)', '(34, 3)', '(34, 12)', '(27, 6)', '(19, 2)', '(17, 14)', '(19, 11)', '(8, 11)', '(11, 7)', '(11, 16)', '(32, 14)', '(1, 8)', '(29, 6)', '(21, 2)', '(26, 16)', '(15, 16)', '(18, 12)', '(34, 14)', '(22, 12)', '(27, 8)', '(14, 8)', '(5, 5)', '(30, 4)', '(28, 16)', '(30, 13)', '(17, 16)', '(5, 14)', '(33, 6)', '(32, 16)', '(24, 12)', '(13, 12)', '(25, 11)', '(26, 9)', '(16, 8)', '(1, 10)', '(6, 6)', '(31, 8)', '(34, 7)', '(27, 1)', '(34, 16)', '(12, 13)', '(14, 10)', '(17, 9)', '(30, 6)', '(3, 10)', '(5, 16)', '(9, 14)', '(33, 8)', '(26, 2)', '(15, 2)', '(13, 14)', '(26, 11)', '(1, 12)', '(16, 10)', '(18, 16)', '(7, 16)', '(31, 1)', '(31, 10)', '(20, 10)', '(17, 2)', '(22, 16)', '(14, 12)', '(4, 11)', '(9, 16)', '(33, 1)', '(33, 10)', '(24, 16)', '(13, 16)', '(25, 15)', '(16, 12)', '(1, 14)', '(31, 3)', '(34, 2)', '(31, 12)', '(34, 11)', '(20, 12)', '(22, 9)', '(12, 8)', '(14, 14)', '(4, 13)', '(32, 4)', '(8, 13)', '(33, 12)', '(24, 9)', '(10, 10)', '(1, 7)', '(18, 2)', '(1, 16)', '(16, 14)', '(34, 4)', '(22, 2)', '(31, 14)', '(12, 10)', '(3, 7)', '(14, 16)', '(3, 16)', '(32, 6)', '(8, 6)', '(24, 2)', '(33, 14)', '(24, 11)', '(10, 12)', '(1, 9)', '(16, 16)', '(29, 1)', '(29, 10)', '(6, 8)', '(34, 6)', '(31, 16)', '(20, 16)', '(23, 12)', '(12, 12)', '(4, 8)', '(27, 3)', '(27, 12)', '(30, 8)', '(8, 8)', '(33, 16)', '(1, 11)', '(10, 14)', '(6, 10)', '(20, 9)', '(14, 2)', '(12, 14)', '(14, 11)', '(4, 10)', '(27, 5)', '(32, 1)', '(30, 1)', '(27, 14)', '(17, 13)', '(30, 10)', '(8, 10)', '(11, 6)', '(16, 2)', '(10, 16)', '(1, 13)', '(25, 14)', '(20, 2)', '(20, 11)', '(23, 16)', '(12, 16)', '(4, 12)', '(27, 7)', '(30, 3)', '(27, 16)', '(30, 12)', '(19, 12)', '(8, 12)', '(11, 8)', '(25, 16)', '(15, 8)', '(6, 5)', '(31, 4)', '(29, 16)', '(21, 12)', '(23, 9)', '(4, 5)', '(4, 14)', '(34, 15)', '(27, 9)', '(17, 8)', '(30, 5)', '(33, 4)', '(30, 14)', '(10, 11)', '(8, 14)', '(11, 10)', '(25, 9)', '(32, 8)', '(2, 7)', '(2, 16)', '(15, 10)', '(31, 6)', '(7, 6)', '(23, 2)', '(6, 16)', '(12, 11)', '(4, 7)', '(34, 8)', '(27, 2)', '(4, 16)', '(28, 1)', '(27, 11)', '(17, 10)', '(9, 6)', '(25, 2)', '(30, 16)', '(19, 16)', '(8, 16)', '(10, 13)', '(32, 10)', '(15, 3)', '(15, 12)', '(6, 9)', '(7, 8)']",54,0,54
213,"(3, 5)","(4, 5)",West,"[('(4, 5)', 'East', 1), ('(2, 5)', 'West', 1)]","['(13, 2)', '(15, 4)', '(6, 14)', '(6, 12)', '(3, 5)']","['(2, 5)', '(13, 2)', '(15, 4)', '(6, 14)', '(6, 12)']","['(21, 16)', '(34, 1)', '(4, 9)', '(34, 10)', '(27, 4)', '(27, 13)', '(17, 12)', '(30, 9)', '(10, 6)', '(8, 9)', '(32, 12)', '(13, 8)', '(1, 15)', '(26, 14)', '(15, 14)', '(6, 11)', '(21, 9)', '(34, 3)', '(34, 12)', '(27, 6)', '(19, 2)', '(17, 14)', '(19, 11)', '(8, 11)', '(11, 7)', '(11, 16)', '(32, 14)', '(1, 8)', '(29, 6)', '(21, 2)', '(26, 16)', '(15, 16)', '(18, 12)', '(34, 14)', '(22, 12)', '(27, 8)', '(14, 8)', '(5, 5)', '(30, 4)', '(28, 16)', '(30, 13)', '(17, 16)', '(5, 14)', '(33, 6)', '(32, 16)', '(24, 12)', '(13, 12)', '(25, 11)', '(26, 9)', '(16, 8)', '(1, 10)', '(6, 6)', '(31, 8)', '(34, 7)', '(27, 1)', '(34, 16)', '(12, 13)', '(14, 10)', '(17, 9)', '(30, 6)', '(3, 10)', '(5, 16)', '(9, 14)', '(33, 8)', '(26, 2)', '(15, 2)', '(13, 14)', '(26, 11)', '(1, 12)', '(16, 10)', '(18, 16)', '(7, 16)', '(31, 1)', '(31, 10)', '(20, 10)', '(17, 2)', '(22, 16)', '(14, 12)', '(4, 11)', '(9, 16)', '(33, 1)', '(33, 10)', '(24, 16)', '(13, 16)', '(25, 15)', '(16, 12)', '(1, 14)', '(31, 3)', '(34, 2)', '(31, 12)', '(34, 11)', '(20, 12)', '(22, 9)', '(12, 8)', '(3, 5)', '(14, 14)', '(4, 13)', '(32, 4)', '(8, 13)', '(33, 12)', '(24, 9)', '(10, 10)', '(1, 7)', '(18, 2)', '(1, 16)', '(16, 14)', '(34, 4)', '(22, 2)', '(31, 14)', '(12, 10)', '(3, 7)', '(14, 16)', '(3, 16)', '(32, 6)', '(8, 6)', '(24, 2)', '(33, 14)', '(24, 11)', '(10, 12)', '(1, 9)', '(16, 16)', '(29, 1)', '(29, 10)', '(6, 8)', '(34, 6)', '(31, 16)', '(20, 16)', '(23, 12)', '(12, 12)', '(4, 8)', '(27, 3)', '(27, 12)', '(30, 8)', '(8, 8)', '(33, 16)', '(1, 11)', '(10, 14)', '(6, 10)', '(20, 9)', '(14, 2)', '(12, 14)', '(14, 11)', '(4, 10)', '(27, 5)', '(32, 1)', '(30, 1)', '(27, 14)', '(17, 13)', '(30, 10)', '(8, 10)', '(11, 6)', '(16, 2)', '(10, 16)', '(1, 13)', '(25, 14)', '(20, 2)', '(20, 11)', '(23, 16)', '(12, 16)', '(4, 12)', '(27, 7)', '(30, 3)', '(27, 16)', '(30, 12)', '(19, 12)', '(8, 12)', '(11, 8)', '(25, 16)', '(15, 8)', '(6, 5)', '(31, 4)', '(29, 16)', '(21, 12)', '(23, 9)', '(4, 5)', '(4, 14)', '(34, 15)', '(27, 9)', '(17, 8)', '(30, 5)', '(33, 4)', '(30, 14)', '(10, 11)', '(8, 14)', '(11, 10)', '(25, 9)', '(32, 8)', '(2, 7)', '(2, 16)', '(15, 10)', '(31, 6)', '(7, 6)', '(23, 2)', '(6, 16)', '(12, 11)', '(4, 7)', '(34, 8)', '(27, 2)', '(4, 16)', '(28, 1)', '(27, 11)', '(17, 10)', '(9, 6)', '(25, 2)', '(30, 16)', '(19, 16)', '(8, 16)', '(10, 13)', '(32, 10)', '(15, 3)', '(15, 12)', '(6, 9)', '(7, 8)']",54,0,54
214,"(6, 12)","(6, 11)",North,"[('(6, 13)', 'North', 1), ('(6, 11)', 'South', 1)]","['(2, 5)', '(13, 2)', '(15, 4)', '(6, 14)', '(6, 12)']","['(6, 13)', '(2, 5)', '(13, 2)', '(15, 4)', '(6, 14)']","['(21, 16)', '(34, 1)', '(4, 9)', '(34, 10)', '(27, 4)', '(27, 13)', '(17, 12)', '(30, 9)', '(10, 6)', '(8, 9)', '(32, 12)', '(13, 8)', '(1, 15)', '(26, 14)', '(15, 14)', '(6, 11)', '(21, 9)', '(34, 3)', '(34, 12)', '(27, 6)', '(19, 2)', '(17, 14)', '(19, 11)', '(8, 11)', '(11, 7)', '(11, 16)', '(32, 14)', '(1, 8)', '(29, 6)', '(21, 2)', '(26, 16)', '(15, 16)', '(18, 12)', '(34, 14)', '(22, 12)', '(27, 8)', '(14, 8)', '(5, 5)', '(30, 4)', '(28, 16)', '(30, 13)', '(17, 16)', '(5, 14)', '(33, 6)', '(32, 16)', '(24, 12)', '(13, 12)', '(25, 11)', '(26, 9)', '(16, 8)', '(1, 10)', '(6, 6)', '(31, 8)', '(34, 7)', '(27, 1)', '(34, 16)', '(12, 13)', '(14, 10)', '(17, 9)', '(30, 6)', '(3, 10)', '(5, 16)', '(9, 14)', '(33, 8)', '(26, 2)', '(15, 2)', '(13, 14)', '(26, 11)', '(1, 12)', '(16, 10)', '(18, 16)', '(7, 16)', '(31, 1)', '(31, 10)', '(20, 10)', '(17, 2)', '(22, 16)', '(14, 12)', '(4, 11)', '(9, 16)', '(33, 1)', '(33, 10)', '(24, 16)', '(13, 16)', '(25, 15)', '(16, 12)', '(1, 14)', '(31, 3)', '(34, 2)', '(31, 12)', '(34, 11)', '(20, 12)', '(22, 9)', '(12, 8)', '(3, 5)', '(14, 14)', '(4, 13)', '(32, 4)', '(8, 13)', '(33, 12)', '(24, 9)', '(10, 10)', '(1, 7)', '(18, 2)', '(1, 16)', '(16, 14)', '(34, 4)', '(22, 2)', '(31, 14)', '(12, 10)', '(3, 7)', '(14, 16)', '(3, 16)', '(32, 6)', '(8, 6)', '(24, 2)', '(33, 14)', '(24, 11)', '(10, 12)', '(1, 9)', '(16, 16)', '(29, 1)', '(29, 10)', '(6, 8)', '(34, 6)', '(31, 16)', '(20, 16)', '(23, 12)', '(12, 12)', '(4, 8)', '(27, 3)', '(27, 12)', '(30, 8)', '(8, 8)', '(33, 16)', '(1, 11)', '(10, 14)', '(6, 10)', '(20, 9)', '(14, 2)', '(12, 14)', '(14, 11)', '(4, 10)', '(27, 5)', '(32, 1)', '(30, 1)', '(27, 14)', '(17, 13)', '(30, 10)', '(8, 10)', '(11, 6)', '(16, 2)', '(10, 16)', '(1, 13)', '(25, 14)', '(20, 2)', '(6, 12)', '(20, 11)', '(23, 16)', '(12, 16)', '(4, 12)', '(27, 7)', '(30, 3)', '(27, 16)', '(30, 12)', '(19, 12)', '(8, 12)', '(11, 8)', '(25, 16)', '(15, 8)', '(6, 5)', '(31, 4)', '(29, 16)', '(21, 12)', '(23, 9)', '(4, 5)', '(4, 14)', '(34, 15)', '(27, 9)', '(17, 8)', '(30, 5)', '(33, 4)', '(30, 14)', '(10, 11)', '(8, 14)', '(11, 10)', '(25, 9)', '(32, 8)', '(2, 7)', '(2, 16)', '(15, 10)', '(31, 6)', '(7, 6)', '(23, 2)', '(6, 16)', '(12, 11)', '(4, 7)', '(34, 8)', '(27, 2)', '(4, 16)', '(28, 1)', '(27, 11)', '(17, 10)', '(9, 6)', '(25, 2)', '(30, 16)', '(19, 16)', '(8, 16)', '(10, 13)', '(32, 10)', '(15, 3)', '(15, 12)', '(6, 9)', '(7, 8)']",54,0,54
215,"(6, 14)","(5, 14)",East,"[('(6, 13)', 'South', 1), ('(5, 14)', 'West', 1)]","['(6, 13)', '(2, 5)', '(13, 2)', '(15, 4)', '(6, 14)']","['(6, 13)', '(2, 5)', '(13, 2)', '(15, 4)']","['(21, 16)', '(34, 1)', '(4, 9)', '(34, 10)', '(27, 4)', '(27, 13)', '(17, 12)', '(30, 9)', '(10, 6)', '(8, 9)', '(32, 12)', '(13, 8)', '(1, 15)', '(26, 14)', '(15, 14)', '(6, 11)', '(21, 9)', '(34, 3)', '(34, 12)', '(27, 6)', '(19, 2)', '(17, 14)', '(19, 11)', '(8, 11)', '(11, 7)', '(11, 16)', '(32, 14)', '(1, 8)', '(29, 6)', '(21, 2)', '(26, 16)', '(15, 16)', '(18, 12)', '(34, 14)', '(22, 12)', '(27, 8)', '(14, 8)', '(5, 5)', '(30, 4)', '(28, 16)', '(30, 13)', '(17, 16)', '(5, 14)', '(33, 6)', '(32, 16)', '(24, 12)', '(13, 12)', '(25, 11)', '(26, 9)', '(16, 8)', '(1, 10)', '(6, 6)', '(31, 8)', '(34, 7)', '(27, 1)', '(34, 16)', '(12, 13)', '(14, 10)', '(17, 9)', '(30, 6)', '(3, 10)', '(5, 16)', '(9, 14)', '(33, 8)', '(26, 2)', '(15, 2)', '(13, 14)', '(26, 11)', '(1, 12)', '(16, 10)', '(18, 16)', '(7, 16)', '(31, 1)', '(31, 10)', '(20, 10)', '(17, 2)', '(22, 16)', '(14, 12)', '(4, 11)', '(9, 16)', '(33, 1)', '(33, 10)', '(24, 16)', '(13, 16)', '(25, 15)', '(16, 12)', '(1, 14)', '(31, 3)', '(34, 2)', '(31, 12)', '(34, 11)', '(20, 12)', '(22, 9)', '(12, 8)', '(3, 5)', '(14, 14)', '(4, 13)', '(32, 4)', '(8, 13)', '(33, 12)', '(24, 9)', '(10, 10)', '(1, 7)', '(18, 2)', '(1, 16)', '(16, 14)', '(34, 4)', '(22, 2)', '(31, 14)', '(12, 10)', '(3, 7)', '(14, 16)', '(3, 16)', '(32, 6)', '(8, 6)', '(24, 2)', '(33, 14)', '(24, 11)', '(10, 12)', '(1, 9)', '(16, 16)', '(29, 1)', '(29, 10)', '(6, 8)', '(34, 6)', '(31, 16)', '(20, 16)', '(23, 12)', '(12, 12)', '(4, 8)', '(27, 3)', '(27, 12)', '(30, 8)', '(8, 8)', '(33, 16)', '(1, 11)', '(10, 14)', '(6, 10)', '(20, 9)', '(14, 2)', '(12, 14)', '(14, 11)', '(4, 10)', '(27, 5)', '(32, 1)', '(30, 1)', '(27, 14)', '(17, 13)', '(30, 10)', '(8, 10)', '(11, 6)', '(16, 2)', '(10, 16)', '(1, 13)', '(25, 14)', '(20, 2)', '(6, 12)', '(20, 11)', '(23, 16)', '(12, 16)', '(4, 12)', '(27, 7)', '(30, 3)', '(27, 16)', '(30, 12)', '(19, 12)', '(8, 12)', '(11, 8)', '(25, 16)', '(15, 8)', '(6, 5)', '(31, 4)', '(29, 16)', '(6, 14)', '(21, 12)', '(23, 9)', '(4, 5)', '(4, 14)', '(34, 15)', '(27, 9)', '(17, 8)', '(30, 5)', '(33, 4)', '(30, 14)', '(10, 11)', '(8, 14)', '(11, 10)', '(25, 9)', '(32, 8)', '(2, 7)', '(2, 16)', '(15, 10)', '(31, 6)', '(7, 6)', '(23, 2)', '(6, 16)', '(12, 11)', '(4, 7)', '(34, 8)', '(27, 2)', '(4, 16)', '(28, 1)', '(27, 11)', '(17, 10)', '(9, 6)', '(25, 2)', '(30, 16)', '(19, 16)', '(8, 16)', '(10, 13)', '(32, 10)', '(15, 3)', '(15, 12)', '(6, 9)', '(7, 8)']",54,0,54
216,"(15, 4)","(15, 3)",North,"[('(15, 3)', 'South', 1), ('(16, 4)', 'East', 1)]","['(6, 13)', '(2, 5)', '(13, 2)', '(15, 4)']","['(16, 4)', '(6, 13)', '(2, 5)', '(13, 2)']","['(21, 16)', '(34, 1)', '(4, 9)', '(34, 10)', '(27, 4)', '(27, 13)', '(17, 12)', '(30, 9)', '(10, 6)', '(8, 9)', '(32, 12)', '(13, 8)', '(1, 15)', '(26, 14)', '(15, 14)', '(6, 11)', '(21, 9)', '(34, 3)', '(34, 12)', '(27, 6)', '(19, 2)', '(17, 14)', '(19, 11)', '(8, 11)', '(11, 7)', '(11, 16)', '(32, 14)', '(1, 8)', '(29, 6)', '(21, 2)', '(26, 16)', '(15, 16)', '(18, 12)', '(34, 14)', '(22, 12)', '(27, 8)', '(14, 8)', '(5, 5)', '(30, 4)', '(28, 16)', '(30, 13)', '(17, 16)', '(5, 14)', '(33, 6)', '(32, 16)', '(24, 12)', '(13, 12)', '(25, 11)', '(26, 9)', '(16, 8)', '(1, 10)', '(6, 6)', '(31, 8)', '(34, 7)', '(27, 1)', '(34, 16)', '(12, 13)', '(14, 10)', '(17, 9)', '(30, 6)', '(3, 10)', '(5, 16)', '(9, 14)', '(33, 8)', '(26, 2)', '(15, 2)', '(13, 14)', '(26, 11)', '(1, 12)', '(16, 10)', '(18, 16)', '(7, 16)', '(31, 1)', '(31, 10)', '(20, 10)', '(17, 2)', '(22, 16)', '(14, 12)', '(4, 11)', '(9, 16)', '(33, 1)', '(33, 10)', '(15, 4)', '(24, 16)', '(13, 16)', '(25, 15)', '(16, 12)', '(1, 14)', '(31, 3)', '(34, 2)', '(31, 12)', '(34, 11)', '(20, 12)', '(22, 9)', '(12, 8)', '(3, 5)', '(14, 14)', '(4, 13)', '(32, 4)', '(8, 13)', '(33, 12)', '(24, 9)', '(10, 10)', '(1, 7)', '(18, 2)', '(1, 16)', '(16, 14)', '(34, 4)', '(22, 2)', '(31, 14)', '(12, 10)', '(3, 7)', '(14, 16)', '(3, 16)', '(32, 6)', '(8, 6)', '(24, 2)', '(33, 14)', '(24, 11)', '(10, 12)', '(1, 9)', '(16, 16)', '(29, 1)', '(29, 10)', '(6, 8)', '(34, 6)', '(31, 16)', '(20, 16)', '(23, 12)', '(12, 12)', '(4, 8)', '(27, 3)', '(27, 12)', '(30, 8)', '(8, 8)', '(33, 16)', '(1, 11)', '(10, 14)', '(6, 10)', '(20, 9)', '(14, 2)', '(12, 14)', '(14, 11)', '(4, 10)', '(27, 5)', '(32, 1)', '(30, 1)', '(27, 14)', '(17, 13)', '(30, 10)', '(8, 10)', '(11, 6)', '(16, 2)', '(10, 16)', '(1, 13)', '(25, 14)', '(20, 2)', '(6, 12)', '(20, 11)', '(23, 16)', '(12, 16)', '(4, 12)', '(27, 7)', '(30, 3)', '(27, 16)', '(30, 12)', '(19, 12)', '(8, 12)', '(11, 8)', '(25, 16)', '(15, 8)', '(6, 5)', '(31, 4)', '(29, 16)', '(6, 14)', '(21, 12)', '(23, 9)', '(4, 5)', '(4, 14)', '(34, 15)', '(27, 9)', '(17, 8)', '(30, 5)', '(33, 4)', '(30, 14)', '(10, 11)', '(8, 14)', '(11, 10)', '(25, 9)', '(32, 8)', '(2, 7)', '(2, 16)', '(15, 10)', '(31, 6)', '(7, 6)', '(23, 2)', '(6, 16)', '(12, 11)', '(4, 7)', '(34, 8)', '(27, 2)', '(4, 16)', '(28, 1)', '(27, 11)', '(17, 10)', '(9, 6)', '(25, 2)', '(30, 16)', '(19, 16)', '(8, 16)', '(10, 13)', '(32, 10)', '(15, 3)', '(15, 12)', '(6, 9)', '(7, 8)']",55,0,55
217,"(13, 2)","(14, 2)",West,"[('(14, 2)', 'East', 1), ('(12, 2)', 'West', 1)]","['(16, 4)', '(6, 13)', '(2, 5)', '(13, 2)']","['(12, 2)', '(16, 4)', '(6, 13)', '(2, 5)']","['(21, 16)', '(34, 1)', '(4, 9)', '(34, 10)', '(27, 4)', '(27, 13)', '(17, 12)', '(30, 9)', '(10, 6)', '(8, 9)', '(32, 12)', '(13, 8)', '(1, 15)', '(26, 14)', '(15, 14)', '(6, 11)', '(21, 9)', '(34, 3)', '(34, 12)', '(27, 6)', '(19, 2)', '(17, 14)', '(19, 11)', '(8, 11)', '(11, 7)', '(11, 16)', '(32, 14)', '(1, 8)', '(29, 6)', '(21, 2)', '(26, 16)', '(15, 16)', '(18, 12)', '(34, 14)', '(22, 12)', '(27, 8)', '(14, 8)', '(5, 5)', '(30, 4)', '(28, 16)', '(30, 13)', '(17, 16)', '(5, 14)', '(33, 6)', '(32, 16)', '(24, 12)', '(13, 12)', '(25, 11)', '(26, 9)', '(16, 8)', '(1, 10)', '(6, 6)', '(31, 8)', '(34, 7)', '(27, 1)', '(34, 16)', '(12, 13)', '(14, 10)', '(17, 9)', '(30, 6)', '(3, 10)', '(5, 16)', '(9, 14)', '(33, 8)', '(26, 2)', '(15, 2)', '(13, 14)', '(26, 11)', '(1, 12)', '(16, 10)', '(18, 16)', '(7, 16)', '(31, 1)', '(31, 10)', '(20, 10)', '(17, 2)', '(22, 16)', '(14, 12)', '(4, 11)', '(9, 16)', '(33, 1)', '(33, 10)', '(15, 4)', '(24, 16)', '(13, 16)', '(25, 15)', '(16, 12)', '(1, 14)', '(31, 3)', '(34, 2)', '(31, 12)', '(34, 11)', '(20, 12)', '(22, 9)', '(12, 8)', '(3, 5)', '(14, 14)', '(4, 13)', '(32, 4)', '(8, 13)', '(33, 12)', '(24, 9)', '(10, 10)', '(1, 7)', '(18, 2)', '(1, 16)', '(16, 14)', '(34, 4)', '(22, 2)', '(31, 14)', '(12, 10)', '(3, 7)', '(14, 16)', '(3, 16)', '(32, 6)', '(8, 6)', '(24, 2)', '(13, 2)', '(33, 14)', '(24, 11)', '(10, 12)', '(1, 9)', '(16, 16)', '(29, 1)', '(29, 10)', '(6, 8)', '(34, 6)', '(31, 16)', '(20, 16)', '(23, 12)', '(12, 12)', '(4, 8)', '(27, 3)', '(27, 12)', '(30, 8)', '(8, 8)', '(33, 16)', '(1, 11)', '(10, 14)', '(6, 10)', '(20, 9)', '(14, 2)', '(12, 14)', '(14, 11)', '(4, 10)', '(27, 5)', '(32, 1)', '(30, 1)', '(27, 14)', '(17, 13)', '(30, 10)', '(8, 10)', '(11, 6)', '(16, 2)', '(10, 16)', '(1, 13)', '(25, 14)', '(20, 2)', '(6, 12)', '(20, 11)', '(23, 16)', '(12, 16)', '(4, 12)', '(27, 7)', '(30, 3)', '(27, 16)', '(30, 12)', '(19, 12)', '(8, 12)', '(11, 8)', '(25, 16)', '(15, 8)', '(6, 5)', '(31, 4)', '(29, 16)', '(6, 14)', '(21, 12)', '(23, 9)', '(4, 5)', '(4, 14)', '(34, 15)', '(27, 9)', '(17, 8)', '(30, 5)', '(33, 4)', '(30, 14)', '(10, 11)', '(8, 14)', '(11, 10)', '(25, 9)', '(32, 8)', '(2, 7)', '(2, 16)', '(15, 10)', '(31, 6)', '(7, 6)', '(23, 2)', '(6, 16)', '(12, 11)', '(4, 7)', '(34, 8)', '(27, 2)', '(4, 16)', '(28, 1)', '(27, 11)', '(17, 10)', '(9, 6)', '(25, 2)', '(30, 16)', '(19, 16)', '(8, 16)', '(10, 13)', '(32, 10)', '(15, 3)', '(15, 12)', '(6, 9)', '(7, 8)']",55,0,55
218,"(2, 5)","(3, 5)",West,"[('(3, 5)', 'East', 1), ('(1, 5)', 'West', 1)]","['(12, 2)', '(16, 4)', '(6, 13)', '(2, 5)']","['(1, 5)', '(12, 2)', '(16, 4)', '(6, 13)']","['(21, 16)', '(34, 1)', '(4, 9)', '(34, 10)', '(27, 4)', '(27, 13)', '(17, 12)', '(30, 9)', '(10, 6)', '(8, 9)', '(32, 12)', '(13, 8)', '(1, 15)', '(26, 14)', '(15, 14)', '(6, 11)', '(21, 9)', '(34, 3)', '(34, 12)', '(27, 6)', '(19, 2)', '(17, 14)', '(19, 11)', '(8, 11)', '(11, 7)', '(11, 16)', '(32, 14)', '(1, 8)', '(29, 6)', '(21, 2)', '(26, 16)', '(15, 16)', '(18, 12)', '(34, 14)', '(22, 12)', '(27, 8)', '(14, 8)', '(5, 5)', '(30, 4)', '(28, 16)', '(30, 13)', '(17, 16)', '(5, 14)', '(33, 6)', '(32, 16)', '(24, 12)', '(13, 12)', '(25, 11)', '(26, 9)', '(16, 8)', '(1, 10)', '(6, 6)', '(31, 8)', '(34, 7)', '(27, 1)', '(34, 16)', '(12, 13)', '(14, 10)', '(17, 9)', '(30, 6)', '(3, 10)', '(5, 16)', '(9, 14)', '(33, 8)', '(26, 2)', '(15, 2)', '(13, 14)', '(26, 11)', '(1, 12)', '(16, 10)', '(18, 16)', '(7, 16)', '(31, 1)', '(31, 10)', '(20, 10)', '(17, 2)', '(22, 16)', '(14, 12)', '(4, 11)', '(9, 16)', '(33, 1)', '(33, 10)', '(15, 4)', '(24, 16)', '(13, 16)', '(25, 15)', '(16, 12)', '(1, 14)', '(31, 3)', '(34, 2)', '(31, 12)', '(34, 11)', '(20, 12)', '(22, 9)', '(12, 8)', '(3, 5)', '(14, 14)', '(4, 13)', '(32, 4)', '(8, 13)', '(33, 12)', '(24, 9)', '(10, 10)', '(1, 7)', '(18, 2)', '(1, 16)', '(16, 14)', '(34, 4)', '(22, 2)', '(31, 14)', '(12, 10)', '(3, 7)', '(14, 16)', '(3, 16)', '(32, 6)', '(8, 6)', '(24, 2)', '(13, 2)', '(33, 14)', '(24, 11)', '(10, 12)', '(1, 9)', '(16, 16)', '(29, 1)', '(29, 10)', '(6, 8)', '(34, 6)', '(31, 16)', '(20, 16)', '(23, 12)', '(12, 12)', '(4, 8)', '(27, 3)', '(27, 12)', '(30, 8)', '(8, 8)', '(33, 16)', '(1, 11)', '(10, 14)', '(6, 10)', '(20, 9)', '(14, 2)', '(12, 14)', '(14, 11)', '(4, 10)', '(27, 5)', '(32, 1)', '(30, 1)', '(27, 14)', '(17, 13)', '(30, 10)', '(8, 10)', '(11, 6)', '(16, 2)', '(10, 16)', '(1, 13)', '(25, 14)', '(20, 2)', '(6, 12)', '(20, 11)', '(23, 16)', '(12, 16)', '(4, 12)', '(27, 7)', '(30, 3)', '(27, 16)', '(30, 12)', '(19, 12)', '(8, 12)', '(11, 8)', '(2, 5)', '(25, 16)', '(15, 8)', '(6, 5)', '(31, 4)', '(29, 16)', '(6, 14)', '(21, 12)', '(23, 9)', '(4, 5)', '(4, 14)', '(34, 15)', '(27, 9)', '(17, 8)', '(30, 5)', '(33, 4)', '(30, 14)', '(10, 11)', '(8, 14)', '(11, 10)', '(25, 9)', '(32, 8)', '(2, 7)', '(2, 16)', '(15, 10)', '(31, 6)', '(7, 6)', '(23, 2)', '(6, 16)', '(12, 11)', '(4, 7)', '(34, 8)', '(27, 2)', '(4, 16)', '(28, 1)', '(27, 11)', '(17, 10)', '(9, 6)', '(25, 2)', '(30, 16)', '(19, 16)', '(8, 16)', '(10, 13)', '(32, 10)', '(15, 3)', '(15, 12)', '(6, 9)', '(7, 8)']",55,0,55
219,"(6, 13)","(6, 12)",North,"[('(6, 14)', 'North', 1), ('(6, 12)', 'South', 1)]","['(1, 5)', '(12, 2)', '(16, 4)', '(6, 13)']","['(1, 5)', '(12, 2)', '(16, 4)']","['(21, 16)', '(34, 1)', '(4, 9)', '(34, 10)', '(27, 4)', '(27, 13)', '(17, 12)', '(30, 9)', '(10, 6)', '(8, 9)', '(32, 12)', '(13, 8)', '(1, 15)', '(26, 14)', '(15, 14)', '(6, 11)', '(21, 9)', '(34, 3)', '(34, 12)', '(27, 6)', '(19, 2)', '(17, 14)', '(19, 11)', '(8, 11)', '(11, 7)', '(11, 16)', '(32, 14)', '(1, 8)', '(29, 6)', '(21, 2)', '(26, 16)', '(15, 16)', '(6, 13)', '(18, 12)', '(34, 14)', '(22, 12)', '(27, 8)', '(14, 8)', '(5, 5)', '(30, 4)', '(28, 16)', '(30, 13)', '(17, 16)', '(5, 14)', '(33, 6)', '(32, 16)', '(24, 12)', '(13, 12)', '(25, 11)', '(26, 9)', '(16, 8)', '(1, 10)', '(6, 6)', '(31, 8)', '(34, 7)', '(27, 1)', '(34, 16)', '(12, 13)', '(14, 10)', '(17, 9)', '(30, 6)', '(3, 10)', '(5, 16)', '(9, 14)', '(33, 8)', '(26, 2)', '(15, 2)', '(13, 14)', '(26, 11)', '(1, 12)', '(16, 10)', '(18, 16)', '(7, 16)', '(31, 1)', '(31, 10)', '(20, 10)', '(17, 2)', '(22, 16)', '(14, 12)', '(4, 11)', '(9, 16)', '(33, 1)', '(33, 10)', '(15, 4)', '(24, 16)', '(13, 16)', '(25, 15)', '(16, 12)', '(1, 14)', '(31, 3)', '(34, 2)', '(31, 12)', '(34, 11)', '(20, 12)', '(22, 9)', '(12, 8)', '(3, 5)', '(14, 14)', '(4, 13)', '(32, 4)', '(8, 13)', '(33, 12)', '(24, 9)', '(10, 10)', '(1, 7)', '(18, 2)', '(1, 16)', '(16, 14)', '(34, 4)', '(22, 2)', '(31, 14)', '(12, 10)', '(3, 7)', '(14, 16)', '(3, 16)', '(32, 6)', '(8, 6)', '(24, 2)', '(13, 2)', '(33, 14)', '(24, 11)', '(10, 12)', '(1, 9)', '(16, 16)', '(29, 1)', '(29, 10)', '(6, 8)', '(34, 6)', '(31, 16)', '(20, 16)', '(23, 12)', '(12, 12)', '(4, 8)', '(27, 3)', '(27, 12)', '(30, 8)', '(8, 8)', '(33, 16)', '(1, 11)', '(10, 14)', '(6, 10)', '(20, 9)', '(14, 2)', '(12, 14)', '(14, 11)', '(4, 10)', '(27, 5)', '(32, 1)', '(30, 1)', '(27, 14)', '(17, 13)', '(30, 10)', '(8, 10)', '(11, 6)', '(16, 2)', '(10, 16)', '(1, 13)', '(25, 14)', '(20, 2)', '(6, 12)', '(20, 11)', '(23, 16)', '(12, 16)', '(4, 12)', '(27, 7)', '(30, 3)', '(27, 16)', '(30, 12)', '(19, 12)', '(8, 12)', '(11, 8)', '(2, 5)', '(25, 16)', '(15, 8)', '(6, 5)', '(31, 4)', '(29, 16)', '(6, 14)', '(21, 12)', '(23, 9)', '(4, 5)', '(4, 14)', '(34, 15)', '(27, 9)', '(17, 8)', '(30, 5)', '(33, 4)', '(30, 14)', '(10, 11)', '(8, 14)', '(11, 10)', '(25, 9)', '(32, 8)', '(2, 7)', '(2, 16)', '(15, 10)', '(31, 6)', '(7, 6)', '(23, 2)', '(6, 16)', '(12, 11)', '(4, 7)', '(34, 8)', '(27, 2)', '(4, 16)', '(28, 1)', '(27, 11)', '(17, 10)', '(9, 6)', '(25, 2)', '(30, 16)', '(19, 16)', '(8, 16)', '(10, 13)', '(32, 10)', '(15, 3)', '(15, 12)', '(6, 9)', '(7, 8)']",55,0,55
220,"(16, 4)","(15, 4)",East,"[('(17, 4)', 'East', 1), ('(15, 4)', 'West', 1)]","['(1, 5)', '(12, 2)', '(16, 4)']","['(17, 4)', '(1, 5)', '(12, 2)']","['(21, 16)', '(34, 1)', '(4, 9)', '(34, 10)', '(27, 4)', '(27, 13)', '(17, 12)', '(30, 9)', '(10, 6)', '(8, 9)', '(32, 12)', '(13, 8)', '(1, 15)', '(26, 14)', '(15, 14)', '(6, 11)', '(21, 9)', '(34, 3)', '(34, 12)', '(27, 6)', '(19, 2)', '(17, 14)', '(19, 11)', '(8, 11)', '(11, 7)', '(11, 16)', '(32, 14)', '(1, 8)', '(29, 6)', '(21, 2)', '(26, 16)', '(15, 16)', '(6, 13)', '(18, 12)', '(34, 14)', '(22, 12)', '(27, 8)', '(14, 8)', '(5, 5)', '(30, 4)', '(28, 16)', '(30, 13)', '(17, 16)', '(5, 14)', '(33, 6)', '(32, 16)', '(24, 12)', '(13, 12)', '(25, 11)', '(26, 9)', '(16, 8)', '(1, 10)', '(6, 6)', '(31, 8)', '(34, 7)', '(27, 1)', '(34, 16)', '(12, 13)', '(14, 10)', '(17, 9)', '(30, 6)', '(3, 10)', '(5, 16)', '(9, 14)', '(33, 8)', '(26, 2)', '(15, 2)', '(13, 14)', '(26, 11)', '(1, 12)', '(16, 10)', '(18, 16)', '(7, 16)', '(31, 1)', '(31, 10)', '(20, 10)', '(17, 2)', '(22, 16)', '(14, 12)', '(4, 11)', '(9, 16)', '(33, 1)', '(33, 10)', '(15, 4)', '(24, 16)', '(13, 16)', '(25, 15)', '(16, 12)', '(1, 14)', '(31, 3)', '(34, 2)', '(31, 12)', '(34, 11)', '(20, 12)', '(22, 9)', '(12, 8)', '(3, 5)', '(14, 14)', '(4, 13)', '(32, 4)', '(8, 13)', '(33, 12)', '(24, 9)', '(10, 10)', '(1, 7)', '(18, 2)', '(1, 16)', '(16, 14)', '(34, 4)', '(22, 2)', '(31, 14)', '(12, 10)', '(3, 7)', '(14, 16)', '(3, 16)', '(32, 6)', '(8, 6)', '(24, 2)', '(13, 2)', '(33, 14)', '(24, 11)', '(10, 12)', '(1, 9)', '(16, 16)', '(29, 1)', '(29, 10)', '(6, 8)', '(34, 6)', '(31, 16)', '(20, 16)', '(23, 12)', '(12, 12)', '(4, 8)', '(27, 3)', '(27, 12)', '(30, 8)', '(8, 8)', '(33, 16)', '(1, 11)', '(10, 14)', '(6, 10)', '(20, 9)', '(14, 2)', '(12, 14)', '(14, 11)', '(4, 10)', '(27, 5)', '(32, 1)', '(30, 1)', '(27, 14)', '(17, 13)', '(30, 10)', '(8, 10)', '(11, 6)', '(16, 2)', '(10, 16)', '(1, 13)', '(25, 14)', '(20, 2)', '(6, 12)', '(20, 11)', '(23, 16)', '(12, 16)', '(4, 12)', '(27, 7)', '(30, 3)', '(27, 16)', '(30, 12)', '(19, 12)', '(8, 12)', '(11, 8)', '(2, 5)', '(16, 4)', '(25, 16)', '(15, 8)', '(6, 5)', '(31, 4)', '(29, 16)', '(6, 14)', '(21, 12)', '(23, 9)', '(4, 5)', '(4, 14)', '(34, 15)', '(27, 9)', '(17, 8)', '(30, 5)', '(33, 4)', '(30, 14)', '(10, 11)', '(8, 14)', '(11, 10)', '(25, 9)', '(32, 8)', '(2, 7)', '(2, 16)', '(15, 10)', '(31, 6)', '(7, 6)', '(23, 2)', '(6, 16)', '(12, 11)', '(4, 7)', '(34, 8)', '(27, 2)', '(4, 16)', '(28, 1)', '(27, 11)', '(17, 10)', '(9, 6)', '(25, 2)', '(30, 16)', '(19, 16)', '(8, 16)', '(10, 13)', '(32, 10)', '(15, 3)', '(15, 12)', '(6, 9)', '(7, 8)']",56,0,56
221,"(12, 2)","(13, 2)",West,"[('(13, 2)', 'East', 1), ('(11, 2)', 'West', 1)]","['(17, 4)', '(1, 5)', '(12, 2)']","['(11, 2)', '(17, 4)', '(1, 5)']","['(21, 16)', '(34, 1)', '(4, 9)', '(34, 10)', '(27, 4)', '(27, 13)', '(17, 12)', '(30, 9)', '(10, 6)', '(8, 9)', '(32, 12)', '(13, 8)', '(1, 15)', '(26, 14)', '(15, 14)', '(6, 11)', '(21, 9)', '(34, 3)', '(34, 12)', '(27, 6)', '(19, 2)', '(17, 14)', '(19, 11)', '(8, 11)', '(11, 7)', '(11, 16)', '(32, 14)', '(1, 8)', '(29, 6)', '(21, 2)', '(26, 16)', '(15, 16)', '(6, 13)', '(18, 12)', '(34, 14)', '(22, 12)', '(27, 8)', '(14, 8)', '(5, 5)', '(30, 4)', '(28, 16)', '(30, 13)', '(17, 16)', '(5, 14)', '(33, 6)', '(32, 16)', '(24, 12)', '(13, 12)', '(25, 11)', '(26, 9)', '(16, 8)', '(1, 10)', '(6, 6)', '(31, 8)', '(34, 7)', '(27, 1)', '(34, 16)', '(12, 13)', '(14, 10)', '(17, 9)', '(30, 6)', '(3, 10)', '(5, 16)', '(9, 14)', '(33, 8)', '(26, 2)', '(15, 2)', '(13, 14)', '(26, 11)', '(1, 12)', '(16, 10)', '(18, 16)', '(7, 16)', '(31, 1)', '(31, 10)', '(20, 10)', '(17, 2)', '(22, 16)', '(14, 12)', '(4, 11)', '(9, 16)', '(33, 1)', '(33, 10)', '(15, 4)', '(24, 16)', '(13, 16)', '(25, 15)', '(16, 12)', '(1, 14)', '(31, 3)', '(34, 2)', '(31, 12)', '(34, 11)', '(20, 12)', '(22, 9)', '(12, 8)', '(3, 5)', '(14, 14)', '(4, 13)', '(32, 4)', '(8, 13)', '(33, 12)', '(24, 9)', '(10, 10)', '(1, 7)', '(18, 2)', '(1, 16)', '(16, 14)', '(34, 4)', '(22, 2)', '(31, 14)', '(12, 10)', '(3, 7)', '(14, 16)', '(3, 16)', '(32, 6)', '(8, 6)', '(24, 2)', '(13, 2)', '(33, 14)', '(24, 11)', '(10, 12)', '(1, 9)', '(16, 16)', '(29, 1)', '(29, 10)', '(6, 8)', '(34, 6)', '(31, 16)', '(20, 16)', '(23, 12)', '(12, 12)', '(4, 8)', '(27, 3)', '(27, 12)', '(30, 8)', '(8, 8)', '(33, 16)', '(1, 11)', '(10, 14)', '(6, 10)', '(20, 9)', '(14, 2)', '(12, 14)', '(14, 11)', '(4, 10)', '(27, 5)', '(32, 1)', '(30, 1)', '(27, 14)', '(17, 13)', '(30, 10)', '(8, 10)', '(11, 6)', '(16, 2)', '(10, 16)', '(1, 13)', '(25, 14)', '(20, 2)', '(6, 12)', '(20, 11)', '(23, 16)', '(12, 16)', '(4, 12)', '(27, 7)', '(30, 3)', '(27, 16)', '(30, 12)', '(19, 12)', '(8, 12)', '(11, 8)', '(2, 5)', '(16, 4)', '(25, 16)', '(15, 8)', '(6, 5)', '(31, 4)', '(29, 16)', '(6, 14)', '(21, 12)', '(23, 9)', '(4, 5)', '(4, 14)', '(34, 15)', '(27, 9)', '(17, 8)', '(30, 5)', '(33, 4)', '(30, 14)', '(10, 11)', '(8, 14)', '(11, 10)', '(25, 9)', '(32, 8)', '(2, 7)', '(2, 16)', '(15, 10)', '(31, 6)', '(7, 6)', '(23, 2)', '(6, 16)', '(12, 2)', '(12, 11)', '(4, 7)', '(34, 8)', '(27, 2)', '(4, 16)', '(28, 1)', '(27, 11)', '(17, 10)', '(9, 6)', '(25, 2)', '(30, 16)', '(19, 16)', '(8, 16)', '(10, 13)', '(32, 10)', '(15, 3)', '(15, 12)', '(6, 9)', '(7, 8)']",56,0,56
222,"(1, 5)","(2, 5)",West,"[('(1, 4)', 'South', 1), ('(2, 5)', 'East', 1)]","['(11, 2)', '(17, 4)', '(1, 5)']","['(1, 4)', '(11, 2)', '(17, 4)']","['(21, 16)', '(34, 1)', '(4, 9)', '(34, 10)', '(27, 4)', '(27, 13)', '(17, 12)', '(30, 9)', '(10, 6)', '(8, 9)', '(32, 12)', '(13, 8)', '(1, 15)', '(26, 14)', '(15, 14)', '(6, 11)', '(21, 9)', '(34, 3)', '(34, 12)', '(27, 6)', '(19, 2)', '(17, 14)', '(19, 11)', '(8, 11)', '(11, 7)', '(11, 16)', '(32, 14)', '(1, 8)', '(29, 6)', '(21, 2)', '(26, 16)', '(15, 16)', '(6, 13)', '(18, 12)', '(34, 14)', '(22, 12)', '(27, 8)', '(14, 8)', '(5, 5)', '(30, 4)', '(28, 16)', '(30, 13)', '(17, 16)', '(5, 14)', '(33, 6)', '(32, 16)', '(24, 12)', '(13, 12)', '(25, 11)', '(26, 9)', '(16, 8)', '(1, 10)', '(6, 6)', '(31, 8)', '(34, 7)', '(27, 1)', '(34, 16)', '(12, 13)', '(14, 10)', '(17, 9)', '(30, 6)', '(3, 10)', '(5, 16)', '(9, 14)', '(33, 8)', '(26, 2)', '(15, 2)', '(13, 14)', '(26, 11)', '(1, 12)', '(16, 10)', '(18, 16)', '(7, 16)', '(31, 1)', '(31, 10)', '(20, 10)', '(17, 2)', '(22, 16)', '(14, 12)', '(4, 11)', '(9, 16)', '(33, 1)', '(33, 10)', '(1, 5)', '(15, 4)', '(24, 16)', '(13, 16)', '(25, 15)', '(16, 12)', '(1, 14)', '(31, 3)', '(34, 2)', '(31, 12)', '(34, 11)', '(20, 12)', '(22, 9)', '(12, 8)', '(3, 5)', '(14, 14)', '(4, 13)', '(32, 4)', '(8, 13)', '(33, 12)', '(24, 9)', '(10, 10)', '(1, 7)', '(18, 2)', '(1, 16)', '(16, 14)', '(34, 4)', '(22, 2)', '(31, 14)', '(12, 10)', '(3, 7)', '(14, 16)', '(3, 16)', '(32, 6)', '(8, 6)', '(24, 2)', '(13, 2)', '(33, 14)', '(24, 11)', '(10, 12)', '(1, 9)', '(16, 16)', '(29, 1)', '(29, 10)', '(6, 8)', '(34, 6)', '(31, 16)', '(20, 16)', '(23, 12)', '(12, 12)', '(4, 8)', '(27, 3)', '(27, 12)', '(30, 8)', '(8, 8)', '(33, 16)', '(1, 11)', '(10, 14)', '(6, 10)', '(20, 9)', '(14, 2)', '(12, 14)', '(14, 11)', '(4, 10)', '(27, 5)', '(32, 1)', '(30, 1)', '(27, 14)', '(17, 13)', '(30, 10)', '(8, 10)', '(11, 6)', '(16, 2)', '(10, 16)', '(1, 13)', '(25, 14)', '(20, 2)', '(6, 12)', '(20, 11)', '(23, 16)', '(12, 16)', '(4, 12)', '(27, 7)', '(30, 3)', '(27, 16)', '(30, 12)', '(19, 12)', '(8, 12)', '(11, 8)', '(2, 5)', '(16, 4)', '(25, 16)', '(15, 8)', '(6, 5)', '(31, 4)', '(29, 16)', '(6, 14)', '(21, 12)', '(23, 9)', '(4, 5)', '(4, 14)', '(34, 15)', '(27, 9)', '(17, 8)', '(30, 5)', '(33, 4)', '(30, 14)', '(10, 11)', '(8, 14)', '(11, 10)', '(25, 9)', '(32, 8)', '(2, 7)', '(2, 16)', '(15, 10)', '(31, 6)', '(7, 6)', '(23, 2)', '(6, 16)', '(12, 2)', '(12, 11)', '(4, 7)', '(34, 8)', '(27, 2)', '(4, 16)', '(28, 1)', '(27, 11)', '(17, 10)', '(9, 6)', '(25, 2)', '(30, 16)', '(19, 16)', '(8, 16)', '(10, 13)', '(32, 10)', '(15, 3)', '(15, 12)', '(6, 9)', '(7, 8)']",56,0,56
223,"(17, 4)","(16, 4)",East,"[('(18, 4)', 'East', 1), ('(16, 4)', 'West', 1)]","['(1, 4)', '(11, 2)', '(17, 4)']","['(18, 4)', '(1, 4)', '(11, 2)']","['(21, 16)', '(34, 1)', '(4, 9)', '(34, 10)', '(27, 4)', '(27, 13)', '(17, 12)', '(30, 9)', '(10, 6)', '(8, 9)', '(32, 12)', '(13, 8)', '(1, 15)', '(26, 14)', '(15, 14)', '(6, 11)', '(21, 9)', '(34, 3)', '(34, 12)', '(27, 6)', '(19, 2)', '(17, 14)', '(19, 11)', '(8, 11)', '(11, 7)', '(11, 16)', '(32, 14)', '(1, 8)', '(29, 6)', '(21, 2)', '(26, 16)', '(15, 16)', '(6, 13)', '(18, 12)', '(34, 14)', '(22, 12)', '(27, 8)', '(14, 8)', '(5, 5)', '(30, 4)', '(28, 16)', '(30, 13)', '(17, 16)', '(5, 14)', '(33, 6)', '(32, 16)', '(24, 12)', '(13, 12)', '(25, 11)', '(26, 9)', '(16, 8)', '(1, 10)', '(6, 6)', '(31, 8)', '(34, 7)', '(27, 1)', '(34, 16)', '(12, 13)', '(14, 10)', '(17, 9)', '(30, 6)', '(3, 10)', '(5, 16)', '(9, 14)', '(33, 8)', '(26, 2)', '(15, 2)', '(13, 14)', '(26, 11)', '(1, 12)', '(16, 10)', '(18, 16)', '(7, 16)', '(31, 1)', '(31, 10)', '(20, 10)', '(17, 2)', '(22, 16)', '(14, 12)', '(4, 11)', '(9, 16)', '(33, 1)', '(33, 10)', '(1, 5)', '(15, 4)', '(24, 16)', '(13, 16)', '(25, 15)', '(16, 12)', '(1, 14)', '(31, 3)', '(34, 2)', '(31, 12)', '(34, 11)', '(20, 12)', '(22, 9)', '(12, 8)', '(3, 5)', '(17, 4)', '(14, 14)', '(4, 13)', '(32, 4)', '(8, 13)', '(33, 12)', '(24, 9)', '(10, 10)', '(1, 7)', '(18, 2)', '(1, 16)', '(16, 14)', '(34, 4)', '(22, 2)', '(31, 14)', '(12, 10)', '(3, 7)', '(14, 16)', '(3, 16)', '(32, 6)', '(8, 6)', '(24, 2)', '(13, 2)', '(33, 14)', '(24, 11)', '(10, 12)', '(1, 9)', '(16, 16)', '(29, 1)', '(29, 10)', '(6, 8)', '(34, 6)', '(31, 16)', '(20, 16)', '(23, 12)', '(12, 12)', '(4, 8)', '(27, 3)', '(27, 12)', '(30, 8)', '(8, 8)', '(33, 16)', '(1, 11)', '(10, 14)', '(6, 10)', '(20, 9)', '(14, 2)', '(12, 14)', '(14, 11)', '(4, 10)', '(27, 5)', '(32, 1)', '(30, 1)', '(27, 14)', '(17, 13)', '(30, 10)', '(8, 10)', '(11, 6)', '(16, 2)', '(10, 16)', '(1, 13)', '(25, 14)', '(20, 2)', '(6, 12)', '(20, 11)', '(23, 16)', '(12, 16)', '(4, 12)', '(27, 7)', '(30, 3)', '(27, 16)', '(30, 12)', '(19, 12)', '(8, 12)', '(11, 8)', '(2, 5)', '(16, 4)', '(25, 16)', '(15, 8)', '(6, 5)', '(31, 4)', '(29, 16)', '(6, 14)', '(21, 12)', '(23, 9)', '(4, 5)', '(4, 14)', '(34, 15)', '(27, 9)', '(17, 8)', '(30, 5)', '(33, 4)', '(30, 14)', '(10, 11)', '(8, 14)', '(11, 10)', '(25, 9)', '(32, 8)', '(2, 7)', '(2, 16)', '(15, 10)', '(31, 6)', '(7, 6)', '(23, 2)', '(6, 16)', '(12, 2)', '(12, 11)', '(4, 7)', '(34, 8)', '(27, 2)', '(4, 16)', '(28, 1)', '(27, 11)', '(17, 10)', '(9, 6)', '(25, 2)', '(30, 16)', '(19, 16)', '(8, 16)', '(10, 13)', '(32, 10)', '(15, 3)', '(15, 12)', '(6, 9)', '(7, 8)']",57,0,57
224,"(11, 2)","(12, 2)",West,"[('(12, 2)', 'East', 1), ('(10, 2)', 'West', 1)]","['(18, 4)', '(1, 4)', '(11, 2)']","['(10, 2)', '(18, 4)', '(1, 4)']","['(21, 16)', '(34, 1)', '(4, 9)', '(34, 10)', '(27, 4)', '(27, 13)', '(17, 12)', '(30, 9)', '(10, 6)', '(8, 9)', '(32, 12)', '(13, 8)', '(1, 15)', '(26, 14)', '(15, 14)', '(6, 11)', '(21, 9)', '(34, 3)', '(34, 12)', '(27, 6)', '(19, 2)', '(17, 14)', '(19, 11)', '(8, 11)', '(11, 7)', '(11, 16)', '(32, 14)', '(1, 8)', '(29, 6)', '(21, 2)', '(26, 16)', '(15, 16)', '(6, 13)', '(18, 12)', '(34, 14)', '(22, 12)', '(27, 8)', '(14, 8)', '(5, 5)', '(30, 4)', '(28, 16)', '(30, 13)', '(17, 16)', '(5, 14)', '(33, 6)', '(32, 16)', '(24, 12)', '(13, 12)', '(25, 11)', '(26, 9)', '(16, 8)', '(1, 10)', '(6, 6)', '(31, 8)', '(34, 7)', '(27, 1)', '(34, 16)', '(12, 13)', '(14, 10)', '(17, 9)', '(30, 6)', '(3, 10)', '(11, 2)', '(5, 16)', '(9, 14)', '(33, 8)', '(26, 2)', '(15, 2)', '(13, 14)', '(26, 11)', '(1, 12)', '(16, 10)', '(18, 16)', '(7, 16)', '(31, 1)', '(31, 10)', '(20, 10)', '(17, 2)', '(22, 16)', '(14, 12)', '(4, 11)', '(9, 16)', '(33, 1)', '(33, 10)', '(1, 5)', '(15, 4)', '(24, 16)', '(13, 16)', '(25, 15)', '(16, 12)', '(1, 14)', '(31, 3)', '(34, 2)', '(31, 12)', '(34, 11)', '(20, 12)', '(22, 9)', '(12, 8)', '(3, 5)', '(17, 4)', '(14, 14)', '(4, 13)', '(32, 4)', '(8, 13)', '(33, 12)', '(24, 9)', '(10, 10)', '(1, 7)', '(18, 2)', '(1, 16)', '(16, 14)', '(34, 4)', '(22, 2)', '(31, 14)', '(12, 10)', '(3, 7)', '(14, 16)', '(3, 16)', '(32, 6)', '(8, 6)', '(24, 2)', '(13, 2)', '(33, 14)', '(24, 11)', '(10, 12)', '(1, 9)', '(16, 16)', '(29, 1)', '(29, 10)', '(6, 8)', '(34, 6)', '(31, 16)', '(20, 16)', '(23, 12)', '(12, 12)', '(4, 8)', '(27, 3)', '(27, 12)', '(30, 8)', '(8, 8)', '(33, 16)', '(1, 11)', '(10, 14)', '(6, 10)', '(20, 9)', '(14, 2)', '(12, 14)', '(14, 11)', '(4, 10)', '(27, 5)', '(32, 1)', '(30, 1)', '(27, 14)', '(17, 13)', '(30, 10)', '(8, 10)', '(11, 6)', '(16, 2)', '(10, 16)', '(1, 13)', '(25, 14)', '(20, 2)', '(6, 12)', '(20, 11)', '(23, 16)', '(12, 16)', '(4, 12)', '(27, 7)', '(30, 3)', '(27, 16)', '(30, 12)', '(19, 12)', '(8, 12)', '(11, 8)', '(2, 5)', '(16, 4)', '(25, 16)', '(15, 8)', '(6, 5)', '(31, 4)', '(29, 16)', '(6, 14)', '(21, 12)', '(23, 9)', '(4, 5)', '(4, 14)', '(34, 15)', '(27, 9)', '(17, 8)', '(30, 5)', '(33, 4)', '(30, 14)', '(10, 11)', '(8, 14)', '(11, 10)', '(25, 9)', '(32, 8)', '(2, 7)', '(2, 16)', '(15, 10)', '(31, 6)', '(7, 6)', '(23, 2)', '(6, 16)', '(12, 2)', '(12, 11)', '(4, 7)', '(34, 8)', '(27, 2)', '(4, 16)', '(28, 1)', '(27, 11)', '(17, 10)', '(9, 6)', '(25, 2)', '(30, 16)', '(19, 16)', '(8, 16)', '(10, 13)', '(32, 10)', '(15, 3)', '(15, 12)', '(6, 9)', '(7, 8)']",57,0,57
225,"(1, 4)","(1, 5)",South,"[('(1, 5)', 'North', 1), ('(1, 3)', 'South', 1)]","['(10, 2)', '(18, 4)', '(1, 4)']","['(1, 3)', '(10, 2)', '(18, 4)']","['(21, 16)', '(34, 1)', '(4, 9)', '(34, 10)', '(27, 4)', '(27, 13)', '(17, 12)', '(30, 9)', '(10, 6)', '(8, 9)', '(32, 12)', '(13, 8)', '(1, 15)', '(26, 14)', '(15, 14)', '(6, 11)', '(21, 9)', '(34, 3)', '(34, 12)', '(27, 6)', '(19, 2)', '(17, 14)', '(19, 11)', '(8, 11)', '(11, 7)', '(11, 16)', '(32, 14)', '(1, 8)', '(29, 6)', '(21, 2)', '(26, 16)', '(15, 16)', '(6, 13)', '(18, 12)', '(34, 14)', '(22, 12)', '(27, 8)', '(14, 8)', '(5, 5)', '(30, 4)', '(28, 16)', '(30, 13)', '(17, 16)', '(5, 14)', '(33, 6)', '(32, 16)', '(24, 12)', '(13, 12)', '(25, 11)', '(26, 9)', '(16, 8)', '(1, 10)', '(6, 6)', '(31, 8)', '(34, 7)', '(27, 1)', '(34, 16)', '(12, 13)', '(14, 10)', '(17, 9)', '(30, 6)', '(3, 10)', '(11, 2)', '(5, 16)', '(9, 14)', '(33, 8)', '(26, 2)', '(15, 2)', '(13, 14)', '(26, 11)', '(1, 12)', '(16, 10)', '(18, 16)', '(7, 16)', '(31, 1)', '(31, 10)', '(20, 10)', '(17, 2)', '(22, 16)', '(14, 12)', '(4, 11)', '(9, 16)', '(33, 1)', '(33, 10)', '(1, 5)', '(15, 4)', '(24, 16)', '(13, 16)', '(25, 15)', '(16, 12)', '(1, 14)', '(31, 3)', '(34, 2)', '(31, 12)', '(34, 11)', '(20, 12)', '(22, 9)', '(12, 8)', '(3, 5)', '(17, 4)', '(14, 14)', '(4, 13)', '(32, 4)', '(8, 13)', '(33, 12)', '(24, 9)', '(10, 10)', '(1, 7)', '(18, 2)', '(1, 16)', '(16, 14)', '(34, 4)', '(22, 2)', '(31, 14)', '(12, 10)', '(3, 7)', '(14, 16)', '(3, 16)', '(32, 6)', '(8, 6)', '(24, 2)', '(13, 2)', '(33, 14)', '(24, 11)', '(10, 12)', '(1, 9)', '(16, 16)', '(29, 1)', '(29, 10)', '(6, 8)', '(34, 6)', '(31, 16)', '(20, 16)', '(23, 12)', '(12, 12)', '(4, 8)', '(27, 3)', '(27, 12)', '(30, 8)', '(8, 8)', '(33, 16)', '(1, 11)', '(10, 14)', '(6, 10)', '(20, 9)', '(14, 2)', '(12, 14)', '(14, 11)', '(4, 10)', '(27, 5)', '(32, 1)', '(30, 1)', '(27, 14)', '(17, 13)', '(30, 10)', '(8, 10)', '(1, 4)', '(11, 6)', '(16, 2)', '(10, 16)', '(1, 13)', '(25, 14)', '(20, 2)', '(6, 12)', '(20, 11)', '(23, 16)', '(12, 16)', '(4, 12)', '(27, 7)', '(30, 3)', '(27, 16)', '(30, 12)', '(19, 12)', '(8, 12)', '(11, 8)', '(2, 5)', '(16, 4)', '(25, 16)', '(15, 8)', '(6, 5)', '(31, 4)', '(29, 16)', '(6, 14)', '(21, 12)', '(23, 9)', '(4, 5)', '(4, 14)', '(34, 15)', '(27, 9)', '(17, 8)', '(30, 5)', '(33, 4)', '(30, 14)', '(10, 11)', '(8, 14)', '(11, 10)', '(25, 9)', '(32, 8)', '(2, 7)', '(2, 16)', '(15, 10)', '(31, 6)', '(7, 6)', '(23, 2)', '(6, 16)', '(12, 2)', '(12, 11)', '(4, 7)', '(34, 8)', '(27, 2)', '(4, 16)', '(28, 1)', '(27, 11)', '(17, 10)', '(9, 6)', '(25, 2)', '(30, 16)', '(19, 16)', '(8, 16)', '(10, 13)', '(32, 10)', '(15, 3)', '(15, 12)', '(6, 9)', '(7, 8)']",57,0,57
226,"(18, 4)","(17, 4)",East,"[('(19, 4)', 'East', 1), ('(17, 4)', 'West', 1)]","['(1, 3)', '(10, 2)', '(18, 4)']","['(19, 4)', '(1, 3)', '(10, 2)']","['(21, 16)', '(34, 1)', '(4, 9)', '(34, 10)', '(27, 4)', '(27, 13)', '(17, 12)', '(30, 9)', '(10, 6)', '(8, 9)', '(32, 12)', '(13, 8)', '(1, 15)', '(26, 14)', '(15, 14)', '(6, 11)', '(21, 9)', '(34, 3)', '(34, 12)', '(27, 6)', '(19, 2)', '(17, 14)', '(19, 11)', '(8, 11)', '(11, 7)', '(11, 16)', '(32, 14)', '(1, 8)', '(29, 6)', '(21, 2)', '(26, 16)', '(15, 16)', '(6, 13)', '(18, 12)', '(34, 14)', '(22, 12)', '(27, 8)', '(14, 8)', '(5, 5)', '(30, 4)', '(28, 16)', '(30, 13)', '(17, 16)', '(5, 14)', '(33, 6)', '(32, 16)', '(24, 12)', '(13, 12)', '(25, 11)', '(26, 9)', '(16, 8)', '(1, 10)', '(6, 6)', '(31, 8)', '(34, 7)', '(27, 1)', '(34, 16)', '(12, 13)', '(14, 10)', '(17, 9)', '(30, 6)', '(3, 10)', '(11, 2)', '(5, 16)', '(9, 14)', '(33, 8)', '(26, 2)', '(15, 2)', '(13, 14)', '(26, 11)', '(1, 12)', '(16, 10)', '(18, 16)', '(7, 16)', '(31, 1)', '(31, 10)', '(20, 10)', '(17, 2)', '(22, 16)', '(14, 12)', '(4, 11)', '(9, 16)', '(33, 1)', '(33, 10)', '(1, 5)', '(15, 4)', '(24, 16)', '(13, 16)', '(25, 15)', '(16, 12)', '(1, 14)', '(31, 3)', '(34, 2)', '(31, 12)', '(34, 11)', '(20, 12)', '(22, 9)', '(12, 8)', '(3, 5)', '(17, 4)', '(14, 14)', '(4, 13)', '(32, 4)', '(8, 13)', '(33, 12)', '(24, 9)', '(10, 10)', '(1, 7)', '(18, 2)', '(1, 16)', '(16, 14)', '(34, 4)', '(22, 2)', '(31, 14)', '(12, 10)', '(3, 7)', '(14, 16)', '(3, 16)', '(32, 6)', '(8, 6)', '(24, 2)', '(13, 2)', '(33, 14)', '(24, 11)', '(10, 12)', '(1, 9)', '(18, 4)', '(16, 16)', '(29, 1)', '(29, 10)', '(6, 8)', '(34, 6)', '(31, 16)', '(20, 16)', '(23, 12)', '(12, 12)', '(4, 8)', '(27, 3)', '(27, 12)', '(30, 8)', '(8, 8)', '(33, 16)', '(1, 11)', '(10, 14)', '(6, 10)', '(20, 9)', '(14, 2)', '(12, 14)', '(14, 11)', '(4, 10)', '(27, 5)', '(32, 1)', '(30, 1)', '(27, 14)', '(17, 13)', '(30, 10)', '(8, 10)', '(1, 4)', '(11, 6)', '(16, 2)', '(10, 16)', '(1, 13)', '(25, 14)', '(20, 2)', '(6, 12)', '(20, 11)', '(23, 16)', '(12, 16)', '(4, 12)', '(27, 7)', '(30, 3)', '(27, 16)', '(30, 12)', '(19, 12)', '(8, 12)', '(11, 8)', '(2, 5)', '(16, 4)', '(25, 16)', '(15, 8)', '(6, 5)', '(31, 4)', '(29, 16)', '(6, 14)', '(21, 12)', '(23, 9)', '(4, 5)', '(4, 14)', '(34, 15)', '(27, 9)', '(17, 8)', '(30, 5)', '(33, 4)', '(30, 14)', '(10, 11)', '(8, 14)', '(11, 10)', '(25, 9)', '(32, 8)', '(2, 7)', '(2, 16)', '(15, 10)', '(31, 6)', '(7, 6)', '(23, 2)', '(6, 16)', '(12, 2)', '(12, 11)', '(4, 7)', '(34, 8)', '(27, 2)', '(4, 16)', '(28, 1)', '(27, 11)', '(17, 10)', '(9, 6)', '(25, 2)', '(30, 16)', '(19, 16)', '(8, 16)', '(10, 13)', '(32, 10)', '(15, 3)', '(15, 12)', '(6, 9)', '(7, 8)']",58,0,58
227,"(10, 2)","(11, 2)",West,"[('(10, 1)', 'South', 1), ('(11, 2)', 'East', 1)]","['(19, 4)', '(1, 3)', '(10, 2)']","['(10, 1)', '(19, 4)', '(1, 3)']","['(21, 16)', '(34, 1)', '(4, 9)', '(34, 10)', '(27, 4)', '(27, 13)', '(17, 12)', '(30, 9)', '(10, 6)', '(8, 9)', '(32, 12)', '(13, 8)', '(1, 15)', '(26, 14)', '(15, 14)', '(6, 11)', '(21, 9)', '(34, 3)', '(34, 12)', '(27, 6)', '(19, 2)', '(17, 14)', '(19, 11)', '(8, 11)', '(11, 7)', '(11, 16)', '(32, 14)', '(1, 8)', '(29, 6)', '(21, 2)', '(26, 16)', '(15, 16)', '(6, 13)', '(18, 12)', '(34, 14)', '(22, 12)', '(27, 8)', '(14, 8)', '(5, 5)', '(30, 4)', '(28, 16)', '(30, 13)', '(17, 16)', '(5, 14)', '(33, 6)', '(32, 16)', '(24, 12)', '(13, 12)', '(25, 11)', '(26, 9)', '(16, 8)', '(1, 10)', '(6, 6)', '(31, 8)', '(34, 7)', '(27, 1)', '(34, 16)', '(12, 13)', '(14, 10)', '(17, 9)', '(30, 6)', '(3, 10)', '(11, 2)', '(5, 16)', '(9, 14)', '(33, 8)', '(26, 2)', '(15, 2)', '(13, 14)', '(26, 11)', '(1, 12)', '(16, 10)', '(18, 16)', '(7, 16)', '(31, 1)', '(31, 10)', '(20, 10)', '(17, 2)', '(22, 16)', '(14, 12)', '(4, 11)', '(9, 16)', '(33, 1)', '(33, 10)', '(1, 5)', '(15, 4)', '(24, 16)', '(13, 16)', '(25, 15)', '(16, 12)', '(1, 14)', '(31, 3)', '(34, 2)', '(31, 12)', '(34, 11)', '(20, 12)', '(22, 9)', '(12, 8)', '(3, 5)', '(17, 4)', '(14, 14)', '(4, 13)', '(32, 4)', '(8, 13)', '(33, 12)', '(24, 9)', '(10, 10)', '(1, 7)', '(18, 2)', '(1, 16)', '(16, 14)', '(34, 4)', '(22, 2)', '(31, 14)', '(12, 10)', '(3, 7)', '(14, 16)', '(3, 16)', '(32, 6)', '(8, 6)', '(24, 2)', '(13, 2)', '(33, 14)', '(24, 11)', '(10, 12)', '(1, 9)', '(18, 4)', '(16, 16)', '(29, 1)', '(29, 10)', '(6, 8)', '(34, 6)', '(31, 16)', '(20, 16)', '(23, 12)', '(12, 12)', '(4, 8)', '(27, 3)', '(27, 12)', '(30, 8)', '(8, 8)', '(33, 16)', '(1, 11)', '(10, 14)', '(6, 10)', '(20, 9)', '(14, 2)', '(12, 14)', '(14, 11)', '(4, 10)', '(27, 5)', '(32, 1)', '(30, 1)', '(27, 14)', '(17, 13)', '(30, 10)', '(8, 10)', '(1, 4)', '(11, 6)', '(16, 2)', '(10, 16)', '(1, 13)', '(25, 14)', '(20, 2)', '(6, 12)', '(20, 11)', '(23, 16)', '(12, 16)', '(4, 12)', '(27, 7)', '(30, 3)', '(27, 16)', '(30, 12)', '(19, 12)', '(8, 12)', '(11, 8)', '(2, 5)', '(16, 4)', '(25, 16)', '(15, 8)', '(6, 5)', '(31, 4)', '(29, 16)', '(6, 14)', '(21, 12)', '(23, 9)', '(4, 5)', '(4, 14)', '(34, 15)', '(27, 9)', '(17, 8)', '(30, 5)', '(33, 4)', '(10, 2)', '(30, 14)', '(10, 11)', '(8, 14)', '(11, 10)', '(25, 9)', '(32, 8)', '(2, 7)', '(2, 16)', '(15, 10)', '(31, 6)', '(7, 6)', '(23, 2)', '(6, 16)', '(12, 2)', '(12, 11)', '(4, 7)', '(34, 8)', '(27, 2)', '(4, 16)', '(28, 1)', '(27, 11)', '(17, 10)', '(9, 6)', '(25, 2)', '(30, 16)', '(19, 16)', '(8, 16)', '(10, 13)', '(32, 10)', '(15, 3)', '(15, 12)', '(6, 9)', '(7, 8)']",58,0,58
228,"(1, 3)","(1, 4)",South,"[('(1, 4)', 'North', 1), ('(2, 3)', 'East', 1)]","['(10, 1)', '(19, 4)', '(1, 3)']","['(2, 3)', '(10, 1)', '(19, 4)']","['(21, 16)', '(34, 1)', '(4, 9)', '(34, 10)', '(27, 4)', '(27, 13)', '(17, 12)', '(30, 9)', '(10, 6)', '(8, 9)', '(32, 12)', '(13, 8)', '(1, 15)', '(26, 14)', '(15, 14)', '(6, 11)', '(21, 9)', '(34, 3)', '(34, 12)', '(27, 6)', '(19, 2)', '(17, 14)', '(19, 11)', '(8, 11)', '(11, 7)', '(11, 16)', '(32, 14)', '(1, 8)', '(29, 6)', '(21, 2)', '(26, 16)', '(15, 16)', '(6, 13)', '(18, 12)', '(34, 14)', '(22, 12)', '(27, 8)', '(14, 8)', '(5, 5)', '(30, 4)', '(28, 16)', '(30, 13)', '(17, 16)', '(5, 14)', '(33, 6)', '(32, 16)', '(24, 12)', '(13, 12)', '(25, 11)', '(26, 9)', '(16, 8)', '(1, 10)', '(6, 6)', '(31, 8)', '(34, 7)', '(27, 1)', '(34, 16)', '(12, 13)', '(14, 10)', '(17, 9)', '(30, 6)', '(3, 10)', '(11, 2)', '(5, 16)', '(9, 14)', '(33, 8)', '(1, 3)', '(26, 2)', '(15, 2)', '(13, 14)', '(26, 11)', '(1, 12)', '(16, 10)', '(18, 16)', '(7, 16)', '(31, 1)', '(31, 10)', '(20, 10)', '(17, 2)', '(22, 16)', '(14, 12)', '(4, 11)', '(9, 16)', '(33, 1)', '(33, 10)', '(1, 5)', '(15, 4)', '(24, 16)', '(13, 16)', '(25, 15)', '(16, 12)', '(1, 14)', '(31, 3)', '(34, 2)', '(31, 12)', '(34, 11)', '(20, 12)', '(22, 9)', '(12, 8)', '(3, 5)', '(17, 4)', '(14, 14)', '(4, 13)', '(32, 4)', '(8, 13)', '(33, 12)', '(24, 9)', '(10, 10)', '(1, 7)', '(18, 2)', '(1, 16)', '(16, 14)', '(34, 4)', '(22, 2)', '(31, 14)', '(12, 10)', '(3, 7)', '(14, 16)', '(3, 16)', '(32, 6)', '(8, 6)', '(24, 2)', '(13, 2)', '(33, 14)', '(24, 11)', '(10, 12)', '(1, 9)', '(18, 4)', '(16, 16)', '(29, 1)', '(29, 10)', '(6, 8)', '(34, 6)', '(31, 16)', '(20, 16)', '(23, 12)', '(12, 12)', '(4, 8)', '(27, 3)', '(27, 12)', '(30, 8)', '(8, 8)', '(33, 16)', '(1, 11)', '(10, 14)', '(6, 10)', '(20, 9)', '(14, 2)', '(12, 14)', '(14, 11)', '(4, 10)', '(27, 5)', '(32, 1)', '(30, 1)', '(27, 14)', '(17, 13)', '(30, 10)', '(8, 10)', '(1, 4)', '(11, 6)', '(16, 2)', '(10, 16)', '(1, 13)', '(25, 14)', '(20, 2)', '(6, 12)', '(20, 11)', '(23, 16)', '(12, 16)', '(4, 12)', '(27, 7)', '(30, 3)', '(27, 16)', '(30, 12)', '(19, 12)', '(8, 12)', '(11, 8)', '(2, 5)', '(16, 4)', '(25, 16)', '(15, 8)', '(6, 5)', '(31, 4)', '(29, 16)', '(6, 14)', '(21, 12)', '(23, 9)', '(4, 5)', '(4, 14)', '(34, 15)', '(27, 9)', '(17, 8)', '(30, 5)', '(33, 4)', '(10, 2)', '(30, 14)', '(10, 11)', '(8, 14)', '(11, 10)', '(25, 9)', '(32, 8)', '(2, 7)', '(2, 16)', '(15, 10)', '(31, 6)', '(7, 6)', '(23, 2)', '(6, 16)', '(12, 2)', '(12, 11)', '(4, 7)', '(34, 8)', '(27, 2)', '(4, 16)', '(28, 1)', '(27, 11)', '(17, 10)', '(9, 6)', '(25, 2)', '(30, 16)', '(19, 16)', '(8, 16)', '(10, 13)', '(32, 10)', '(15, 3)', '(15, 12)', '(6, 9)', '(7, 8)']",58,0,58
229,"(19, 4)","(18, 4)",East,"[('(19, 5)', 'North', 1), ('(20, 4)', 'East', 1), ('(18, 4)', 'West', 1)]","['(2, 3)', '(10, 1)', '(19, 4)']","['(20, 4)', '(19, 5)', '(2, 3)', '(10, 1)']","['(21, 16)', '(34, 1)', '(4, 9)', '(34, 10)', '(27, 4)', '(27, 13)', '(17, 12)', '(30, 9)', '(10, 6)', '(8, 9)', '(32, 12)', '(13, 8)', '(1, 15)', '(26, 14)', '(15, 14)', '(6, 11)', '(21, 9)', '(34, 3)', '(34, 12)', '(27, 6)', '(19, 2)', '(17, 14)', '(19, 11)', '(8, 11)', '(11, 7)', '(11, 16)', '(32, 14)', '(1, 8)', '(29, 6)', '(21, 2)', '(26, 16)', '(15, 16)', '(6, 13)', '(18, 12)', '(34, 14)', '(22, 12)', '(27, 8)', '(14, 8)', '(5, 5)', '(30, 4)', '(19, 4)', '(28, 16)', '(30, 13)', '(17, 16)', '(5, 14)', '(33, 6)', '(32, 16)', '(24, 12)', '(13, 12)', '(25, 11)', '(26, 9)', '(16, 8)', '(1, 10)', '(6, 6)', '(31, 8)', '(34, 7)', '(27, 1)', '(34, 16)', '(12, 13)', '(14, 10)', '(17, 9)', '(30, 6)', '(3, 10)', '(11, 2)', '(5, 16)', '(9, 14)', '(33, 8)', '(1, 3)', '(26, 2)', '(15, 2)', '(13, 14)', '(26, 11)', '(1, 12)', '(16, 10)', '(18, 16)', '(7, 16)', '(31, 1)', '(31, 10)', '(20, 10)', '(17, 2)', '(22, 16)', '(14, 12)', '(4, 11)', '(9, 16)', '(33, 1)', '(33, 10)', '(1, 5)', '(15, 4)', '(24, 16)', '(13, 16)', '(25, 15)', '(16, 12)', '(1, 14)', '(31, 3)', '(34, 2)', '(31, 12)', '(34, 11)', '(20, 12)', '(22, 9)', '(12, 8)', '(3, 5)', '(17, 4)', '(14, 14)', '(4, 13)', '(32, 4)', '(8, 13)', '(33, 12)', '(24, 9)', '(10, 10)', '(1, 7)', '(18, 2)', '(1, 16)', '(16, 14)', '(34, 4)', '(22, 2)', '(31, 14)', '(12, 10)', '(3, 7)', '(14, 16)', '(3, 16)', '(32, 6)', '(8, 6)', '(24, 2)', '(13, 2)', '(33, 14)', '(24, 11)', '(10, 12)', '(1, 9)', '(18, 4)', '(16, 16)', '(29, 1)', '(29, 10)', '(6, 8)', '(34, 6)', '(31, 16)', '(20, 16)', '(23, 12)', '(12, 12)', '(4, 8)', '(27, 3)', '(27, 12)', '(30, 8)', '(8, 8)', '(33, 16)', '(1, 11)', '(10, 14)', '(6, 10)', '(20, 9)', '(14, 2)', '(12, 14)', '(14, 11)', '(4, 10)', '(27, 5)', '(32, 1)', '(30, 1)', '(27, 14)', '(17, 13)', '(30, 10)', '(8, 10)', '(1, 4)', '(11, 6)', '(16, 2)', '(10, 16)', '(1, 13)', '(25, 14)', '(20, 2)', '(6, 12)', '(20, 11)', '(23, 16)', '(12, 16)', '(4, 12)', '(27, 7)', '(30, 3)', '(27, 16)', '(30, 12)', '(19, 12)', '(8, 12)', '(11, 8)', '(2, 5)', '(16, 4)', '(25, 16)', '(15, 8)', '(6, 5)', '(31, 4)', '(29, 16)', '(6, 14)', '(21, 12)', '(23, 9)', '(4, 5)', '(4, 14)', '(34, 15)', '(27, 9)', '(17, 8)', '(30, 5)', '(33, 4)', '(10, 2)', '(30, 14)', '(10, 11)', '(8, 14)', '(11, 10)', '(25, 9)', '(32, 8)', '(2, 7)', '(2, 16)', '(15, 10)', '(31, 6)', '(7, 6)', '(23, 2)', '(6, 16)', '(12, 2)', '(12, 11)', '(4, 7)', '(34, 8)', '(27, 2)', '(4, 16)', '(28, 1)', '(27, 11)', '(17, 10)', '(9, 6)', '(25, 2)', '(30, 16)', '(19, 16)', '(8, 16)', '(10, 13)', '(32, 10)', '(15, 3)', '(15, 12)', '(6, 9)', '(7, 8)']",59,0,59
230,"(10, 1)","(10, 2)",South,"[('(10, 2)', 'North', 1), ('(9, 1)', 'West', 1)]","['(20, 4)', '(19, 5)', '(2, 3)', '(10, 1)']","['(9, 1)', '(20, 4)', '(19, 5)', '(2, 3)']","['(21, 16)', '(34, 1)', '(4, 9)', '(34, 10)', '(27, 4)', '(27, 13)', '(17, 12)', '(30, 9)', '(10, 6)', '(8, 9)', '(32, 12)', '(13, 8)', '(1, 15)', '(26, 14)', '(15, 14)', '(6, 11)', '(21, 9)', '(34, 3)', '(34, 12)', '(27, 6)', '(19, 2)', '(17, 14)', '(19, 11)', '(8, 11)', '(11, 7)', '(11, 16)', '(32, 14)', '(1, 8)', '(29, 6)', '(21, 2)', '(26, 16)', '(15, 16)', '(6, 13)', '(18, 12)', '(34, 14)', '(22, 12)', '(27, 8)', '(14, 8)', '(5, 5)', '(30, 4)', '(19, 4)', '(28, 16)', '(30, 13)', '(17, 16)', '(5, 14)', '(33, 6)', '(32, 16)', '(24, 12)', '(13, 12)', '(25, 11)', '(26, 9)', '(16, 8)', '(1, 10)', '(6, 6)', '(31, 8)', '(34, 7)', '(27, 1)', '(34, 16)', '(12, 13)', '(14, 10)', '(17, 9)', '(30, 6)', '(3, 10)', '(11, 2)', '(5, 16)', '(9, 14)', '(33, 8)', '(1, 3)', '(26, 2)', '(15, 2)', '(13, 14)', '(26, 11)', '(1, 12)', '(16, 10)', '(18, 16)', '(7, 16)', '(31, 1)', '(31, 10)', '(20, 10)', '(17, 2)', '(22, 16)', '(14, 12)', '(4, 11)', '(9, 16)', '(33, 1)', '(33, 10)', '(1, 5)', '(15, 4)', '(24, 16)', '(13, 16)', '(25, 15)', '(16, 12)', '(1, 14)', '(31, 3)', '(34, 2)', '(31, 12)', '(34, 11)', '(20, 12)', '(22, 9)', '(12, 8)', '(3, 5)', '(17, 4)', '(14, 14)', '(4, 13)', '(32, 4)', '(10, 1)', '(8, 13)', '(33, 12)', '(24, 9)', '(10, 10)', '(1, 7)', '(18, 2)', '(1, 16)', '(16, 14)', '(34, 4)', '(22, 2)', '(31, 14)', '(12, 10)', '(3, 7)', '(14, 16)', '(3, 16)', '(32, 6)', '(8, 6)', '(24, 2)', '(13, 2)', '(33, 14)', '(24, 11)', '(10, 12)', '(1, 9)', '(18, 4)', '(16, 16)', '(29, 1)', '(29, 10)', '(6, 8)', '(34, 6)', '(31, 16)', '(20, 16)', '(23, 12)', '(12, 12)', '(4, 8)', '(27, 3)', '(27, 12)', '(30, 8)', '(8, 8)', '(33, 16)', '(1, 11)', '(10, 14)', '(6, 10)', '(20, 9)', '(14, 2)', '(12, 14)', '(14, 11)', '(4, 10)', '(27, 5)', '(32, 1)', '(30, 1)', '(27, 14)', '(17, 13)', '(30, 10)', '(8, 10)', '(1, 4)', '(11, 6)', '(16, 2)', '(10, 16)', '(1, 13)', '(25, 14)', '(20, 2)', '(6, 12)', '(20, 11)', '(23, 16)', '(12, 16)', '(4, 12)', '(27, 7)', '(30, 3)', '(27, 16)', '(30, 12)', '(19, 12)', '(8, 12)', '(11, 8)', '(2, 5)', '(16, 4)', '(25, 16)', '(15, 8)', '(6, 5)', '(31, 4)', '(29, 16)', '(6, 14)', '(21, 12)', '(23, 9)', '(4, 5)', '(4, 14)', '(34, 15)', '(27, 9)', '(17, 8)', '(30, 5)', '(33, 4)', '(10, 2)', '(30, 14)', '(10, 11)', '(8, 14)', '(11, 10)', '(25, 9)', '(32, 8)', '(2, 7)', '(2, 16)', '(15, 10)', '(31, 6)', '(7, 6)', '(23, 2)', '(6, 16)', '(12, 2)', '(12, 11)', '(4, 7)', '(34, 8)', '(27, 2)', '(4, 16)', '(28, 1)', '(27, 11)', '(17, 10)', '(9, 6)', '(25, 2)', '(30, 16)', '(19, 16)', '(8, 16)', '(10, 13)', '(32, 10)', '(15, 3)', '(15, 12)', '(6, 9)', '(7, 8)']",59,0,59
231,"(2, 3)","(1, 3)",East,"[('(3, 3)', 'East', 1), ('(1, 3)', 'West', 1)]","['(9, 1)', '(20, 4)', '(19, 5)', '(2, 3)']","['(3, 3)', '(9, 1)', '(20, 4)', '(19, 5)']","['(21, 16)', '(34, 1)', '(4, 9)', '(34, 10)', '(27, 4)', '(27, 13)', '(17, 12)', '(30, 9)', '(10, 6)', '(8, 9)', '(32, 12)', '(13, 8)', '(1, 15)', '(26, 14)', '(15, 14)', '(6, 11)', '(21, 9)', '(34, 3)', '(34, 12)', '(27, 6)', '(19, 2)', '(17, 14)', '(19, 11)', '(8, 11)', '(11, 7)', '(11, 16)', '(32, 14)', '(1, 8)', '(29, 6)', '(21, 2)', '(26, 16)', '(15, 16)', '(6, 13)', '(18, 12)', '(34, 14)', '(22, 12)', '(27, 8)', '(14, 8)', '(5, 5)', '(30, 4)', '(19, 4)', '(28, 16)', '(30, 13)', '(17, 16)', '(5, 14)', '(33, 6)', '(32, 16)', '(24, 12)', '(13, 12)', '(25, 11)', '(26, 9)', '(16, 8)', '(1, 10)', '(6, 6)', '(31, 8)', '(34, 7)', '(27, 1)', '(34, 16)', '(12, 13)', '(14, 10)', '(17, 9)', '(30, 6)', '(3, 10)', '(11, 2)', '(5, 16)', '(9, 14)', '(33, 8)', '(1, 3)', '(26, 2)', '(15, 2)', '(13, 14)', '(26, 11)', '(1, 12)', '(16, 10)', '(18, 16)', '(7, 16)', '(31, 1)', '(31, 10)', '(20, 10)', '(17, 2)', '(22, 16)', '(14, 12)', '(4, 11)', '(9, 16)', '(33, 1)', '(33, 10)', '(1, 5)', '(15, 4)', '(24, 16)', '(13, 16)', '(25, 15)', '(16, 12)', '(1, 14)', '(31, 3)', '(34, 2)', '(31, 12)', '(34, 11)', '(20, 12)', '(22, 9)', '(12, 8)', '(3, 5)', '(17, 4)', '(14, 14)', '(4, 13)', '(32, 4)', '(10, 1)', '(8, 13)', '(33, 12)', '(24, 9)', '(10, 10)', '(1, 7)', '(18, 2)', '(1, 16)', '(16, 14)', '(34, 4)', '(22, 2)', '(31, 14)', '(12, 10)', '(3, 7)', '(14, 16)', '(3, 16)', '(32, 6)', '(8, 6)', '(24, 2)', '(13, 2)', '(33, 14)', '(24, 11)', '(10, 12)', '(1, 9)', '(18, 4)', '(16, 16)', '(29, 1)', '(29, 10)', '(6, 8)', '(34, 6)', '(31, 16)', '(20, 16)', '(23, 12)', '(12, 12)', '(4, 8)', '(27, 3)', '(27, 12)', '(30, 8)', '(8, 8)', '(33, 16)', '(1, 11)', '(10, 14)', '(6, 10)', '(20, 9)', '(14, 2)', '(12, 14)', '(14, 11)', '(4, 10)', '(27, 5)', '(32, 1)', '(30, 1)', '(27, 14)', '(17, 13)', '(30, 10)', '(8, 10)', '(1, 4)', '(11, 6)', '(2, 3)', '(16, 2)', '(10, 16)', '(1, 13)', '(25, 14)', '(20, 2)', '(6, 12)', '(20, 11)', '(23, 16)', '(12, 16)', '(4, 12)', '(27, 7)', '(30, 3)', '(27, 16)', '(30, 12)', '(19, 12)', '(8, 12)', '(11, 8)', '(2, 5)', '(16, 4)', '(25, 16)', '(15, 8)', '(6, 5)', '(31, 4)', '(29, 16)', '(6, 14)', '(21, 12)', '(23, 9)', '(4, 5)', '(4, 14)', '(34, 15)', '(27, 9)', '(17, 8)', '(30, 5)', '(33, 4)', '(10, 2)', '(30, 14)', '(10, 11)', '(8, 14)', '(11, 10)', '(25, 9)', '(32, 8)', '(2, 7)', '(2, 16)', '(15, 10)', '(31, 6)', '(7, 6)', '(23, 2)', '(6, 16)', '(12, 2)', '(12, 11)', '(4, 7)', '(34, 8)', '(27, 2)', '(4, 16)', '(28, 1)', '(27, 11)', '(17, 10)', '(9, 6)', '(25, 2)', '(30, 16)', '(19, 16)', '(8, 16)', '(10, 13)', '(32, 10)', '(15, 3)', '(15, 12)', '(6, 9)', '(7, 8)']",59,0,59
232,"(19, 5)","(19, 4)",North,"[('(19, 6)', 'North', 1), ('(19, 4)', 'South', 1)]","['(3, 3)', '(9, 1)', '(20, 4)', '(19, 5)']","['(19, 6)', '(3, 3)', '(9, 1)', '(20, 4)']","['(21, 16)', '(34, 1)', '(4, 9)', '(34, 10)', '(27, 4)', '(27, 13)', '(17, 12)', '(30, 9)', '(10, 6)', '(8, 9)', '(32, 12)', '(13, 8)', '(1, 15)', '(26, 14)', '(15, 14)', '(6, 11)', '(21, 9)', '(34, 3)', '(34, 12)', '(27, 6)', '(19, 2)', '(17, 14)', '(19, 11)', '(8, 11)', '(11, 7)', '(11, 16)', '(32, 14)', '(1, 8)', '(29, 6)', '(21, 2)', '(26, 16)', '(15, 16)', '(6, 13)', '(18, 12)', '(34, 14)', '(22, 12)', '(27, 8)', '(14, 8)', '(5, 5)', '(30, 4)', '(19, 4)', '(28, 16)', '(30, 13)', '(17, 16)', '(5, 14)', '(33, 6)', '(32, 16)', '(24, 12)', '(13, 12)', '(25, 11)', '(26, 9)', '(16, 8)', '(1, 10)', '(6, 6)', '(31, 8)', '(34, 7)', '(27, 1)', '(34, 16)', '(12, 13)', '(14, 10)', '(17, 9)', '(30, 6)', '(3, 10)', '(11, 2)', '(5, 16)', '(9, 14)', '(33, 8)', '(1, 3)', '(26, 2)', '(15, 2)', '(13, 14)', '(26, 11)', '(1, 12)', '(16, 10)', '(18, 16)', '(7, 16)', '(31, 1)', '(31, 10)', '(20, 10)', '(17, 2)', '(22, 16)', '(14, 12)', '(4, 11)', '(9, 16)', '(33, 1)', '(33, 10)', '(1, 5)', '(15, 4)', '(24, 16)', '(13, 16)', '(25, 15)', '(16, 12)', '(1, 14)', '(31, 3)', '(34, 2)', '(31, 12)', '(34, 11)', '(20, 12)', '(22, 9)', '(12, 8)', '(3, 5)', '(17, 4)', '(14, 14)', '(4, 13)', '(32, 4)', '(10, 1)', '(8, 13)', '(33, 12)', '(24, 9)', '(10, 10)', '(1, 7)', '(18, 2)', '(1, 16)', '(16, 14)', '(34, 4)', '(22, 2)', '(31, 14)', '(12, 10)', '(3, 7)', '(14, 16)', '(3, 16)', '(32, 6)', '(8, 6)', '(24, 2)', '(13, 2)', '(33, 14)', '(24, 11)', '(10, 12)', '(1, 9)', '(18, 4)', '(16, 16)', '(29, 1)', '(29, 10)', '(6, 8)', '(34, 6)', '(31, 16)', '(20, 16)', '(23, 12)', '(12, 12)', '(4, 8)', '(27, 3)', '(27, 12)', '(30, 8)', '(8, 8)', '(33, 16)', '(1, 11)', '(10, 14)', '(6, 10)', '(20, 9)', '(14, 2)', '(12, 14)', '(14, 11)', '(4, 10)', '(27, 5)', '(32, 1)', '(30, 1)', '(27, 14)', '(17, 13)', '(30, 10)', '(8, 10)', '(1, 4)', '(11, 6)', '(2, 3)', '(16, 2)', '(10, 16)', '(1, 13)', '(25, 14)', '(20, 2)', '(6, 12)', '(20, 11)', '(23, 16)', '(12, 16)', '(4, 12)', '(27, 7)', '(30, 3)', '(27, 16)', '(30, 12)', '(19, 12)', '(8, 12)', '(11, 8)', '(2, 5)', '(16, 4)', '(25, 16)', '(15, 8)', '(6, 5)', '(31, 4)', '(29, 16)', '(6, 14)', '(21, 12)', '(23, 9)', '(4, 5)', '(4, 14)', '(34, 15)', '(27, 9)', '(17, 8)', '(30, 5)', '(33, 4)', '(10, 2)', '(19, 5)', '(30, 14)', '(10, 11)', '(8, 14)', '(11, 10)', '(25, 9)', '(32, 8)', '(2, 7)', '(2, 16)', '(15, 10)', '(31, 6)', '(7, 6)', '(23, 2)', '(6, 16)', '(12, 2)', '(12, 11)', '(4, 7)', '(34, 8)', '(27, 2)', '(4, 16)', '(28, 1)', '(27, 11)', '(17, 10)', '(9, 6)', '(25, 2)', '(30, 16)', '(19, 16)', '(8, 16)', '(10, 13)', '(32, 10)', '(15, 3)', '(15, 12)', '(6, 9)', '(7, 8)']",60,0,60
233,"(20, 4)","(19, 4)",East,"[('(21, 4)', 'East', 1), ('(19, 4)', 'West', 1)]","['(19, 6)', '(3, 3)', '(9, 1)', '(20, 4)']","['(21, 4)', '(19, 6)', '(3, 3)', '(9, 1)']","['(21, 16)', '(34, 1)', '(4, 9)', '(34, 10)', '(27, 4)', '(27, 13)', '(17, 12)', '(30, 9)', '(10, 6)', '(8, 9)', '(32, 12)', '(13, 8)', '(1, 15)', '(26, 14)', '(15, 14)', '(6, 11)', '(21, 9)', '(34, 3)', '(34, 12)', '(27, 6)', '(19, 2)', '(17, 14)', '(19, 11)', '(8, 11)', '(11, 7)', '(11, 16)', '(32, 14)', '(1, 8)', '(29, 6)', '(21, 2)', '(26, 16)', '(15, 16)', '(6, 13)', '(18, 12)', '(34, 14)', '(22, 12)', '(27, 8)', '(14, 8)', '(5, 5)', '(30, 4)', '(19, 4)', '(28, 16)', '(30, 13)', '(17, 16)', '(5, 14)', '(33, 6)', '(32, 16)', '(24, 12)', '(13, 12)', '(25, 11)', '(26, 9)', '(16, 8)', '(1, 10)', '(6, 6)', '(31, 8)', '(34, 7)', '(27, 1)', '(34, 16)', '(12, 13)', '(14, 10)', '(17, 9)', '(30, 6)', '(3, 10)', '(11, 2)', '(5, 16)', '(9, 14)', '(33, 8)', '(1, 3)', '(26, 2)', '(15, 2)', '(13, 14)', '(26, 11)', '(1, 12)', '(16, 10)', '(18, 16)', '(7, 16)', '(31, 1)', '(31, 10)', '(20, 10)', '(17, 2)', '(22, 16)', '(14, 12)', '(4, 11)', '(9, 16)', '(33, 1)', '(33, 10)', '(1, 5)', '(15, 4)', '(24, 16)', '(13, 16)', '(25, 15)', '(16, 12)', '(1, 14)', '(31, 3)', '(34, 2)', '(31, 12)', '(34, 11)', '(20, 12)', '(22, 9)', '(12, 8)', '(3, 5)', '(17, 4)', '(14, 14)', '(4, 13)', '(32, 4)', '(10, 1)', '(8, 13)', '(33, 12)', '(24, 9)', '(10, 10)', '(1, 7)', '(18, 2)', '(1, 16)', '(16, 14)', '(34, 4)', '(22, 2)', '(31, 14)', '(12, 10)', '(3, 7)', '(14, 16)', '(3, 16)', '(32, 6)', '(8, 6)', '(24, 2)', '(13, 2)', '(33, 14)', '(24, 11)', '(10, 12)', '(1, 9)', '(18, 4)', '(16, 16)', '(29, 1)', '(29, 10)', '(6, 8)', '(34, 6)', '(31, 16)', '(20, 16)', '(23, 12)', '(12, 12)', '(4, 8)', '(27, 3)', '(27, 12)', '(30, 8)', '(8, 8)', '(33, 16)', '(1, 11)', '(10, 14)', '(6, 10)', '(20, 9)', '(14, 2)', '(12, 14)', '(14, 11)', '(4, 10)', '(27, 5)', '(32, 1)', '(30, 1)', '(27, 14)', '(17, 13)', '(30, 10)', '(8, 10)', '(1, 4)', '(11, 6)', '(2, 3)', '(16, 2)', '(10, 16)', '(1, 13)', '(25, 14)', '(20, 2)', '(6, 12)', '(20, 11)', '(23, 16)', '(12, 16)', '(4, 12)', '(27, 7)', '(30, 3)', '(27, 16)', '(30, 12)', '(19, 12)', '(8, 12)', '(11, 8)', '(2, 5)', '(16, 4)', '(25, 16)', '(15, 8)', '(6, 5)', '(31, 4)', '(20, 4)', '(29, 16)', '(6, 14)', '(21, 12)', '(23, 9)', '(4, 5)', '(4, 14)', '(34, 15)', '(27, 9)', '(17, 8)', '(30, 5)', '(33, 4)', '(10, 2)', '(19, 5)', '(30, 14)', '(10, 11)', '(8, 14)', '(11, 10)', '(25, 9)', '(32, 8)', '(2, 7)', '(2, 16)', '(15, 10)', '(31, 6)', '(7, 6)', '(23, 2)', '(6, 16)', '(12, 2)', '(12, 11)', '(4, 7)', '(34, 8)', '(27, 2)', '(4, 16)', '(28, 1)', '(27, 11)', '(17, 10)', '(9, 6)', '(25, 2)', '(30, 16)', '(19, 16)', '(8, 16)', '(10, 13)', '(32, 10)', '(15, 3)', '(15, 12)', '(6, 9)', '(7, 8)']",60,0,60
234,"(9, 1)","(10, 1)",West,"[('(10, 1)', 'East', 1), ('(8, 1)', 'West', 1)]","['(21, 4)', '(19, 6)', '(3, 3)', '(9, 1)']","['(8, 1)', '(21, 4)', '(19, 6)', '(3, 3)']","['(21, 16)', '(34, 1)', '(4, 9)', '(34, 10)', '(27, 4)', '(27, 13)', '(17, 12)', '(30, 9)', '(10, 6)', '(8, 9)', '(32, 12)', '(13, 8)', '(1, 15)', '(26, 14)', '(15, 14)', '(6, 11)', '(21, 9)', '(34, 3)', '(34, 12)', '(27, 6)', '(19, 2)', '(9, 1)', '(17, 14)', '(19, 11)', '(8, 11)', '(11, 7)', '(11, 16)', '(32, 14)', '(1, 8)', '(29, 6)', '(21, 2)', '(26, 16)', '(15, 16)', '(6, 13)', '(18, 12)', '(34, 14)', '(22, 12)', '(27, 8)', '(14, 8)', '(5, 5)', '(30, 4)', '(19, 4)', '(28, 16)', '(30, 13)', '(17, 16)', '(5, 14)', '(33, 6)', '(32, 16)', '(24, 12)', '(13, 12)', '(25, 11)', '(26, 9)', '(16, 8)', '(1, 10)', '(6, 6)', '(31, 8)', '(34, 7)', '(27, 1)', '(34, 16)', '(12, 13)', '(14, 10)', '(17, 9)', '(30, 6)', '(3, 10)', '(11, 2)', '(5, 16)', '(9, 14)', '(33, 8)', '(1, 3)', '(26, 2)', '(15, 2)', '(13, 14)', '(26, 11)', '(1, 12)', '(16, 10)', '(18, 16)', '(7, 16)', '(31, 1)', '(31, 10)', '(20, 10)', '(17, 2)', '(22, 16)', '(14, 12)', '(4, 11)', '(9, 16)', '(33, 1)', '(33, 10)', '(1, 5)', '(15, 4)', '(24, 16)', '(13, 16)', '(25, 15)', '(16, 12)', '(1, 14)', '(31, 3)', '(34, 2)', '(31, 12)', '(34, 11)', '(20, 12)', '(22, 9)', '(12, 8)', '(3, 5)', '(17, 4)', '(14, 14)', '(4, 13)', '(32, 4)', '(10, 1)', '(8, 13)', '(33, 12)', '(24, 9)', '(10, 10)', '(1, 7)', '(18, 2)', '(1, 16)', '(16, 14)', '(34, 4)', '(22, 2)', '(31, 14)', '(12, 10)', '(3, 7)', '(14, 16)', '(3, 16)', '(32, 6)', '(8, 6)', '(24, 2)', '(13, 2)', '(33, 14)', '(24, 11)', '(10, 12)', '(1, 9)', '(18, 4)', '(16, 16)', '(29, 1)', '(29, 10)', '(6, 8)', '(34, 6)', '(31, 16)', '(20, 16)', '(23, 12)', '(12, 12)', '(4, 8)', '(27, 3)', '(27, 12)', '(30, 8)', '(8, 8)', '(33, 16)', '(1, 11)', '(10, 14)', '(6, 10)', '(20, 9)', '(14, 2)', '(12, 14)', '(14, 11)', '(4, 10)', '(27, 5)', '(32, 1)', '(30, 1)', '(27, 14)', '(17, 13)', '(30, 10)', '(8, 10)', '(1, 4)', '(11, 6)', '(2, 3)', '(16, 2)', '(10, 16)', '(1, 13)', '(25, 14)', '(20, 2)', '(6, 12)', '(20, 11)', '(23, 16)', '(12, 16)', '(4, 12)', '(27, 7)', '(30, 3)', '(27, 16)', '(30, 12)', '(19, 12)', '(8, 12)', '(11, 8)', '(2, 5)', '(16, 4)', '(25, 16)', '(15, 8)', '(6, 5)', '(31, 4)', '(20, 4)', '(29, 16)', '(6, 14)', '(21, 12)', '(23, 9)', '(4, 5)', '(4, 14)', '(34, 15)', '(27, 9)', '(17, 8)', '(30, 5)', '(33, 4)', '(10, 2)', '(19, 5)', '(30, 14)', '(10, 11)', '(8, 14)', '(11, 10)', '(25, 9)', '(32, 8)', '(2, 7)', '(2, 16)', '(15, 10)', '(31, 6)', '(7, 6)', '(23, 2)', '(6, 16)', '(12, 2)', '(12, 11)', '(4, 7)', '(34, 8)', '(27, 2)', '(4, 16)', '(28, 1)', '(27, 11)', '(17, 10)', '(9, 6)', '(25, 2)', '(30, 16)', '(19, 16)', '(8, 16)', '(10, 13)', '(32, 10)', '(15, 3)', '(15, 12)', '(6, 9)', '(7, 8)']",60,0,60
235,"(3, 3)","(2, 3)",East,"[('(4, 3)', 'East', 1), ('(2, 3)', 'West', 1)]","['(8, 1)', '(21, 4)', '(19, 6)', '(3, 3)']","['(4, 3)', '(8, 1)', '(21, 4)', '(19, 6)']","['(21, 16)', '(34, 1)', '(4, 9)', '(34, 10)', '(27, 4)', '(27, 13)', '(17, 12)', '(30, 9)', '(10, 6)', '(8, 9)', '(32, 12)', '(13, 8)', '(1, 15)', '(26, 14)', '(15, 14)', '(6, 11)', '(21, 9)', '(34, 3)', '(34, 12)', '(27, 6)', '(19, 2)', '(9, 1)', '(17, 14)', '(19, 11)', '(8, 11)', '(11, 7)', '(11, 16)', '(32, 14)', '(1, 8)', '(29, 6)', '(21, 2)', '(26, 16)', '(15, 16)', '(6, 13)', '(18, 12)', '(34, 14)', '(22, 12)', '(27, 8)', '(14, 8)', '(5, 5)', '(30, 4)', '(19, 4)', '(28, 16)', '(30, 13)', '(17, 16)', '(5, 14)', '(33, 6)', '(32, 16)', '(24, 12)', '(13, 12)', '(25, 11)', '(26, 9)', '(16, 8)', '(1, 10)', '(6, 6)', '(31, 8)', '(34, 7)', '(27, 1)', '(34, 16)', '(12, 13)', '(14, 10)', '(17, 9)', '(30, 6)', '(3, 10)', '(11, 2)', '(5, 16)', '(9, 14)', '(33, 8)', '(1, 3)', '(26, 2)', '(15, 2)', '(13, 14)', '(26, 11)', '(1, 12)', '(16, 10)', '(18, 16)', '(7, 16)', '(31, 1)', '(31, 10)', '(20, 10)', '(3, 3)', '(17, 2)', '(22, 16)', '(14, 12)', '(4, 11)', '(9, 16)', '(33, 1)', '(33, 10)', '(1, 5)', '(15, 4)', '(24, 16)', '(13, 16)', '(25, 15)', '(16, 12)', '(1, 14)', '(31, 3)', '(34, 2)', '(31, 12)', '(34, 11)', '(20, 12)', '(22, 9)', '(12, 8)', '(3, 5)', '(17, 4)', '(14, 14)', '(4, 13)', '(32, 4)', '(10, 1)', '(8, 13)', '(33, 12)', '(24, 9)', '(10, 10)', '(1, 7)', '(18, 2)', '(1, 16)', '(16, 14)', '(34, 4)', '(22, 2)', '(31, 14)', '(12, 10)', '(3, 7)', '(14, 16)', '(3, 16)', '(32, 6)', '(8, 6)', '(24, 2)', '(13, 2)', '(33, 14)', '(24, 11)', '(10, 12)', '(1, 9)', '(18, 4)', '(16, 16)', '(29, 1)', '(29, 10)', '(6, 8)', '(34, 6)', '(31, 16)', '(20, 16)', '(23, 12)', '(12, 12)', '(4, 8)', '(27, 3)', '(27, 12)', '(30, 8)', '(8, 8)', '(33, 16)', '(1, 11)', '(10, 14)', '(6, 10)', '(20, 9)', '(14, 2)', '(12, 14)', '(14, 11)', '(4, 10)', '(27, 5)', '(32, 1)', '(30, 1)', '(27, 14)', '(17, 13)', '(30, 10)', '(8, 10)', '(1, 4)', '(11, 6)', '(2, 3)', '(16, 2)', '(10, 16)', '(1, 13)', '(25, 14)', '(20, 2)', '(6, 12)', '(20, 11)', '(23, 16)', '(12, 16)', '(4, 12)', '(27, 7)', '(30, 3)', '(27, 16)', '(30, 12)', '(19, 12)', '(8, 12)', '(11, 8)', '(2, 5)', '(16, 4)', '(25, 16)', '(15, 8)', '(6, 5)', '(31, 4)', '(20, 4)', '(29, 16)', '(6, 14)', '(21, 12)', '(23, 9)', '(4, 5)', '(4, 14)', '(34, 15)', '(27, 9)', '(17, 8)', '(30, 5)', '(33, 4)', '(10, 2)', '(19, 5)', '(30, 14)', '(10, 11)', '(8, 14)', '(11, 10)', '(25, 9)', '(32, 8)', '(2, 7)', '(2, 16)', '(15, 10)', '(31, 6)', '(7, 6)', '(23, 2)', '(6, 16)', '(12, 2)', '(12, 11)', '(4, 7)', '(34, 8)', '(27, 2)', '(4, 16)', '(28, 1)', '(27, 11)', '(17, 10)', '(9, 6)', '(25, 2)', '(30, 16)', '(19, 16)', '(8, 16)', '(10, 13)', '(32, 10)', '(15, 3)', '(15, 12)', '(6, 9)', '(7, 8)']",60,0,60
236,"(19, 6)","(19, 5)",North,"[('(19, 7)', 'North', 1), ('(19, 5)', 'South', 1), ('(18, 6)', 'West', 1)]","['(4, 3)', '(8, 1)', '(21, 4)', '(19, 6)']","['(18, 6)', '(19, 7)', '(4, 3)', '(8, 1)', '(21, 4)']","['(21, 16)', '(34, 1)', '(4, 9)', '(34, 10)', '(27, 4)', '(27, 13)', '(17, 12)', '(30, 9)', '(10, 6)', '(8, 9)', '(32, 12)', '(13, 8)', '(1, 15)', '(26, 14)', '(15, 14)', '(6, 11)', '(21, 9)', '(34, 3)', '(34, 12)', '(27, 6)', '(19, 2)', '(9, 1)', '(17, 14)', '(19, 11)', '(8, 11)', '(11, 7)', '(11, 16)', '(32, 14)', '(1, 8)', '(29, 6)', '(21, 2)', '(26, 16)', '(15, 16)', '(6, 13)', '(18, 12)', '(34, 14)', '(22, 12)', '(27, 8)', '(14, 8)', '(5, 5)', '(30, 4)', '(19, 4)', '(28, 16)', '(30, 13)', '(17, 16)', '(5, 14)', '(33, 6)', '(32, 16)', '(24, 12)', '(13, 12)', '(25, 11)', '(26, 9)', '(16, 8)', '(1, 10)', '(6, 6)', '(31, 8)', '(34, 7)', '(27, 1)', '(34, 16)', '(12, 13)', '(14, 10)', '(17, 9)', '(30, 6)', '(3, 10)', '(19, 6)', '(11, 2)', '(5, 16)', '(9, 14)', '(33, 8)', '(1, 3)', '(26, 2)', '(15, 2)', '(13, 14)', '(26, 11)', '(1, 12)', '(16, 10)', '(18, 16)', '(7, 16)', '(31, 1)', '(31, 10)', '(20, 10)', '(3, 3)', '(17, 2)', '(22, 16)', '(14, 12)', '(4, 11)', '(9, 16)', '(33, 1)', '(33, 10)', '(1, 5)', '(15, 4)', '(24, 16)', '(13, 16)', '(25, 15)', '(16, 12)', '(1, 14)', '(31, 3)', '(34, 2)', '(31, 12)', '(34, 11)', '(20, 12)', '(22, 9)', '(12, 8)', '(3, 5)', '(17, 4)', '(14, 14)', '(4, 13)', '(32, 4)', '(10, 1)', '(8, 13)', '(33, 12)', '(24, 9)', '(10, 10)', '(1, 7)', '(18, 2)', '(1, 16)', '(16, 14)', '(34, 4)', '(22, 2)', '(31, 14)', '(12, 10)', '(3, 7)', '(14, 16)', '(3, 16)', '(32, 6)', '(8, 6)', '(24, 2)', '(13, 2)', '(33, 14)', '(24, 11)', '(10, 12)', '(1, 9)', '(18, 4)', '(16, 16)', '(29, 1)', '(29, 10)', '(6, 8)', '(34, 6)', '(31, 16)', '(20, 16)', '(23, 12)', '(12, 12)', '(4, 8)', '(27, 3)', '(27, 12)', '(30, 8)', '(8, 8)', '(33, 16)', '(1, 11)', '(10, 14)', '(6, 10)', '(20, 9)', '(14, 2)', '(12, 14)', '(14, 11)', '(4, 10)', '(27, 5)', '(32, 1)', '(30, 1)', '(27, 14)', '(17, 13)', '(30, 10)', '(8, 10)', '(1, 4)', '(11, 6)', '(2, 3)', '(16, 2)', '(10, 16)', '(1, 13)', '(25, 14)', '(20, 2)', '(6, 12)', '(20, 11)', '(23, 16)', '(12, 16)', '(4, 12)', '(27, 7)', '(30, 3)', '(27, 16)', '(30, 12)', '(19, 12)', '(8, 12)', '(11, 8)', '(2, 5)', '(16, 4)', '(25, 16)', '(15, 8)', '(6, 5)', '(31, 4)', '(20, 4)', '(29, 16)', '(6, 14)', '(21, 12)', '(23, 9)', '(4, 5)', '(4, 14)', '(34, 15)', '(27, 9)', '(17, 8)', '(30, 5)', '(33, 4)', '(10, 2)', '(19, 5)', '(30, 14)', '(10, 11)', '(8, 14)', '(11, 10)', '(25, 9)', '(32, 8)', '(2, 7)', '(2, 16)', '(15, 10)', '(31, 6)', '(7, 6)', '(23, 2)', '(6, 16)', '(12, 2)', '(12, 11)', '(4, 7)', '(34, 8)', '(27, 2)', '(4, 16)', '(28, 1)', '(27, 11)', '(17, 10)', '(9, 6)', '(25, 2)', '(30, 16)', '(19, 16)', '(8, 16)', '(10, 13)', '(32, 10)', '(15, 3)', '(15, 12)', '(6, 9)', '(7, 8)']",61,0,61
237,"(21, 4)","(20, 4)",East,"[('(21, 5)', 'North', 1), ('(20, 4)', 'West', 1)]","['(18, 6)', '(19, 7)', '(4, 3)', '(8, 1)', '(21, 4)']","['(21, 5)', '(18, 6)', '(19, 7)', '(4, 3)', '(8, 1)']","['(21, 16)', '(34, 1)', '(4, 9)', '(34, 10)', '(27, 4)', '(27, 13)', '(17, 12)', '(30, 9)', '(10, 6)', '(8, 9)', '(32, 12)', '(13, 8)', '(1, 15)', '(26, 14)', '(15, 14)', '(6, 11)', '(21, 9)', '(34, 3)', '(34, 12)', '(27, 6)', '(19, 2)', '(9, 1)', '(17, 14)', '(19, 11)', '(8, 11)', '(11, 7)', '(11, 16)', '(32, 14)', '(1, 8)', '(29, 6)', '(21, 2)', '(26, 16)', '(15, 16)', '(6, 13)', '(18, 12)', '(34, 14)', '(22, 12)', '(27, 8)', '(14, 8)', '(5, 5)', '(30, 4)', '(19, 4)', '(28, 16)', '(30, 13)', '(17, 16)', '(5, 14)', '(33, 6)', '(32, 16)', '(24, 12)', '(13, 12)', '(25, 11)', '(26, 9)', '(16, 8)', '(1, 10)', '(6, 6)', '(21, 4)', '(31, 8)', '(34, 7)', '(27, 1)', '(34, 16)', '(12, 13)', '(14, 10)', '(17, 9)', '(30, 6)', '(3, 10)', '(19, 6)', '(11, 2)', '(5, 16)', '(9, 14)', '(33, 8)', '(1, 3)', '(26, 2)', '(15, 2)', '(13, 14)', '(26, 11)', '(1, 12)', '(16, 10)', '(18, 16)', '(7, 16)', '(31, 1)', '(31, 10)', '(20, 10)', '(3, 3)', '(17, 2)', '(22, 16)', '(14, 12)', '(4, 11)', '(9, 16)', '(33, 1)', '(33, 10)', '(1, 5)', '(15, 4)', '(24, 16)', '(13, 16)', '(25, 15)', '(16, 12)', '(1, 14)', '(31, 3)', '(34, 2)', '(31, 12)', '(34, 11)', '(20, 12)', '(22, 9)', '(12, 8)', '(3, 5)', '(17, 4)', '(14, 14)', '(4, 13)', '(32, 4)', '(10, 1)', '(8, 13)', '(33, 12)', '(24, 9)', '(10, 10)', '(1, 7)', '(18, 2)', '(1, 16)', '(16, 14)', '(34, 4)', '(22, 2)', '(31, 14)', '(12, 10)', '(3, 7)', '(14, 16)', '(3, 16)', '(32, 6)', '(8, 6)', '(24, 2)', '(13, 2)', '(33, 14)', '(24, 11)', '(10, 12)', '(1, 9)', '(18, 4)', '(16, 16)', '(29, 1)', '(29, 10)', '(6, 8)', '(34, 6)', '(31, 16)', '(20, 16)', '(23, 12)', '(12, 12)', '(4, 8)', '(27, 3)', '(27, 12)', '(30, 8)', '(8, 8)', '(33, 16)', '(1, 11)', '(10, 14)', '(6, 10)', '(20, 9)', '(14, 2)', '(12, 14)', '(14, 11)', '(4, 10)', '(27, 5)', '(32, 1)', '(30, 1)', '(27, 14)', '(17, 13)', '(30, 10)', '(8, 10)', '(1, 4)', '(11, 6)', '(2, 3)', '(16, 2)', '(10, 16)', '(1, 13)', '(25, 14)', '(20, 2)', '(6, 12)', '(20, 11)', '(23, 16)', '(12, 16)', '(4, 12)', '(27, 7)', '(30, 3)', '(27, 16)', '(30, 12)', '(19, 12)', '(8, 12)', '(11, 8)', '(2, 5)', '(16, 4)', '(25, 16)', '(15, 8)', '(6, 5)', '(31, 4)', '(20, 4)', '(29, 16)', '(6, 14)', '(21, 12)', '(23, 9)', '(4, 5)', '(4, 14)', '(34, 15)', '(27, 9)', '(17, 8)', '(30, 5)', '(33, 4)', '(10, 2)', '(19, 5)', '(30, 14)', '(10, 11)', '(8, 14)', '(11, 10)', '(25, 9)', '(32, 8)', '(2, 7)', '(2, 16)', '(15, 10)', '(31, 6)', '(7, 6)', '(23, 2)', '(6, 16)', '(12, 2)', '(12, 11)', '(4, 7)', '(34, 8)', '(27, 2)', '(4, 16)', '(28, 1)', '(27, 11)', '(17, 10)', '(9, 6)', '(25, 2)', '(30, 16)', '(19, 16)', '(8, 16)', '(10, 13)', '(32, 10)', '(15, 3)', '(15, 12)', '(6, 9)', '(7, 8)']",61,0,61
238,"(8, 1)","(9, 1)",West,"[('(9, 1)', 'East', 1), ('(7, 1)', 'West', 1)]","['(21, 5)', '(18, 6)', '(19, 7)', '(4, 3)', '(8, 1)']","['(7, 1)', '(21, 5)', '(18, 6)', '(19, 7)', '(4, 3)']","['(21, 16)', '(34, 1)', '(4, 9)', '(34, 10)', '(27, 4)', '(27, 13)', '(17, 12)', '(30, 9)', '(10, 6)', '(8, 9)', '(32, 12)', '(13, 8)', '(1, 15)', '(26, 14)', '(15, 14)', '(6, 11)', '(21, 9)', '(34, 3)', '(34, 12)', '(27, 6)', '(19, 2)', '(9, 1)', '(17, 14)', '(19, 11)', '(8, 11)', '(11, 7)', '(11, 16)', '(32, 14)', '(1, 8)', '(29, 6)', '(21, 2)', '(26, 16)', '(15, 16)', '(6, 13)', '(18, 12)', '(34, 14)', '(22, 12)', '(27, 8)', '(14, 8)', '(5, 5)', '(30, 4)', '(19, 4)', '(28, 16)', '(30, 13)', '(17, 16)', '(5, 14)', '(33, 6)', '(32, 16)', '(24, 12)', '(13, 12)', '(25, 11)', '(26, 9)', '(16, 8)', '(1, 10)', '(6, 6)', '(21, 4)', '(31, 8)', '(34, 7)', '(27, 1)', '(34, 16)', '(12, 13)', '(14, 10)', '(17, 9)', '(30, 6)', '(3, 10)', '(19, 6)', '(11, 2)', '(5, 16)', '(9, 14)', '(33, 8)', '(1, 3)', '(26, 2)', '(15, 2)', '(13, 14)', '(26, 11)', '(1, 12)', '(16, 10)', '(18, 16)', '(7, 16)', '(31, 1)', '(31, 10)', '(20, 10)', '(3, 3)', '(17, 2)', '(22, 16)', '(14, 12)', '(4, 11)', '(9, 16)', '(33, 1)', '(33, 10)', '(1, 5)', '(15, 4)', '(24, 16)', '(13, 16)', '(25, 15)', '(16, 12)', '(1, 14)', '(31, 3)', '(34, 2)', '(31, 12)', '(34, 11)', '(20, 12)', '(22, 9)', '(12, 8)', '(3, 5)', '(17, 4)', '(14, 14)', '(4, 13)', '(32, 4)', '(10, 1)', '(8, 13)', '(33, 12)', '(24, 9)', '(10, 10)', '(1, 7)', '(18, 2)', '(1, 16)', '(16, 14)', '(34, 4)', '(22, 2)', '(31, 14)', '(12, 10)', '(3, 7)', '(14, 16)', '(3, 16)', '(32, 6)', '(8, 6)', '(24, 2)', '(13, 2)', '(33, 14)', '(24, 11)', '(10, 12)', '(1, 9)', '(18, 4)', '(16, 16)', '(29, 1)', '(29, 10)', '(6, 8)', '(34, 6)', '(31, 16)', '(20, 16)', '(23, 12)', '(12, 12)', '(4, 8)', '(27, 3)', '(27, 12)', '(30, 8)', '(8, 8)', '(33, 16)', '(1, 11)', '(10, 14)', '(6, 10)', '(20, 9)', '(14, 2)', '(12, 14)', '(14, 11)', '(4, 10)', '(27, 5)', '(32, 1)', '(30, 1)', '(8, 1)', '(27, 14)', '(17, 13)', '(30, 10)', '(8, 10)', '(1, 4)', '(11, 6)', '(2, 3)', '(16, 2)', '(10, 16)', '(1, 13)', '(25, 14)', '(20, 2)', '(6, 12)', '(20, 11)', '(23, 16)', '(12, 16)', '(4, 12)', '(27, 7)', '(30, 3)', '(27, 16)', '(30, 12)', '(19, 12)', '(8, 12)', '(11, 8)', '(2, 5)', '(16, 4)', '(25, 16)', '(15, 8)', '(6, 5)', '(31, 4)', '(20, 4)', '(29, 16)', '(6, 14)', '(21, 12)', '(23, 9)', '(4, 5)', '(4, 14)', '(34, 15)', '(27, 9)', '(17, 8)', '(30, 5)', '(33, 4)', '(10, 2)', '(19, 5)', '(30, 14)', '(10, 11)', '(8, 14)', '(11, 10)', '(25, 9)', '(32, 8)', '(2, 7)', '(2, 16)', '(15, 10)', '(31, 6)', '(7, 6)', '(23, 2)', '(6, 16)', '(12, 2)', '(12, 11)', '(4, 7)', '(34, 8)', '(27, 2)', '(4, 16)', '(28, 1)', '(27, 11)', '(17, 10)', '(9, 6)', '(25, 2)', '(30, 16)', '(19, 16)', '(8, 16)', '(10, 13)', '(32, 10)', '(15, 3)', '(15, 12)', '(6, 9)', '(7, 8)']",61,0,61
239,"(4, 3)","(3, 3)",East,"[('(5, 3)', 'East', 1), ('(3, 3)', 'West', 1)]","['(7, 1)', '(21, 5)', '(18, 6)', '(19, 7)', '(4, 3)']","['(5, 3)', '(7, 1)', '(21, 5)', '(18, 6)', '(19, 7)']","['(21, 16)', '(34, 1)', '(4, 9)', '(34, 10)', '(27, 4)', '(27, 13)', '(17, 12)', '(30, 9)', '(10, 6)', '(8, 9)', '(32, 12)', '(13, 8)', '(1, 15)', '(26, 14)', '(15, 14)', '(6, 11)', '(21, 9)', '(34, 3)', '(34, 12)', '(27, 6)', '(19, 2)', '(9, 1)', '(17, 14)', '(19, 11)', '(8, 11)', '(11, 7)', '(11, 16)', '(32, 14)', '(1, 8)', '(29, 6)', '(21, 2)', '(26, 16)', '(15, 16)', '(6, 13)', '(18, 12)', '(34, 14)', '(22, 12)', '(27, 8)', '(14, 8)', '(5, 5)', '(30, 4)', '(19, 4)', '(28, 16)', '(30, 13)', '(17, 16)', '(5, 14)', '(33, 6)', '(32, 16)', '(24, 12)', '(13, 12)', '(25, 11)', '(26, 9)', '(16, 8)', '(1, 10)', '(6, 6)', '(21, 4)', '(31, 8)', '(34, 7)', '(27, 1)', '(34, 16)', '(12, 13)', '(14, 10)', '(17, 9)', '(30, 6)', '(3, 10)', '(19, 6)', '(11, 2)', '(5, 16)', '(9, 14)', '(33, 8)', '(1, 3)', '(26, 2)', '(15, 2)', '(13, 14)', '(26, 11)', '(1, 12)', '(16, 10)', '(18, 16)', '(7, 16)', '(31, 1)', '(31, 10)', '(20, 10)', '(3, 3)', '(17, 2)', '(22, 16)', '(14, 12)', '(4, 11)', '(9, 16)', '(33, 1)', '(33, 10)', '(1, 5)', '(15, 4)', '(24, 16)', '(13, 16)', '(25, 15)', '(16, 12)', '(1, 14)', '(31, 3)', '(34, 2)', '(31, 12)', '(34, 11)', '(20, 12)', '(22, 9)', '(12, 8)', '(3, 5)', '(17, 4)', '(14, 14)', '(4, 13)', '(32, 4)', '(10, 1)', '(8, 13)', '(33, 12)', '(24, 9)', '(10, 10)', '(1, 7)', '(18, 2)', '(1, 16)', '(16, 14)', '(34, 4)', '(22, 2)', '(31, 14)', '(12, 10)', '(3, 7)', '(14, 16)', '(3, 16)', '(32, 6)', '(8, 6)', '(24, 2)', '(13, 2)', '(33, 14)', '(24, 11)', '(10, 12)', '(1, 9)', '(18, 4)', '(16, 16)', '(29, 1)', '(29, 10)', '(6, 8)', '(34, 6)', '(31, 16)', '(20, 16)', '(23, 12)', '(12, 12)', '(4, 8)', '(27, 3)', '(27, 12)', '(30, 8)', '(8, 8)', '(33, 16)', '(1, 11)', '(10, 14)', '(6, 10)', '(20, 9)', '(14, 2)', '(12, 14)', '(14, 11)', '(4, 10)', '(27, 5)', '(32, 1)', '(30, 1)', '(8, 1)', '(27, 14)', '(17, 13)', '(30, 10)', '(8, 10)', '(1, 4)', '(11, 6)', '(2, 3)', '(16, 2)', '(10, 16)', '(1, 13)', '(25, 14)', '(20, 2)', '(6, 12)', '(20, 11)', '(4, 3)', '(23, 16)', '(12, 16)', '(4, 12)', '(27, 7)', '(30, 3)', '(27, 16)', '(30, 12)', '(19, 12)', '(8, 12)', '(11, 8)', '(2, 5)', '(16, 4)', '(25, 16)', '(15, 8)', '(6, 5)', '(31, 4)', '(20, 4)', '(29, 16)', '(6, 14)', '(21, 12)', '(23, 9)', '(4, 5)', '(4, 14)', '(34, 15)', '(27, 9)', '(17, 8)', '(30, 5)', '(33, 4)', '(10, 2)', '(19, 5)', '(30, 14)', '(10, 11)', '(8, 14)', '(11, 10)', '(25, 9)', '(32, 8)', '(2, 7)', '(2, 16)', '(15, 10)', '(31, 6)', '(7, 6)', '(23, 2)', '(6, 16)', '(12, 2)', '(12, 11)', '(4, 7)', '(34, 8)', '(27, 2)', '(4, 16)', '(28, 1)', '(27, 11)', '(17, 10)', '(9, 6)', '(25, 2)', '(30, 16)', '(19, 16)', '(8, 16)', '(10, 13)', '(32, 10)', '(15, 3)', '(15, 12)', '(6, 9)', '(7, 8)']",61,0,61
240,"(19, 7)","(19, 6)",North,"[('(19, 6)', 'South', 1), ('(20, 7)', 'East', 1)]","['(5, 3)', '(7, 1)', '(21, 5)', '(18, 6)', '(19, 7)']","['(20, 7)', '(5, 3)', '(7, 1)', '(21, 5)', '(18, 6)']","['(21, 16)', '(34, 1)', '(4, 9)', '(34, 10)', '(27, 4)', '(27, 13)', '(17, 12)', '(30, 9)', '(10, 6)', '(8, 9)', '(32, 12)', '(13, 8)', '(1, 15)', '(26, 14)', '(15, 14)', '(6, 11)', '(21, 9)', '(34, 3)', '(34, 12)', '(27, 6)', '(19, 2)', '(9, 1)', '(17, 14)', '(19, 11)', '(8, 11)', '(11, 7)', '(11, 16)', '(32, 14)', '(1, 8)', '(29, 6)', '(21, 2)', '(26, 16)', '(15, 16)', '(6, 13)', '(18, 12)', '(34, 14)', '(22, 12)', '(27, 8)', '(14, 8)', '(5, 5)', '(30, 4)', '(19, 4)', '(28, 16)', '(30, 13)', '(17, 16)', '(5, 14)', '(33, 6)', '(32, 16)', '(24, 12)', '(13, 12)', '(25, 11)', '(26, 9)', '(16, 8)', '(1, 10)', '(6, 6)', '(21, 4)', '(31, 8)', '(34, 7)', '(27, 1)', '(34, 16)', '(12, 13)', '(14, 10)', '(17, 9)', '(30, 6)', '(3, 10)', '(19, 6)', '(11, 2)', '(5, 16)', '(9, 14)', '(33, 8)', '(1, 3)', '(26, 2)', '(15, 2)', '(13, 14)', '(26, 11)', '(1, 12)', '(16, 10)', '(18, 16)', '(7, 16)', '(31, 1)', '(31, 10)', '(20, 10)', '(3, 3)', '(17, 2)', '(22, 16)', '(14, 12)', '(4, 11)', '(9, 16)', '(33, 1)', '(33, 10)', '(1, 5)', '(15, 4)', '(24, 16)', '(13, 16)', '(25, 15)', '(16, 12)', '(1, 14)', '(31, 3)', '(34, 2)', '(31, 12)', '(34, 11)', '(20, 12)', '(22, 9)', '(12, 8)', '(3, 5)', '(17, 4)', '(14, 14)', '(4, 13)', '(32, 4)', '(10, 1)', '(8, 13)', '(33, 12)', '(24, 9)', '(10, 10)', '(1, 7)', '(18, 2)', '(1, 16)', '(16, 14)', '(34, 4)', '(22, 2)', '(31, 14)', '(12, 10)', '(3, 7)', '(14, 16)', '(3, 16)', '(32, 6)', '(8, 6)', '(24, 2)', '(13, 2)', '(33, 14)', '(24, 11)', '(10, 12)', '(1, 9)', '(18, 4)', '(16, 16)', '(29, 1)', '(29, 10)', '(6, 8)', '(34, 6)', '(31, 16)', '(20, 16)', '(23, 12)', '(12, 12)', '(4, 8)', '(27, 3)', '(27, 12)', '(30, 8)', '(8, 8)', '(33, 16)', '(1, 11)', '(10, 14)', '(6, 10)', '(20, 9)', '(14, 2)', '(12, 14)', '(14, 11)', '(4, 10)', '(27, 5)', '(32, 1)', '(30, 1)', '(8, 1)', '(27, 14)', '(17, 13)', '(30, 10)', '(8, 10)', '(1, 4)', '(11, 6)', '(2, 3)', '(16, 2)', '(10, 16)', '(1, 13)', '(25, 14)', '(20, 2)', '(6, 12)', '(20, 11)', '(4, 3)', '(23, 16)', '(12, 16)', '(4, 12)', '(27, 7)', '(30, 3)', '(27, 16)', '(30, 12)', '(19, 12)', '(8, 12)', '(11, 8)', '(2, 5)', '(16, 4)', '(25, 16)', '(15, 8)', '(6, 5)', '(31, 4)', '(20, 4)', '(29, 16)', '(6, 14)', '(21, 12)', '(23, 9)', '(4, 5)', '(4, 14)', '(34, 15)', '(27, 9)', '(17, 8)', '(30, 5)', '(33, 4)', '(10, 2)', '(19, 5)', '(30, 14)', '(10, 11)', '(8, 14)', '(11, 10)', '(25, 9)', '(32, 8)', '(2, 7)', '(2, 16)', '(15, 10)', '(31, 6)', '(7, 6)', '(23, 2)', '(6, 16)', '(12, 2)', '(12, 11)', '(4, 7)', '(34, 8)', '(27, 2)', '(4, 16)', '(28, 1)', '(27, 11)', '(17, 10)', '(19, 7)', '(9, 6)', '(25, 2)', '(30, 16)', '(19, 16)', '(8, 16)', '(10, 13)', '(32, 10)', '(15, 3)', '(15, 12)', '(6, 9)', '(7, 8)']",62,0,62
241,"(18, 6)","(19, 6)",West,"[('(19, 6)', 'East', 1), ('(17, 6)', 'West', 1)]","['(20, 7)', '(5, 3)', '(7, 1)', '(21, 5)', '(18, 6)']","['(17, 6)', '(20, 7)', '(5, 3)', '(7, 1)', '(21, 5)']","['(21, 16)', '(34, 1)', '(4, 9)', '(34, 10)', '(27, 4)', '(27, 13)', '(17, 12)', '(30, 9)', '(10, 6)', '(8, 9)', '(32, 12)', '(13, 8)', '(1, 15)', '(26, 14)', '(15, 14)', '(6, 11)', '(21, 9)', '(34, 3)', '(34, 12)', '(27, 6)', '(19, 2)', '(9, 1)', '(17, 14)', '(19, 11)', '(8, 11)', '(11, 7)', '(11, 16)', '(32, 14)', '(1, 8)', '(29, 6)', '(21, 2)', '(26, 16)', '(15, 16)', '(6, 13)', '(18, 12)', '(34, 14)', '(22, 12)', '(27, 8)', '(14, 8)', '(5, 5)', '(30, 4)', '(19, 4)', '(28, 16)', '(30, 13)', '(17, 16)', '(5, 14)', '(33, 6)', '(32, 16)', '(24, 12)', '(13, 12)', '(25, 11)', '(26, 9)', '(16, 8)', '(1, 10)', '(6, 6)', '(21, 4)', '(31, 8)', '(34, 7)', '(27, 1)', '(34, 16)', '(12, 13)', '(14, 10)', '(17, 9)', '(30, 6)', '(3, 10)', '(19, 6)', '(11, 2)', '(5, 16)', '(9, 14)', '(33, 8)', '(1, 3)', '(26, 2)', '(15, 2)', '(13, 14)', '(26, 11)', '(1, 12)', '(16, 10)', '(18, 16)', '(7, 16)', '(31, 1)', '(31, 10)', '(20, 10)', '(3, 3)', '(17, 2)', '(22, 16)', '(14, 12)', '(4, 11)', '(9, 16)', '(33, 1)', '(33, 10)', '(1, 5)', '(15, 4)', '(24, 16)', '(13, 16)', '(25, 15)', '(16, 12)', '(1, 14)', '(31, 3)', '(34, 2)', '(31, 12)', '(34, 11)', '(20, 12)', '(22, 9)', '(12, 8)', '(3, 5)', '(17, 4)', '(14, 14)', '(4, 13)', '(32, 4)', '(10, 1)', '(8, 13)', '(33, 12)', '(24, 9)', '(10, 10)', '(1, 7)', '(18, 2)', '(1, 16)', '(16, 14)', '(34, 4)', '(22, 2)', '(31, 14)', '(12, 10)', '(3, 7)', '(14, 16)', '(3, 16)', '(32, 6)', '(8, 6)', '(24, 2)', '(13, 2)', '(33, 14)', '(24, 11)', '(10, 12)', '(1, 9)', '(18, 4)', '(16, 16)', '(29, 1)', '(29, 10)', '(6, 8)', '(34, 6)', '(31, 16)', '(20, 16)', '(23, 12)', '(12, 12)', '(4, 8)', '(27, 3)', '(27, 12)', '(30, 8)', '(8, 8)', '(33, 16)', '(1, 11)', '(10, 14)', '(6, 10)', '(20, 9)', '(14, 2)', '(12, 14)', '(14, 11)', '(4, 10)', '(27, 5)', '(32, 1)', '(30, 1)', '(8, 1)', '(27, 14)', '(17, 13)', '(30, 10)', '(8, 10)', '(1, 4)', '(11, 6)', '(2, 3)', '(16, 2)', '(10, 16)', '(1, 13)', '(25, 14)', '(20, 2)', '(6, 12)', '(20, 11)', '(4, 3)', '(23, 16)', '(12, 16)', '(4, 12)', '(27, 7)', '(30, 3)', '(27, 16)', '(30, 12)', '(19, 12)', '(8, 12)', '(11, 8)', '(2, 5)', '(16, 4)', '(25, 16)', '(15, 8)', '(6, 5)', '(31, 4)', '(20, 4)', '(29, 16)', '(6, 14)', '(21, 12)', '(23, 9)', '(4, 5)', '(4, 14)', '(34, 15)', '(27, 9)', '(17, 8)', '(30, 5)', '(33, 4)', '(10, 2)', '(19, 5)', '(30, 14)', '(10, 11)', '(8, 14)', '(11, 10)', '(25, 9)', '(32, 8)', '(2, 7)', '(2, 16)', '(15, 10)', '(31, 6)', '(7, 6)', '(18, 6)', '(23, 2)', '(6, 16)', '(12, 2)', '(12, 11)', '(4, 7)', '(34, 8)', '(27, 2)', '(4, 16)', '(28, 1)', '(27, 11)', '(17, 10)', '(19, 7)', '(9, 6)', '(25, 2)', '(30, 16)', '(19, 16)', '(8, 16)', '(10, 13)', '(32, 10)', '(15, 3)', '(15, 12)', '(6, 9)', '(7, 8)']",62,0,62
242,"(21, 5)","(21, 4)",North,"[('(21, 4)', 'South', 1), ('(22, 5)', 'East', 1)]","['(17, 6)', '(20, 7)', '(5, 3)', '(7, 1)', '(21, 5)']","['(22, 5)', '(17, 6)', '(20, 7)', '(5, 3)', '(7, 1)']","['(21, 16)', '(34, 1)', '(4, 9)', '(34, 10)', '(27, 4)', '(27, 13)', '(17, 12)', '(30, 9)', '(10, 6)', '(8, 9)', '(32, 12)', '(13, 8)', '(1, 15)', '(26, 14)', '(15, 14)', '(6, 11)', '(21, 9)', '(34, 3)', '(34, 12)', '(27, 6)', '(19, 2)', '(9, 1)', '(17, 14)', '(19, 11)', '(8, 11)', '(11, 7)', '(11, 16)', '(32, 14)', '(1, 8)', '(29, 6)', '(21, 2)', '(26, 16)', '(15, 16)', '(6, 13)', '(18, 12)', '(34, 14)', '(22, 12)', '(27, 8)', '(14, 8)', '(5, 5)', '(30, 4)', '(19, 4)', '(28, 16)', '(30, 13)', '(17, 16)', '(5, 14)', '(33, 6)', '(32, 16)', '(24, 12)', '(13, 12)', '(25, 11)', '(26, 9)', '(16, 8)', '(1, 10)', '(6, 6)', '(21, 4)', '(31, 8)', '(34, 7)', '(27, 1)', '(34, 16)', '(12, 13)', '(14, 10)', '(17, 9)', '(30, 6)', '(3, 10)', '(19, 6)', '(11, 2)', '(5, 16)', '(9, 14)', '(33, 8)', '(1, 3)', '(26, 2)', '(15, 2)', '(13, 14)', '(26, 11)', '(1, 12)', '(16, 10)', '(18, 16)', '(7, 16)', '(31, 1)', '(31, 10)', '(20, 10)', '(3, 3)', '(17, 2)', '(22, 16)', '(14, 12)', '(4, 11)', '(9, 16)', '(33, 1)', '(33, 10)', '(1, 5)', '(15, 4)', '(24, 16)', '(13, 16)', '(25, 15)', '(16, 12)', '(1, 14)', '(31, 3)', '(34, 2)', '(31, 12)', '(34, 11)', '(20, 12)', '(22, 9)', '(12, 8)', '(3, 5)', '(17, 4)', '(14, 14)', '(4, 13)', '(32, 4)', '(10, 1)', '(8, 13)', '(33, 12)', '(24, 9)', '(10, 10)', '(1, 7)', '(18, 2)', '(1, 16)', '(16, 14)', '(34, 4)', '(22, 2)', '(31, 14)', '(12, 10)', '(3, 7)', '(14, 16)', '(3, 16)', '(32, 6)', '(8, 6)', '(24, 2)', '(13, 2)', '(33, 14)', '(24, 11)', '(10, 12)', '(1, 9)', '(18, 4)', '(16, 16)', '(29, 1)', '(29, 10)', '(6, 8)', '(34, 6)', '(31, 16)', '(20, 16)', '(23, 12)', '(12, 12)', '(4, 8)', '(27, 3)', '(27, 12)', '(30, 8)', '(8, 8)', '(33, 16)', '(1, 11)', '(10, 14)', '(6, 10)', '(20, 9)', '(14, 2)', '(12, 14)', '(14, 11)', '(4, 10)', '(27, 5)', '(32, 1)', '(30, 1)', '(8, 1)', '(27, 14)', '(17, 13)', '(30, 10)', '(8, 10)', '(1, 4)', '(11, 6)', '(2, 3)', '(16, 2)', '(10, 16)', '(1, 13)', '(25, 14)', '(20, 2)', '(6, 12)', '(20, 11)', '(4, 3)', '(23, 16)', '(12, 16)', '(4, 12)', '(27, 7)', '(30, 3)', '(27, 16)', '(30, 12)', '(19, 12)', '(8, 12)', '(11, 8)', '(2, 5)', '(16, 4)', '(25, 16)', '(15, 8)', '(6, 5)', '(31, 4)', '(20, 4)', '(29, 16)', '(6, 14)', '(21, 12)', '(23, 9)', '(4, 5)', '(4, 14)', '(34, 15)', '(27, 9)', '(17, 8)', '(30, 5)', '(33, 4)', '(10, 2)', '(19, 5)', '(30, 14)', '(10, 11)', '(8, 14)', '(11, 10)', '(25, 9)', '(32, 8)', '(2, 7)', '(2, 16)', '(15, 10)', '(31, 6)', '(7, 6)', '(18, 6)', '(23, 2)', '(6, 16)', '(12, 2)', '(21, 5)', '(12, 11)', '(4, 7)', '(34, 8)', '(27, 2)', '(4, 16)', '(28, 1)', '(27, 11)', '(17, 10)', '(19, 7)', '(9, 6)', '(25, 2)', '(30, 16)', '(19, 16)', '(8, 16)', '(10, 13)', '(32, 10)', '(15, 3)', '(15, 12)', '(6, 9)', '(7, 8)']",62,0,62
243,"(7, 1)","(8, 1)",West,"[('(8, 1)', 'East', 1), ('(6, 1)', 'West', 1)]","['(22, 5)', '(17, 6)', '(20, 7)', '(5, 3)', '(7, 1)']","['(6, 1)', '(22, 5)', '(17, 6)', '(20, 7)', '(5, 3)']","['(21, 16)', '(34, 1)', '(4, 9)', '(34, 10)', '(27, 4)', '(27, 13)', '(17, 12)', '(30, 9)', '(10, 6)', '(8, 9)', '(32, 12)', '(13, 8)', '(7, 1)', '(1, 15)', '(26, 14)', '(15, 14)', '(6, 11)', '(21, 9)', '(34, 3)', '(34, 12)', '(27, 6)', '(19, 2)', '(9, 1)', '(17, 14)', '(19, 11)', '(8, 11)', '(11, 7)', '(11, 16)', '(32, 14)', '(1, 8)', '(29, 6)', '(21, 2)', '(26, 16)', '(15, 16)', '(6, 13)', '(18, 12)', '(34, 14)', '(22, 12)', '(27, 8)', '(14, 8)', '(5, 5)', '(30, 4)', '(19, 4)', '(28, 16)', '(30, 13)', '(17, 16)', '(5, 14)', '(33, 6)', '(32, 16)', '(24, 12)', '(13, 12)', '(25, 11)', '(26, 9)', '(16, 8)', '(1, 10)', '(6, 6)', '(21, 4)', '(31, 8)', '(34, 7)', '(27, 1)', '(34, 16)', '(12, 13)', '(14, 10)', '(17, 9)', '(30, 6)', '(3, 10)', '(19, 6)', '(11, 2)', '(5, 16)', '(9, 14)', '(33, 8)', '(1, 3)', '(26, 2)', '(15, 2)', '(13, 14)', '(26, 11)', '(1, 12)', '(16, 10)', '(18, 16)', '(7, 16)', '(31, 1)', '(31, 10)', '(20, 10)', '(3, 3)', '(17, 2)', '(22, 16)', '(14, 12)', '(4, 11)', '(9, 16)', '(33, 1)', '(33, 10)', '(1, 5)', '(15, 4)', '(24, 16)', '(13, 16)', '(25, 15)', '(16, 12)', '(1, 14)', '(31, 3)', '(34, 2)', '(31, 12)', '(34, 11)', '(20, 12)', '(22, 9)', '(12, 8)', '(3, 5)', '(17, 4)', '(14, 14)', '(4, 13)', '(32, 4)', '(10, 1)', '(8, 13)', '(33, 12)', '(24, 9)', '(10, 10)', '(1, 7)', '(18, 2)', '(1, 16)', '(16, 14)', '(34, 4)', '(22, 2)', '(31, 14)', '(12, 10)', '(3, 7)', '(14, 16)', '(3, 16)', '(32, 6)', '(8, 6)', '(24, 2)', '(13, 2)', '(33, 14)', '(24, 11)', '(10, 12)', '(1, 9)', '(18, 4)', '(16, 16)', '(29, 1)', '(29, 10)', '(6, 8)', '(34, 6)', '(31, 16)', '(20, 16)', '(23, 12)', '(12, 12)', '(4, 8)', '(27, 3)', '(27, 12)', '(30, 8)', '(8, 8)', '(33, 16)', '(1, 11)', '(10, 14)', '(6, 10)', '(20, 9)', '(14, 2)', '(12, 14)', '(14, 11)', '(4, 10)', '(27, 5)', '(32, 1)', '(30, 1)', '(8, 1)', '(27, 14)', '(17, 13)', '(30, 10)', '(8, 10)', '(1, 4)', '(11, 6)', '(2, 3)', '(16, 2)', '(10, 16)', '(1, 13)', '(25, 14)', '(20, 2)', '(6, 12)', '(20, 11)', '(4, 3)', '(23, 16)', '(12, 16)', '(4, 12)', '(27, 7)', '(30, 3)', '(27, 16)', '(30, 12)', '(19, 12)', '(8, 12)', '(11, 8)', '(2, 5)', '(16, 4)', '(25, 16)', '(15, 8)', '(6, 5)', '(31, 4)', '(20, 4)', '(29, 16)', '(6, 14)', '(21, 12)', '(23, 9)', '(4, 5)', '(4, 14)', '(34, 15)', '(27, 9)', '(17, 8)', '(30, 5)', '(33, 4)', '(10, 2)', '(19, 5)', '(30, 14)', '(10, 11)', '(8, 14)', '(11, 10)', '(25, 9)', '(32, 8)', '(2, 7)', '(2, 16)', '(15, 10)', '(31, 6)', '(7, 6)', '(18, 6)', '(23, 2)', '(6, 16)', '(12, 2)', '(21, 5)', '(12, 11)', '(4, 7)', '(34, 8)', '(27, 2)', '(4, 16)', '(28, 1)', '(27, 11)', '(17, 10)', '(19, 7)', '(9, 6)', '(25, 2)', '(30, 16)', '(19, 16)', '(8, 16)', '(10, 13)', '(32, 10)', '(15, 3)', '(15, 12)', '(6, 9)', '(7, 8)']",62,0,62
244,"(5, 3)","(4, 3)",East,"[('(6, 3)', 'East', 1), ('(4, 3)', 'West', 1)]","['(6, 1)', '(22, 5)', '(17, 6)', '(20, 7)', '(5, 3)']","['(6, 3)', '(6, 1)', '(22, 5)', '(17, 6)', '(20, 7)']","['(21, 16)', '(34, 1)', '(4, 9)', '(34, 10)', '(27, 4)', '(27, 13)', '(17, 12)', '(30, 9)', '(10, 6)', '(8, 9)', '(32, 12)', '(13, 8)', '(7, 1)', '(1, 15)', '(26, 14)', '(15, 14)', '(6, 11)', '(21, 9)', '(34, 3)', '(34, 12)', '(27, 6)', '(5, 3)', '(19, 2)', '(9, 1)', '(17, 14)', '(19, 11)', '(8, 11)', '(11, 7)', '(11, 16)', '(32, 14)', '(1, 8)', '(29, 6)', '(21, 2)', '(26, 16)', '(15, 16)', '(6, 13)', '(18, 12)', '(34, 14)', '(22, 12)', '(27, 8)', '(14, 8)', '(5, 5)', '(30, 4)', '(19, 4)', '(28, 16)', '(30, 13)', '(17, 16)', '(5, 14)', '(33, 6)', '(32, 16)', '(24, 12)', '(13, 12)', '(25, 11)', '(26, 9)', '(16, 8)', '(1, 10)', '(6, 6)', '(21, 4)', '(31, 8)', '(34, 7)', '(27, 1)', '(34, 16)', '(12, 13)', '(14, 10)', '(17, 9)', '(30, 6)', '(3, 10)', '(19, 6)', '(11, 2)', '(5, 16)', '(9, 14)', '(33, 8)', '(1, 3)', '(26, 2)', '(15, 2)', '(13, 14)', '(26, 11)', '(1, 12)', '(16, 10)', '(18, 16)', '(7, 16)', '(31, 1)', '(31, 10)', '(20, 10)', '(3, 3)', '(17, 2)', '(22, 16)', '(14, 12)', '(4, 11)', '(9, 16)', '(33, 1)', '(33, 10)', '(1, 5)', '(15, 4)', '(24, 16)', '(13, 16)', '(25, 15)', '(16, 12)', '(1, 14)', '(31, 3)', '(34, 2)', '(31, 12)', '(34, 11)', '(20, 12)', '(22, 9)', '(12, 8)', '(3, 5)', '(17, 4)', '(14, 14)', '(4, 13)', '(32, 4)', '(10, 1)', '(8, 13)', '(33, 12)', '(24, 9)', '(10, 10)', '(1, 7)', '(18, 2)', '(1, 16)', '(16, 14)', '(34, 4)', '(22, 2)', '(31, 14)', '(12, 10)', '(3, 7)', '(14, 16)', '(3, 16)', '(32, 6)', '(8, 6)', '(24, 2)', '(13, 2)', '(33, 14)', '(24, 11)', '(10, 12)', '(1, 9)', '(18, 4)', '(16, 16)', '(29, 1)', '(29, 10)', '(6, 8)', '(34, 6)', '(31, 16)', '(20, 16)', '(23, 12)', '(12, 12)', '(4, 8)', '(27, 3)', '(27, 12)', '(30, 8)', '(8, 8)', '(33, 16)', '(1, 11)', '(10, 14)', '(6, 10)', '(20, 9)', '(14, 2)', '(12, 14)', '(14, 11)', '(4, 10)', '(27, 5)', '(32, 1)', '(30, 1)', '(8, 1)', '(27, 14)', '(17, 13)', '(30, 10)', '(8, 10)', '(1, 4)', '(11, 6)', '(2, 3)', '(16, 2)', '(10, 16)', '(1, 13)', '(25, 14)', '(20, 2)', '(6, 12)', '(20, 11)', '(4, 3)', '(23, 16)', '(12, 16)', '(4, 12)', '(27, 7)', '(30, 3)', '(27, 16)', '(30, 12)', '(19, 12)', '(8, 12)', '(11, 8)', '(2, 5)', '(16, 4)', '(25, 16)', '(15, 8)', '(6, 5)', '(31, 4)', '(20, 4)', '(29, 16)', '(6, 14)', '(21, 12)', '(23, 9)', '(4, 5)', '(4, 14)', '(34, 15)', '(27, 9)', '(17, 8)', '(30, 5)', '(33, 4)', '(10, 2)', '(19, 5)', '(30, 14)', '(10, 11)', '(8, 14)', '(11, 10)', '(25, 9)', '(32, 8)', '(2, 7)', '(2, 16)', '(15, 10)', '(31, 6)', '(7, 6)', '(18, 6)', '(23, 2)', '(6, 16)', '(12, 2)', '(21, 5)', '(12, 11)', '(4, 7)', '(34, 8)', '(27, 2)', '(4, 16)', '(28, 1)', '(27, 11)', '(17, 10)', '(19, 7)', '(9, 6)', '(25, 2)', '(30, 16)', '(19, 16)', '(8, 16)', '(10, 13)', '(32, 10)', '(15, 3)', '(15, 12)', '(6, 9)', '(7, 8)']",62,0,62
245,"(20, 7)","(19, 7)",East,"[('(21, 7)', 'East', 1), ('(19, 7)', 'West', 1)]","['(6, 3)', '(6, 1)', '(22, 5)', '(17, 6)', '(20, 7)']","['(21, 7)', '(6, 3)', '(6, 1)', '(22, 5)', '(17, 6)']","['(21, 16)', '(34, 1)', '(4, 9)', '(34, 10)', '(27, 4)', '(27, 13)', '(17, 12)', '(30, 9)', '(10, 6)', '(8, 9)', '(32, 12)', '(13, 8)', '(7, 1)', '(1, 15)', '(26, 14)', '(15, 14)', '(6, 11)', '(21, 9)', '(34, 3)', '(34, 12)', '(27, 6)', '(5, 3)', '(19, 2)', '(9, 1)', '(17, 14)', '(19, 11)', '(8, 11)', '(11, 7)', '(11, 16)', '(32, 14)', '(1, 8)', '(29, 6)', '(21, 2)', '(26, 16)', '(15, 16)', '(6, 13)', '(18, 12)', '(34, 14)', '(22, 12)', '(27, 8)', '(14, 8)', '(5, 5)', '(30, 4)', '(19, 4)', '(28, 16)', '(30, 13)', '(17, 16)', '(5, 14)', '(33, 6)', '(32, 16)', '(24, 12)', '(13, 12)', '(25, 11)', '(26, 9)', '(16, 8)', '(1, 10)', '(6, 6)', '(21, 4)', '(31, 8)', '(34, 7)', '(27, 1)', '(34, 16)', '(12, 13)', '(14, 10)', '(17, 9)', '(30, 6)', '(3, 10)', '(19, 6)', '(11, 2)', '(5, 16)', '(9, 14)', '(33, 8)', '(1, 3)', '(26, 2)', '(15, 2)', '(13, 14)', '(26, 11)', '(1, 12)', '(16, 10)', '(18, 16)', '(7, 16)', '(31, 1)', '(31, 10)', '(20, 10)', '(3, 3)', '(17, 2)', '(22, 16)', '(14, 12)', '(4, 11)', '(9, 16)', '(33, 1)', '(33, 10)', '(1, 5)', '(15, 4)', '(24, 16)', '(13, 16)', '(25, 15)', '(16, 12)', '(1, 14)', '(31, 3)', '(34, 2)', '(31, 12)', '(34, 11)', '(20, 12)', '(22, 9)', '(12, 8)', '(3, 5)', '(17, 4)', '(14, 14)', '(4, 13)', '(32, 4)', '(10, 1)', '(8, 13)', '(33, 12)', '(24, 9)', '(10, 10)', '(1, 7)', '(18, 2)', '(1, 16)', '(16, 14)', '(34, 4)', '(22, 2)', '(31, 14)', '(12, 10)', '(3, 7)', '(14, 16)', '(3, 16)', '(32, 6)', '(8, 6)', '(24, 2)', '(13, 2)', '(33, 14)', '(24, 11)', '(10, 12)', '(1, 9)', '(18, 4)', '(16, 16)', '(29, 1)', '(29, 10)', '(6, 8)', '(34, 6)', '(20, 7)', '(31, 16)', '(20, 16)', '(23, 12)', '(12, 12)', '(4, 8)', '(27, 3)', '(27, 12)', '(30, 8)', '(8, 8)', '(33, 16)', '(1, 11)', '(10, 14)', '(6, 10)', '(20, 9)', '(14, 2)', '(12, 14)', '(14, 11)', '(4, 10)', '(27, 5)', '(32, 1)', '(30, 1)', '(8, 1)', '(27, 14)', '(17, 13)', '(30, 10)', '(8, 10)', '(1, 4)', '(11, 6)', '(2, 3)', '(16, 2)', '(10, 16)', '(1, 13)', '(25, 14)', '(20, 2)', '(6, 12)', '(20, 11)', '(4, 3)', '(23, 16)', '(12, 16)', '(4, 12)', '(27, 7)', '(30, 3)', '(27, 16)', '(30, 12)', '(19, 12)', '(8, 12)', '(11, 8)', '(2, 5)', '(16, 4)', '(25, 16)', '(15, 8)', '(6, 5)', '(31, 4)', '(20, 4)', '(29, 16)', '(6, 14)', '(21, 12)', '(23, 9)', '(4, 5)', '(4, 14)', '(34, 15)', '(27, 9)', '(17, 8)', '(30, 5)', '(33, 4)', '(10, 2)', '(19, 5)', '(30, 14)', '(10, 11)', '(8, 14)', '(11, 10)', '(25, 9)', '(32, 8)', '(2, 7)', '(2, 16)', '(15, 10)', '(31, 6)', '(7, 6)', '(18, 6)', '(23, 2)', '(6, 16)', '(12, 2)', '(21, 5)', '(12, 11)', '(4, 7)', '(34, 8)', '(27, 2)', '(4, 16)', '(28, 1)', '(27, 11)', '(17, 10)', '(19, 7)', '(9, 6)', '(25, 2)', '(30, 16)', '(19, 16)', '(8, 16)', '(10, 13)', '(32, 10)', '(15, 3)', '(15, 12)', '(6, 9)', '(7, 8)']",63,0,63
246,"(17, 6)","(18, 6)",West,"[('(18, 6)', 'East', 1), ('(16, 6)', 'West', 1)]","['(21, 7)', '(6, 3)', '(6, 1)', '(22, 5)', '(17, 6)']","['(16, 6)', '(21, 7)', '(6, 3)', '(6, 1)', '(22, 5)']","['(21, 16)', '(34, 1)', '(4, 9)', '(34, 10)', '(27, 4)', '(27, 13)', '(17, 12)', '(30, 9)', '(10, 6)', '(8, 9)', '(32, 12)', '(13, 8)', '(7, 1)', '(1, 15)', '(26, 14)', '(15, 14)', '(6, 11)', '(21, 9)', '(34, 3)', '(34, 12)', '(27, 6)', '(5, 3)', '(19, 2)', '(9, 1)', '(17, 14)', '(19, 11)', '(8, 11)', '(11, 7)', '(11, 16)', '(32, 14)', '(1, 8)', '(29, 6)', '(21, 2)', '(26, 16)', '(15, 16)', '(6, 13)', '(18, 12)', '(34, 14)', '(22, 12)', '(27, 8)', '(14, 8)', '(5, 5)', '(30, 4)', '(19, 4)', '(28, 16)', '(30, 13)', '(17, 16)', '(5, 14)', '(33, 6)', '(32, 16)', '(24, 12)', '(13, 12)', '(25, 11)', '(26, 9)', '(16, 8)', '(1, 10)', '(6, 6)', '(21, 4)', '(31, 8)', '(34, 7)', '(27, 1)', '(34, 16)', '(12, 13)', '(14, 10)', '(17, 9)', '(30, 6)', '(3, 10)', '(19, 6)', '(11, 2)', '(5, 16)', '(9, 14)', '(33, 8)', '(1, 3)', '(26, 2)', '(15, 2)', '(13, 14)', '(26, 11)', '(1, 12)', '(16, 10)', '(18, 16)', '(7, 16)', '(31, 1)', '(31, 10)', '(20, 10)', '(3, 3)', '(17, 2)', '(22, 16)', '(14, 12)', '(4, 11)', '(9, 16)', '(33, 1)', '(33, 10)', '(1, 5)', '(15, 4)', '(24, 16)', '(13, 16)', '(25, 15)', '(16, 12)', '(1, 14)', '(31, 3)', '(34, 2)', '(31, 12)', '(34, 11)', '(20, 12)', '(22, 9)', '(12, 8)', '(3, 5)', '(17, 4)', '(14, 14)', '(4, 13)', '(32, 4)', '(10, 1)', '(8, 13)', '(33, 12)', '(24, 9)', '(10, 10)', '(1, 7)', '(18, 2)', '(1, 16)', '(16, 14)', '(34, 4)', '(22, 2)', '(31, 14)', '(12, 10)', '(3, 7)', '(14, 16)', '(3, 16)', '(32, 6)', '(8, 6)', '(24, 2)', '(13, 2)', '(33, 14)', '(24, 11)', '(10, 12)', '(1, 9)', '(18, 4)', '(16, 16)', '(29, 1)', '(29, 10)', '(6, 8)', '(34, 6)', '(20, 7)', '(31, 16)', '(20, 16)', '(23, 12)', '(12, 12)', '(4, 8)', '(27, 3)', '(27, 12)', '(30, 8)', '(8, 8)', '(33, 16)', '(1, 11)', '(10, 14)', '(6, 10)', '(20, 9)', '(14, 2)', '(12, 14)', '(14, 11)', '(4, 10)', '(27, 5)', '(32, 1)', '(30, 1)', '(8, 1)', '(27, 14)', '(17, 13)', '(30, 10)', '(8, 10)', '(1, 4)', '(11, 6)', '(2, 3)', '(16, 2)', '(10, 16)', '(1, 13)', '(25, 14)', '(20, 2)', '(6, 12)', '(20, 11)', '(4, 3)', '(23, 16)', '(12, 16)', '(4, 12)', '(27, 7)', '(17, 6)', '(30, 3)', '(27, 16)', '(30, 12)', '(19, 12)', '(8, 12)', '(11, 8)', '(2, 5)', '(16, 4)', '(25, 16)', '(15, 8)', '(6, 5)', '(31, 4)', '(20, 4)', '(29, 16)', '(6, 14)', '(21, 12)', '(23, 9)', '(4, 5)', '(4, 14)', '(34, 15)', '(27, 9)', '(17, 8)', '(30, 5)', '(33, 4)', '(10, 2)', '(19, 5)', '(30, 14)', '(10, 11)', '(8, 14)', '(11, 10)', '(25, 9)', '(32, 8)', '(2, 7)', '(2, 16)', '(15, 10)', '(31, 6)', '(7, 6)', '(18, 6)', '(23, 2)', '(6, 16)', '(12, 2)', '(21, 5)', '(12, 11)', '(4, 7)', '(34, 8)', '(27, 2)', '(4, 16)', '(28, 1)', '(27, 11)', '(17, 10)', '(19, 7)', '(9, 6)', '(25, 2)', '(30, 16)', '(19, 16)', '(8, 16)', '(10, 13)', '(32, 10)', '(15, 3)', '(15, 12)', '(6, 9)', '(7, 8)']",63,0,63
247,"(22, 5)","(21, 5)",East,"[('(23, 5)', 'East', 1), ('(21, 5)', 'West', 1)]","['(16, 6)', '(21, 7)', '(6, 3)', '(6, 1)', '(22, 5)']","['(23, 5)', '(16, 6)', '(21, 7)', '(6, 3)', '(6, 1)']","['(21, 16)', '(34, 1)', '(4, 9)', '(34, 10)', '(27, 4)', '(27, 13)', '(17, 12)', '(30, 9)', '(10, 6)', '(8, 9)', '(32, 12)', '(13, 8)', '(7, 1)', '(1, 15)', '(26, 14)', '(15, 14)', '(6, 11)', '(21, 9)', '(34, 3)', '(34, 12)', '(27, 6)', '(5, 3)', '(19, 2)', '(9, 1)', '(17, 14)', '(19, 11)', '(8, 11)', '(11, 7)', '(11, 16)', '(32, 14)', '(1, 8)', '(29, 6)', '(21, 2)', '(26, 16)', '(15, 16)', '(6, 13)', '(18, 12)', '(34, 14)', '(22, 12)', '(27, 8)', '(14, 8)', '(5, 5)', '(30, 4)', '(19, 4)', '(28, 16)', '(30, 13)', '(17, 16)', '(5, 14)', '(33, 6)', '(32, 16)', '(24, 12)', '(13, 12)', '(25, 11)', '(26, 9)', '(16, 8)', '(1, 10)', '(6, 6)', '(21, 4)', '(31, 8)', '(34, 7)', '(22, 5)', '(27, 1)', '(34, 16)', '(12, 13)', '(14, 10)', '(17, 9)', '(30, 6)', '(3, 10)', '(19, 6)', '(11, 2)', '(5, 16)', '(9, 14)', '(33, 8)', '(1, 3)', '(26, 2)', '(15, 2)', '(13, 14)', '(26, 11)', '(1, 12)', '(16, 10)', '(18, 16)', '(7, 16)', '(31, 1)', '(31, 10)', '(20, 10)', '(3, 3)', '(17, 2)', '(22, 16)', '(14, 12)', '(4, 11)', '(9, 16)', '(33, 1)', '(33, 10)', '(1, 5)', '(15, 4)', '(24, 16)', '(13, 16)', '(25, 15)', '(16, 12)', '(1, 14)', '(31, 3)', '(34, 2)', '(31, 12)', '(34, 11)', '(20, 12)', '(22, 9)', '(12, 8)', '(3, 5)', '(17, 4)', '(14, 14)', '(4, 13)', '(32, 4)', '(10, 1)', '(8, 13)', '(33, 12)', '(24, 9)', '(10, 10)', '(1, 7)', '(18, 2)', '(1, 16)', '(16, 14)', '(34, 4)', '(22, 2)', '(31, 14)', '(12, 10)', '(3, 7)', '(14, 16)', '(3, 16)', '(32, 6)', '(8, 6)', '(24, 2)', '(13, 2)', '(33, 14)', '(24, 11)', '(10, 12)', '(1, 9)', '(18, 4)', '(16, 16)', '(29, 1)', '(29, 10)', '(6, 8)', '(34, 6)', '(20, 7)', '(31, 16)', '(20, 16)', '(23, 12)', '(12, 12)', '(4, 8)', '(27, 3)', '(27, 12)', '(30, 8)', '(8, 8)', '(33, 16)', '(1, 11)', '(10, 14)', '(6, 10)', '(20, 9)', '(14, 2)', '(12, 14)', '(14, 11)', '(4, 10)', '(27, 5)', '(32, 1)', '(30, 1)', '(8, 1)', '(27, 14)', '(17, 13)', '(30, 10)', '(8, 10)', '(1, 4)', '(11, 6)', '(2, 3)', '(16, 2)', '(10, 16)', '(1, 13)', '(25, 14)', '(20, 2)', '(6, 12)', '(20, 11)', '(4, 3)', '(23, 16)', '(12, 16)', '(4, 12)', '(27, 7)', '(17, 6)', '(30, 3)', '(27, 16)', '(30, 12)', '(19, 12)', '(8, 12)', '(11, 8)', '(2, 5)', '(16, 4)', '(25, 16)', '(15, 8)', '(6, 5)', '(31, 4)', '(20, 4)', '(29, 16)', '(6, 14)', '(21, 12)', '(23, 9)', '(4, 5)', '(4, 14)', '(34, 15)', '(27, 9)', '(17, 8)', '(30, 5)', '(33, 4)', '(10, 2)', '(19, 5)', '(30, 14)', '(10, 11)', '(8, 14)', '(11, 10)', '(25, 9)', '(32, 8)', '(2, 7)', '(2, 16)', '(15, 10)', '(31, 6)', '(7, 6)', '(18, 6)', '(23, 2)', '(6, 16)', '(12, 2)', '(21, 5)', '(12, 11)', '(4, 7)', '(34, 8)', '(27, 2)', '(4, 16)', '(28, 1)', '(27, 11)', '(17, 10)', '(19, 7)', '(9, 6)', '(25, 2)', '(30, 16)', '(19, 16)', '(8, 16)', '(10, 13)', '(32, 10)', '(15, 3)', '(15, 12)', '(6, 9)', '(7, 8)']",63,0,63
248,"(6, 1)","(7, 1)",West,"[('(7, 1)', 'East', 1), ('(5, 1)', 'West', 1)]","['(23, 5)', '(16, 6)', '(21, 7)', '(6, 3)', '(6, 1)']","['(5, 1)', '(23, 5)', '(16, 6)', '(21, 7)', '(6, 3)']","['(21, 16)', '(34, 1)', '(4, 9)', '(34, 10)', '(27, 4)', '(27, 13)', '(17, 12)', '(30, 9)', '(10, 6)', '(8, 9)', '(32, 12)', '(13, 8)', '(7, 1)', '(1, 15)', '(26, 14)', '(15, 14)', '(6, 11)', '(21, 9)', '(34, 3)', '(34, 12)', '(27, 6)', '(5, 3)', '(19, 2)', '(9, 1)', '(17, 14)', '(19, 11)', '(8, 11)', '(11, 7)', '(11, 16)', '(32, 14)', '(1, 8)', '(29, 6)', '(21, 2)', '(26, 16)', '(15, 16)', '(6, 13)', '(18, 12)', '(34, 14)', '(22, 12)', '(27, 8)', '(14, 8)', '(5, 5)', '(30, 4)', '(19, 4)', '(28, 16)', '(30, 13)', '(17, 16)', '(5, 14)', '(33, 6)', '(32, 16)', '(24, 12)', '(13, 12)', '(25, 11)', '(26, 9)', '(16, 8)', '(1, 10)', '(6, 6)', '(21, 4)', '(31, 8)', '(34, 7)', '(22, 5)', '(27, 1)', '(34, 16)', '(12, 13)', '(14, 10)', '(17, 9)', '(30, 6)', '(3, 10)', '(19, 6)', '(11, 2)', '(5, 16)', '(9, 14)', '(33, 8)', '(1, 3)', '(26, 2)', '(15, 2)', '(13, 14)', '(26, 11)', '(1, 12)', '(16, 10)', '(18, 16)', '(7, 16)', '(31, 1)', '(31, 10)', '(20, 10)', '(3, 3)', '(17, 2)', '(22, 16)', '(14, 12)', '(4, 11)', '(9, 16)', '(33, 1)', '(33, 10)', '(1, 5)', '(15, 4)', '(6, 1)', '(24, 16)', '(13, 16)', '(25, 15)', '(16, 12)', '(1, 14)', '(31, 3)', '(34, 2)', '(31, 12)', '(34, 11)', '(20, 12)', '(22, 9)', '(12, 8)', '(3, 5)', '(17, 4)', '(14, 14)', '(4, 13)', '(32, 4)', '(10, 1)', '(8, 13)', '(33, 12)', '(24, 9)', '(10, 10)', '(1, 7)', '(18, 2)', '(1, 16)', '(16, 14)', '(34, 4)', '(22, 2)', '(31, 14)', '(12, 10)', '(3, 7)', '(14, 16)', '(3, 16)', '(32, 6)', '(8, 6)', '(24, 2)', '(13, 2)', '(33, 14)', '(24, 11)', '(10, 12)', '(1, 9)', '(18, 4)', '(16, 16)', '(29, 1)', '(29, 10)', '(6, 8)', '(34, 6)', '(20, 7)', '(31, 16)', '(20, 16)', '(23, 12)', '(12, 12)', '(4, 8)', '(27, 3)', '(27, 12)', '(30, 8)', '(8, 8)', '(33, 16)', '(1, 11)', '(10, 14)', '(6, 10)', '(20, 9)', '(14, 2)', '(12, 14)', '(14, 11)', '(4, 10)', '(27, 5)', '(32, 1)', '(30, 1)', '(8, 1)', '(27, 14)', '(17, 13)', '(30, 10)', '(8, 10)', '(1, 4)', '(11, 6)', '(2, 3)', '(16, 2)', '(10, 16)', '(1, 13)', '(25, 14)', '(20, 2)', '(6, 12)', '(20, 11)', '(4, 3)', '(23, 16)', '(12, 16)', '(4, 12)', '(27, 7)', '(17, 6)', '(30, 3)', '(27, 16)', '(30, 12)', '(19, 12)', '(8, 12)', '(11, 8)', '(2, 5)', '(16, 4)', '(25, 16)', '(15, 8)', '(6, 5)', '(31, 4)', '(20, 4)', '(29, 16)', '(6, 14)', '(21, 12)', '(23, 9)', '(4, 5)', '(4, 14)', '(34, 15)', '(27, 9)', '(17, 8)', '(30, 5)', '(33, 4)', '(10, 2)', '(19, 5)', '(30, 14)', '(10, 11)', '(8, 14)', '(11, 10)', '(25, 9)', '(32, 8)', '(2, 7)', '(2, 16)', '(15, 10)', '(31, 6)', '(7, 6)', '(18, 6)', '(23, 2)', '(6, 16)', '(12, 2)', '(21, 5)', '(12, 11)', '(4, 7)', '(34, 8)', '(27, 2)', '(4, 16)', '(28, 1)', '(27, 11)', '(17, 10)', '(19, 7)', '(9, 6)', '(25, 2)', '(30, 16)', '(19, 16)', '(8, 16)', '(10, 13)', '(32, 10)', '(15, 3)', '(15, 12)', '(6, 9)', '(7, 8)']",63,0,63
249,"(6, 3)","(5, 3)",East,"[('(7, 3)', 'East', 1), ('(5, 3)', 'West', 1)]","['(5, 1)', '(23, 5)', '(16, 6)', '(21, 7)', '(6, 3)']","['(7, 3)', '(5, 1)', '(23, 5)', '(16, 6)', '(21, 7)']","['(21, 16)', '(34, 1)', '(4, 9)', '(34, 10)', '(27, 4)', '(27, 13)', '(17, 12)', '(30, 9)', '(10, 6)', '(8, 9)', '(32, 12)', '(13, 8)', '(7, 1)', '(1, 15)', '(26, 14)', '(15, 14)', '(6, 11)', '(21, 9)', '(34, 3)', '(34, 12)', '(27, 6)', '(5, 3)', '(19, 2)', '(9, 1)', '(17, 14)', '(19, 11)', '(8, 11)', '(11, 7)', '(11, 16)', '(32, 14)', '(1, 8)', '(29, 6)', '(21, 2)', '(26, 16)', '(15, 16)', '(6, 13)', '(18, 12)', '(34, 14)', '(22, 12)', '(27, 8)', '(14, 8)', '(5, 5)', '(30, 4)', '(19, 4)', '(28, 16)', '(30, 13)', '(17, 16)', '(5, 14)', '(33, 6)', '(32, 16)', '(24, 12)', '(13, 12)', '(25, 11)', '(26, 9)', '(16, 8)', '(1, 10)', '(6, 6)', '(21, 4)', '(31, 8)', '(34, 7)', '(22, 5)', '(27, 1)', '(34, 16)', '(12, 13)', '(14, 10)', '(17, 9)', '(30, 6)', '(3, 10)', '(19, 6)', '(11, 2)', '(5, 16)', '(9, 14)', '(33, 8)', '(1, 3)', '(26, 2)', '(15, 2)', '(13, 14)', '(26, 11)', '(1, 12)', '(16, 10)', '(18, 16)', '(7, 16)', '(31, 1)', '(31, 10)', '(20, 10)', '(3, 3)', '(17, 2)', '(22, 16)', '(14, 12)', '(4, 11)', '(9, 16)', '(33, 1)', '(33, 10)', '(1, 5)', '(15, 4)', '(6, 1)', '(24, 16)', '(13, 16)', '(25, 15)', '(16, 12)', '(1, 14)', '(31, 3)', '(34, 2)', '(31, 12)', '(34, 11)', '(20, 12)', '(22, 9)', '(12, 8)', '(3, 5)', '(17, 4)', '(14, 14)', '(4, 13)', '(32, 4)', '(10, 1)', '(8, 13)', '(33, 12)', '(24, 9)', '(10, 10)', '(1, 7)', '(18, 2)', '(1, 16)', '(16, 14)', '(34, 4)', '(22, 2)', '(31, 14)', '(12, 10)', '(3, 7)', '(14, 16)', '(3, 16)', '(32, 6)', '(8, 6)', '(24, 2)', '(13, 2)', '(33, 14)', '(24, 11)', '(10, 12)', '(1, 9)', '(18, 4)', '(16, 16)', '(29, 1)', '(29, 10)', '(6, 8)', '(34, 6)', '(20, 7)', '(31, 16)', '(20, 16)', '(23, 12)', '(12, 12)', '(4, 8)', '(27, 3)', '(27, 12)', '(30, 8)', '(8, 8)', '(33, 16)', '(1, 11)', '(10, 14)', '(6, 10)', '(20, 9)', '(14, 2)', '(12, 14)', '(14, 11)', '(4, 10)', '(27, 5)', '(32, 1)', '(30, 1)', '(8, 1)', '(27, 14)', '(17, 13)', '(30, 10)', '(8, 10)', '(1, 4)', '(11, 6)', '(2, 3)', '(16, 2)', '(10, 16)', '(1, 13)', '(25, 14)', '(6, 3)', '(20, 2)', '(6, 12)', '(20, 11)', '(4, 3)', '(23, 16)', '(12, 16)', '(4, 12)', '(27, 7)', '(17, 6)', '(30, 3)', '(27, 16)', '(30, 12)', '(19, 12)', '(8, 12)', '(11, 8)', '(2, 5)', '(16, 4)', '(25, 16)', '(15, 8)', '(6, 5)', '(31, 4)', '(20, 4)', '(29, 16)', '(6, 14)', '(21, 12)', '(23, 9)', '(4, 5)', '(4, 14)', '(34, 15)', '(27, 9)', '(17, 8)', '(30, 5)', '(33, 4)', '(10, 2)', '(19, 5)', '(30, 14)', '(10, 11)', '(8, 14)', '(11, 10)', '(25, 9)', '(32, 8)', '(2, 7)', '(2, 16)', '(15, 10)', '(31, 6)', '(7, 6)', '(18, 6)', '(23, 2)', '(6, 16)', '(12, 2)', '(21, 5)', '(12, 11)', '(4, 7)', '(34, 8)', '(27, 2)', '(4, 16)', '(28, 1)', '(27, 11)', '(17, 10)', '(19, 7)', '(9, 6)', '(25, 2)', '(30, 16)', '(19, 16)', '(8, 16)', '(10, 13)', '(32, 10)', '(15, 3)', '(15, 12)', '(6, 9)', '(7, 8)']",63,0,63
250,"(21, 7)","(20, 7)",East,"[('(22, 7)', 'East', 1), ('(20, 7)', 'West', 1)]","['(7, 3)', '(5, 1)', '(23, 5)', '(16, 6)', '(21, 7)']","['(22, 7)', '(7, 3)', '(5, 1)', '(23, 5)', '(16, 6)']","['(21, 16)', '(34, 1)', '(4, 9)', '(34, 10)', '(27, 4)', '(27, 13)', '(17, 12)', '(30, 9)', '(10, 6)', '(8, 9)', '(32, 12)', '(13, 8)', '(7, 1)', '(1, 15)', '(26, 14)', '(15, 14)', '(6, 11)', '(21, 9)', '(34, 3)', '(34, 12)', '(27, 6)', '(5, 3)', '(19, 2)', '(9, 1)', '(17, 14)', '(19, 11)', '(8, 11)', '(11, 7)', '(11, 16)', '(32, 14)', '(1, 8)', '(29, 6)', '(21, 2)', '(26, 16)', '(15, 16)', '(6, 13)', '(18, 12)', '(34, 14)', '(22, 12)', '(27, 8)', '(14, 8)', '(5, 5)', '(30, 4)', '(19, 4)', '(28, 16)', '(30, 13)', '(17, 16)', '(5, 14)', '(33, 6)', '(32, 16)', '(24, 12)', '(13, 12)', '(25, 11)', '(26, 9)', '(16, 8)', '(1, 10)', '(6, 6)', '(21, 4)', '(31, 8)', '(34, 7)', '(22, 5)', '(27, 1)', '(34, 16)', '(12, 13)', '(14, 10)', '(17, 9)', '(30, 6)', '(3, 10)', '(19, 6)', '(11, 2)', '(5, 16)', '(9, 14)', '(33, 8)', '(1, 3)', '(26, 2)', '(15, 2)', '(13, 14)', '(26, 11)', '(1, 12)', '(16, 10)', '(18, 16)', '(7, 16)', '(31, 1)', '(31, 10)', '(20, 10)', '(3, 3)', '(17, 2)', '(22, 16)', '(14, 12)', '(4, 11)', '(9, 16)', '(33, 1)', '(33, 10)', '(1, 5)', '(15, 4)', '(6, 1)', '(24, 16)', '(13, 16)', '(25, 15)', '(16, 12)', '(1, 14)', '(31, 3)', '(34, 2)', '(31, 12)', '(34, 11)', '(20, 12)', '(22, 9)', '(12, 8)', '(3, 5)', '(17, 4)', '(14, 14)', '(4, 13)', '(32, 4)', '(10, 1)', '(8, 13)', '(33, 12)', '(24, 9)', '(10, 10)', '(1, 7)', '(18, 2)', '(1, 16)', '(16, 14)', '(34, 4)', '(22, 2)', '(31, 14)', '(12, 10)', '(3, 7)', '(14, 16)', '(3, 16)', '(32, 6)', '(8, 6)', '(24, 2)', '(13, 2)', '(33, 14)', '(24, 11)', '(10, 12)', '(1, 9)', '(18, 4)', '(16, 16)', '(29, 1)', '(29, 10)', '(6, 8)', '(34, 6)', '(20, 7)', '(31, 16)', '(20, 16)', '(23, 12)', '(12, 12)', '(4, 8)', '(27, 3)', '(27, 12)', '(30, 8)', '(8, 8)', '(33, 16)', '(1, 11)', '(10, 14)', '(6, 10)', '(20, 9)', '(14, 2)', '(12, 14)', '(14, 11)', '(4, 10)', '(27, 5)', '(32, 1)', '(30, 1)', '(8, 1)', '(27, 14)', '(17, 13)', '(30, 10)', '(8, 10)', '(1, 4)', '(11, 6)', '(2, 3)', '(16, 2)', '(10, 16)', '(1, 13)', '(25, 14)', '(6, 3)', '(20, 2)', '(6, 12)', '(20, 11)', '(4, 3)', '(23, 16)', '(12, 16)', '(4, 12)', '(27, 7)', '(17, 6)', '(30, 3)', '(27, 16)', '(30, 12)', '(19, 12)', '(8, 12)', '(11, 8)', '(2, 5)', '(16, 4)', '(25, 16)', '(15, 8)', '(6, 5)', '(31, 4)', '(20, 4)', '(29, 16)', '(6, 14)', '(21, 12)', '(23, 9)', '(4, 5)', '(4, 14)', '(34, 15)', '(27, 9)', '(17, 8)', '(30, 5)', '(33, 4)', '(10, 2)', '(19, 5)', '(30, 14)', '(10, 11)', '(8, 14)', '(11, 10)', '(25, 9)', '(32, 8)', '(2, 7)', '(2, 16)', '(15, 10)', '(31, 6)', '(7, 6)', '(18, 6)', '(23, 2)', '(6, 16)', '(12, 2)', '(21, 5)', '(12, 11)', '(4, 7)', '(34, 8)', '(27, 2)', '(4, 16)', '(28, 1)', '(27, 11)', '(17, 10)', '(19, 7)', '(9, 6)', '(25, 2)', '(30, 16)', '(19, 16)', '(8, 16)', '(10, 13)', '(32, 10)', '(15, 3)', '(15, 12)', '(6, 9)', '(7, 8)', '(21, 7)']",64,0,64
251,"(16, 6)","(17, 6)",West,"[('(17, 6)', 'East', 1), ('(15, 6)', 'West', 1)]","['(22, 7)', '(7, 3)', '(5, 1)', '(23, 5)', '(16, 6)']","['(15, 6)', '(22, 7)', '(7, 3)', '(5, 1)', '(23, 5)']","['(21, 16)', '(34, 1)', '(4, 9)', '(34, 10)', '(27, 4)', '(27, 13)', '(17, 12)', '(30, 9)', '(10, 6)', '(8, 9)', '(32, 12)', '(13, 8)', '(7, 1)', '(1, 15)', '(26, 14)', '(15, 14)', '(6, 11)', '(21, 9)', '(34, 3)', '(34, 12)', '(27, 6)', '(5, 3)', '(19, 2)', '(9, 1)', '(17, 14)', '(19, 11)', '(8, 11)', '(11, 7)', '(11, 16)', '(32, 14)', '(1, 8)', '(29, 6)', '(16, 6)', '(21, 2)', '(26, 16)', '(15, 16)', '(6, 13)', '(18, 12)', '(34, 14)', '(22, 12)', '(27, 8)', '(14, 8)', '(5, 5)', '(30, 4)', '(19, 4)', '(28, 16)', '(30, 13)', '(17, 16)', '(5, 14)', '(33, 6)', '(32, 16)', '(24, 12)', '(13, 12)', '(25, 11)', '(26, 9)', '(16, 8)', '(1, 10)', '(6, 6)', '(21, 4)', '(31, 8)', '(34, 7)', '(22, 5)', '(27, 1)', '(34, 16)', '(12, 13)', '(14, 10)', '(17, 9)', '(30, 6)', '(3, 10)', '(19, 6)', '(11, 2)', '(5, 16)', '(9, 14)', '(33, 8)', '(1, 3)', '(26, 2)', '(15, 2)', '(13, 14)', '(26, 11)', '(1, 12)', '(16, 10)', '(18, 16)', '(7, 16)', '(31, 1)', '(31, 10)', '(20, 10)', '(3, 3)', '(17, 2)', '(22, 16)', '(14, 12)', '(4, 11)', '(9, 16)', '(33, 1)', '(33, 10)', '(1, 5)', '(15, 4)', '(6, 1)', '(24, 16)', '(13, 16)', '(25, 15)', '(16, 12)', '(1, 14)', '(31, 3)', '(34, 2)', '(31, 12)', '(34, 11)', '(20, 12)', '(22, 9)', '(12, 8)', '(3, 5)', '(17, 4)', '(14, 14)', '(4, 13)', '(32, 4)', '(10, 1)', '(8, 13)', '(33, 12)', '(24, 9)', '(10, 10)', '(1, 7)', '(18, 2)', '(1, 16)', '(16, 14)', '(34, 4)', '(22, 2)', '(31, 14)', '(12, 10)', '(3, 7)', '(14, 16)', '(3, 16)', '(32, 6)', '(8, 6)', '(24, 2)', '(13, 2)', '(33, 14)', '(24, 11)', '(10, 12)', '(1, 9)', '(18, 4)', '(16, 16)', '(29, 1)', '(29, 10)', '(6, 8)', '(34, 6)', '(20, 7)', '(31, 16)', '(20, 16)', '(23, 12)', '(12, 12)', '(4, 8)', '(27, 3)', '(27, 12)', '(30, 8)', '(8, 8)', '(33, 16)', '(1, 11)', '(10, 14)', '(6, 10)', '(20, 9)', '(14, 2)', '(12, 14)', '(14, 11)', '(4, 10)', '(27, 5)', '(32, 1)', '(30, 1)', '(8, 1)', '(27, 14)', '(17, 13)', '(30, 10)', '(8, 10)', '(1, 4)', '(11, 6)', '(2, 3)', '(16, 2)', '(10, 16)', '(1, 13)', '(25, 14)', '(6, 3)', '(20, 2)', '(6, 12)', '(20, 11)', '(4, 3)', '(23, 16)', '(12, 16)', '(4, 12)', '(27, 7)', '(17, 6)', '(30, 3)', '(27, 16)', '(30, 12)', '(19, 12)', '(8, 12)', '(11, 8)', '(2, 5)', '(16, 4)', '(25, 16)', '(15, 8)', '(6, 5)', '(31, 4)', '(20, 4)', '(29, 16)', '(6, 14)', '(21, 12)', '(23, 9)', '(4, 5)', '(4, 14)', '(34, 15)', '(27, 9)', '(17, 8)', '(30, 5)', '(33, 4)', '(10, 2)', '(19, 5)', '(30, 14)', '(10, 11)', '(8, 14)', '(11, 10)', '(25, 9)', '(32, 8)', '(2, 7)', '(2, 16)', '(15, 10)', '(31, 6)', '(7, 6)', '(18, 6)', '(23, 2)', '(6, 16)', '(12, 2)', '(21, 5)', '(12, 11)', '(4, 7)', '(34, 8)', '(27, 2)', '(4, 16)', '(28, 1)', '(27, 11)', '(17, 10)', '(19, 7)', '(9, 6)', '(25, 2)', '(30, 16)', '(19, 16)', '(8, 16)', '(10, 13)', '(32, 10)', '(15, 3)', '(15, 12)', '(6, 9)', '(7, 8)', '(21, 7)']",64,0,64
252,"(23, 5)","(22, 5)",East,"[('(24, 5)', 'East', 1), ('(22, 5)', 'West', 1)]","['(15, 6)', '(22, 7)', '(7, 3)', '(5, 1)', '(23, 5)']","['(24, 5)', '(15, 6)', '(22, 7)', '(7, 3)', '(5, 1)']","['(21, 16)', '(34, 1)', '(4, 9)', '(34, 10)', '(27, 4)', '(27, 13)', '(17, 12)', '(30, 9)', '(10, 6)', '(8, 9)', '(32, 12)', '(13, 8)', '(7, 1)', '(1, 15)', '(26, 14)', '(15, 14)', '(6, 11)', '(21, 9)', '(34, 3)', '(34, 12)', '(27, 6)', '(5, 3)', '(19, 2)', '(9, 1)', '(17, 14)', '(19, 11)', '(8, 11)', '(11, 7)', '(11, 16)', '(32, 14)', '(1, 8)', '(29, 6)', '(16, 6)', '(21, 2)', '(26, 16)', '(15, 16)', '(6, 13)', '(18, 12)', '(34, 14)', '(22, 12)', '(27, 8)', '(14, 8)', '(5, 5)', '(30, 4)', '(19, 4)', '(28, 16)', '(30, 13)', '(17, 16)', '(5, 14)', '(33, 6)', '(32, 16)', '(24, 12)', '(13, 12)', '(25, 11)', '(26, 9)', '(16, 8)', '(1, 10)', '(6, 6)', '(21, 4)', '(31, 8)', '(34, 7)', '(22, 5)', '(27, 1)', '(34, 16)', '(12, 13)', '(14, 10)', '(17, 9)', '(30, 6)', '(3, 10)', '(19, 6)', '(11, 2)', '(5, 16)', '(9, 14)', '(33, 8)', '(1, 3)', '(26, 2)', '(15, 2)', '(13, 14)', '(26, 11)', '(1, 12)', '(16, 10)', '(18, 16)', '(7, 16)', '(31, 1)', '(31, 10)', '(20, 10)', '(3, 3)', '(17, 2)', '(22, 16)', '(14, 12)', '(4, 11)', '(9, 16)', '(33, 1)', '(33, 10)', '(1, 5)', '(15, 4)', '(6, 1)', '(24, 16)', '(13, 16)', '(25, 15)', '(16, 12)', '(1, 14)', '(31, 3)', '(34, 2)', '(31, 12)', '(34, 11)', '(20, 12)', '(22, 9)', '(12, 8)', '(3, 5)', '(17, 4)', '(14, 14)', '(4, 13)', '(32, 4)', '(10, 1)', '(8, 13)', '(33, 12)', '(24, 9)', '(10, 10)', '(1, 7)', '(18, 2)', '(1, 16)', '(16, 14)', '(34, 4)', '(22, 2)', '(31, 14)', '(12, 10)', '(3, 7)', '(14, 16)', '(3, 16)', '(32, 6)', '(8, 6)', '(24, 2)', '(13, 2)', '(33, 14)', '(24, 11)', '(10, 12)', '(1, 9)', '(18, 4)', '(16, 16)', '(29, 1)', '(29, 10)', '(6, 8)', '(34, 6)', '(20, 7)', '(31, 16)', '(20, 16)', '(23, 12)', '(12, 12)', '(4, 8)', '(27, 3)', '(27, 12)', '(30, 8)', '(8, 8)', '(33, 16)', '(1, 11)', '(10, 14)', '(6, 10)', '(20, 9)', '(23, 5)', '(14, 2)', '(12, 14)', '(14, 11)', '(4, 10)', '(27, 5)', '(32, 1)', '(30, 1)', '(8, 1)', '(27, 14)', '(17, 13)', '(30, 10)', '(8, 10)', '(1, 4)', '(11, 6)', '(2, 3)', '(16, 2)', '(10, 16)', '(1, 13)', '(25, 14)', '(6, 3)', '(20, 2)', '(6, 12)', '(20, 11)', '(4, 3)', '(23, 16)', '(12, 16)', '(4, 12)', '(27, 7)', '(17, 6)', '(30, 3)', '(27, 16)', '(30, 12)', '(19, 12)', '(8, 12)', '(11, 8)', '(2, 5)', '(16, 4)', '(25, 16)', '(15, 8)', '(6, 5)', '(31, 4)', '(20, 4)', '(29, 16)', '(6, 14)', '(21, 12)', '(23, 9)', '(4, 5)', '(4, 14)', '(34, 15)', '(27, 9)', '(17, 8)', '(30, 5)', '(33, 4)', '(10, 2)', '(19, 5)', '(30, 14)', '(10, 11)', '(8, 14)', '(11, 10)', '(25, 9)', '(32, 8)', '(2, 7)', '(2, 16)', '(15, 10)', '(31, 6)', '(7, 6)', '(18, 6)', '(23, 2)', '(6, 16)', '(12, 2)', '(21, 5)', '(12, 11)', '(4, 7)', '(34, 8)', '(27, 2)', '(4, 16)', '(28, 1)', '(27, 11)', '(17, 10)', '(19, 7)', '(9, 6)', '(25, 2)', '(30, 16)', '(19, 16)', '(8, 16)', '(10, 13)', '(32, 10)', '(15, 3)', '(15, 12)', '(6, 9)', '(7, 8)', '(21, 7)']",64,0,64
253,"(5, 1)","(6, 1)",West,"[('(6, 1)', 'East', 1), ('(4, 1)', 'West', 1)]","['(24, 5)', '(15, 6)', '(22, 7)', '(7, 3)', '(5, 1)']","['(4, 1)', '(24, 5)', '(15, 6)', '(22, 7)', '(7, 3)']","['(21, 16)', '(34, 1)', '(4, 9)', '(34, 10)', '(27, 4)', '(5, 1)', '(27, 13)', '(17, 12)', '(30, 9)', '(10, 6)', '(8, 9)', '(32, 12)', '(13, 8)', '(7, 1)', '(1, 15)', '(26, 14)', '(15, 14)', '(6, 11)', '(21, 9)', '(34, 3)', '(34, 12)', '(27, 6)', '(5, 3)', '(19, 2)', '(9, 1)', '(17, 14)', '(19, 11)', '(8, 11)', '(11, 7)', '(11, 16)', '(32, 14)', '(1, 8)', '(29, 6)', '(16, 6)', '(21, 2)', '(26, 16)', '(15, 16)', '(6, 13)', '(18, 12)', '(34, 14)', '(22, 12)', '(27, 8)', '(14, 8)', '(5, 5)', '(30, 4)', '(19, 4)', '(28, 16)', '(30, 13)', '(17, 16)', '(5, 14)', '(33, 6)', '(32, 16)', '(24, 12)', '(13, 12)', '(25, 11)', '(26, 9)', '(16, 8)', '(1, 10)', '(6, 6)', '(21, 4)', '(31, 8)', '(34, 7)', '(22, 5)', '(27, 1)', '(34, 16)', '(12, 13)', '(14, 10)', '(17, 9)', '(30, 6)', '(3, 10)', '(19, 6)', '(11, 2)', '(5, 16)', '(9, 14)', '(33, 8)', '(1, 3)', '(26, 2)', '(15, 2)', '(13, 14)', '(26, 11)', '(1, 12)', '(16, 10)', '(18, 16)', '(7, 16)', '(31, 1)', '(31, 10)', '(20, 10)', '(3, 3)', '(17, 2)', '(22, 16)', '(14, 12)', '(4, 11)', '(9, 16)', '(33, 1)', '(33, 10)', '(1, 5)', '(15, 4)', '(6, 1)', '(24, 16)', '(13, 16)', '(25, 15)', '(16, 12)', '(1, 14)', '(31, 3)', '(34, 2)', '(31, 12)', '(34, 11)', '(20, 12)', '(22, 9)', '(12, 8)', '(3, 5)', '(17, 4)', '(14, 14)', '(4, 13)', '(32, 4)', '(10, 1)', '(8, 13)', '(33, 12)', '(24, 9)', '(10, 10)', '(1, 7)', '(18, 2)', '(1, 16)', '(16, 14)', '(34, 4)', '(22, 2)', '(31, 14)', '(12, 10)', '(3, 7)', '(14, 16)', '(3, 16)', '(32, 6)', '(8, 6)', '(24, 2)', '(13, 2)', '(33, 14)', '(24, 11)', '(10, 12)', '(1, 9)', '(18, 4)', '(16, 16)', '(29, 1)', '(29, 10)', '(6, 8)', '(34, 6)', '(20, 7)', '(31, 16)', '(20, 16)', '(23, 12)', '(12, 12)', '(4, 8)', '(27, 3)', '(27, 12)', '(30, 8)', '(8, 8)', '(33, 16)', '(1, 11)', '(10, 14)', '(6, 10)', '(20, 9)', '(23, 5)', '(14, 2)', '(12, 14)', '(14, 11)', '(4, 10)', '(27, 5)', '(32, 1)', '(30, 1)', '(8, 1)', '(27, 14)', '(17, 13)', '(30, 10)', '(8, 10)', '(1, 4)', '(11, 6)', '(2, 3)', '(16, 2)', '(10, 16)', '(1, 13)', '(25, 14)', '(6, 3)', '(20, 2)', '(6, 12)', '(20, 11)', '(4, 3)', '(23, 16)', '(12, 16)', '(4, 12)', '(27, 7)', '(17, 6)', '(30, 3)', '(27, 16)', '(30, 12)', '(19, 12)', '(8, 12)', '(11, 8)', '(2, 5)', '(16, 4)', '(25, 16)', '(15, 8)', '(6, 5)', '(31, 4)', '(20, 4)', '(29, 16)', '(6, 14)', '(21, 12)', '(23, 9)', '(4, 5)', '(4, 14)', '(34, 15)', '(27, 9)', '(17, 8)', '(30, 5)', '(33, 4)', '(10, 2)', '(19, 5)', '(30, 14)', '(10, 11)', '(8, 14)', '(11, 10)', '(25, 9)', '(32, 8)', '(2, 7)', '(2, 16)', '(15, 10)', '(31, 6)', '(7, 6)', '(18, 6)', '(23, 2)', '(6, 16)', '(12, 2)', '(21, 5)', '(12, 11)', '(4, 7)', '(34, 8)', '(27, 2)', '(4, 16)', '(28, 1)', '(27, 11)', '(17, 10)', '(19, 7)', '(9, 6)', '(25, 2)', '(30, 16)', '(19, 16)', '(8, 16)', '(10, 13)', '(32, 10)', '(15, 3)', '(15, 12)', '(6, 9)', '(7, 8)', '(21, 7)']",64,0,64
254,"(7, 3)","(6, 3)",East,"[('(8, 3)', 'East', 1), ('(6, 3)', 'West', 1)]","['(4, 1)', '(24, 5)', '(15, 6)', '(22, 7)', '(7, 3)']","['(8, 3)', '(4, 1)', '(24, 5)', '(15, 6)', '(22, 7)']","['(21, 16)', '(34, 1)', '(4, 9)', '(34, 10)', '(27, 4)', '(5, 1)', '(27, 13)', '(17, 12)', '(30, 9)', '(10, 6)', '(8, 9)', '(32, 12)', '(13, 8)', '(7, 1)', '(1, 15)', '(26, 14)', '(15, 14)', '(6, 11)', '(21, 9)', '(34, 3)', '(34, 12)', '(27, 6)', '(5, 3)', '(19, 2)', '(9, 1)', '(17, 14)', '(19, 11)', '(8, 11)', '(11, 7)', '(11, 16)', '(32, 14)', '(1, 8)', '(29, 6)', '(16, 6)', '(7, 3)', '(21, 2)', '(26, 16)', '(15, 16)', '(6, 13)', '(18, 12)', '(34, 14)', '(22, 12)', '(27, 8)', '(14, 8)', '(5, 5)', '(30, 4)', '(19, 4)', '(28, 16)', '(30, 13)', '(17, 16)', '(5, 14)', '(33, 6)', '(32, 16)', '(24, 12)', '(13, 12)', '(25, 11)', '(26, 9)', '(16, 8)', '(1, 10)', '(6, 6)', '(21, 4)', '(31, 8)', '(34, 7)', '(22, 5)', '(27, 1)', '(34, 16)', '(12, 13)', '(14, 10)', '(17, 9)', '(30, 6)', '(3, 10)', '(19, 6)', '(11, 2)', '(5, 16)', '(9, 14)', '(33, 8)', '(1, 3)', '(26, 2)', '(15, 2)', '(13, 14)', '(26, 11)', '(1, 12)', '(16, 10)', '(18, 16)', '(7, 16)', '(31, 1)', '(31, 10)', '(20, 10)', '(3, 3)', '(17, 2)', '(22, 16)', '(14, 12)', '(4, 11)', '(9, 16)', '(33, 1)', '(33, 10)', '(1, 5)', '(15, 4)', '(6, 1)', '(24, 16)', '(13, 16)', '(25, 15)', '(16, 12)', '(1, 14)', '(31, 3)', '(34, 2)', '(31, 12)', '(34, 11)', '(20, 12)', '(22, 9)', '(12, 8)', '(3, 5)', '(17, 4)', '(14, 14)', '(4, 13)', '(32, 4)', '(10, 1)', '(8, 13)', '(33, 12)', '(24, 9)', '(10, 10)', '(1, 7)', '(18, 2)', '(1, 16)', '(16, 14)', '(34, 4)', '(22, 2)', '(31, 14)', '(12, 10)', '(3, 7)', '(14, 16)', '(3, 16)', '(32, 6)', '(8, 6)', '(24, 2)', '(13, 2)', '(33, 14)', '(24, 11)', '(10, 12)', '(1, 9)', '(18, 4)', '(16, 16)', '(29, 1)', '(29, 10)', '(6, 8)', '(34, 6)', '(20, 7)', '(31, 16)', '(20, 16)', '(23, 12)', '(12, 12)', '(4, 8)', '(27, 3)', '(27, 12)', '(30, 8)', '(8, 8)', '(33, 16)', '(1, 11)', '(10, 14)', '(6, 10)', '(20, 9)', '(23, 5)', '(14, 2)', '(12, 14)', '(14, 11)', '(4, 10)', '(27, 5)', '(32, 1)', '(30, 1)', '(8, 1)', '(27, 14)', '(17, 13)', '(30, 10)', '(8, 10)', '(1, 4)', '(11, 6)', '(2, 3)', '(16, 2)', '(10, 16)', '(1, 13)', '(25, 14)', '(6, 3)', '(20, 2)', '(6, 12)', '(20, 11)', '(4, 3)', '(23, 16)', '(12, 16)', '(4, 12)', '(27, 7)', '(17, 6)', '(30, 3)', '(27, 16)', '(30, 12)', '(19, 12)', '(8, 12)', '(11, 8)', '(2, 5)', '(16, 4)', '(25, 16)', '(15, 8)', '(6, 5)', '(31, 4)', '(20, 4)', '(29, 16)', '(6, 14)', '(21, 12)', '(23, 9)', '(4, 5)', '(4, 14)', '(34, 15)', '(27, 9)', '(17, 8)', '(30, 5)', '(33, 4)', '(10, 2)', '(19, 5)', '(30, 14)', '(10, 11)', '(8, 14)', '(11, 10)', '(25, 9)', '(32, 8)', '(2, 7)', '(2, 16)', '(15, 10)', '(31, 6)', '(7, 6)', '(18, 6)', '(23, 2)', '(6, 16)', '(12, 2)', '(21, 5)', '(12, 11)', '(4, 7)', '(34, 8)', '(27, 2)', '(4, 16)', '(28, 1)', '(27, 11)', '(17, 10)', '(19, 7)', '(9, 6)', '(25, 2)', '(30, 16)', '(19, 16)', '(8, 16)', '(10, 13)', '(32, 10)', '(15, 3)', '(15, 12)', '(6, 9)', '(7, 8)', '(21, 7)']",64,0,64
255,"(22, 7)","(21, 7)",East,"[('(23, 7)', 'East', 1), ('(21, 7)', 'West', 1)]","['(8, 3)', '(4, 1)', '(24, 5)', '(15, 6)', '(22, 7)']","['(23, 7)', '(8, 3)', '(4, 1)', '(24, 5)', '(15, 6)']","['(21, 16)', '(34, 1)', '(4, 9)', '(34, 10)', '(27, 4)', '(5, 1)', '(27, 13)', '(17, 12)', '(30, 9)', '(10, 6)', '(8, 9)', '(32, 12)', '(13, 8)', '(7, 1)', '(1, 15)', '(26, 14)', '(15, 14)', '(6, 11)', '(21, 9)', '(34, 3)', '(34, 12)', '(27, 6)', '(5, 3)', '(19, 2)', '(9, 1)', '(17, 14)', '(19, 11)', '(8, 11)', '(11, 7)', '(11, 16)', '(32, 14)', '(1, 8)', '(29, 6)', '(16, 6)', '(7, 3)', '(21, 2)', '(26, 16)', '(15, 16)', '(6, 13)', '(18, 12)', '(34, 14)', '(22, 12)', '(27, 8)', '(14, 8)', '(5, 5)', '(30, 4)', '(19, 4)', '(28, 16)', '(30, 13)', '(17, 16)', '(5, 14)', '(33, 6)', '(32, 16)', '(24, 12)', '(13, 12)', '(25, 11)', '(26, 9)', '(16, 8)', '(1, 10)', '(6, 6)', '(21, 4)', '(31, 8)', '(34, 7)', '(22, 5)', '(27, 1)', '(34, 16)', '(12, 13)', '(14, 10)', '(17, 9)', '(30, 6)', '(3, 10)', '(19, 6)', '(11, 2)', '(5, 16)', '(9, 14)', '(33, 8)', '(1, 3)', '(26, 2)', '(15, 2)', '(13, 14)', '(26, 11)', '(1, 12)', '(16, 10)', '(18, 16)', '(7, 16)', '(31, 1)', '(31, 10)', '(20, 10)', '(22, 7)', '(3, 3)', '(17, 2)', '(22, 16)', '(14, 12)', '(4, 11)', '(9, 16)', '(33, 1)', '(33, 10)', '(1, 5)', '(15, 4)', '(6, 1)', '(24, 16)', '(13, 16)', '(25, 15)', '(16, 12)', '(1, 14)', '(31, 3)', '(34, 2)', '(31, 12)', '(34, 11)', '(20, 12)', '(22, 9)', '(12, 8)', '(3, 5)', '(17, 4)', '(14, 14)', '(4, 13)', '(32, 4)', '(10, 1)', '(8, 13)', '(33, 12)', '(24, 9)', '(10, 10)', '(1, 7)', '(18, 2)', '(1, 16)', '(16, 14)', '(34, 4)', '(22, 2)', '(31, 14)', '(12, 10)', '(3, 7)', '(14, 16)', '(3, 16)', '(32, 6)', '(8, 6)', '(24, 2)', '(13, 2)', '(33, 14)', '(24, 11)', '(10, 12)', '(1, 9)', '(18, 4)', '(16, 16)', '(29, 1)', '(29, 10)', '(6, 8)', '(34, 6)', '(20, 7)', '(31, 16)', '(20, 16)', '(23, 12)', '(12, 12)', '(4, 8)', '(27, 3)', '(27, 12)', '(30, 8)', '(8, 8)', '(33, 16)', '(1, 11)', '(10, 14)', '(6, 10)', '(20, 9)', '(23, 5)', '(14, 2)', '(12, 14)', '(14, 11)', '(4, 10)', '(27, 5)', '(32, 1)', '(30, 1)', '(8, 1)', '(27, 14)', '(17, 13)', '(30, 10)', '(8, 10)', '(1, 4)', '(11, 6)', '(2, 3)', '(16, 2)', '(10, 16)', '(1, 13)', '(25, 14)', '(6, 3)', '(20, 2)', '(6, 12)', '(20, 11)', '(4, 3)', '(23, 16)', '(12, 16)', '(4, 12)', '(27, 7)', '(17, 6)', '(30, 3)', '(27, 16)', '(30, 12)', '(19, 12)', '(8, 12)', '(11, 8)', '(2, 5)', '(16, 4)', '(25, 16)', '(15, 8)', '(6, 5)', '(31, 4)', '(20, 4)', '(29, 16)', '(6, 14)', '(21, 12)', '(23, 9)', '(4, 5)', '(4, 14)', '(34, 15)', '(27, 9)', '(17, 8)', '(30, 5)', '(33, 4)', '(10, 2)', '(19, 5)', '(30, 14)', '(10, 11)', '(8, 14)', '(11, 10)', '(25, 9)', '(32, 8)', '(2, 7)', '(2, 16)', '(15, 10)', '(31, 6)', '(7, 6)', '(18, 6)', '(23, 2)', '(6, 16)', '(12, 2)', '(21, 5)', '(12, 11)', '(4, 7)', '(34, 8)', '(27, 2)', '(4, 16)', '(28, 1)', '(27, 11)', '(17, 10)', '(19, 7)', '(9, 6)', '(25, 2)', '(30, 16)', '(19, 16)', '(8, 16)', '(10, 13)', '(32, 10)', '(15, 3)', '(15, 12)', '(6, 9)', '(7, 8)', '(21, 7)']",65,0,65
256,"(15, 6)","(16, 6)",West,"[('(16, 6)', 'East', 1), ('(14, 6)', 'West', 1)]","['(23, 7)', '(8, 3)', '(4, 1)', '(24, 5)', '(15, 6)']","['(14, 6)', '(23, 7)', '(8, 3)', '(4, 1)', '(24, 5)']","['(21, 16)', '(34, 1)', '(4, 9)', '(34, 10)', '(27, 4)', '(5, 1)', '(27, 13)', '(17, 12)', '(30, 9)', '(10, 6)', '(8, 9)', '(32, 12)', '(13, 8)', '(7, 1)', '(1, 15)', '(26, 14)', '(15, 14)', '(6, 11)', '(21, 9)', '(34, 3)', '(34, 12)', '(27, 6)', '(5, 3)', '(19, 2)', '(9, 1)', '(17, 14)', '(19, 11)', '(8, 11)', '(11, 7)', '(11, 16)', '(32, 14)', '(1, 8)', '(29, 6)', '(16, 6)', '(7, 3)', '(21, 2)', '(26, 16)', '(15, 16)', '(6, 13)', '(18, 12)', '(34, 14)', '(22, 12)', '(27, 8)', '(14, 8)', '(5, 5)', '(30, 4)', '(19, 4)', '(28, 16)', '(30, 13)', '(17, 16)', '(5, 14)', '(33, 6)', '(32, 16)', '(24, 12)', '(13, 12)', '(25, 11)', '(26, 9)', '(16, 8)', '(1, 10)', '(6, 6)', '(21, 4)', '(31, 8)', '(34, 7)', '(22, 5)', '(27, 1)', '(34, 16)', '(12, 13)', '(14, 10)', '(17, 9)', '(30, 6)', '(3, 10)', '(19, 6)', '(11, 2)', '(5, 16)', '(9, 14)', '(33, 8)', '(1, 3)', '(26, 2)', '(15, 2)', '(13, 14)', '(26, 11)', '(1, 12)', '(16, 10)', '(18, 16)', '(7, 16)', '(31, 1)', '(31, 10)', '(20, 10)', '(22, 7)', '(3, 3)', '(17, 2)', '(22, 16)', '(14, 12)', '(4, 11)', '(9, 16)', '(33, 1)', '(33, 10)', '(1, 5)', '(15, 4)', '(6, 1)', '(24, 16)', '(13, 16)', '(25, 15)', '(16, 12)', '(1, 14)', '(31, 3)', '(34, 2)', '(31, 12)', '(34, 11)', '(20, 12)', '(22, 9)', '(12, 8)', '(3, 5)', '(17, 4)', '(14, 14)', '(4, 13)', '(32, 4)', '(10, 1)', '(8, 13)', '(33, 12)', '(24, 9)', '(10, 10)', '(1, 7)', '(15, 6)', '(18, 2)', '(1, 16)', '(16, 14)', '(34, 4)', '(22, 2)', '(31, 14)', '(12, 10)', '(3, 7)', '(14, 16)', '(3, 16)', '(32, 6)', '(8, 6)', '(24, 2)', '(13, 2)', '(33, 14)', '(24, 11)', '(10, 12)', '(1, 9)', '(18, 4)', '(16, 16)', '(29, 1)', '(29, 10)', '(6, 8)', '(34, 6)', '(20, 7)', '(31, 16)', '(20, 16)', '(23, 12)', '(12, 12)', '(4, 8)', '(27, 3)', '(27, 12)', '(30, 8)', '(8, 8)', '(33, 16)', '(1, 11)', '(10, 14)', '(6, 10)', '(20, 9)', '(23, 5)', '(14, 2)', '(12, 14)', '(14, 11)', '(4, 10)', '(27, 5)', '(32, 1)', '(30, 1)', '(8, 1)', '(27, 14)', '(17, 13)', '(30, 10)', '(8, 10)', '(1, 4)', '(11, 6)', '(2, 3)', '(16, 2)', '(10, 16)', '(1, 13)', '(25, 14)', '(6, 3)', '(20, 2)', '(6, 12)', '(20, 11)', '(4, 3)', '(23, 16)', '(12, 16)', '(4, 12)', '(27, 7)', '(17, 6)', '(30, 3)', '(27, 16)', '(30, 12)', '(19, 12)', '(8, 12)', '(11, 8)', '(2, 5)', '(16, 4)', '(25, 16)', '(15, 8)', '(6, 5)', '(31, 4)', '(20, 4)', '(29, 16)', '(6, 14)', '(21, 12)', '(23, 9)', '(4, 5)', '(4, 14)', '(34, 15)', '(27, 9)', '(17, 8)', '(30, 5)', '(33, 4)', '(10, 2)', '(19, 5)', '(30, 14)', '(10, 11)', '(8, 14)', '(11, 10)', '(25, 9)', '(32, 8)', '(2, 7)', '(2, 16)', '(15, 10)', '(31, 6)', '(7, 6)', '(18, 6)', '(23, 2)', '(6, 16)', '(12, 2)', '(21, 5)', '(12, 11)', '(4, 7)', '(34, 8)', '(27, 2)', '(4, 16)', '(28, 1)', '(27, 11)', '(17, 10)', '(19, 7)', '(9, 6)', '(25, 2)', '(30, 16)', '(19, 16)', '(8, 16)', '(10, 13)', '(32, 10)', '(15, 3)', '(15, 12)', '(6, 9)', '(7, 8)', '(21, 7)']",65,0,65
257,"(24, 5)","(23, 5)",East,"[('(24, 6)', 'North', 1), ('(23, 5)', 'West', 1)]","['(14, 6)', '(23, 7)', '(8, 3)', '(4, 1)', '(24, 5)']","['(24, 6)', '(14, 6)', '(23, 7)', '(8, 3)', '(4, 1)']","['(21, 16)', '(34, 1)', '(4, 9)', '(34, 10)', '(27, 4)', '(5, 1)', '(27, 13)', '(17, 12)', '(30, 9)', '(10, 6)', '(8, 9)', '(32, 12)', '(13, 8)', '(7, 1)', '(1, 15)', '(26, 14)', '(15, 14)', '(6, 11)', '(21, 9)', '(34, 3)', '(34, 12)', '(27, 6)', '(5, 3)', '(19, 2)', '(9, 1)', '(17, 14)', '(19, 11)', '(8, 11)', '(11, 7)', '(11, 16)', '(32, 14)', '(1, 8)', '(29, 6)', '(16, 6)', '(7, 3)', '(21, 2)', '(26, 16)', '(15, 16)', '(6, 13)', '(18, 12)', '(34, 14)', '(22, 12)', '(27, 8)', '(14, 8)', '(5, 5)', '(30, 4)', '(19, 4)', '(28, 16)', '(30, 13)', '(17, 16)', '(5, 14)', '(33, 6)', '(32, 16)', '(24, 12)', '(13, 12)', '(25, 11)', '(26, 9)', '(16, 8)', '(1, 10)', '(6, 6)', '(21, 4)', '(31, 8)', '(34, 7)', '(22, 5)', '(27, 1)', '(34, 16)', '(12, 13)', '(14, 10)', '(17, 9)', '(30, 6)', '(3, 10)', '(19, 6)', '(11, 2)', '(5, 16)', '(9, 14)', '(33, 8)', '(1, 3)', '(26, 2)', '(15, 2)', '(24, 5)', '(13, 14)', '(26, 11)', '(1, 12)', '(16, 10)', '(18, 16)', '(7, 16)', '(31, 1)', '(31, 10)', '(20, 10)', '(22, 7)', '(3, 3)', '(17, 2)', '(22, 16)', '(14, 12)', '(4, 11)', '(9, 16)', '(33, 1)', '(33, 10)', '(1, 5)', '(15, 4)', '(6, 1)', '(24, 16)', '(13, 16)', '(25, 15)', '(16, 12)', '(1, 14)', '(31, 3)', '(34, 2)', '(31, 12)', '(34, 11)', '(20, 12)', '(22, 9)', '(12, 8)', '(3, 5)', '(17, 4)', '(14, 14)', '(4, 13)', '(32, 4)', '(10, 1)', '(8, 13)', '(33, 12)', '(24, 9)', '(10, 10)', '(1, 7)', '(15, 6)', '(18, 2)', '(1, 16)', '(16, 14)', '(34, 4)', '(22, 2)', '(31, 14)', '(12, 10)', '(3, 7)', '(14, 16)', '(3, 16)', '(32, 6)', '(8, 6)', '(24, 2)', '(13, 2)', '(33, 14)', '(24, 11)', '(10, 12)', '(1, 9)', '(18, 4)', '(16, 16)', '(29, 1)', '(29, 10)', '(6, 8)', '(34, 6)', '(20, 7)', '(31, 16)', '(20, 16)', '(23, 12)', '(12, 12)', '(4, 8)', '(27, 3)', '(27, 12)', '(30, 8)', '(8, 8)', '(33, 16)', '(1, 11)', '(10, 14)', '(6, 10)', '(20, 9)', '(23, 5)', '(14, 2)', '(12, 14)', '(14, 11)', '(4, 10)', '(27, 5)', '(32, 1)', '(30, 1)', '(8, 1)', '(27, 14)', '(17, 13)', '(30, 10)', '(8, 10)', '(1, 4)', '(11, 6)', '(2, 3)', '(16, 2)', '(10, 16)', '(1, 13)', '(25, 14)', '(6, 3)', '(20, 2)', '(6, 12)', '(20, 11)', '(4, 3)', '(23, 16)', '(12, 16)', '(4, 12)', '(27, 7)', '(17, 6)', '(30, 3)', '(27, 16)', '(30, 12)', '(19, 12)', '(8, 12)', '(11, 8)', '(2, 5)', '(16, 4)', '(25, 16)', '(15, 8)', '(6, 5)', '(31, 4)', '(20, 4)', '(29, 16)', '(6, 14)', '(21, 12)', '(23, 9)', '(4, 5)', '(4, 14)', '(34, 15)', '(27, 9)', '(17, 8)', '(30, 5)', '(33, 4)', '(10, 2)', '(19, 5)', '(30, 14)', '(10, 11)', '(8, 14)', '(11, 10)', '(25, 9)', '(32, 8)', '(2, 7)', '(2, 16)', '(15, 10)', '(31, 6)', '(7, 6)', '(18, 6)', '(23, 2)', '(6, 16)', '(12, 2)', '(21, 5)', '(12, 11)', '(4, 7)', '(34, 8)', '(27, 2)', '(4, 16)', '(28, 1)', '(27, 11)', '(17, 10)', '(19, 7)', '(9, 6)', '(25, 2)', '(30, 16)', '(19, 16)', '(8, 16)', '(10, 13)', '(32, 10)', '(15, 3)', '(15, 12)', '(6, 9)', '(7, 8)', '(21, 7)']",65,0,65
258,"(4, 1)","(5, 1)",West,"[('(5, 1)', 'East', 1), ('(3, 1)', 'West', 1)]","['(24, 6)', '(14, 6)', '(23, 7)', '(8, 3)', '(4, 1)']","['(3, 1)', '(24, 6)', '(14, 6)', '(23, 7)', '(8, 3)']","['(21, 16)', '(34, 1)', '(4, 9)', '(34, 10)', '(27, 4)', '(5, 1)', '(27, 13)', '(17, 12)', '(30, 9)', '(10, 6)', '(8, 9)', '(32, 12)', '(13, 8)', '(7, 1)', '(1, 15)', '(26, 14)', '(15, 14)', '(6, 11)', '(21, 9)', '(34, 3)', '(34, 12)', '(27, 6)', '(5, 3)', '(19, 2)', '(9, 1)', '(17, 14)', '(19, 11)', '(8, 11)', '(11, 7)', '(11, 16)', '(32, 14)', '(1, 8)', '(29, 6)', '(16, 6)', '(7, 3)', '(21, 2)', '(26, 16)', '(15, 16)', '(6, 13)', '(18, 12)', '(34, 14)', '(22, 12)', '(27, 8)', '(14, 8)', '(5, 5)', '(30, 4)', '(19, 4)', '(28, 16)', '(30, 13)', '(17, 16)', '(5, 14)', '(33, 6)', '(32, 16)', '(24, 12)', '(13, 12)', '(25, 11)', '(26, 9)', '(16, 8)', '(1, 10)', '(6, 6)', '(21, 4)', '(31, 8)', '(34, 7)', '(22, 5)', '(27, 1)', '(34, 16)', '(12, 13)', '(14, 10)', '(17, 9)', '(30, 6)', '(3, 10)', '(19, 6)', '(11, 2)', '(5, 16)', '(9, 14)', '(33, 8)', '(1, 3)', '(26, 2)', '(15, 2)', '(24, 5)', '(13, 14)', '(26, 11)', '(1, 12)', '(16, 10)', '(18, 16)', '(7, 16)', '(31, 1)', '(31, 10)', '(20, 10)', '(22, 7)', '(3, 3)', '(17, 2)', '(22, 16)', '(14, 12)', '(4, 11)', '(9, 16)', '(33, 1)', '(33, 10)', '(1, 5)', '(15, 4)', '(6, 1)', '(24, 16)', '(13, 16)', '(25, 15)', '(16, 12)', '(1, 14)', '(31, 3)', '(34, 2)', '(31, 12)', '(34, 11)', '(20, 12)', '(22, 9)', '(12, 8)', '(3, 5)', '(17, 4)', '(14, 14)', '(4, 13)', '(32, 4)', '(10, 1)', '(8, 13)', '(33, 12)', '(24, 9)', '(10, 10)', '(1, 7)', '(15, 6)', '(18, 2)', '(1, 16)', '(16, 14)', '(34, 4)', '(22, 2)', '(31, 14)', '(12, 10)', '(3, 7)', '(14, 16)', '(3, 16)', '(32, 6)', '(8, 6)', '(24, 2)', '(13, 2)', '(33, 14)', '(24, 11)', '(10, 12)', '(1, 9)', '(18, 4)', '(16, 16)', '(29, 1)', '(29, 10)', '(6, 8)', '(34, 6)', '(20, 7)', '(31, 16)', '(20, 16)', '(23, 12)', '(12, 12)', '(4, 8)', '(27, 3)', '(27, 12)', '(30, 8)', '(8, 8)', '(33, 16)', '(1, 11)', '(10, 14)', '(6, 10)', '(20, 9)', '(23, 5)', '(14, 2)', '(4, 1)', '(12, 14)', '(14, 11)', '(4, 10)', '(27, 5)', '(32, 1)', '(30, 1)', '(8, 1)', '(27, 14)', '(17, 13)', '(30, 10)', '(8, 10)', '(1, 4)', '(11, 6)', '(2, 3)', '(16, 2)', '(10, 16)', '(1, 13)', '(25, 14)', '(6, 3)', '(20, 2)', '(6, 12)', '(20, 11)', '(4, 3)', '(23, 16)', '(12, 16)', '(4, 12)', '(27, 7)', '(17, 6)', '(30, 3)', '(27, 16)', '(30, 12)', '(19, 12)', '(8, 12)', '(11, 8)', '(2, 5)', '(16, 4)', '(25, 16)', '(15, 8)', '(6, 5)', '(31, 4)', '(20, 4)', '(29, 16)', '(6, 14)', '(21, 12)', '(23, 9)', '(4, 5)', '(4, 14)', '(34, 15)', '(27, 9)', '(17, 8)', '(30, 5)', '(33, 4)', '(10, 2)', '(19, 5)', '(30, 14)', '(10, 11)', '(8, 14)', '(11, 10)', '(25, 9)', '(32, 8)', '(2, 7)', '(2, 16)', '(15, 10)', '(31, 6)', '(7, 6)', '(18, 6)', '(23, 2)', '(6, 16)', '(12, 2)', '(21, 5)', '(12, 11)', '(4, 7)', '(34, 8)', '(27, 2)', '(4, 16)', '(28, 1)', '(27, 11)', '(17, 10)', '(19, 7)', '(9, 6)', '(25, 2)', '(30, 16)', '(19, 16)', '(8, 16)', '(10, 13)', '(32, 10)', '(15, 3)', '(15, 12)', '(6, 9)', '(7, 8)', '(21, 7)']",65,0,65
259,"(8, 3)","(7, 3)",East,"[('(8, 4)', 'North', 1), ('(7, 3)', 'West', 1)]","['(3, 1)', '(24, 6)', '(14, 6)', '(23, 7)', '(8, 3)']","['(8, 4)', '(3, 1)', '(24, 6)', '(14, 6)', '(23, 7)']","['(21, 16)', '(34, 1)', '(4, 9)', '(34, 10)', '(27, 4)', '(5, 1)', '(27, 13)', '(17, 12)', '(30, 9)', '(10, 6)', '(8, 9)', '(32, 12)', '(13, 8)', '(7, 1)', '(1, 15)', '(26, 14)', '(15, 14)', '(6, 11)', '(21, 9)', '(34, 3)', '(34, 12)', '(27, 6)', '(5, 3)', '(19, 2)', '(9, 1)', '(17, 14)', '(19, 11)', '(8, 11)', '(11, 7)', '(11, 16)', '(32, 14)', '(1, 8)', '(29, 6)', '(16, 6)', '(7, 3)', '(21, 2)', '(26, 16)', '(15, 16)', '(6, 13)', '(18, 12)', '(34, 14)', '(22, 12)', '(27, 8)', '(14, 8)', '(5, 5)', '(30, 4)', '(19, 4)', '(28, 16)', '(30, 13)', '(17, 16)', '(5, 14)', '(33, 6)', '(32, 16)', '(24, 12)', '(13, 12)', '(25, 11)', '(26, 9)', '(16, 8)', '(1, 10)', '(6, 6)', '(21, 4)', '(31, 8)', '(34, 7)', '(22, 5)', '(27, 1)', '(34, 16)', '(12, 13)', '(14, 10)', '(17, 9)', '(30, 6)', '(3, 10)', '(19, 6)', '(11, 2)', '(5, 16)', '(9, 14)', '(33, 8)', '(1, 3)', '(26, 2)', '(15, 2)', '(24, 5)', '(13, 14)', '(26, 11)', '(1, 12)', '(16, 10)', '(18, 16)', '(7, 16)', '(31, 1)', '(31, 10)', '(20, 10)', '(22, 7)', '(3, 3)', '(17, 2)', '(22, 16)', '(14, 12)', '(4, 11)', '(9, 16)', '(33, 1)', '(33, 10)', '(1, 5)', '(15, 4)', '(6, 1)', '(24, 16)', '(13, 16)', '(25, 15)', '(16, 12)', '(1, 14)', '(31, 3)', '(34, 2)', '(31, 12)', '(34, 11)', '(20, 12)', '(22, 9)', '(12, 8)', '(3, 5)', '(17, 4)', '(14, 14)', '(4, 13)', '(32, 4)', '(10, 1)', '(8, 13)', '(33, 12)', '(24, 9)', '(10, 10)', '(1, 7)', '(15, 6)', '(18, 2)', '(1, 16)', '(16, 14)', '(34, 4)', '(22, 2)', '(31, 14)', '(12, 10)', '(3, 7)', '(14, 16)', '(3, 16)', '(32, 6)', '(8, 6)', '(24, 2)', '(13, 2)', '(33, 14)', '(24, 11)', '(10, 12)', '(1, 9)', '(18, 4)', '(16, 16)', '(29, 1)', '(29, 10)', '(6, 8)', '(34, 6)', '(20, 7)', '(31, 16)', '(20, 16)', '(23, 12)', '(12, 12)', '(4, 8)', '(27, 3)', '(27, 12)', '(30, 8)', '(8, 8)', '(33, 16)', '(1, 11)', '(10, 14)', '(6, 10)', '(20, 9)', '(23, 5)', '(14, 2)', '(4, 1)', '(12, 14)', '(14, 11)', '(4, 10)', '(27, 5)', '(32, 1)', '(30, 1)', '(8, 1)', '(27, 14)', '(17, 13)', '(30, 10)', '(8, 10)', '(1, 4)', '(11, 6)', '(2, 3)', '(16, 2)', '(10, 16)', '(1, 13)', '(25, 14)', '(6, 3)', '(20, 2)', '(6, 12)', '(20, 11)', '(4, 3)', '(23, 16)', '(12, 16)', '(4, 12)', '(27, 7)', '(17, 6)', '(30, 3)', '(8, 3)', '(27, 16)', '(30, 12)', '(19, 12)', '(8, 12)', '(11, 8)', '(2, 5)', '(16, 4)', '(25, 16)', '(15, 8)', '(6, 5)', '(31, 4)', '(20, 4)', '(29, 16)', '(6, 14)', '(21, 12)', '(23, 9)', '(4, 5)', '(4, 14)', '(34, 15)', '(27, 9)', '(17, 8)', '(30, 5)', '(33, 4)', '(10, 2)', '(19, 5)', '(30, 14)', '(10, 11)', '(8, 14)', '(11, 10)', '(25, 9)', '(32, 8)', '(2, 7)', '(2, 16)', '(15, 10)', '(31, 6)', '(7, 6)', '(18, 6)', '(23, 2)', '(6, 16)', '(12, 2)', '(21, 5)', '(12, 11)', '(4, 7)', '(34, 8)', '(27, 2)', '(4, 16)', '(28, 1)', '(27, 11)', '(17, 10)', '(19, 7)', '(9, 6)', '(25, 2)', '(30, 16)', '(19, 16)', '(8, 16)', '(10, 13)', '(32, 10)', '(15, 3)', '(15, 12)', '(6, 9)', '(7, 8)', '(21, 7)']",65,0,65
260,"(23, 7)","(22, 7)",East,"[('(24, 7)', 'East', 1), ('(22, 7)', 'West', 1)]","['(8, 4)', '(3, 1)', '(24, 6)', '(14, 6)', '(23, 7)']","['(24, 7)', '(8, 4)', '(3, 1)', '(24, 6)', '(14, 6)']","['(21, 16)', '(34, 1)', '(4, 9)', '(34, 10)', '(27, 4)', '(5, 1)', '(27, 13)', '(17, 12)', '(30, 9)', '(10, 6)', '(8, 9)', '(32, 12)', '(13, 8)', '(7, 1)', '(1, 15)', '(26, 14)', '(15, 14)', '(6, 11)', '(21, 9)', '(34, 3)', '(34, 12)', '(27, 6)', '(5, 3)', '(19, 2)', '(9, 1)', '(17, 14)', '(19, 11)', '(8, 11)', '(11, 7)', '(11, 16)', '(32, 14)', '(1, 8)', '(29, 6)', '(16, 6)', '(7, 3)', '(21, 2)', '(26, 16)', '(15, 16)', '(6, 13)', '(18, 12)', '(34, 14)', '(22, 12)', '(27, 8)', '(14, 8)', '(5, 5)', '(30, 4)', '(19, 4)', '(28, 16)', '(30, 13)', '(17, 16)', '(5, 14)', '(33, 6)', '(32, 16)', '(24, 12)', '(13, 12)', '(25, 11)', '(26, 9)', '(16, 8)', '(1, 10)', '(6, 6)', '(21, 4)', '(31, 8)', '(34, 7)', '(22, 5)', '(27, 1)', '(34, 16)', '(12, 13)', '(14, 10)', '(17, 9)', '(30, 6)', '(3, 10)', '(19, 6)', '(11, 2)', '(5, 16)', '(9, 14)', '(33, 8)', '(1, 3)', '(26, 2)', '(15, 2)', '(24, 5)', '(13, 14)', '(26, 11)', '(1, 12)', '(16, 10)', '(18, 16)', '(7, 16)', '(31, 1)', '(31, 10)', '(20, 10)', '(22, 7)', '(3, 3)', '(17, 2)', '(22, 16)', '(14, 12)', '(4, 11)', '(9, 16)', '(33, 1)', '(33, 10)', '(1, 5)', '(15, 4)', '(6, 1)', '(24, 16)', '(13, 16)', '(25, 15)', '(16, 12)', '(1, 14)', '(31, 3)', '(34, 2)', '(31, 12)', '(34, 11)', '(20, 12)', '(22, 9)', '(12, 8)', '(3, 5)', '(17, 4)', '(14, 14)', '(4, 13)', '(32, 4)', '(10, 1)', '(8, 13)', '(33, 12)', '(24, 9)', '(10, 10)', '(1, 7)', '(15, 6)', '(18, 2)', '(1, 16)', '(16, 14)', '(34, 4)', '(22, 2)', '(31, 14)', '(12, 10)', '(3, 7)', '(14, 16)', '(3, 16)', '(32, 6)', '(8, 6)', '(24, 2)', '(13, 2)', '(33, 14)', '(24, 11)', '(10, 12)', '(1, 9)', '(18, 4)', '(16, 16)', '(29, 1)', '(29, 10)', '(6, 8)', '(34, 6)', '(20, 7)', '(31, 16)', '(20, 16)', '(23, 12)', '(12, 12)', '(4, 8)', '(27, 3)', '(27, 12)', '(30, 8)', '(8, 8)', '(33, 16)', '(1, 11)', '(10, 14)', '(6, 10)', '(20, 9)', '(23, 5)', '(14, 2)', '(4, 1)', '(12, 14)', '(14, 11)', '(4, 10)', '(27, 5)', '(32, 1)', '(30, 1)', '(8, 1)', '(27, 14)', '(17, 13)', '(30, 10)', '(8, 10)', '(1, 4)', '(11, 6)', '(2, 3)', '(16, 2)', '(10, 16)', '(1, 13)', '(25, 14)', '(6, 3)', '(20, 2)', '(6, 12)', '(20, 11)', '(23, 7)', '(4, 3)', '(23, 16)', '(12, 16)', '(4, 12)', '(27, 7)', '(17, 6)', '(30, 3)', '(8, 3)', '(27, 16)', '(30, 12)', '(19, 12)', '(8, 12)', '(11, 8)', '(2, 5)', '(16, 4)', '(25, 16)', '(15, 8)', '(6, 5)', '(31, 4)', '(20, 4)', '(29, 16)', '(6, 14)', '(21, 12)', '(23, 9)', '(4, 5)', '(4, 14)', '(34, 15)', '(27, 9)', '(17, 8)', '(30, 5)', '(33, 4)', '(10, 2)', '(19, 5)', '(30, 14)', '(10, 11)', '(8, 14)', '(11, 10)', '(25, 9)', '(32, 8)', '(2, 7)', '(2, 16)', '(15, 10)', '(31, 6)', '(7, 6)', '(18, 6)', '(23, 2)', '(6, 16)', '(12, 2)', '(21, 5)', '(12, 11)', '(4, 7)', '(34, 8)', '(27, 2)', '(4, 16)', '(28, 1)', '(27, 11)', '(17, 10)', '(19, 7)', '(9, 6)', '(25, 2)', '(30, 16)', '(19, 16)', '(8, 16)', '(10, 13)', '(32, 10)', '(15, 3)', '(15, 12)', '(6, 9)', '(7, 8)', '(21, 7)']",66,0,66
261,"(14, 6)","(15, 6)",West,"[('(15, 6)', 'East', 1), ('(13, 6)', 'West', 1)]","['(24, 7)', '(8, 4)', '(3, 1)', '(24, 6)', '(14, 6)']","['(13, 6)', '(24, 7)', '(8, 4)', '(3, 1)', '(24, 6)']","['(21, 16)', '(34, 1)', '(4, 9)', '(34, 10)', '(27, 4)', '(5, 1)', '(27, 13)', '(17, 12)', '(30, 9)', '(10, 6)', '(8, 9)', '(32, 12)', '(13, 8)', '(7, 1)', '(1, 15)', '(26, 14)', '(15, 14)', '(6, 11)', '(21, 9)', '(34, 3)', '(34, 12)', '(27, 6)', '(5, 3)', '(19, 2)', '(9, 1)', '(17, 14)', '(19, 11)', '(8, 11)', '(11, 7)', '(11, 16)', '(32, 14)', '(1, 8)', '(29, 6)', '(16, 6)', '(7, 3)', '(21, 2)', '(26, 16)', '(15, 16)', '(6, 13)', '(18, 12)', '(34, 14)', '(22, 12)', '(27, 8)', '(14, 8)', '(5, 5)', '(30, 4)', '(19, 4)', '(28, 16)', '(30, 13)', '(17, 16)', '(5, 14)', '(33, 6)', '(32, 16)', '(24, 12)', '(13, 12)', '(25, 11)', '(26, 9)', '(16, 8)', '(1, 10)', '(6, 6)', '(21, 4)', '(31, 8)', '(34, 7)', '(22, 5)', '(27, 1)', '(34, 16)', '(12, 13)', '(14, 10)', '(17, 9)', '(30, 6)', '(3, 10)', '(19, 6)', '(11, 2)', '(5, 16)', '(9, 14)', '(33, 8)', '(1, 3)', '(26, 2)', '(15, 2)', '(24, 5)', '(13, 14)', '(26, 11)', '(1, 12)', '(16, 10)', '(18, 16)', '(7, 16)', '(31, 1)', '(31, 10)', '(20, 10)', '(22, 7)', '(3, 3)', '(17, 2)', '(22, 16)', '(14, 12)', '(4, 11)', '(9, 16)', '(33, 1)', '(33, 10)', '(1, 5)', '(15, 4)', '(6, 1)', '(24, 16)', '(13, 16)', '(25, 15)', '(16, 12)', '(1, 14)', '(31, 3)', '(34, 2)', '(31, 12)', '(34, 11)', '(20, 12)', '(22, 9)', '(12, 8)', '(3, 5)', '(17, 4)', '(14, 14)', '(4, 13)', '(32, 4)', '(10, 1)', '(8, 13)', '(33, 12)', '(24, 9)', '(10, 10)', '(1, 7)', '(15, 6)', '(18, 2)', '(1, 16)', '(16, 14)', '(34, 4)', '(22, 2)', '(31, 14)', '(12, 10)', '(3, 7)', '(14, 16)', '(3, 16)', '(32, 6)', '(8, 6)', '(24, 2)', '(13, 2)', '(33, 14)', '(24, 11)', '(10, 12)', '(1, 9)', '(18, 4)', '(16, 16)', '(29, 1)', '(29, 10)', '(6, 8)', '(34, 6)', '(20, 7)', '(31, 16)', '(20, 16)', '(23, 12)', '(12, 12)', '(4, 8)', '(27, 3)', '(27, 12)', '(30, 8)', '(8, 8)', '(33, 16)', '(1, 11)', '(10, 14)', '(6, 10)', '(20, 9)', '(23, 5)', '(14, 2)', '(4, 1)', '(12, 14)', '(14, 11)', '(4, 10)', '(27, 5)', '(32, 1)', '(30, 1)', '(8, 1)', '(27, 14)', '(17, 13)', '(30, 10)', '(8, 10)', '(1, 4)', '(11, 6)', '(2, 3)', '(16, 2)', '(10, 16)', '(1, 13)', '(25, 14)', '(6, 3)', '(20, 2)', '(6, 12)', '(20, 11)', '(23, 7)', '(4, 3)', '(23, 16)', '(12, 16)', '(4, 12)', '(27, 7)', '(17, 6)', '(30, 3)', '(8, 3)', '(27, 16)', '(30, 12)', '(19, 12)', '(8, 12)', '(11, 8)', '(2, 5)', '(16, 4)', '(25, 16)', '(15, 8)', '(6, 5)', '(31, 4)', '(20, 4)', '(29, 16)', '(6, 14)', '(21, 12)', '(23, 9)', '(14, 6)', '(4, 5)', '(4, 14)', '(34, 15)', '(27, 9)', '(17, 8)', '(30, 5)', '(33, 4)', '(10, 2)', '(19, 5)', '(30, 14)', '(10, 11)', '(8, 14)', '(11, 10)', '(25, 9)', '(32, 8)', '(2, 7)', '(2, 16)', '(15, 10)', '(31, 6)', '(7, 6)', '(18, 6)', '(23, 2)', '(6, 16)', '(12, 2)', '(21, 5)', '(12, 11)', '(4, 7)', '(34, 8)', '(27, 2)', '(4, 16)', '(28, 1)', '(27, 11)', '(17, 10)', '(19, 7)', '(9, 6)', '(25, 2)', '(30, 16)', '(19, 16)', '(8, 16)', '(10, 13)', '(32, 10)', '(15, 3)', '(15, 12)', '(6, 9)', '(7, 8)', '(21, 7)']",66,0,66
262,"(24, 6)","(24, 5)",North,"[('(24, 7)', 'North', 1), ('(24, 5)', 'South', 1)]","['(13, 6)', '(24, 7)', '(8, 4)', '(3, 1)', '(24, 6)']","['(13, 6)', '(24, 7)', '(8, 4)', '(3, 1)']","['(21, 16)', '(34, 1)', '(4, 9)', '(34, 10)', '(27, 4)', '(5, 1)', '(27, 13)', '(17, 12)', '(30, 9)', '(10, 6)', '(8, 9)', '(32, 12)', '(13, 8)', '(7, 1)', '(1, 15)', '(26, 14)', '(15, 14)', '(6, 11)', '(21, 9)', '(34, 3)', '(34, 12)', '(27, 6)', '(5, 3)', '(19, 2)', '(9, 1)', '(17, 14)', '(19, 11)', '(8, 11)', '(11, 7)', '(11, 16)', '(32, 14)', '(1, 8)', '(29, 6)', '(16, 6)', '(7, 3)', '(21, 2)', '(26, 16)', '(15, 16)', '(6, 13)', '(18, 12)', '(34, 14)', '(22, 12)', '(27, 8)', '(14, 8)', '(5, 5)', '(30, 4)', '(19, 4)', '(28, 16)', '(30, 13)', '(17, 16)', '(5, 14)', '(33, 6)', '(32, 16)', '(24, 12)', '(13, 12)', '(25, 11)', '(26, 9)', '(16, 8)', '(1, 10)', '(6, 6)', '(21, 4)', '(31, 8)', '(34, 7)', '(22, 5)', '(27, 1)', '(34, 16)', '(12, 13)', '(14, 10)', '(17, 9)', '(30, 6)', '(3, 10)', '(19, 6)', '(11, 2)', '(5, 16)', '(9, 14)', '(33, 8)', '(1, 3)', '(26, 2)', '(15, 2)', '(24, 5)', '(13, 14)', '(26, 11)', '(1, 12)', '(16, 10)', '(18, 16)', '(7, 16)', '(31, 1)', '(31, 10)', '(20, 10)', '(22, 7)', '(3, 3)', '(17, 2)', '(22, 16)', '(14, 12)', '(4, 11)', '(9, 16)', '(33, 1)', '(33, 10)', '(1, 5)', '(15, 4)', '(6, 1)', '(24, 16)', '(13, 16)', '(25, 15)', '(16, 12)', '(1, 14)', '(31, 3)', '(34, 2)', '(31, 12)', '(34, 11)', '(20, 12)', '(22, 9)', '(12, 8)', '(3, 5)', '(17, 4)', '(14, 14)', '(4, 13)', '(32, 4)', '(10, 1)', '(8, 13)', '(33, 12)', '(24, 9)', '(10, 10)', '(1, 7)', '(15, 6)', '(18, 2)', '(1, 16)', '(16, 14)', '(34, 4)', '(22, 2)', '(31, 14)', '(12, 10)', '(3, 7)', '(14, 16)', '(3, 16)', '(32, 6)', '(8, 6)', '(24, 2)', '(13, 2)', '(33, 14)', '(24, 11)', '(10, 12)', '(1, 9)', '(18, 4)', '(16, 16)', '(29, 1)', '(29, 10)', '(6, 8)', '(34, 6)', '(20, 7)', '(31, 16)', '(20, 16)', '(23, 12)', '(12, 12)', '(4, 8)', '(27, 3)', '(27, 12)', '(30, 8)', '(8, 8)', '(33, 16)', '(1, 11)', '(10, 14)', '(6, 10)', '(20, 9)', '(23, 5)', '(14, 2)', '(4, 1)', '(12, 14)', '(14, 11)', '(4, 10)', '(27, 5)', '(32, 1)', '(30, 1)', '(8, 1)', '(27, 14)', '(17, 13)', '(30, 10)', '(8, 10)', '(1, 4)', '(11, 6)', '(2, 3)', '(16, 2)', '(10, 16)', '(1, 13)', '(24, 6)', '(25, 14)', '(6, 3)', '(20, 2)', '(6, 12)', '(20, 11)', '(23, 7)', '(4, 3)', '(23, 16)', '(12, 16)', '(4, 12)', '(27, 7)', '(17, 6)', '(30, 3)', '(8, 3)', '(27, 16)', '(30, 12)', '(19, 12)', '(8, 12)', '(11, 8)', '(2, 5)', '(16, 4)', '(25, 16)', '(15, 8)', '(6, 5)', '(31, 4)', '(20, 4)', '(29, 16)', '(6, 14)', '(21, 12)', '(23, 9)', '(14, 6)', '(4, 5)', '(4, 14)', '(34, 15)', '(27, 9)', '(17, 8)', '(30, 5)', '(33, 4)', '(10, 2)', '(19, 5)', '(30, 14)', '(10, 11)', '(8, 14)', '(11, 10)', '(25, 9)', '(32, 8)', '(2, 7)', '(2, 16)', '(15, 10)', '(31, 6)', '(7, 6)', '(18, 6)', '(23, 2)', '(6, 16)', '(12, 2)', '(21, 5)', '(12, 11)', '(4, 7)', '(34, 8)', '(27, 2)', '(4, 16)', '(28, 1)', '(27, 11)', '(17, 10)', '(19, 7)', '(9, 6)', '(25, 2)', '(30, 16)', '(19, 16)', '(8, 16)', '(10, 13)', '(32, 10)', '(15, 3)', '(15, 12)', '(6, 9)', '(7, 8)', '(21, 7)']",66,0,66
263,"(3, 1)","(4, 1)",West,"[('(4, 1)', 'East', 1), ('(2, 1)', 'West', 1)]","['(13, 6)', '(24, 7)', '(8, 4)', '(3, 1)']","['(2, 1)', '(13, 6)', '(24, 7)', '(8, 4)']","['(21, 16)', '(34, 1)', '(4, 9)', '(34, 10)', '(27, 4)', '(5, 1)', '(27, 13)', '(17, 12)', '(30, 9)', '(10, 6)', '(8, 9)', '(32, 12)', '(13, 8)', '(7, 1)', '(1, 15)', '(26, 14)', '(15, 14)', '(6, 11)', '(21, 9)', '(34, 3)', '(34, 12)', '(27, 6)', '(5, 3)', '(19, 2)', '(9, 1)', '(17, 14)', '(19, 11)', '(8, 11)', '(11, 7)', '(11, 16)', '(32, 14)', '(1, 8)', '(29, 6)', '(16, 6)', '(7, 3)', '(21, 2)', '(26, 16)', '(15, 16)', '(6, 13)', '(18, 12)', '(34, 14)', '(22, 12)', '(27, 8)', '(14, 8)', '(5, 5)', '(30, 4)', '(19, 4)', '(28, 16)', '(30, 13)', '(17, 16)', '(5, 14)', '(33, 6)', '(32, 16)', '(24, 12)', '(13, 12)', '(25, 11)', '(26, 9)', '(16, 8)', '(1, 10)', '(6, 6)', '(21, 4)', '(31, 8)', '(34, 7)', '(22, 5)', '(27, 1)', '(3, 1)', '(34, 16)', '(12, 13)', '(14, 10)', '(17, 9)', '(30, 6)', '(3, 10)', '(19, 6)', '(11, 2)', '(5, 16)', '(9, 14)', '(33, 8)', '(1, 3)', '(26, 2)', '(15, 2)', '(24, 5)', '(13, 14)', '(26, 11)', '(1, 12)', '(16, 10)', '(18, 16)', '(7, 16)', '(31, 1)', '(31, 10)', '(20, 10)', '(22, 7)', '(3, 3)', '(17, 2)', '(22, 16)', '(14, 12)', '(4, 11)', '(9, 16)', '(33, 1)', '(33, 10)', '(1, 5)', '(15, 4)', '(6, 1)', '(24, 16)', '(13, 16)', '(25, 15)', '(16, 12)', '(1, 14)', '(31, 3)', '(34, 2)', '(31, 12)', '(34, 11)', '(20, 12)', '(22, 9)', '(12, 8)', '(3, 5)', '(17, 4)', '(14, 14)', '(4, 13)', '(32, 4)', '(10, 1)', '(8, 13)', '(33, 12)', '(24, 9)', '(10, 10)', '(1, 7)', '(15, 6)', '(18, 2)', '(1, 16)', '(16, 14)', '(34, 4)', '(22, 2)', '(31, 14)', '(12, 10)', '(3, 7)', '(14, 16)', '(3, 16)', '(32, 6)', '(8, 6)', '(24, 2)', '(13, 2)', '(33, 14)', '(24, 11)', '(10, 12)', '(1, 9)', '(18, 4)', '(16, 16)', '(29, 1)', '(29, 10)', '(6, 8)', '(34, 6)', '(20, 7)', '(31, 16)', '(20, 16)', '(23, 12)', '(12, 12)', '(4, 8)', '(27, 3)', '(27, 12)', '(30, 8)', '(8, 8)', '(33, 16)', '(1, 11)', '(10, 14)', '(6, 10)', '(20, 9)', '(23, 5)', '(14, 2)', '(4, 1)', '(12, 14)', '(14, 11)', '(4, 10)', '(27, 5)', '(32, 1)', '(30, 1)', '(8, 1)', '(27, 14)', '(17, 13)', '(30, 10)', '(8, 10)', '(1, 4)', '(11, 6)', '(2, 3)', '(16, 2)', '(10, 16)', '(1, 13)', '(24, 6)', '(25, 14)', '(6, 3)', '(20, 2)', '(6, 12)', '(20, 11)', '(23, 7)', '(4, 3)', '(23, 16)', '(12, 16)', '(4, 12)', '(27, 7)', '(17, 6)', '(30, 3)', '(8, 3)', '(27, 16)', '(30, 12)', '(19, 12)', '(8, 12)', '(11, 8)', '(2, 5)', '(16, 4)', '(25, 16)', '(15, 8)', '(6, 5)', '(31, 4)', '(20, 4)', '(29, 16)', '(6, 14)', '(21, 12)', '(23, 9)', '(14, 6)', '(4, 5)', '(4, 14)', '(34, 15)', '(27, 9)', '(17, 8)', '(30, 5)', '(33, 4)', '(10, 2)', '(19, 5)', '(30, 14)', '(10, 11)', '(8, 14)', '(11, 10)', '(25, 9)', '(32, 8)', '(2, 7)', '(2, 16)', '(15, 10)', '(31, 6)', '(7, 6)', '(18, 6)', '(23, 2)', '(6, 16)', '(12, 2)', '(21, 5)', '(12, 11)', '(4, 7)', '(34, 8)', '(27, 2)', '(4, 16)', '(28, 1)', '(27, 11)', '(17, 10)', '(19, 7)', '(9, 6)', '(25, 2)', '(30, 16)', '(19, 16)', '(8, 16)', '(10, 13)', '(32, 10)', '(15, 3)', '(15, 12)', '(6, 9)', '(7, 8)', '(21, 7)']",66,0,66
264,"(8, 4)","(8, 3)",North,"[('(8, 3)', 'South', 1), ('(9, 4)', 'East', 1)]","['(2, 1)', '(13, 6)', '(24, 7)', '(8, 4)']","['(9, 4)', '(2, 1)', '(13, 6)', '(24, 7)']","['(21, 16)', '(34, 1)', '(4, 9)', '(34, 10)', '(27, 4)', '(5, 1)', '(27, 13)', '(17, 12)', '(30, 9)', '(10, 6)', '(8, 9)', '(32, 12)', '(13, 8)', '(7, 1)', '(1, 15)', '(26, 14)', '(15, 14)', '(6, 11)', '(21, 9)', '(34, 3)', '(34, 12)', '(27, 6)', '(5, 3)', '(19, 2)', '(9, 1)', '(17, 14)', '(19, 11)', '(8, 11)', '(11, 7)', '(11, 16)', '(32, 14)', '(1, 8)', '(29, 6)', '(16, 6)', '(7, 3)', '(21, 2)', '(26, 16)', '(15, 16)', '(6, 13)', '(18, 12)', '(34, 14)', '(22, 12)', '(27, 8)', '(14, 8)', '(5, 5)', '(30, 4)', '(19, 4)', '(8, 4)', '(28, 16)', '(30, 13)', '(17, 16)', '(5, 14)', '(33, 6)', '(32, 16)', '(24, 12)', '(13, 12)', '(25, 11)', '(26, 9)', '(16, 8)', '(1, 10)', '(6, 6)', '(21, 4)', '(31, 8)', '(34, 7)', '(22, 5)', '(27, 1)', '(3, 1)', '(34, 16)', '(12, 13)', '(14, 10)', '(17, 9)', '(30, 6)', '(3, 10)', '(19, 6)', '(11, 2)', '(5, 16)', '(9, 14)', '(33, 8)', '(1, 3)', '(26, 2)', '(15, 2)', '(24, 5)', '(13, 14)', '(26, 11)', '(1, 12)', '(16, 10)', '(18, 16)', '(7, 16)', '(31, 1)', '(31, 10)', '(20, 10)', '(22, 7)', '(3, 3)', '(17, 2)', '(22, 16)', '(14, 12)', '(4, 11)', '(9, 16)', '(33, 1)', '(33, 10)', '(1, 5)', '(15, 4)', '(6, 1)', '(24, 16)', '(13, 16)', '(25, 15)', '(16, 12)', '(1, 14)', '(31, 3)', '(34, 2)', '(31, 12)', '(34, 11)', '(20, 12)', '(22, 9)', '(12, 8)', '(3, 5)', '(17, 4)', '(14, 14)', '(4, 13)', '(32, 4)', '(10, 1)', '(8, 13)', '(33, 12)', '(24, 9)', '(10, 10)', '(1, 7)', '(15, 6)', '(18, 2)', '(1, 16)', '(16, 14)', '(34, 4)', '(22, 2)', '(31, 14)', '(12, 10)', '(3, 7)', '(14, 16)', '(3, 16)', '(32, 6)', '(8, 6)', '(24, 2)', '(13, 2)', '(33, 14)', '(24, 11)', '(10, 12)', '(1, 9)', '(18, 4)', '(16, 16)', '(29, 1)', '(29, 10)', '(6, 8)', '(34, 6)', '(20, 7)', '(31, 16)', '(20, 16)', '(23, 12)', '(12, 12)', '(4, 8)', '(27, 3)', '(27, 12)', '(30, 8)', '(8, 8)', '(33, 16)', '(1, 11)', '(10, 14)', '(6, 10)', '(20, 9)', '(23, 5)', '(14, 2)', '(4, 1)', '(12, 14)', '(14, 11)', '(4, 10)', '(27, 5)', '(32, 1)', '(30, 1)', '(8, 1)', '(27, 14)', '(17, 13)', '(30, 10)', '(8, 10)', '(1, 4)', '(11, 6)', '(2, 3)', '(16, 2)', '(10, 16)', '(1, 13)', '(24, 6)', '(25, 14)', '(6, 3)', '(20, 2)', '(6, 12)', '(20, 11)', '(23, 7)', '(4, 3)', '(23, 16)', '(12, 16)', '(4, 12)', '(27, 7)', '(17, 6)', '(30, 3)', '(8, 3)', '(27, 16)', '(30, 12)', '(19, 12)', '(8, 12)', '(11, 8)', '(2, 5)', '(16, 4)', '(25, 16)', '(15, 8)', '(6, 5)', '(31, 4)', '(20, 4)', '(29, 16)', '(6, 14)', '(21, 12)', '(23, 9)', '(14, 6)', '(4, 5)', '(4, 14)', '(34, 15)', '(27, 9)', '(17, 8)', '(30, 5)', '(33, 4)', '(10, 2)', '(19, 5)', '(30, 14)', '(10, 11)', '(8, 14)', '(11, 10)', '(25, 9)', '(32, 8)', '(2, 7)', '(2, 16)', '(15, 10)', '(31, 6)', '(7, 6)', '(18, 6)', '(23, 2)', '(6, 16)', '(12, 2)', '(21, 5)', '(12, 11)', '(4, 7)', '(34, 8)', '(27, 2)', '(4, 16)', '(28, 1)', '(27, 11)', '(17, 10)', '(19, 7)', '(9, 6)', '(25, 2)', '(30, 16)', '(19, 16)', '(8, 16)', '(10, 13)', '(32, 10)', '(15, 3)', '(15, 12)', '(6, 9)', '(7, 8)', '(21, 7)']",66,0,66
265,"(24, 7)","(23, 7)",East,"[('(24, 6)', 'South', 1), ('(23, 7)', 'West', 1)]","['(9, 4)', '(2, 1)', '(13, 6)', '(24, 7)']","['(9, 4)', '(2, 1)', '(13, 6)']","['(21, 16)', '(34, 1)', '(4, 9)', '(34, 10)', '(27, 4)', '(5, 1)', '(27, 13)', '(17, 12)', '(30, 9)', '(10, 6)', '(8, 9)', '(32, 12)', '(13, 8)', '(7, 1)', '(1, 15)', '(26, 14)', '(15, 14)', '(6, 11)', '(21, 9)', '(34, 3)', '(34, 12)', '(27, 6)', '(5, 3)', '(19, 2)', '(9, 1)', '(17, 14)', '(19, 11)', '(8, 11)', '(11, 7)', '(11, 16)', '(32, 14)', '(1, 8)', '(29, 6)', '(16, 6)', '(7, 3)', '(21, 2)', '(26, 16)', '(15, 16)', '(6, 13)', '(18, 12)', '(34, 14)', '(22, 12)', '(27, 8)', '(14, 8)', '(5, 5)', '(30, 4)', '(19, 4)', '(8, 4)', '(28, 16)', '(30, 13)', '(17, 16)', '(5, 14)', '(33, 6)', '(32, 16)', '(24, 12)', '(13, 12)', '(25, 11)', '(26, 9)', '(16, 8)', '(1, 10)', '(6, 6)', '(21, 4)', '(31, 8)', '(34, 7)', '(22, 5)', '(27, 1)', '(3, 1)', '(34, 16)', '(12, 13)', '(14, 10)', '(17, 9)', '(30, 6)', '(3, 10)', '(19, 6)', '(11, 2)', '(5, 16)', '(9, 14)', '(33, 8)', '(1, 3)', '(26, 2)', '(15, 2)', '(24, 5)', '(13, 14)', '(26, 11)', '(1, 12)', '(16, 10)', '(18, 16)', '(7, 16)', '(31, 1)', '(31, 10)', '(20, 10)', '(22, 7)', '(3, 3)', '(17, 2)', '(22, 16)', '(14, 12)', '(4, 11)', '(9, 16)', '(33, 1)', '(33, 10)', '(1, 5)', '(15, 4)', '(6, 1)', '(24, 7)', '(24, 16)', '(13, 16)', '(25, 15)', '(16, 12)', '(1, 14)', '(31, 3)', '(34, 2)', '(31, 12)', '(34, 11)', '(20, 12)', '(22, 9)', '(12, 8)', '(3, 5)', '(17, 4)', '(14, 14)', '(4, 13)', '(32, 4)', '(10, 1)', '(8, 13)', '(33, 12)', '(24, 9)', '(10, 10)', '(1, 7)', '(15, 6)', '(18, 2)', '(1, 16)', '(16, 14)', '(34, 4)', '(22, 2)', '(31, 14)', '(12, 10)', '(3, 7)', '(14, 16)', '(3, 16)', '(32, 6)', '(8, 6)', '(24, 2)', '(13, 2)', '(33, 14)', '(24, 11)', '(10, 12)', '(1, 9)', '(18, 4)', '(16, 16)', '(29, 1)', '(29, 10)', '(6, 8)', '(34, 6)', '(20, 7)', '(31, 16)', '(20, 16)', '(23, 12)', '(12, 12)', '(4, 8)', '(27, 3)', '(27, 12)', '(30, 8)', '(8, 8)', '(33, 16)', '(1, 11)', '(10, 14)', '(6, 10)', '(20, 9)', '(23, 5)', '(14, 2)', '(4, 1)', '(12, 14)', '(14, 11)', '(4, 10)', '(27, 5)', '(32, 1)', '(30, 1)', '(8, 1)', '(27, 14)', '(17, 13)', '(30, 10)', '(8, 10)', '(1, 4)', '(11, 6)', '(2, 3)', '(16, 2)', '(10, 16)', '(1, 13)', '(24, 6)', '(25, 14)', '(6, 3)', '(20, 2)', '(6, 12)', '(20, 11)', '(23, 7)', '(4, 3)', '(23, 16)', '(12, 16)', '(4, 12)', '(27, 7)', '(17, 6)', '(30, 3)', '(8, 3)', '(27, 16)', '(30, 12)', '(19, 12)', '(8, 12)', '(11, 8)', '(2, 5)', '(16, 4)', '(25, 16)', '(15, 8)', '(6, 5)', '(31, 4)', '(20, 4)', '(29, 16)', '(6, 14)', '(21, 12)', '(23, 9)', '(14, 6)', '(4, 5)', '(4, 14)', '(34, 15)', '(27, 9)', '(17, 8)', '(30, 5)', '(33, 4)', '(10, 2)', '(19, 5)', '(30, 14)', '(10, 11)', '(8, 14)', '(11, 10)', '(25, 9)', '(32, 8)', '(2, 7)', '(2, 16)', '(15, 10)', '(31, 6)', '(7, 6)', '(18, 6)', '(23, 2)', '(6, 16)', '(12, 2)', '(21, 5)', '(12, 11)', '(4, 7)', '(34, 8)', '(27, 2)', '(4, 16)', '(28, 1)', '(27, 11)', '(17, 10)', '(19, 7)', '(9, 6)', '(25, 2)', '(30, 16)', '(19, 16)', '(8, 16)', '(10, 13)', '(32, 10)', '(15, 3)', '(15, 12)', '(6, 9)', '(7, 8)', '(21, 7)']",67,0,67
266,"(13, 6)","(14, 6)",West,"[('(13, 5)', 'South', 1), ('(14, 6)', 'East', 1)]","['(9, 4)', '(2, 1)', '(13, 6)']","['(13, 5)', '(9, 4)', '(2, 1)']","['(21, 16)', '(34, 1)', '(4, 9)', '(34, 10)', '(27, 4)', '(5, 1)', '(27, 13)', '(17, 12)', '(30, 9)', '(10, 6)', '(8, 9)', '(32, 12)', '(13, 8)', '(7, 1)', '(1, 15)', '(26, 14)', '(15, 14)', '(6, 11)', '(21, 9)', '(34, 3)', '(34, 12)', '(27, 6)', '(5, 3)', '(19, 2)', '(9, 1)', '(17, 14)', '(19, 11)', '(8, 11)', '(11, 7)', '(11, 16)', '(32, 14)', '(1, 8)', '(29, 6)', '(16, 6)', '(7, 3)', '(21, 2)', '(26, 16)', '(15, 16)', '(6, 13)', '(18, 12)', '(34, 14)', '(22, 12)', '(27, 8)', '(14, 8)', '(5, 5)', '(30, 4)', '(19, 4)', '(8, 4)', '(28, 16)', '(30, 13)', '(17, 16)', '(5, 14)', '(33, 6)', '(32, 16)', '(24, 12)', '(13, 12)', '(25, 11)', '(26, 9)', '(16, 8)', '(1, 10)', '(6, 6)', '(21, 4)', '(31, 8)', '(34, 7)', '(22, 5)', '(27, 1)', '(3, 1)', '(34, 16)', '(12, 13)', '(14, 10)', '(17, 9)', '(30, 6)', '(3, 10)', '(19, 6)', '(11, 2)', '(5, 16)', '(9, 14)', '(33, 8)', '(1, 3)', '(26, 2)', '(15, 2)', '(24, 5)', '(13, 14)', '(26, 11)', '(1, 12)', '(16, 10)', '(18, 16)', '(7, 16)', '(31, 1)', '(31, 10)', '(20, 10)', '(22, 7)', '(3, 3)', '(17, 2)', '(22, 16)', '(14, 12)', '(4, 11)', '(9, 16)', '(33, 1)', '(33, 10)', '(1, 5)', '(15, 4)', '(6, 1)', '(24, 7)', '(24, 16)', '(13, 16)', '(25, 15)', '(16, 12)', '(1, 14)', '(31, 3)', '(34, 2)', '(31, 12)', '(34, 11)', '(20, 12)', '(22, 9)', '(12, 8)', '(3, 5)', '(17, 4)', '(14, 14)', '(4, 13)', '(32, 4)', '(10, 1)', '(8, 13)', '(33, 12)', '(24, 9)', '(10, 10)', '(1, 7)', '(15, 6)', '(18, 2)', '(1, 16)', '(16, 14)', '(34, 4)', '(22, 2)', '(31, 14)', '(12, 10)', '(3, 7)', '(14, 16)', '(3, 16)', '(32, 6)', '(8, 6)', '(24, 2)', '(13, 2)', '(33, 14)', '(24, 11)', '(10, 12)', '(1, 9)', '(18, 4)', '(16, 16)', '(29, 1)', '(29, 10)', '(6, 8)', '(34, 6)', '(20, 7)', '(31, 16)', '(20, 16)', '(23, 12)', '(12, 12)', '(4, 8)', '(27, 3)', '(27, 12)', '(30, 8)', '(8, 8)', '(33, 16)', '(1, 11)', '(10, 14)', '(6, 10)', '(20, 9)', '(23, 5)', '(14, 2)', '(4, 1)', '(12, 14)', '(14, 11)', '(4, 10)', '(27, 5)', '(32, 1)', '(30, 1)', '(8, 1)', '(27, 14)', '(17, 13)', '(30, 10)', '(8, 10)', '(1, 4)', '(11, 6)', '(2, 3)', '(16, 2)', '(10, 16)', '(1, 13)', '(24, 6)', '(25, 14)', '(6, 3)', '(20, 2)', '(6, 12)', '(20, 11)', '(23, 7)', '(4, 3)', '(23, 16)', '(12, 16)', '(4, 12)', '(27, 7)', '(17, 6)', '(30, 3)', '(8, 3)', '(27, 16)', '(30, 12)', '(19, 12)', '(8, 12)', '(11, 8)', '(2, 5)', '(16, 4)', '(25, 16)', '(15, 8)', '(6, 5)', '(31, 4)', '(20, 4)', '(29, 16)', '(6, 14)', '(21, 12)', '(23, 9)', '(14, 6)', '(4, 5)', '(4, 14)', '(34, 15)', '(27, 9)', '(17, 8)', '(30, 5)', '(33, 4)', '(10, 2)', '(19, 5)', '(30, 14)', '(10, 11)', '(8, 14)', '(11, 10)', '(25, 9)', '(32, 8)', '(2, 7)', '(2, 16)', '(15, 10)', '(31, 6)', '(7, 6)', '(18, 6)', '(23, 2)', '(6, 16)', '(12, 2)', '(21, 5)', '(12, 11)', '(4, 7)', '(34, 8)', '(27, 2)', '(4, 16)', '(28, 1)', '(27, 11)', '(17, 10)', '(19, 7)', '(9, 6)', '(25, 2)', '(30, 16)', '(19, 16)', '(8, 16)', '(10, 13)', '(32, 10)', '(13, 6)', '(15, 3)', '(15, 12)', '(6, 9)', '(7, 8)', '(21, 7)']",67,0,67
267,"(2, 1)","(3, 1)",West,"[('(3, 1)', 'East', 1), ('(1, 1)', 'West', 1)]","['(13, 5)', '(9, 4)', '(2, 1)']","['(1, 1)', '(13, 5)', '(9, 4)']","['(21, 16)', '(34, 1)', '(4, 9)', '(34, 10)', '(27, 4)', '(5, 1)', '(27, 13)', '(17, 12)', '(30, 9)', '(10, 6)', '(8, 9)', '(32, 12)', '(13, 8)', '(7, 1)', '(1, 15)', '(26, 14)', '(15, 14)', '(6, 11)', '(21, 9)', '(34, 3)', '(34, 12)', '(27, 6)', '(5, 3)', '(19, 2)', '(9, 1)', '(17, 14)', '(19, 11)', '(8, 11)', '(11, 7)', '(11, 16)', '(32, 14)', '(1, 8)', '(29, 6)', '(16, 6)', '(7, 3)', '(21, 2)', '(26, 16)', '(15, 16)', '(6, 13)', '(18, 12)', '(34, 14)', '(22, 12)', '(27, 8)', '(14, 8)', '(5, 5)', '(30, 4)', '(19, 4)', '(8, 4)', '(28, 16)', '(30, 13)', '(17, 16)', '(5, 14)', '(33, 6)', '(32, 16)', '(24, 12)', '(13, 12)', '(25, 11)', '(26, 9)', '(16, 8)', '(1, 10)', '(6, 6)', '(21, 4)', '(31, 8)', '(34, 7)', '(22, 5)', '(27, 1)', '(3, 1)', '(34, 16)', '(12, 13)', '(14, 10)', '(17, 9)', '(30, 6)', '(3, 10)', '(19, 6)', '(11, 2)', '(5, 16)', '(9, 14)', '(33, 8)', '(1, 3)', '(26, 2)', '(15, 2)', '(24, 5)', '(13, 14)', '(26, 11)', '(1, 12)', '(16, 10)', '(18, 16)', '(7, 16)', '(31, 1)', '(31, 10)', '(20, 10)', '(22, 7)', '(3, 3)', '(17, 2)', '(22, 16)', '(14, 12)', '(4, 11)', '(9, 16)', '(33, 1)', '(33, 10)', '(1, 5)', '(15, 4)', '(6, 1)', '(24, 7)', '(24, 16)', '(13, 16)', '(25, 15)', '(16, 12)', '(1, 14)', '(31, 3)', '(34, 2)', '(31, 12)', '(34, 11)', '(20, 12)', '(22, 9)', '(12, 8)', '(3, 5)', '(17, 4)', '(14, 14)', '(4, 13)', '(32, 4)', '(10, 1)', '(8, 13)', '(33, 12)', '(24, 9)', '(10, 10)', '(1, 7)', '(15, 6)', '(18, 2)', '(1, 16)', '(16, 14)', '(34, 4)', '(22, 2)', '(31, 14)', '(12, 10)', '(3, 7)', '(14, 16)', '(3, 16)', '(32, 6)', '(8, 6)', '(24, 2)', '(13, 2)', '(33, 14)', '(24, 11)', '(10, 12)', '(1, 9)', '(18, 4)', '(16, 16)', '(29, 1)', '(29, 10)', '(6, 8)', '(34, 6)', '(20, 7)', '(31, 16)', '(20, 16)', '(23, 12)', '(12, 12)', '(4, 8)', '(27, 3)', '(27, 12)', '(30, 8)', '(8, 8)', '(2, 1)', '(33, 16)', '(1, 11)', '(10, 14)', '(6, 10)', '(20, 9)', '(23, 5)', '(14, 2)', '(4, 1)', '(12, 14)', '(14, 11)', '(4, 10)', '(27, 5)', '(32, 1)', '(30, 1)', '(8, 1)', '(27, 14)', '(17, 13)', '(30, 10)', '(8, 10)', '(1, 4)', '(11, 6)', '(2, 3)', '(16, 2)', '(10, 16)', '(1, 13)', '(24, 6)', '(25, 14)', '(6, 3)', '(20, 2)', '(6, 12)', '(20, 11)', '(23, 7)', '(4, 3)', '(23, 16)', '(12, 16)', '(4, 12)', '(27, 7)', '(17, 6)', '(30, 3)', '(8, 3)', '(27, 16)', '(30, 12)', '(19, 12)', '(8, 12)', '(11, 8)', '(2, 5)', '(16, 4)', '(25, 16)', '(15, 8)', '(6, 5)', '(31, 4)', '(20, 4)', '(29, 16)', '(6, 14)', '(21, 12)', '(23, 9)', '(14, 6)', '(4, 5)', '(4, 14)', '(34, 15)', '(27, 9)', '(17, 8)', '(30, 5)', '(33, 4)', '(10, 2)', '(19, 5)', '(30, 14)', '(10, 11)', '(8, 14)', '(11, 10)', '(25, 9)', '(32, 8)', '(2, 7)', '(2, 16)', '(15, 10)', '(31, 6)', '(7, 6)', '(18, 6)', '(23, 2)', '(6, 16)', '(12, 2)', '(21, 5)', '(12, 11)', '(4, 7)', '(34, 8)', '(27, 2)', '(4, 16)', '(28, 1)', '(27, 11)', '(17, 10)', '(19, 7)', '(9, 6)', '(25, 2)', '(30, 16)', '(19, 16)', '(8, 16)', '(10, 13)', '(32, 10)', '(13, 6)', '(15, 3)', '(15, 12)', '(6, 9)', '(7, 8)', '(21, 7)']",67,0,67
268,"(9, 4)","(8, 4)",East,"[('(10, 4)', 'East', 1), ('(8, 4)', 'West', 1)]","['(1, 1)', '(13, 5)', '(9, 4)']","['(10, 4)', '(1, 1)', '(13, 5)']","['(21, 16)', '(34, 1)', '(4, 9)', '(34, 10)', '(27, 4)', '(5, 1)', '(27, 13)', '(17, 12)', '(30, 9)', '(10, 6)', '(8, 9)', '(32, 12)', '(13, 8)', '(7, 1)', '(1, 15)', '(26, 14)', '(15, 14)', '(6, 11)', '(21, 9)', '(34, 3)', '(34, 12)', '(27, 6)', '(5, 3)', '(19, 2)', '(9, 1)', '(17, 14)', '(19, 11)', '(8, 11)', '(11, 7)', '(11, 16)', '(32, 14)', '(1, 8)', '(29, 6)', '(16, 6)', '(7, 3)', '(21, 2)', '(26, 16)', '(15, 16)', '(6, 13)', '(18, 12)', '(34, 14)', '(22, 12)', '(27, 8)', '(14, 8)', '(5, 5)', '(30, 4)', '(19, 4)', '(8, 4)', '(28, 16)', '(30, 13)', '(17, 16)', '(5, 14)', '(33, 6)', '(32, 16)', '(24, 12)', '(13, 12)', '(25, 11)', '(26, 9)', '(16, 8)', '(1, 10)', '(6, 6)', '(21, 4)', '(31, 8)', '(34, 7)', '(22, 5)', '(27, 1)', '(3, 1)', '(34, 16)', '(12, 13)', '(14, 10)', '(17, 9)', '(30, 6)', '(3, 10)', '(19, 6)', '(11, 2)', '(5, 16)', '(9, 14)', '(33, 8)', '(1, 3)', '(26, 2)', '(15, 2)', '(24, 5)', '(13, 14)', '(26, 11)', '(1, 12)', '(16, 10)', '(18, 16)', '(7, 16)', '(31, 1)', '(31, 10)', '(20, 10)', '(22, 7)', '(3, 3)', '(17, 2)', '(22, 16)', '(14, 12)', '(4, 11)', '(9, 16)', '(33, 1)', '(33, 10)', '(1, 5)', '(15, 4)', '(6, 1)', '(24, 7)', '(24, 16)', '(13, 16)', '(25, 15)', '(16, 12)', '(1, 14)', '(31, 3)', '(34, 2)', '(31, 12)', '(34, 11)', '(20, 12)', '(22, 9)', '(12, 8)', '(3, 5)', '(17, 4)', '(14, 14)', '(4, 13)', '(32, 4)', '(10, 1)', '(8, 13)', '(33, 12)', '(24, 9)', '(10, 10)', '(1, 7)', '(15, 6)', '(18, 2)', '(1, 16)', '(16, 14)', '(34, 4)', '(22, 2)', '(31, 14)', '(12, 10)', '(3, 7)', '(14, 16)', '(3, 16)', '(32, 6)', '(8, 6)', '(24, 2)', '(13, 2)', '(33, 14)', '(24, 11)', '(10, 12)', '(1, 9)', '(18, 4)', '(16, 16)', '(29, 1)', '(29, 10)', '(6, 8)', '(34, 6)', '(20, 7)', '(31, 16)', '(20, 16)', '(23, 12)', '(12, 12)', '(4, 8)', '(27, 3)', '(27, 12)', '(30, 8)', '(8, 8)', '(2, 1)', '(33, 16)', '(1, 11)', '(10, 14)', '(6, 10)', '(20, 9)', '(23, 5)', '(14, 2)', '(4, 1)', '(12, 14)', '(14, 11)', '(4, 10)', '(27, 5)', '(32, 1)', '(30, 1)', '(8, 1)', '(27, 14)', '(17, 13)', '(30, 10)', '(8, 10)', '(1, 4)', '(11, 6)', '(2, 3)', '(16, 2)', '(10, 16)', '(1, 13)', '(24, 6)', '(25, 14)', '(6, 3)', '(20, 2)', '(6, 12)', '(20, 11)', '(23, 7)', '(4, 3)', '(23, 16)', '(12, 16)', '(4, 12)', '(27, 7)', '(17, 6)', '(30, 3)', '(8, 3)', '(27, 16)', '(30, 12)', '(19, 12)', '(8, 12)', '(11, 8)', '(2, 5)', '(16, 4)', '(25, 16)', '(15, 8)', '(6, 5)', '(31, 4)', '(20, 4)', '(29, 16)', '(6, 14)', '(21, 12)', '(23, 9)', '(14, 6)', '(4, 5)', '(4, 14)', '(34, 15)', '(27, 9)', '(17, 8)', '(30, 5)', '(33, 4)', '(10, 2)', '(19, 5)', '(9, 4)', '(30, 14)', '(10, 11)', '(8, 14)', '(11, 10)', '(25, 9)', '(32, 8)', '(2, 7)', '(2, 16)', '(15, 10)', '(31, 6)', '(7, 6)', '(18, 6)', '(23, 2)', '(6, 16)', '(12, 2)', '(21, 5)', '(12, 11)', '(4, 7)', '(34, 8)', '(27, 2)', '(4, 16)', '(28, 1)', '(27, 11)', '(17, 10)', '(19, 7)', '(9, 6)', '(25, 2)', '(30, 16)', '(19, 16)', '(8, 16)', '(10, 13)', '(32, 10)', '(13, 6)', '(15, 3)', '(15, 12)', '(6, 9)', '(7, 8)', '(21, 7)']",67,0,67
269,"(13, 5)","(13, 6)",South,"[('(13, 6)', 'North', 1), ('(13, 4)', 'South', 1)]","['(10, 4)', '(1, 1)', '(13, 5)']","['(13, 4)', '(10, 4)', '(1, 1)']","['(21, 16)', '(34, 1)', '(4, 9)', '(34, 10)', '(27, 4)', '(5, 1)', '(27, 13)', '(17, 12)', '(30, 9)', '(10, 6)', '(8, 9)', '(32, 12)', '(13, 8)', '(7, 1)', '(1, 15)', '(26, 14)', '(15, 14)', '(6, 11)', '(21, 9)', '(34, 3)', '(34, 12)', '(27, 6)', '(5, 3)', '(19, 2)', '(9, 1)', '(17, 14)', '(19, 11)', '(8, 11)', '(11, 7)', '(11, 16)', '(32, 14)', '(1, 8)', '(29, 6)', '(16, 6)', '(7, 3)', '(21, 2)', '(26, 16)', '(15, 16)', '(6, 13)', '(18, 12)', '(34, 14)', '(22, 12)', '(27, 8)', '(14, 8)', '(5, 5)', '(30, 4)', '(19, 4)', '(8, 4)', '(28, 16)', '(30, 13)', '(17, 16)', '(5, 14)', '(33, 6)', '(32, 16)', '(24, 12)', '(13, 12)', '(25, 11)', '(26, 9)', '(16, 8)', '(1, 10)', '(6, 6)', '(21, 4)', '(31, 8)', '(34, 7)', '(22, 5)', '(27, 1)', '(3, 1)', '(34, 16)', '(12, 13)', '(14, 10)', '(17, 9)', '(30, 6)', '(3, 10)', '(19, 6)', '(11, 2)', '(5, 16)', '(9, 14)', '(33, 8)', '(1, 3)', '(26, 2)', '(15, 2)', '(24, 5)', '(13, 5)', '(13, 14)', '(26, 11)', '(1, 12)', '(16, 10)', '(18, 16)', '(7, 16)', '(31, 1)', '(31, 10)', '(20, 10)', '(22, 7)', '(3, 3)', '(17, 2)', '(22, 16)', '(14, 12)', '(4, 11)', '(9, 16)', '(33, 1)', '(33, 10)', '(1, 5)', '(15, 4)', '(6, 1)', '(24, 7)', '(24, 16)', '(13, 16)', '(25, 15)', '(16, 12)', '(1, 14)', '(31, 3)', '(34, 2)', '(31, 12)', '(34, 11)', '(20, 12)', '(22, 9)', '(12, 8)', '(3, 5)', '(17, 4)', '(14, 14)', '(4, 13)', '(32, 4)', '(10, 1)', '(8, 13)', '(33, 12)', '(24, 9)', '(10, 10)', '(1, 7)', '(15, 6)', '(18, 2)', '(1, 16)', '(16, 14)', '(34, 4)', '(22, 2)', '(31, 14)', '(12, 10)', '(3, 7)', '(14, 16)', '(3, 16)', '(32, 6)', '(8, 6)', '(24, 2)', '(13, 2)', '(33, 14)', '(24, 11)', '(10, 12)', '(1, 9)', '(18, 4)', '(16, 16)', '(29, 1)', '(29, 10)', '(6, 8)', '(34, 6)', '(20, 7)', '(31, 16)', '(20, 16)', '(23, 12)', '(12, 12)', '(4, 8)', '(27, 3)', '(27, 12)', '(30, 8)', '(8, 8)', '(2, 1)', '(33, 16)', '(1, 11)', '(10, 14)', '(6, 10)', '(20, 9)', '(23, 5)', '(14, 2)', '(4, 1)', '(12, 14)', '(14, 11)', '(4, 10)', '(27, 5)', '(32, 1)', '(30, 1)', '(8, 1)', '(27, 14)', '(17, 13)', '(30, 10)', '(8, 10)', '(1, 4)', '(11, 6)', '(2, 3)', '(16, 2)', '(10, 16)', '(1, 13)', '(24, 6)', '(25, 14)', '(6, 3)', '(20, 2)', '(6, 12)', '(20, 11)', '(23, 7)', '(4, 3)', '(23, 16)', '(12, 16)', '(4, 12)', '(27, 7)', '(17, 6)', '(30, 3)', '(8, 3)', '(27, 16)', '(30, 12)', '(19, 12)', '(8, 12)', '(11, 8)', '(2, 5)', '(16, 4)', '(25, 16)', '(15, 8)', '(6, 5)', '(31, 4)', '(20, 4)', '(29, 16)', '(6, 14)', '(21, 12)', '(23, 9)', '(14, 6)', '(4, 5)', '(4, 14)', '(34, 15)', '(27, 9)', '(17, 8)', '(30, 5)', '(33, 4)', '(10, 2)', '(19, 5)', '(9, 4)', '(30, 14)', '(10, 11)', '(8, 14)', '(11, 10)', '(25, 9)', '(32, 8)', '(2, 7)', '(2, 16)', '(15, 10)', '(31, 6)', '(7, 6)', '(18, 6)', '(23, 2)', '(6, 16)', '(12, 2)', '(21, 5)', '(12, 11)', '(4, 7)', '(34, 8)', '(27, 2)', '(4, 16)', '(28, 1)', '(27, 11)', '(17, 10)', '(19, 7)', '(9, 6)', '(25, 2)', '(30, 16)', '(19, 16)', '(8, 16)', '(10, 13)', '(32, 10)', '(13, 6)', '(15, 3)', '(15, 12)', '(6, 9)', '(7, 8)', '(21, 7)']",68,0,68
270,"(1, 1)","(2, 1)",West,[],"['(13, 4)', '(10, 4)', '(1, 1)']","['(13, 4)', '(10, 4)']","['(21, 16)', '(34, 1)', '(4, 9)', '(34, 10)', '(27, 4)', '(5, 1)', '(27, 13)', '(17, 12)', '(30, 9)', '(10, 6)', '(8, 9)', '(32, 12)', '(13, 8)', '(7, 1)', '(1, 15)', '(26, 14)', '(15, 14)', '(6, 11)', '(21, 9)', '(34, 3)', '(34, 12)', '(27, 6)', '(5, 3)', '(19, 2)', '(9, 1)', '(17, 14)', '(19, 11)', '(8, 11)', '(11, 7)', '(11, 16)', '(32, 14)', '(1, 8)', '(29, 6)', '(16, 6)', '(7, 3)', '(21, 2)', '(26, 16)', '(15, 16)', '(6, 13)', '(18, 12)', '(34, 14)', '(22, 12)', '(27, 8)', '(14, 8)', '(5, 5)', '(30, 4)', '(19, 4)', '(8, 4)', '(28, 16)', '(30, 13)', '(17, 16)', '(5, 14)', '(33, 6)', '(32, 16)', '(24, 12)', '(13, 12)', '(25, 11)', '(26, 9)', '(16, 8)', '(1, 10)', '(6, 6)', '(21, 4)', '(31, 8)', '(34, 7)', '(22, 5)', '(27, 1)', '(3, 1)', '(34, 16)', '(12, 13)', '(14, 10)', '(17, 9)', '(30, 6)', '(3, 10)', '(19, 6)', '(11, 2)', '(5, 16)', '(9, 14)', '(33, 8)', '(1, 3)', '(26, 2)', '(15, 2)', '(24, 5)', '(13, 5)', '(13, 14)', '(26, 11)', '(1, 12)', '(16, 10)', '(18, 16)', '(7, 16)', '(31, 1)', '(31, 10)', '(20, 10)', '(22, 7)', '(3, 3)', '(17, 2)', '(22, 16)', '(14, 12)', '(4, 11)', '(9, 16)', '(33, 1)', '(33, 10)', '(1, 5)', '(15, 4)', '(6, 1)', '(24, 7)', '(24, 16)', '(13, 16)', '(25, 15)', '(16, 12)', '(1, 14)', '(31, 3)', '(34, 2)', '(31, 12)', '(34, 11)', '(20, 12)', '(22, 9)', '(12, 8)', '(3, 5)', '(17, 4)', '(14, 14)', '(4, 13)', '(32, 4)', '(10, 1)', '(8, 13)', '(33, 12)', '(24, 9)', '(10, 10)', '(1, 7)', '(15, 6)', '(18, 2)', '(1, 16)', '(16, 14)', '(34, 4)', '(22, 2)', '(31, 14)', '(12, 10)', '(3, 7)', '(14, 16)', '(3, 16)', '(32, 6)', '(8, 6)', '(24, 2)', '(13, 2)', '(33, 14)', '(24, 11)', '(10, 12)', '(1, 9)', '(18, 4)', '(16, 16)', '(29, 1)', '(29, 10)', '(6, 8)', '(34, 6)', '(20, 7)', '(31, 16)', '(20, 16)', '(23, 12)', '(12, 12)', '(4, 8)', '(27, 3)', '(27, 12)', '(30, 8)', '(8, 8)', '(2, 1)', '(33, 16)', '(1, 11)', '(10, 14)', '(6, 10)', '(20, 9)', '(23, 5)', '(14, 2)', '(4, 1)', '(12, 14)', '(14, 11)', '(4, 10)', '(27, 5)', '(32, 1)', '(30, 1)', '(8, 1)', '(27, 14)', '(17, 13)', '(30, 10)', '(8, 10)', '(1, 4)', '(11, 6)', '(2, 3)', '(16, 2)', '(10, 16)', '(1, 13)', '(24, 6)', '(25, 14)', '(6, 3)', '(20, 2)', '(6, 12)', '(20, 11)', '(23, 7)', '(4, 3)', '(23, 16)', '(12, 16)', '(4, 12)', '(27, 7)', '(17, 6)', '(30, 3)', '(8, 3)', '(27, 16)', '(30, 12)', '(19, 12)', '(8, 12)', '(11, 8)', '(2, 5)', '(16, 4)', '(25, 16)', '(15, 8)', '(6, 5)', '(31, 4)', '(20, 4)', '(29, 16)', '(6, 14)', '(21, 12)', '(23, 9)', '(14, 6)', '(4, 5)', '(4, 14)', '(34, 15)', '(27, 9)', '(17, 8)', '(30, 5)', '(33, 4)', '(10, 2)', '(19, 5)', '(9, 4)', '(30, 14)', '(10, 11)', '(8, 14)', '(11, 10)', '(25, 9)', '(32, 8)', '(2, 7)', '(2, 16)', '(15, 10)', '(31, 6)', '(7, 6)', '(18, 6)', '(23, 2)', '(6, 16)', '(12, 2)', '(21, 5)', '(12, 11)', '(4, 7)', '(34, 8)', '(27, 2)', '(4, 16)', '(28, 1)', '(27, 11)', '(17, 10)', '(19, 7)', '(9, 6)', '(1, 1)', '(25, 2)', '(30, 16)', '(19, 16)', '(8, 16)', '(10, 13)', '(32, 10)', '(13, 6)', '(15, 3)', '(15, 12)', '(6, 9)', '(7, 8)', '(21, 7)']",68,0,68
