iteration,expanded_state,parent,action,generated_successors,frontier_before,frontier_after,explored,g,h,f
1,"(34, 16)",START,None,"[('(34, 15)', 'South', 1), ('(33, 16)', 'West', 1)]","['(34, 16)']","['(34, 15)', '(33, 16)']","['(34, 16)']",0,0,0
2,"(33, 16)","(34, 16)",West,"[('(34, 16)', 'East', 1), ('(32, 16)', 'West', 1)]","['(34, 15)', '(33, 16)']","['(34, 15)', '(32, 16)']","['(34, 16)', '(33, 16)']",1,0,1
3,"(32, 16)","(33, 16)",West,"[('(33, 16)', 'East', 1), ('(31, 16)', 'West', 1)]","['(34, 15)', '(32, 16)']","['(34, 15)', '(31, 16)']","['(34, 16)', '(32, 16)', '(33, 16)']",2,0,2
4,"(31, 16)","(32, 16)",West,"[('(32, 16)', 'East', 1), ('(30, 16)', 'West', 1)]","['(34, 15)', '(31, 16)']","['(34, 15)', '(30, 16)']","['(31, 16)', '(34, 16)', '(32, 16)', '(33, 16)']",3,0,3
5,"(30, 16)","(31, 16)",West,"[('(31, 16)', 'East', 1), ('(29, 16)', 'West', 1)]","['(34, 15)', '(30, 16)']","['(34, 15)', '(29, 16)']","['(33, 16)', '(34, 16)', '(30, 16)', '(31, 16)', '(32, 16)']",4,0,4
6,"(29, 16)","(30, 16)",West,"[('(30, 16)', 'East', 1), ('(28, 16)', 'West', 1)]","['(34, 15)', '(29, 16)']","['(34, 15)', '(28, 16)']","['(33, 16)', '(34, 16)', '(29, 16)', '(30, 16)', '(31, 16)', '(32, 16)']",5,0,5
7,"(28, 16)","(29, 16)",West,"[('(29, 16)', 'East', 1), ('(27, 16)', 'West', 1)]","['(34, 15)', '(28, 16)']","['(34, 15)', '(27, 16)']","['(33, 16)', '(28, 16)', '(34, 16)', '(29, 16)', '(30, 16)', '(31, 16)', '(32, 16)']",6,0,6
8,"(27, 16)","(28, 16)",West,"[('(28, 16)', 'East', 1), ('(26, 16)', 'West', 1)]","['(34, 15)', '(27, 16)']","['(34, 15)', '(26, 16)']","['(33, 16)', '(28, 16)', '(34, 16)', '(29, 16)', '(30, 16)', '(31, 16)', '(32, 16)', '(27, 16)']",7,0,7
9,"(26, 16)","(27, 16)",West,"[('(27, 16)', 'East', 1), ('(25, 16)', 'West', 1)]","['(34, 15)', '(26, 16)']","['(34, 15)', '(25, 16)']","['(33, 16)', '(28, 16)', '(34, 16)', '(29, 16)', '(30, 16)', '(31, 16)', '(26, 16)', '(32, 16)', '(27, 16)']",8,0,8
10,"(25, 16)","(26, 16)",West,"[('(25, 15)', 'South', 1), ('(26, 16)', 'East', 1), ('(24, 16)', 'West', 1)]","['(34, 15)', '(25, 16)']","['(34, 15)', '(25, 15)', '(24, 16)']","['(25, 16)', '(33, 16)', '(28, 16)', '(34, 16)', '(29, 16)', '(30, 16)', '(31, 16)', '(26, 16)', '(32, 16)', '(27, 16)']",9,0,9
11,"(24, 16)","(25, 16)",West,"[('(25, 16)', 'East', 1), ('(23, 16)', 'West', 1)]","['(34, 15)', '(25, 15)', '(24, 16)']","['(34, 15)', '(25, 15)', '(23, 16)']","['(25, 16)', '(33, 16)', '(28, 16)', '(34, 16)', '(29, 16)', '(24, 16)', '(30, 16)', '(31, 16)', '(26, 16)', '(32, 16)', '(27, 16)']",10,0,10
12,"(23, 16)","(24, 16)",West,"[('(24, 16)', 'East', 1), ('(22, 16)', 'West', 1)]","['(34, 15)', '(25, 15)', '(23, 16)']","['(34, 15)', '(25, 15)', '(22, 16)']","['(25, 16)', '(33, 16)', '(28, 16)', '(23, 16)', '(34, 16)', '(29, 16)', '(24, 16)', '(30, 16)', '(31, 16)', '(26, 16)', '(32, 16)', '(27, 16)']",11,0,11
13,"(22, 16)","(23, 16)",West,"[('(23, 16)', 'East', 1), ('(21, 16)', 'West', 1)]","['(34, 15)', '(25, 15)', '(22, 16)']","['(34, 15)', '(25, 15)', '(21, 16)']","['(25, 16)', '(33, 16)', '(28, 16)', '(23, 16)', '(34, 16)', '(29, 16)', '(24, 16)', '(30, 16)', '(31, 16)', '(26, 16)', '(32, 16)', '(27, 16)', '(22, 16)']",12,0,12
14,"(21, 16)","(22, 16)",West,"[('(22, 16)', 'East', 1), ('(20, 16)', 'West', 1)]","['(34, 15)', '(25, 15)', '(21, 16)']","['(34, 15)', '(25, 15)', '(20, 16)']","['(25, 16)', '(21, 16)', '(33, 16)', '(28, 16)', '(23, 16)', '(34, 16)', '(29, 16)', '(24, 16)', '(30, 16)', '(31, 16)', '(26, 16)', '(32, 16)', '(27, 16)', '(22, 16)']",13,0,13
15,"(20, 16)","(21, 16)",West,"[('(21, 16)', 'East', 1), ('(19, 16)', 'West', 1)]","['(34, 15)', '(25, 15)', '(20, 16)']","['(34, 15)', '(25, 15)', '(19, 16)']","['(25, 16)', '(21, 16)', '(33, 16)', '(28, 16)', '(23, 16)', '(34, 16)', '(29, 16)', '(24, 16)', '(30, 16)', '(31, 16)', '(26, 16)', '(20, 16)', '(32, 16)', '(27, 16)', '(22, 16)']",14,0,14
16,"(19, 16)","(20, 16)",West,"[('(20, 16)', 'East', 1), ('(18, 16)', 'West', 1)]","['(34, 15)', '(25, 15)', '(19, 16)']","['(34, 15)', '(25, 15)', '(18, 16)']","['(25, 16)', '(21, 16)', '(33, 16)', '(28, 16)', '(23, 16)', '(34, 16)', '(29, 16)', '(24, 16)', '(30, 16)', '(19, 16)', '(31, 16)', '(26, 16)', '(20, 16)', '(32, 16)', '(27, 16)', '(22, 16)']",15,0,15
17,"(18, 16)","(19, 16)",West,"[('(19, 16)', 'East', 1), ('(17, 16)', 'West', 1)]","['(34, 15)', '(25, 15)', '(18, 16)']","['(34, 15)', '(25, 15)', '(17, 16)']","['(25, 16)', '(21, 16)', '(33, 16)', '(28, 16)', '(23, 16)', '(34, 16)', '(29, 16)', '(24, 16)', '(30, 16)', '(19, 16)', '(18, 16)', '(31, 16)', '(26, 16)', '(20, 16)', '(32, 16)', '(27, 16)', '(22, 16)']",16,0,16
18,"(17, 16)","(18, 16)",West,"[('(18, 16)', 'East', 1), ('(16, 16)', 'West', 1)]","['(34, 15)', '(25, 15)', '(17, 16)']","['(34, 15)', '(25, 15)', '(16, 16)']","['(25, 16)', '(21, 16)', '(33, 16)', '(28, 16)', '(23, 16)', '(34, 16)', '(29, 16)', '(24, 16)', '(30, 16)', '(19, 16)', '(18, 16)', '(31, 16)', '(26, 16)', '(20, 16)', '(32, 16)', '(27, 16)', '(22, 16)', '(17, 16)']",17,0,17
19,"(16, 16)","(17, 16)",West,"[('(17, 16)', 'East', 1), ('(15, 16)', 'West', 1)]","['(34, 15)', '(25, 15)', '(16, 16)']","['(34, 15)', '(25, 15)', '(15, 16)']","['(21, 16)', '(23, 16)', '(34, 16)', '(27, 16)', '(25, 16)', '(16, 16)', '(18, 16)', '(29, 16)', '(31, 16)', '(20, 16)', '(22, 16)', '(33, 16)', '(24, 16)', '(26, 16)', '(28, 16)', '(17, 16)', '(30, 16)', '(19, 16)', '(32, 16)']",18,0,18
20,"(15, 16)","(16, 16)",West,"[('(16, 16)', 'East', 1), ('(14, 16)', 'West', 1)]","['(34, 15)', '(25, 15)', '(15, 16)']","['(34, 15)', '(25, 15)', '(14, 16)']","['(21, 16)', '(23, 16)', '(34, 16)', '(27, 16)', '(25, 16)', '(16, 16)', '(18, 16)', '(29, 16)', '(31, 16)', '(20, 16)', '(22, 16)', '(33, 16)', '(24, 16)', '(26, 16)', '(15, 16)', '(28, 16)', '(17, 16)', '(30, 16)', '(19, 16)', '(32, 16)']",19,0,19
21,"(14, 16)","(15, 16)",West,"[('(15, 16)', 'East', 1), ('(13, 16)', 'West', 1)]","['(34, 15)', '(25, 15)', '(14, 16)']","['(34, 15)', '(25, 15)', '(13, 16)']","['(21, 16)', '(23, 16)', '(34, 16)', '(14, 16)', '(27, 16)', '(25, 16)', '(16, 16)', '(18, 16)', '(29, 16)', '(31, 16)', '(20, 16)', '(22, 16)', '(33, 16)', '(24, 16)', '(26, 16)', '(15, 16)', '(28, 16)', '(17, 16)', '(30, 16)', '(19, 16)', '(32, 16)']",20,0,20
22,"(13, 16)","(14, 16)",West,"[('(14, 16)', 'East', 1), ('(12, 16)', 'West', 1)]","['(34, 15)', '(25, 15)', '(13, 16)']","['(34, 15)', '(25, 15)', '(12, 16)']","['(21, 16)', '(23, 16)', '(34, 16)', '(14, 16)', '(27, 16)', '(25, 16)', '(16, 16)', '(18, 16)', '(29, 16)', '(31, 16)', '(20, 16)', '(22, 16)', '(33, 16)', '(24, 16)', '(13, 16)', '(26, 16)', '(15, 16)', '(28, 16)', '(17, 16)', '(30, 16)', '(19, 16)', '(32, 16)']",21,0,21
23,"(12, 16)","(13, 16)",West,"[('(13, 16)', 'East', 1), ('(11, 16)', 'West', 1)]","['(34, 15)', '(25, 15)', '(12, 16)']","['(34, 15)', '(25, 15)', '(11, 16)']","['(21, 16)', '(23, 16)', '(34, 16)', '(12, 16)', '(14, 16)', '(27, 16)', '(25, 16)', '(16, 16)', '(18, 16)', '(29, 16)', '(31, 16)', '(20, 16)', '(22, 16)', '(33, 16)', '(24, 16)', '(13, 16)', '(26, 16)', '(15, 16)', '(28, 16)', '(17, 16)', '(30, 16)', '(19, 16)', '(32, 16)']",22,0,22
24,"(11, 16)","(12, 16)",West,"[('(12, 16)', 'East', 1), ('(10, 16)', 'West', 1)]","['(34, 15)', '(25, 15)', '(11, 16)']","['(34, 15)', '(25, 15)', '(10, 16)']","['(21, 16)', '(23, 16)', '(34, 16)', '(12, 16)', '(14, 16)', '(27, 16)', '(25, 16)', '(16, 16)', '(18, 16)', '(29, 16)', '(31, 16)', '(20, 16)', '(22, 16)', '(11, 16)', '(33, 16)', '(24, 16)', '(13, 16)', '(26, 16)', '(15, 16)', '(28, 16)', '(17, 16)', '(30, 16)', '(19, 16)', '(32, 16)']",23,0,23
25,"(10, 16)","(11, 16)",West,"[('(11, 16)', 'East', 1), ('(9, 16)', 'West', 1)]","['(34, 15)', '(25, 15)', '(10, 16)']","['(34, 15)', '(25, 15)', '(9, 16)']","['(21, 16)', '(23, 16)', '(34, 16)', '(12, 16)', '(14, 16)', '(27, 16)', '(25, 16)', '(16, 16)', '(18, 16)', '(29, 16)', '(31, 16)', '(20, 16)', '(22, 16)', '(11, 16)', '(33, 16)', '(24, 16)', '(13, 16)', '(26, 16)', '(15, 16)', '(28, 16)', '(17, 16)', '(30, 16)', '(19, 16)', '(10, 16)', '(32, 16)']",24,0,24
26,"(9, 16)","(10, 16)",West,"[('(10, 16)', 'East', 1), ('(8, 16)', 'West', 1)]","['(34, 15)', '(25, 15)', '(9, 16)']","['(34, 15)', '(25, 15)', '(8, 16)']","['(21, 16)', '(23, 16)', '(34, 16)', '(12, 16)', '(14, 16)', '(27, 16)', '(25, 16)', '(16, 16)', '(18, 16)', '(29, 16)', '(31, 16)', '(20, 16)', '(22, 16)', '(9, 16)', '(11, 16)', '(33, 16)', '(24, 16)', '(13, 16)', '(26, 16)', '(15, 16)', '(28, 16)', '(17, 16)', '(30, 16)', '(19, 16)', '(10, 16)', '(32, 16)']",25,0,25
27,"(8, 16)","(9, 16)",West,"[('(9, 16)', 'East', 1), ('(7, 16)', 'West', 1)]","['(34, 15)', '(25, 15)', '(8, 16)']","['(34, 15)', '(25, 15)', '(7, 16)']","['(21, 16)', '(23, 16)', '(34, 16)', '(12, 16)', '(14, 16)', '(27, 16)', '(25, 16)', '(16, 16)', '(18, 16)', '(29, 16)', '(31, 16)', '(20, 16)', '(22, 16)', '(9, 16)', '(11, 16)', '(33, 16)', '(24, 16)', '(13, 16)', '(26, 16)', '(15, 16)', '(28, 16)', '(17, 16)', '(30, 16)', '(19, 16)', '(8, 16)', '(10, 16)', '(32, 16)']",26,0,26
28,"(7, 16)","(8, 16)",West,"[('(8, 16)', 'East', 1), ('(6, 16)', 'West', 1)]","['(34, 15)', '(25, 15)', '(7, 16)']","['(34, 15)', '(25, 15)', '(6, 16)']","['(21, 16)', '(23, 16)', '(34, 16)', '(12, 16)', '(14, 16)', '(27, 16)', '(25, 16)', '(16, 16)', '(18, 16)', '(29, 16)', '(7, 16)', '(31, 16)', '(20, 16)', '(22, 16)', '(9, 16)', '(11, 16)', '(33, 16)', '(24, 16)', '(13, 16)', '(26, 16)', '(15, 16)', '(28, 16)', '(17, 16)', '(30, 16)', '(19, 16)', '(8, 16)', '(10, 16)', '(32, 16)']",27,0,27
29,"(6, 16)","(7, 16)",West,"[('(7, 16)', 'East', 1), ('(5, 16)', 'West', 1)]","['(34, 15)', '(25, 15)', '(6, 16)']","['(34, 15)', '(25, 15)', '(5, 16)']","['(21, 16)', '(23, 16)', '(34, 16)', '(12, 16)', '(14, 16)', '(27, 16)', '(25, 16)', '(16, 16)', '(18, 16)', '(29, 16)', '(7, 16)', '(31, 16)', '(20, 16)', '(22, 16)', '(9, 16)', '(11, 16)', '(33, 16)', '(24, 16)', '(13, 16)', '(26, 16)', '(15, 16)', '(6, 16)', '(28, 16)', '(17, 16)', '(30, 16)', '(19, 16)', '(8, 16)', '(10, 16)', '(32, 16)']",28,0,28
30,"(5, 16)","(6, 16)",West,"[('(6, 16)', 'East', 1), ('(4, 16)', 'West', 1)]","['(34, 15)', '(25, 15)', '(5, 16)']","['(34, 15)', '(25, 15)', '(4, 16)']","['(21, 16)', '(23, 16)', '(34, 16)', '(12, 16)', '(14, 16)', '(5, 16)', '(27, 16)', '(25, 16)', '(16, 16)', '(18, 16)', '(29, 16)', '(7, 16)', '(31, 16)', '(20, 16)', '(22, 16)', '(9, 16)', '(11, 16)', '(33, 16)', '(24, 16)', '(13, 16)', '(26, 16)', '(15, 16)', '(6, 16)', '(28, 16)', '(17, 16)', '(30, 16)', '(19, 16)', '(8, 16)', '(10, 16)', '(32, 16)']",29,0,29
31,"(4, 16)","(5, 16)",West,"[('(5, 16)', 'East', 1), ('(3, 16)', 'West', 1)]","['(34, 15)', '(25, 15)', '(4, 16)']","['(34, 15)', '(25, 15)', '(3, 16)']","['(21, 16)', '(23, 16)', '(34, 16)', '(12, 16)', '(14, 16)', '(5, 16)', '(27, 16)', '(25, 16)', '(16, 16)', '(18, 16)', '(29, 16)', '(7, 16)', '(31, 16)', '(20, 16)', '(22, 16)', '(9, 16)', '(11, 16)', '(33, 16)', '(24, 16)', '(13, 16)', '(26, 16)', '(15, 16)', '(6, 16)', '(4, 16)', '(28, 16)', '(17, 16)', '(30, 16)', '(19, 16)', '(8, 16)', '(10, 16)', '(32, 16)']",30,0,30
32,"(3, 16)","(4, 16)",West,"[('(4, 16)', 'East', 1), ('(2, 16)', 'West', 1)]","['(34, 15)', '(25, 15)', '(3, 16)']","['(34, 15)', '(25, 15)', '(2, 16)']","['(21, 16)', '(23, 16)', '(34, 16)', '(12, 16)', '(14, 16)', '(3, 16)', '(5, 16)', '(27, 16)', '(25, 16)', '(16, 16)', '(18, 16)', '(29, 16)', '(7, 16)', '(31, 16)', '(20, 16)', '(22, 16)', '(9, 16)', '(11, 16)', '(33, 16)', '(24, 16)', '(13, 16)', '(26, 16)', '(15, 16)', '(6, 16)', '(4, 16)', '(28, 16)', '(17, 16)', '(30, 16)', '(19, 16)', '(8, 16)', '(10, 16)', '(32, 16)']",31,0,31
33,"(2, 16)","(3, 16)",West,"[('(3, 16)', 'East', 1), ('(1, 16)', 'West', 1)]","['(34, 15)', '(25, 15)', '(2, 16)']","['(34, 15)', '(25, 15)', '(1, 16)']","['(21, 16)', '(23, 16)', '(34, 16)', '(12, 16)', '(14, 16)', '(3, 16)', '(5, 16)', '(27, 16)', '(25, 16)', '(16, 16)', '(18, 16)', '(29, 16)', '(7, 16)', '(31, 16)', '(20, 16)', '(22, 16)', '(9, 16)', '(11, 16)', '(33, 16)', '(2, 16)', '(24, 16)', '(13, 16)', '(26, 16)', '(15, 16)', '(6, 16)', '(4, 16)', '(28, 16)', '(17, 16)', '(30, 16)', '(19, 16)', '(8, 16)', '(10, 16)', '(32, 16)']",32,0,32
34,"(1, 16)","(2, 16)",West,"[('(1, 15)', 'South', 1), ('(2, 16)', 'East', 1)]","['(34, 15)', '(25, 15)', '(1, 16)']","['(34, 15)', '(25, 15)', '(1, 15)']","['(21, 16)', '(23, 16)', '(34, 16)', '(12, 16)', '(14, 16)', '(3, 16)', '(5, 16)', '(27, 16)', '(25, 16)', '(16, 16)', '(18, 16)', '(29, 16)', '(7, 16)', '(31, 16)', '(20, 16)', '(22, 16)', '(9, 16)', '(11, 16)', '(33, 16)', '(2, 16)', '(24, 16)', '(13, 16)', '(26, 16)', '(15, 16)', '(6, 16)', '(4, 16)', '(28, 16)', '(17, 16)', '(30, 16)', '(19, 16)', '(8, 16)', '(10, 16)', '(32, 16)', '(1, 16)']",33,0,33
35,"(1, 15)","(1, 16)",South,"[('(1, 16)', 'North', 1), ('(1, 14)', 'South', 1)]","['(34, 15)', '(25, 15)', '(1, 15)']","['(34, 15)', '(25, 15)', '(1, 14)']","['(21, 16)', '(23, 16)', '(34, 16)', '(12, 16)', '(14, 16)', '(3, 16)', '(5, 16)', '(27, 16)', '(25, 16)', '(16, 16)', '(1, 15)', '(18, 16)', '(29, 16)', '(7, 16)', '(31, 16)', '(20, 16)', '(22, 16)', '(9, 16)', '(11, 16)', '(33, 16)', '(2, 16)', '(24, 16)', '(13, 16)', '(26, 16)', '(15, 16)', '(6, 16)', '(4, 16)', '(28, 16)', '(17, 16)', '(30, 16)', '(19, 16)', '(8, 16)', '(10, 16)', '(32, 16)', '(1, 16)']",34,0,34
36,"(1, 14)","(1, 15)",South,"[('(1, 15)', 'North', 1), ('(1, 13)', 'South', 1)]","['(34, 15)', '(25, 15)', '(1, 14)']","['(34, 15)', '(25, 15)', '(1, 13)']","['(21, 16)', '(23, 16)', '(34, 16)', '(12, 16)', '(14, 16)', '(3, 16)', '(5, 16)', '(27, 16)', '(25, 16)', '(16, 16)', '(1, 15)', '(18, 16)', '(29, 16)', '(7, 16)', '(31, 16)', '(20, 16)', '(22, 16)', '(9, 16)', '(11, 16)', '(33, 16)', '(2, 16)', '(24, 16)', '(13, 16)', '(1, 14)', '(26, 16)', '(15, 16)', '(6, 16)', '(4, 16)', '(28, 16)', '(17, 16)', '(30, 16)', '(19, 16)', '(8, 16)', '(10, 16)', '(32, 16)', '(1, 16)']",35,0,35
37,"(1, 13)","(1, 14)",South,"[('(1, 14)', 'North', 1), ('(1, 12)', 'South', 1)]","['(34, 15)', '(25, 15)', '(1, 13)']","['(34, 15)', '(25, 15)', '(1, 12)']","['(21, 16)', '(23, 16)', '(34, 16)', '(12, 16)', '(14, 16)', '(3, 16)', '(5, 16)', '(27, 16)', '(25, 16)', '(16, 16)', '(1, 15)', '(18, 16)', '(29, 16)', '(7, 16)', '(31, 16)', '(20, 16)', '(22, 16)', '(9, 16)', '(11, 16)', '(33, 16)', '(2, 16)', '(24, 16)', '(13, 16)', '(1, 14)', '(26, 16)', '(15, 16)', '(6, 16)', '(4, 16)', '(28, 16)', '(17, 16)', '(30, 16)', '(19, 16)', '(8, 16)', '(10, 16)', '(32, 16)', '(1, 13)', '(1, 16)']",36,0,36
38,"(1, 12)","(1, 13)",South,"[('(1, 13)', 'North', 1), ('(1, 11)', 'South', 1)]","['(34, 15)', '(25, 15)', '(1, 12)']","['(34, 15)', '(25, 15)', '(1, 11)']","['(21, 16)', '(23, 16)', '(34, 16)', '(12, 16)', '(14, 16)', '(3, 16)', '(5, 16)', '(27, 16)', '(25, 16)', '(1, 12)', '(16, 16)', '(1, 15)', '(18, 16)', '(29, 16)', '(7, 16)', '(31, 16)', '(20, 16)', '(22, 16)', '(9, 16)', '(11, 16)', '(33, 16)', '(2, 16)', '(24, 16)', '(13, 16)', '(1, 14)', '(26, 16)', '(15, 16)', '(6, 16)', '(4, 16)', '(28, 16)', '(17, 16)', '(30, 16)', '(19, 16)', '(8, 16)', '(10, 16)', '(32, 16)', '(1, 13)', '(1, 16)']",37,0,37
39,"(1, 11)","(1, 12)",South,"[('(1, 12)', 'North', 1), ('(1, 10)', 'South', 1)]","['(34, 15)', '(25, 15)', '(1, 11)']","['(34, 15)', '(25, 15)', '(1, 10)']","['(21, 16)', '(23, 16)', '(34, 16)', '(12, 16)', '(14, 16)', '(3, 16)', '(5, 16)', '(27, 16)', '(25, 16)', '(1, 12)', '(16, 16)', '(1, 15)', '(18, 16)', '(29, 16)', '(7, 16)', '(31, 16)', '(20, 16)', '(22, 16)', '(9, 16)', '(11, 16)', '(33, 16)', '(1, 11)', '(2, 16)', '(24, 16)', '(13, 16)', '(1, 14)', '(26, 16)', '(15, 16)', '(6, 16)', '(4, 16)', '(28, 16)', '(17, 16)', '(30, 16)', '(19, 16)', '(8, 16)', '(10, 16)', '(32, 16)', '(1, 13)', '(1, 16)']",38,0,38
40,"(1, 10)","(1, 11)",South,"[('(1, 11)', 'North', 1), ('(1, 9)', 'South', 1)]","['(34, 15)', '(25, 15)', '(1, 10)']","['(34, 15)', '(25, 15)', '(1, 9)']","['(21, 16)', '(23, 16)', '(34, 16)', '(12, 16)', '(14, 16)', '(3, 16)', '(5, 16)', '(27, 16)', '(25, 16)', '(1, 12)', '(16, 16)', '(1, 15)', '(18, 16)', '(29, 16)', '(7, 16)', '(31, 16)', '(20, 16)', '(22, 16)', '(9, 16)', '(11, 16)', '(33, 16)', '(1, 11)', '(2, 16)', '(24, 16)', '(13, 16)', '(1, 14)', '(26, 16)', '(15, 16)', '(6, 16)', '(4, 16)', '(28, 16)', '(17, 16)', '(30, 16)', '(19, 16)', '(8, 16)', '(10, 16)', '(32, 16)', '(1, 13)', '(1, 10)', '(1, 16)']",39,0,39
41,"(1, 9)","(1, 10)",South,"[('(1, 10)', 'North', 1), ('(1, 8)', 'South', 1)]","['(34, 15)', '(25, 15)', '(1, 9)']","['(34, 15)', '(25, 15)', '(1, 8)']","['(21, 16)', '(23, 16)', '(34, 16)', '(12, 16)', '(14, 16)', '(3, 16)', '(5, 16)', '(27, 16)', '(1, 9)', '(25, 16)', '(1, 12)', '(16, 16)', '(1, 15)', '(18, 16)', '(29, 16)', '(7, 16)', '(31, 16)', '(20, 16)', '(22, 16)', '(9, 16)', '(11, 16)', '(33, 16)', '(1, 11)', '(2, 16)', '(24, 16)', '(13, 16)', '(1, 14)', '(26, 16)', '(15, 16)', '(6, 16)', '(4, 16)', '(28, 16)', '(17, 16)', '(30, 16)', '(19, 16)', '(8, 16)', '(10, 16)', '(32, 16)', '(1, 13)', '(1, 10)', '(1, 16)']",40,0,40
42,"(1, 8)","(1, 9)",South,"[('(1, 9)', 'North', 1), ('(1, 7)', 'South', 1)]","['(34, 15)', '(25, 15)', '(1, 8)']","['(34, 15)', '(25, 15)', '(1, 7)']","['(21, 16)', '(23, 16)', '(34, 16)', '(12, 16)', '(14, 16)', '(3, 16)', '(5, 16)', '(27, 16)', '(1, 9)', '(25, 16)', '(1, 12)', '(16, 16)', '(1, 15)', '(18, 16)', '(29, 16)', '(7, 16)', '(31, 16)', '(20, 16)', '(22, 16)', '(9, 16)', '(11, 16)', '(33, 16)', '(1, 11)', '(2, 16)', '(24, 16)', '(13, 16)', '(1, 14)', '(1, 8)', '(26, 16)', '(15, 16)', '(6, 16)', '(4, 16)', '(28, 16)', '(17, 16)', '(30, 16)', '(19, 16)', '(8, 16)', '(10, 16)', '(32, 16)', '(1, 13)', '(1, 10)', '(1, 16)']",41,0,41
43,"(1, 7)","(1, 8)",South,"[('(1, 8)', 'North', 1), ('(2, 7)', 'East', 1)]","['(34, 15)', '(25, 15)', '(1, 7)']","['(34, 15)', '(25, 15)', '(2, 7)']","['(21, 16)', '(23, 16)', '(34, 16)', '(12, 16)', '(14, 16)', '(3, 16)', '(5, 16)', '(27, 16)', '(1, 9)', '(25, 16)', '(1, 12)', '(16, 16)', '(1, 15)', '(18, 16)', '(29, 16)', '(7, 16)', '(31, 16)', '(20, 16)', '(22, 16)', '(9, 16)', '(11, 16)', '(33, 16)', '(1, 11)', '(2, 16)', '(24, 16)', '(13, 16)', '(1, 14)', '(1, 8)', '(26, 16)', '(15, 16)', '(6, 16)', '(4, 16)', '(28, 16)', '(17, 16)', '(30, 16)', '(19, 16)', '(8, 16)', '(10, 16)', '(32, 16)', '(1, 13)', '(1, 7)', '(1, 10)', '(1, 16)']",42,0,42
44,"(2, 7)","(1, 7)",East,"[('(3, 7)', 'East', 1), ('(1, 7)', 'West', 1)]","['(34, 15)', '(25, 15)', '(2, 7)']","['(34, 15)', '(25, 15)', '(3, 7)']","['(21, 16)', '(23, 16)', '(34, 16)', '(12, 16)', '(14, 16)', '(3, 16)', '(5, 16)', '(27, 16)', '(1, 9)', '(25, 16)', '(1, 12)', '(16, 16)', '(1, 15)', '(18, 16)', '(29, 16)', '(7, 16)', '(31, 16)', '(20, 16)', '(22, 16)', '(9, 16)', '(11, 16)', '(33, 16)', '(1, 11)', '(2, 7)', '(2, 16)', '(24, 16)', '(13, 16)', '(1, 14)', '(1, 8)', '(26, 16)', '(15, 16)', '(6, 16)', '(4, 16)', '(28, 16)', '(17, 16)', '(30, 16)', '(19, 16)', '(8, 16)', '(10, 16)', '(32, 16)', '(1, 13)', '(1, 7)', '(1, 10)', '(1, 16)']",43,0,43
45,"(3, 7)","(2, 7)",East,"[('(4, 7)', 'East', 1), ('(2, 7)', 'West', 1)]","['(34, 15)', '(25, 15)', '(3, 7)']","['(34, 15)', '(25, 15)', '(4, 7)']","['(21, 16)', '(23, 16)', '(34, 16)', '(12, 16)', '(3, 7)', '(14, 16)', '(3, 16)', '(5, 16)', '(27, 16)', '(1, 9)', '(25, 16)', '(1, 12)', '(16, 16)', '(1, 15)', '(18, 16)', '(29, 16)', '(7, 16)', '(31, 16)', '(20, 16)', '(22, 16)', '(9, 16)', '(11, 16)', '(33, 16)', '(1, 11)', '(2, 7)', '(2, 16)', '(24, 16)', '(13, 16)', '(1, 14)', '(1, 8)', '(26, 16)', '(15, 16)', '(6, 16)', '(4, 16)', '(28, 16)', '(17, 16)', '(30, 16)', '(19, 16)', '(8, 16)', '(10, 16)', '(32, 16)', '(1, 13)', '(1, 7)', '(1, 10)', '(1, 16)']",44,0,44
46,"(4, 7)","(3, 7)",East,"[('(4, 8)', 'North', 1), ('(3, 7)', 'West', 1)]","['(34, 15)', '(25, 15)', '(4, 7)']","['(34, 15)', '(25, 15)', '(4, 8)']","['(21, 16)', '(23, 16)', '(34, 16)', '(12, 16)', '(3, 7)', '(14, 16)', '(3, 16)', '(5, 16)', '(27, 16)', '(1, 9)', '(25, 16)', '(1, 12)', '(16, 16)', '(1, 15)', '(18, 16)', '(29, 16)', '(7, 16)', '(31, 16)', '(20, 16)', '(22, 16)', '(9, 16)', '(11, 16)', '(33, 16)', '(1, 11)', '(2, 7)', '(2, 16)', '(24, 16)', '(13, 16)', '(1, 14)', '(1, 8)', '(26, 16)', '(15, 16)', '(6, 16)', '(4, 7)', '(4, 16)', '(28, 16)', '(17, 16)', '(30, 16)', '(19, 16)', '(8, 16)', '(10, 16)', '(32, 16)', '(1, 13)', '(1, 7)', '(1, 10)', '(1, 16)']",45,0,45
47,"(4, 8)","(4, 7)",North,"[('(4, 9)', 'North', 1), ('(4, 7)', 'South', 1)]","['(34, 15)', '(25, 15)', '(4, 8)']","['(34, 15)', '(25, 15)', '(4, 9)']","['(21, 16)', '(23, 16)', '(34, 16)', '(12, 16)', '(3, 7)', '(14, 16)', '(3, 16)', '(5, 16)', '(27, 16)', '(1, 9)', '(25, 16)', '(1, 12)', '(16, 16)', '(1, 15)', '(18, 16)', '(29, 16)', '(7, 16)', '(31, 16)', '(20, 16)', '(22, 16)', '(4, 8)', '(9, 16)', '(11, 16)', '(33, 16)', '(1, 11)', '(2, 7)', '(2, 16)', '(24, 16)', '(13, 16)', '(1, 14)', '(1, 8)', '(26, 16)', '(15, 16)', '(6, 16)', '(4, 7)', '(4, 16)', '(28, 16)', '(17, 16)', '(30, 16)', '(19, 16)', '(8, 16)', '(10, 16)', '(32, 16)', '(1, 13)', '(1, 7)', '(1, 10)', '(1, 16)']",46,0,46
48,"(4, 9)","(4, 8)",North,"[('(4, 10)', 'North', 1), ('(4, 8)', 'South', 1)]","['(34, 15)', '(25, 15)', '(4, 9)']","['(34, 15)', '(25, 15)', '(4, 10)']","['(21, 16)', '(4, 9)', '(23, 16)', '(34, 16)', '(12, 16)', '(3, 7)', '(14, 16)', '(3, 16)', '(5, 16)', '(27, 16)', '(1, 9)', '(25, 16)', '(1, 12)', '(16, 16)', '(1, 15)', '(18, 16)', '(29, 16)', '(7, 16)', '(31, 16)', '(20, 16)', '(22, 16)', '(4, 8)', '(9, 16)', '(11, 16)', '(33, 16)', '(1, 11)', '(2, 7)', '(2, 16)', '(24, 16)', '(13, 16)', '(1, 14)', '(1, 8)', '(26, 16)', '(15, 16)', '(6, 16)', '(4, 7)', '(4, 16)', '(28, 16)', '(17, 16)', '(30, 16)', '(19, 16)', '(8, 16)', '(10, 16)', '(32, 16)', '(1, 13)', '(1, 7)', '(1, 10)', '(1, 16)']",47,0,47
49,"(4, 10)","(4, 9)",North,"[('(4, 11)', 'North', 1), ('(4, 9)', 'South', 1), ('(3, 10)', 'West', 1)]","['(34, 15)', '(25, 15)', '(4, 10)']","['(34, 15)', '(25, 15)', '(4, 11)', '(3, 10)']","['(21, 16)', '(4, 9)', '(23, 16)', '(34, 16)', '(12, 16)', '(3, 7)', '(14, 16)', '(3, 16)', '(5, 16)', '(27, 16)', '(1, 9)', '(25, 16)', '(1, 12)', '(16, 16)', '(1, 15)', '(18, 16)', '(29, 16)', '(7, 16)', '(31, 16)', '(20, 16)', '(22, 16)', '(4, 8)', '(9, 16)', '(11, 16)', '(33, 16)', '(1, 11)', '(2, 7)', '(2, 16)', '(24, 16)', '(13, 16)', '(1, 14)', '(1, 8)', '(26, 16)', '(15, 16)', '(6, 16)', '(4, 7)', '(4, 10)', '(4, 16)', '(28, 16)', '(17, 16)', '(30, 16)', '(19, 16)', '(8, 16)', '(10, 16)', '(32, 16)', '(1, 13)', '(1, 7)', '(1, 10)', '(1, 16)']",48,0,48
50,"(3, 10)","(4, 10)",West,"[('(4, 10)', 'East', 1)]","['(34, 15)', '(25, 15)', '(4, 11)', '(3, 10)']","['(34, 15)', '(25, 15)', '(4, 11)']","['(21, 16)', '(4, 9)', '(23, 16)', '(34, 16)', '(12, 16)', '(3, 7)', '(3, 10)', '(14, 16)', '(3, 16)', '(5, 16)', '(27, 16)', '(1, 9)', '(25, 16)', '(1, 12)', '(16, 16)', '(1, 15)', '(18, 16)', '(29, 16)', '(7, 16)', '(31, 16)', '(20, 16)', '(22, 16)', '(4, 8)', '(9, 16)', '(11, 16)', '(33, 16)', '(1, 11)', '(2, 7)', '(2, 16)', '(24, 16)', '(13, 16)', '(1, 14)', '(1, 8)', '(26, 16)', '(15, 16)', '(6, 16)', '(4, 7)', '(4, 10)', '(4, 16)', '(28, 16)', '(17, 16)', '(30, 16)', '(19, 16)', '(8, 16)', '(10, 16)', '(32, 16)', '(1, 13)', '(1, 7)', '(1, 10)', '(1, 16)']",49,0,49
51,"(4, 11)","(4, 10)",North,"[('(4, 12)', 'North', 1), ('(4, 10)', 'South', 1)]","['(34, 15)', '(25, 15)', '(4, 11)']","['(34, 15)', '(25, 15)', '(4, 12)']","['(21, 16)', '(4, 9)', '(23, 16)', '(34, 16)', '(12, 16)', '(3, 7)', '(3, 10)', '(14, 16)', '(3, 16)', '(5, 16)', '(27, 16)', '(1, 9)', '(25, 16)', '(1, 12)', '(16, 16)', '(1, 15)', '(18, 16)', '(29, 16)', '(7, 16)', '(31, 16)', '(20, 16)', '(22, 16)', '(4, 8)', '(4, 11)', '(9, 16)', '(11, 16)', '(33, 16)', '(1, 11)', '(2, 7)', '(2, 16)', '(24, 16)', '(13, 16)', '(1, 14)', '(1, 8)', '(26, 16)', '(15, 16)', '(6, 16)', '(4, 7)', '(4, 10)', '(4, 16)', '(28, 16)', '(17, 16)', '(30, 16)', '(19, 16)', '(8, 16)', '(10, 16)', '(32, 16)', '(1, 13)', '(1, 7)', '(1, 10)', '(1, 16)']",49,0,49
52,"(4, 12)","(4, 11)",North,"[('(4, 13)', 'North', 1), ('(4, 11)', 'South', 1)]","['(34, 15)', '(25, 15)', '(4, 12)']","['(34, 15)', '(25, 15)', '(4, 13)']","['(21, 16)', '(4, 9)', '(23, 16)', '(34, 16)', '(12, 16)', '(3, 7)', '(3, 10)', '(14, 16)', '(3, 16)', '(4, 12)', '(5, 16)', '(27, 16)', '(1, 9)', '(25, 16)', '(1, 12)', '(16, 16)', '(1, 15)', '(18, 16)', '(29, 16)', '(7, 16)', '(31, 16)', '(20, 16)', '(22, 16)', '(4, 8)', '(4, 11)', '(9, 16)', '(11, 16)', '(33, 16)', '(1, 11)', '(2, 7)', '(2, 16)', '(24, 16)', '(13, 16)', '(1, 14)', '(1, 8)', '(26, 16)', '(15, 16)', '(6, 16)', '(4, 7)', '(4, 10)', '(4, 16)', '(28, 16)', '(17, 16)', '(30, 16)', '(19, 16)', '(8, 16)', '(10, 16)', '(32, 16)', '(1, 13)', '(1, 7)', '(1, 10)', '(1, 16)']",50,0,50
53,"(4, 13)","(4, 12)",North,"[('(4, 14)', 'North', 1), ('(4, 12)', 'South', 1)]","['(34, 15)', '(25, 15)', '(4, 13)']","['(34, 15)', '(25, 15)', '(4, 14)']","['(21, 16)', '(4, 9)', '(23, 16)', '(34, 16)', '(12, 16)', '(3, 7)', '(3, 10)', '(14, 16)', '(3, 16)', '(4, 12)', '(5, 16)', '(27, 16)', '(1, 9)', '(25, 16)', '(1, 12)', '(16, 16)', '(1, 15)', '(18, 16)', '(29, 16)', '(7, 16)', '(31, 16)', '(20, 16)', '(22, 16)', '(4, 8)', '(4, 11)', '(9, 16)', '(11, 16)', '(33, 16)', '(1, 11)', '(2, 7)', '(2, 16)', '(24, 16)', '(13, 16)', '(1, 14)', '(1, 8)', '(26, 16)', '(15, 16)', '(6, 16)', '(4, 7)', '(4, 10)', '(4, 16)', '(4, 13)', '(28, 16)', '(17, 16)', '(30, 16)', '(19, 16)', '(8, 16)', '(10, 16)', '(32, 16)', '(1, 13)', '(1, 7)', '(1, 10)', '(1, 16)']",51,0,51
54,"(4, 14)","(4, 13)",North,"[('(4, 13)', 'South', 1), ('(5, 14)', 'East', 1)]","['(34, 15)', '(25, 15)', '(4, 14)']","['(34, 15)', '(25, 15)', '(5, 14)']","['(21, 16)', '(4, 9)', '(23, 16)', '(34, 16)', '(12, 16)', '(3, 7)', '(3, 10)', '(14, 16)', '(3, 16)', '(4, 12)', '(5, 16)', '(27, 16)', '(1, 9)', '(25, 16)', '(1, 12)', '(16, 16)', '(1, 15)', '(18, 16)', '(29, 16)', '(7, 16)', '(31, 16)', '(20, 16)', '(22, 16)', '(4, 8)', '(4, 14)', '(4, 11)', '(9, 16)', '(11, 16)', '(33, 16)', '(1, 11)', '(2, 7)', '(2, 16)', '(24, 16)', '(13, 16)', '(1, 14)', '(1, 8)', '(26, 16)', '(15, 16)', '(6, 16)', '(4, 7)', '(4, 10)', '(4, 16)', '(4, 13)', '(28, 16)', '(17, 16)', '(30, 16)', '(19, 16)', '(8, 16)', '(10, 16)', '(32, 16)', '(1, 13)', '(1, 7)', '(1, 10)', '(1, 16)']",52,0,52
55,"(5, 14)","(4, 14)",East,"[('(6, 14)', 'East', 1), ('(4, 14)', 'West', 1)]","['(34, 15)', '(25, 15)', '(5, 14)']","['(34, 15)', '(25, 15)', '(6, 14)']","['(21, 16)', '(4, 9)', '(23, 16)', '(34, 16)', '(12, 16)', '(3, 7)', '(3, 10)', '(14, 16)', '(3, 16)', '(4, 12)', '(5, 16)', '(27, 16)', '(1, 9)', '(25, 16)', '(1, 12)', '(16, 16)', '(1, 15)', '(18, 16)', '(29, 16)', '(7, 16)', '(31, 16)', '(20, 16)', '(22, 16)', '(4, 8)', '(4, 14)', '(4, 11)', '(9, 16)', '(11, 16)', '(33, 16)', '(1, 11)', '(2, 7)', '(2, 16)', '(24, 16)', '(13, 16)', '(1, 14)', '(1, 8)', '(26, 16)', '(15, 16)', '(6, 16)', '(4, 7)', '(4, 10)', '(4, 16)', '(4, 13)', '(28, 16)', '(17, 16)', '(5, 14)', '(30, 16)', '(19, 16)', '(8, 16)', '(10, 16)', '(32, 16)', '(1, 13)', '(1, 7)', '(1, 10)', '(1, 16)']",53,0,53
56,"(6, 14)","(5, 14)",East,"[('(6, 13)', 'South', 1), ('(5, 14)', 'West', 1)]","['(34, 15)', '(25, 15)', '(6, 14)']","['(34, 15)', '(25, 15)', '(6, 13)']","['(21, 16)', '(4, 9)', '(23, 16)', '(34, 16)', '(12, 16)', '(3, 7)', '(3, 10)', '(14, 16)', '(3, 16)', '(4, 12)', '(5, 16)', '(27, 16)', '(1, 9)', '(25, 16)', '(1, 12)', '(16, 16)', '(1, 15)', '(18, 16)', '(29, 16)', '(7, 16)', '(6, 14)', '(31, 16)', '(20, 16)', '(22, 16)', '(4, 8)', '(4, 14)', '(4, 11)', '(9, 16)', '(11, 16)', '(33, 16)', '(1, 11)', '(2, 7)', '(2, 16)', '(24, 16)', '(13, 16)', '(1, 14)', '(1, 8)', '(26, 16)', '(15, 16)', '(6, 16)', '(4, 7)', '(4, 10)', '(4, 16)', '(4, 13)', '(28, 16)', '(17, 16)', '(5, 14)', '(30, 16)', '(19, 16)', '(8, 16)', '(10, 16)', '(32, 16)', '(1, 13)', '(1, 7)', '(1, 10)', '(1, 16)']",54,0,54
57,"(6, 13)","(6, 14)",South,"[('(6, 14)', 'North', 1), ('(6, 12)', 'South', 1)]","['(34, 15)', '(25, 15)', '(6, 13)']","['(34, 15)', '(25, 15)', '(6, 12)']","['(21, 16)', '(4, 9)', '(23, 16)', '(34, 16)', '(12, 16)', '(3, 7)', '(3, 10)', '(14, 16)', '(3, 16)', '(4, 12)', '(5, 16)', '(27, 16)', '(1, 9)', '(25, 16)', '(1, 12)', '(16, 16)', '(1, 15)', '(18, 16)', '(29, 16)', '(7, 16)', '(6, 14)', '(31, 16)', '(20, 16)', '(22, 16)', '(4, 8)', '(4, 14)', '(4, 11)', '(9, 16)', '(11, 16)', '(33, 16)', '(1, 11)', '(2, 7)', '(2, 16)', '(24, 16)', '(13, 16)', '(1, 14)', '(1, 8)', '(26, 16)', '(15, 16)', '(6, 13)', '(6, 16)', '(4, 7)', '(4, 10)', '(4, 16)', '(4, 13)', '(28, 16)', '(17, 16)', '(5, 14)', '(30, 16)', '(19, 16)', '(8, 16)', '(10, 16)', '(32, 16)', '(1, 13)', '(1, 7)', '(1, 10)', '(1, 16)']",55,0,55
58,"(6, 12)","(6, 13)",South,"[('(6, 13)', 'North', 1), ('(6, 11)', 'South', 1)]","['(34, 15)', '(25, 15)', '(6, 12)']","['(34, 15)', '(25, 15)', '(6, 11)']","['(6, 12)', '(21, 16)', '(4, 9)', '(23, 16)', '(34, 16)', '(12, 16)', '(3, 7)', '(3, 10)', '(14, 16)', '(3, 16)', '(4, 12)', '(5, 16)', '(27, 16)', '(1, 9)', '(25, 16)', '(1, 12)', '(16, 16)', '(1, 15)', '(18, 16)', '(29, 16)', '(7, 16)', '(6, 14)', '(31, 16)', '(20, 16)', '(22, 16)', '(4, 8)', '(4, 14)', '(4, 11)', '(9, 16)', '(11, 16)', '(33, 16)', '(1, 11)', '(2, 7)', '(2, 16)', '(24, 16)', '(13, 16)', '(1, 14)', '(1, 8)', '(26, 16)', '(15, 16)', '(6, 13)', '(6, 16)', '(4, 7)', '(4, 10)', '(4, 16)', '(4, 13)', '(28, 16)', '(17, 16)', '(5, 14)', '(30, 16)', '(19, 16)', '(8, 16)', '(10, 16)', '(32, 16)', '(1, 13)', '(1, 7)', '(1, 10)', '(1, 16)']",56,0,56
59,"(6, 11)","(6, 12)",South,"[('(6, 12)', 'North', 1), ('(6, 10)', 'South', 1)]","['(34, 15)', '(25, 15)', '(6, 11)']","['(34, 15)', '(25, 15)', '(6, 10)']","['(6, 12)', '(21, 16)', '(4, 9)', '(23, 16)', '(34, 16)', '(12, 16)', '(3, 7)', '(3, 10)', '(14, 16)', '(3, 16)', '(4, 12)', '(5, 16)', '(27, 16)', '(1, 9)', '(25, 16)', '(1, 12)', '(16, 16)', '(1, 15)', '(6, 11)', '(18, 16)', '(29, 16)', '(7, 16)', '(6, 14)', '(31, 16)', '(20, 16)', '(22, 16)', '(4, 8)', '(4, 14)', '(4, 11)', '(9, 16)', '(11, 16)', '(33, 16)', '(1, 11)', '(2, 7)', '(2, 16)', '(24, 16)', '(13, 16)', '(1, 14)', '(1, 8)', '(26, 16)', '(15, 16)', '(6, 13)', '(6, 16)', '(4, 7)', '(4, 10)', '(4, 16)', '(4, 13)', '(28, 16)', '(17, 16)', '(5, 14)', '(30, 16)', '(19, 16)', '(8, 16)', '(10, 16)', '(32, 16)', '(1, 13)', '(1, 7)', '(1, 10)', '(1, 16)']",57,0,57
60,"(6, 10)","(6, 11)",South,"[('(6, 11)', 'North', 1), ('(6, 9)', 'South', 1)]","['(34, 15)', '(25, 15)', '(6, 10)']","['(34, 15)', '(25, 15)', '(6, 9)']","['(6, 12)', '(21, 16)', '(4, 9)', '(23, 16)', '(34, 16)', '(12, 16)', '(3, 7)', '(3, 10)', '(14, 16)', '(3, 16)', '(4, 12)', '(5, 16)', '(27, 16)', '(1, 9)', '(25, 16)', '(1, 12)', '(16, 16)', '(1, 15)', '(6, 11)', '(18, 16)', '(29, 16)', '(7, 16)', '(6, 14)', '(31, 16)', '(20, 16)', '(22, 16)', '(4, 8)', '(4, 14)', '(4, 11)', '(9, 16)', '(11, 16)', '(33, 16)', '(1, 11)', '(2, 7)', '(2, 16)', '(24, 16)', '(13, 16)', '(1, 14)', '(1, 8)', '(26, 16)', '(15, 16)', '(6, 13)', '(6, 10)', '(6, 16)', '(4, 7)', '(4, 10)', '(4, 16)', '(4, 13)', '(28, 16)', '(17, 16)', '(5, 14)', '(30, 16)', '(19, 16)', '(8, 16)', '(10, 16)', '(32, 16)', '(1, 13)', '(1, 7)', '(1, 10)', '(1, 16)']",58,0,58
61,"(6, 9)","(6, 10)",South,"[('(6, 10)', 'North', 1), ('(6, 8)', 'South', 1)]","['(34, 15)', '(25, 15)', '(6, 9)']","['(34, 15)', '(25, 15)', '(6, 8)']","['(6, 12)', '(21, 16)', '(4, 9)', '(23, 16)', '(34, 16)', '(12, 16)', '(3, 7)', '(3, 10)', '(14, 16)', '(3, 16)', '(4, 12)', '(5, 16)', '(27, 16)', '(1, 9)', '(25, 16)', '(1, 12)', '(16, 16)', '(1, 15)', '(6, 11)', '(18, 16)', '(29, 16)', '(7, 16)', '(6, 14)', '(31, 16)', '(20, 16)', '(22, 16)', '(4, 8)', '(4, 14)', '(4, 11)', '(9, 16)', '(11, 16)', '(33, 16)', '(1, 11)', '(2, 7)', '(2, 16)', '(24, 16)', '(13, 16)', '(1, 14)', '(1, 8)', '(26, 16)', '(15, 16)', '(6, 13)', '(6, 10)', '(6, 16)', '(4, 7)', '(4, 10)', '(4, 16)', '(4, 13)', '(28, 16)', '(17, 16)', '(5, 14)', '(30, 16)', '(19, 16)', '(8, 16)', '(10, 16)', '(32, 16)', '(1, 13)', '(1, 7)', '(1, 10)', '(1, 16)', '(6, 9)']",59,0,59
62,"(6, 8)","(6, 9)",South,"[('(6, 9)', 'North', 1), ('(7, 8)', 'East', 1)]","['(34, 15)', '(25, 15)', '(6, 8)']","['(34, 15)', '(25, 15)', '(7, 8)']","['(6, 12)', '(21, 16)', '(4, 9)', '(23, 16)', '(34, 16)', '(12, 16)', '(3, 7)', '(3, 10)', '(14, 16)', '(3, 16)', '(4, 12)', '(5, 16)', '(27, 16)', '(1, 9)', '(25, 16)', '(1, 12)', '(16, 16)', '(1, 15)', '(6, 11)', '(18, 16)', '(29, 16)', '(7, 16)', '(6, 14)', '(6, 8)', '(31, 16)', '(20, 16)', '(22, 16)', '(4, 8)', '(4, 14)', '(4, 11)', '(9, 16)', '(11, 16)', '(33, 16)', '(1, 11)', '(2, 7)', '(2, 16)', '(24, 16)', '(13, 16)', '(1, 14)', '(1, 8)', '(26, 16)', '(15, 16)', '(6, 13)', '(6, 10)', '(6, 16)', '(4, 7)', '(4, 10)', '(4, 16)', '(4, 13)', '(28, 16)', '(17, 16)', '(5, 14)', '(30, 16)', '(19, 16)', '(8, 16)', '(10, 16)', '(32, 16)', '(1, 13)', '(1, 7)', '(1, 10)', '(1, 16)', '(6, 9)']",60,0,60
63,"(7, 8)","(6, 8)",East,"[('(8, 8)', 'East', 1), ('(6, 8)', 'West', 1)]","['(34, 15)', '(25, 15)', '(7, 8)']","['(34, 15)', '(25, 15)', '(8, 8)']","['(6, 12)', '(21, 16)', '(4, 9)', '(23, 16)', '(34, 16)', '(12, 16)', '(3, 7)', '(3, 10)', '(14, 16)', '(3, 16)', '(4, 12)', '(5, 16)', '(27, 16)', '(1, 9)', '(25, 16)', '(1, 12)', '(16, 16)', '(1, 15)', '(6, 11)', '(18, 16)', '(29, 16)', '(7, 16)', '(6, 14)', '(6, 8)', '(31, 16)', '(20, 16)', '(22, 16)', '(4, 8)', '(4, 14)', '(4, 11)', '(9, 16)', '(11, 16)', '(33, 16)', '(1, 11)', '(2, 7)', '(2, 16)', '(24, 16)', '(13, 16)', '(1, 14)', '(1, 8)', '(26, 16)', '(15, 16)', '(6, 13)', '(6, 10)', '(6, 16)', '(4, 7)', '(4, 10)', '(4, 16)', '(4, 13)', '(28, 16)', '(17, 16)', '(5, 14)', '(30, 16)', '(19, 16)', '(8, 16)', '(10, 16)', '(32, 16)', '(1, 13)', '(1, 7)', '(1, 10)', '(1, 16)', '(6, 9)', '(7, 8)']",61,0,61
64,"(8, 8)","(7, 8)",East,"[('(8, 9)', 'North', 1), ('(7, 8)', 'West', 1)]","['(34, 15)', '(25, 15)', '(8, 8)']","['(34, 15)', '(25, 15)', '(8, 9)']","['(6, 12)', '(21, 16)', '(4, 9)', '(23, 16)', '(34, 16)', '(12, 16)', '(3, 7)', '(3, 10)', '(14, 16)', '(3, 16)', '(4, 12)', '(5, 16)', '(27, 16)', '(1, 9)', '(25, 16)', '(1, 12)', '(16, 16)', '(1, 15)', '(6, 11)', '(18, 16)', '(29, 16)', '(7, 16)', '(6, 14)', '(6, 8)', '(31, 16)', '(20, 16)', '(22, 16)', '(4, 8)', '(4, 14)', '(4, 11)', '(9, 16)', '(8, 8)', '(11, 16)', '(33, 16)', '(1, 11)', '(2, 7)', '(2, 16)', '(24, 16)', '(13, 16)', '(1, 14)', '(1, 8)', '(26, 16)', '(15, 16)', '(6, 13)', '(6, 10)', '(6, 16)', '(4, 7)', '(4, 10)', '(4, 16)', '(4, 13)', '(28, 16)', '(17, 16)', '(5, 14)', '(30, 16)', '(19, 16)', '(8, 16)', '(10, 16)', '(32, 16)', '(1, 13)', '(1, 7)', '(1, 10)', '(1, 16)', '(6, 9)', '(7, 8)']",62,0,62
65,"(8, 9)","(8, 8)",North,"[('(8, 10)', 'North', 1), ('(8, 8)', 'South', 1)]","['(34, 15)', '(25, 15)', '(8, 9)']","['(34, 15)', '(25, 15)', '(8, 10)']","['(6, 12)', '(21, 16)', '(4, 9)', '(23, 16)', '(34, 16)', '(12, 16)', '(3, 7)', '(3, 10)', '(14, 16)', '(3, 16)', '(4, 12)', '(5, 16)', '(27, 16)', '(8, 9)', '(1, 9)', '(25, 16)', '(1, 12)', '(16, 16)', '(1, 15)', '(6, 11)', '(18, 16)', '(29, 16)', '(7, 16)', '(6, 14)', '(6, 8)', '(31, 16)', '(20, 16)', '(22, 16)', '(4, 8)', '(4, 14)', '(4, 11)', '(9, 16)', '(8, 8)', '(11, 16)', '(33, 16)', '(1, 11)', '(2, 7)', '(2, 16)', '(24, 16)', '(13, 16)', '(1, 14)', '(1, 8)', '(26, 16)', '(15, 16)', '(6, 13)', '(6, 10)', '(6, 16)', '(4, 7)', '(4, 10)', '(4, 16)', '(4, 13)', '(28, 16)', '(17, 16)', '(5, 14)', '(30, 16)', '(19, 16)', '(8, 16)', '(10, 16)', '(32, 16)', '(1, 13)', '(1, 7)', '(1, 10)', '(1, 16)', '(6, 9)', '(7, 8)']",63,0,63
66,"(8, 10)","(8, 9)",North,"[('(8, 11)', 'North', 1), ('(8, 9)', 'South', 1)]","['(34, 15)', '(25, 15)', '(8, 10)']","['(34, 15)', '(25, 15)', '(8, 11)']","['(6, 12)', '(21, 16)', '(4, 9)', '(23, 16)', '(34, 16)', '(12, 16)', '(3, 7)', '(3, 10)', '(14, 16)', '(3, 16)', '(4, 12)', '(5, 16)', '(27, 16)', '(8, 9)', '(1, 9)', '(25, 16)', '(1, 12)', '(16, 16)', '(1, 15)', '(6, 11)', '(18, 16)', '(29, 16)', '(7, 16)', '(6, 14)', '(6, 8)', '(31, 16)', '(20, 16)', '(22, 16)', '(4, 8)', '(4, 14)', '(4, 11)', '(9, 16)', '(8, 8)', '(11, 16)', '(33, 16)', '(1, 11)', '(2, 7)', '(2, 16)', '(24, 16)', '(13, 16)', '(1, 14)', '(1, 8)', '(26, 16)', '(15, 16)', '(6, 13)', '(6, 10)', '(6, 16)', '(4, 7)', '(4, 10)', '(4, 16)', '(4, 13)', '(28, 16)', '(17, 16)', '(5, 14)', '(8, 10)', '(30, 16)', '(19, 16)', '(8, 16)', '(10, 16)', '(32, 16)', '(1, 13)', '(1, 7)', '(1, 10)', '(1, 16)', '(6, 9)', '(7, 8)']",64,0,64
67,"(8, 11)","(8, 10)",North,"[('(8, 12)', 'North', 1), ('(8, 10)', 'South', 1)]","['(34, 15)', '(25, 15)', '(8, 11)']","['(34, 15)', '(25, 15)', '(8, 12)']","['(6, 12)', '(21, 16)', '(4, 9)', '(23, 16)', '(34, 16)', '(12, 16)', '(3, 7)', '(3, 10)', '(14, 16)', '(3, 16)', '(4, 12)', '(5, 16)', '(27, 16)', '(8, 9)', '(1, 9)', '(25, 16)', '(1, 12)', '(16, 16)', '(1, 15)', '(6, 11)', '(18, 16)', '(29, 16)', '(7, 16)', '(6, 14)', '(6, 8)', '(31, 16)', '(20, 16)', '(22, 16)', '(4, 8)', '(4, 14)', '(4, 11)', '(8, 11)', '(9, 16)', '(8, 8)', '(11, 16)', '(33, 16)', '(1, 11)', '(2, 7)', '(2, 16)', '(24, 16)', '(13, 16)', '(1, 14)', '(1, 8)', '(26, 16)', '(15, 16)', '(6, 13)', '(6, 10)', '(6, 16)', '(4, 7)', '(4, 10)', '(4, 16)', '(4, 13)', '(28, 16)', '(17, 16)', '(5, 14)', '(8, 10)', '(30, 16)', '(19, 16)', '(8, 16)', '(10, 16)', '(32, 16)', '(1, 13)', '(1, 7)', '(1, 10)', '(1, 16)', '(6, 9)', '(7, 8)']",65,0,65
68,"(8, 12)","(8, 11)",North,"[('(8, 13)', 'North', 1), ('(8, 11)', 'South', 1)]","['(34, 15)', '(25, 15)', '(8, 12)']","['(34, 15)', '(25, 15)', '(8, 13)']","['(6, 12)', '(21, 16)', '(4, 9)', '(23, 16)', '(34, 16)', '(12, 16)', '(3, 7)', '(3, 10)', '(14, 16)', '(3, 16)', '(4, 12)', '(5, 16)', '(27, 16)', '(8, 9)', '(8, 12)', '(1, 9)', '(25, 16)', '(1, 12)', '(16, 16)', '(1, 15)', '(6, 11)', '(18, 16)', '(29, 16)', '(7, 16)', '(6, 14)', '(6, 8)', '(31, 16)', '(20, 16)', '(22, 16)', '(4, 8)', '(4, 14)', '(4, 11)', '(8, 11)', '(9, 16)', '(8, 8)', '(11, 16)', '(33, 16)', '(1, 11)', '(2, 7)', '(2, 16)', '(24, 16)', '(13, 16)', '(1, 14)', '(1, 8)', '(26, 16)', '(15, 16)', '(6, 13)', '(6, 10)', '(6, 16)', '(4, 7)', '(4, 10)', '(4, 16)', '(4, 13)', '(28, 16)', '(17, 16)', '(5, 14)', '(8, 10)', '(30, 16)', '(19, 16)', '(8, 16)', '(10, 16)', '(32, 16)', '(1, 13)', '(1, 7)', '(1, 10)', '(1, 16)', '(6, 9)', '(7, 8)']",66,0,66
69,"(8, 13)","(8, 12)",North,"[('(8, 14)', 'North', 1), ('(8, 12)', 'South', 1)]","['(34, 15)', '(25, 15)', '(8, 13)']","['(34, 15)', '(25, 15)', '(8, 14)']","['(6, 12)', '(21, 16)', '(4, 9)', '(23, 16)', '(34, 16)', '(12, 16)', '(3, 7)', '(3, 10)', '(14, 16)', '(3, 16)', '(4, 12)', '(5, 16)', '(27, 16)', '(8, 9)', '(8, 12)', '(1, 9)', '(25, 16)', '(1, 12)', '(16, 16)', '(1, 15)', '(6, 11)', '(18, 16)', '(29, 16)', '(7, 16)', '(6, 14)', '(6, 8)', '(31, 16)', '(20, 16)', '(22, 16)', '(4, 8)', '(4, 14)', '(4, 11)', '(8, 11)', '(9, 16)', '(8, 8)', '(11, 16)', '(33, 16)', '(1, 11)', '(2, 7)', '(2, 16)', '(24, 16)', '(13, 16)', '(1, 14)', '(1, 8)', '(26, 16)', '(15, 16)', '(6, 13)', '(6, 10)', '(6, 16)', '(4, 7)', '(4, 10)', '(4, 16)', '(4, 13)', '(28, 16)', '(17, 16)', '(5, 14)', '(8, 10)', '(30, 16)', '(19, 16)', '(8, 16)', '(8, 13)', '(10, 16)', '(32, 16)', '(1, 13)', '(1, 7)', '(1, 10)', '(1, 16)', '(6, 9)', '(7, 8)']",67,0,67
70,"(8, 14)","(8, 13)",North,"[('(8, 13)', 'South', 1), ('(9, 14)', 'East', 1)]","['(34, 15)', '(25, 15)', '(8, 14)']","['(34, 15)', '(25, 15)', '(9, 14)']","['(6, 12)', '(21, 16)', '(4, 9)', '(23, 16)', '(34, 16)', '(12, 16)', '(3, 7)', '(3, 10)', '(14, 16)', '(3, 16)', '(4, 12)', '(5, 16)', '(27, 16)', '(8, 9)', '(8, 12)', '(1, 9)', '(25, 16)', '(1, 12)', '(16, 16)', '(1, 15)', '(6, 11)', '(18, 16)', '(29, 16)', '(7, 16)', '(6, 14)', '(6, 8)', '(31, 16)', '(20, 16)', '(22, 16)', '(4, 8)', '(4, 14)', '(4, 11)', '(8, 11)', '(9, 16)', '(8, 8)', '(8, 14)', '(11, 16)', '(33, 16)', '(1, 11)', '(2, 7)', '(2, 16)', '(24, 16)', '(13, 16)', '(1, 14)', '(1, 8)', '(26, 16)', '(15, 16)', '(6, 13)', '(6, 10)', '(6, 16)', '(4, 7)', '(4, 10)', '(4, 16)', '(4, 13)', '(28, 16)', '(17, 16)', '(5, 14)', '(8, 10)', '(30, 16)', '(19, 16)', '(8, 16)', '(8, 13)', '(10, 16)', '(32, 16)', '(1, 13)', '(1, 7)', '(1, 10)', '(1, 16)', '(6, 9)', '(7, 8)']",68,0,68
71,"(9, 14)","(8, 14)",East,"[('(10, 14)', 'East', 1), ('(8, 14)', 'West', 1)]","['(34, 15)', '(25, 15)', '(9, 14)']","['(34, 15)', '(25, 15)', '(10, 14)']","['(6, 12)', '(21, 16)', '(4, 9)', '(23, 16)', '(34, 16)', '(12, 16)', '(3, 7)', '(3, 10)', '(14, 16)', '(3, 16)', '(4, 12)', '(5, 16)', '(27, 16)', '(8, 9)', '(9, 14)', '(8, 12)', '(1, 9)', '(25, 16)', '(1, 12)', '(16, 16)', '(1, 15)', '(6, 11)', '(18, 16)', '(29, 16)', '(7, 16)', '(6, 14)', '(6, 8)', '(31, 16)', '(20, 16)', '(22, 16)', '(4, 8)', '(4, 14)', '(4, 11)', '(8, 11)', '(9, 16)', '(8, 8)', '(8, 14)', '(11, 16)', '(33, 16)', '(1, 11)', '(2, 7)', '(2, 16)', '(24, 16)', '(13, 16)', '(1, 14)', '(1, 8)', '(26, 16)', '(15, 16)', '(6, 13)', '(6, 10)', '(6, 16)', '(4, 7)', '(4, 10)', '(4, 16)', '(4, 13)', '(28, 16)', '(17, 16)', '(5, 14)', '(8, 10)', '(30, 16)', '(19, 16)', '(8, 16)', '(8, 13)', '(10, 16)', '(32, 16)', '(1, 13)', '(1, 7)', '(1, 10)', '(1, 16)', '(6, 9)', '(7, 8)']",69,0,69
72,"(10, 14)","(9, 14)",East,"[('(10, 13)', 'South', 1), ('(9, 14)', 'West', 1)]","['(34, 15)', '(25, 15)', '(10, 14)']","['(34, 15)', '(25, 15)', '(10, 13)']","['(6, 12)', '(21, 16)', '(4, 9)', '(23, 16)', '(34, 16)', '(12, 16)', '(3, 7)', '(3, 10)', '(14, 16)', '(3, 16)', '(4, 12)', '(5, 16)', '(27, 16)', '(8, 9)', '(9, 14)', '(8, 12)', '(1, 9)', '(25, 16)', '(1, 12)', '(16, 16)', '(1, 15)', '(6, 11)', '(18, 16)', '(29, 16)', '(7, 16)', '(6, 14)', '(6, 8)', '(31, 16)', '(20, 16)', '(22, 16)', '(4, 8)', '(4, 14)', '(4, 11)', '(8, 11)', '(9, 16)', '(8, 8)', '(8, 14)', '(11, 16)', '(33, 16)', '(1, 11)', '(2, 7)', '(10, 14)', '(2, 16)', '(24, 16)', '(13, 16)', '(1, 14)', '(1, 8)', '(26, 16)', '(15, 16)', '(6, 13)', '(6, 10)', '(6, 16)', '(4, 7)', '(4, 10)', '(4, 16)', '(4, 13)', '(28, 16)', '(17, 16)', '(5, 14)', '(8, 10)', '(30, 16)', '(19, 16)', '(8, 16)', '(8, 13)', '(10, 16)', '(32, 16)', '(1, 13)', '(1, 7)', '(1, 10)', '(1, 16)', '(6, 9)', '(7, 8)']",70,0,70
73,"(10, 13)","(10, 14)",South,"[('(10, 14)', 'North', 1), ('(10, 12)', 'South', 1)]","['(34, 15)', '(25, 15)', '(10, 13)']","['(34, 15)', '(25, 15)', '(10, 12)']","['(6, 12)', '(21, 16)', '(4, 9)', '(23, 16)', '(34, 16)', '(12, 16)', '(3, 7)', '(3, 10)', '(14, 16)', '(3, 16)', '(4, 12)', '(5, 16)', '(27, 16)', '(8, 9)', '(9, 14)', '(8, 12)', '(1, 9)', '(25, 16)', '(1, 12)', '(16, 16)', '(1, 15)', '(6, 11)', '(18, 16)', '(29, 16)', '(7, 16)', '(6, 14)', '(6, 8)', '(31, 16)', '(20, 16)', '(22, 16)', '(4, 8)', '(4, 14)', '(4, 11)', '(8, 11)', '(9, 16)', '(8, 8)', '(8, 14)', '(11, 16)', '(33, 16)', '(1, 11)', '(2, 7)', '(10, 14)', '(2, 16)', '(24, 16)', '(13, 16)', '(1, 14)', '(1, 8)', '(26, 16)', '(15, 16)', '(6, 13)', '(6, 10)', '(6, 16)', '(4, 7)', '(4, 10)', '(4, 16)', '(4, 13)', '(28, 16)', '(17, 16)', '(5, 14)', '(8, 10)', '(30, 16)', '(19, 16)', '(8, 16)', '(8, 13)', '(10, 13)', '(10, 16)', '(32, 16)', '(1, 13)', '(1, 7)', '(1, 10)', '(1, 16)', '(6, 9)', '(7, 8)']",71,0,71
74,"(10, 12)","(10, 13)",South,"[('(10, 13)', 'North', 1), ('(10, 11)', 'South', 1)]","['(34, 15)', '(25, 15)', '(10, 12)']","['(34, 15)', '(25, 15)', '(10, 11)']","['(6, 12)', '(21, 16)', '(4, 9)', '(23, 16)', '(34, 16)', '(12, 16)', '(3, 7)', '(3, 10)', '(14, 16)', '(3, 16)', '(4, 12)', '(5, 16)', '(27, 16)', '(8, 9)', '(9, 14)', '(8, 12)', '(10, 12)', '(1, 9)', '(25, 16)', '(1, 12)', '(16, 16)', '(1, 15)', '(6, 11)', '(18, 16)', '(29, 16)', '(7, 16)', '(6, 14)', '(6, 8)', '(31, 16)', '(20, 16)', '(22, 16)', '(4, 8)', '(4, 14)', '(4, 11)', '(8, 11)', '(9, 16)', '(8, 8)', '(8, 14)', '(11, 16)', '(33, 16)', '(1, 11)', '(2, 7)', '(10, 14)', '(2, 16)', '(24, 16)', '(13, 16)', '(1, 14)', '(1, 8)', '(26, 16)', '(15, 16)', '(6, 13)', '(6, 10)', '(6, 16)', '(4, 7)', '(4, 10)', '(4, 16)', '(4, 13)', '(28, 16)', '(17, 16)', '(5, 14)', '(8, 10)', '(30, 16)', '(19, 16)', '(8, 16)', '(8, 13)', '(10, 13)', '(10, 16)', '(32, 16)', '(1, 13)', '(1, 7)', '(1, 10)', '(1, 16)', '(6, 9)', '(7, 8)']",72,0,72
75,"(10, 11)","(10, 12)",South,"[('(10, 12)', 'North', 1), ('(10, 10)', 'South', 1)]","['(34, 15)', '(25, 15)', '(10, 11)']","['(34, 15)', '(25, 15)', '(10, 10)']","['(6, 12)', '(21, 16)', '(4, 9)', '(23, 16)', '(34, 16)', '(12, 16)', '(3, 7)', '(3, 10)', '(14, 16)', '(3, 16)', '(4, 12)', '(5, 16)', '(27, 16)', '(8, 9)', '(9, 14)', '(8, 12)', '(10, 12)', '(1, 9)', '(25, 16)', '(1, 12)', '(16, 16)', '(1, 15)', '(6, 11)', '(18, 16)', '(29, 16)', '(7, 16)', '(6, 14)', '(6, 8)', '(31, 16)', '(20, 16)', '(22, 16)', '(4, 8)', '(4, 14)', '(4, 11)', '(8, 11)', '(9, 16)', '(8, 8)', '(8, 14)', '(10, 11)', '(11, 16)', '(33, 16)', '(1, 11)', '(2, 7)', '(10, 14)', '(2, 16)', '(24, 16)', '(13, 16)', '(1, 14)', '(1, 8)', '(26, 16)', '(15, 16)', '(6, 13)', '(6, 10)', '(6, 16)', '(4, 7)', '(4, 10)', '(4, 16)', '(4, 13)', '(28, 16)', '(17, 16)', '(5, 14)', '(8, 10)', '(30, 16)', '(19, 16)', '(8, 16)', '(8, 13)', '(10, 13)', '(10, 16)', '(32, 16)', '(1, 13)', '(1, 7)', '(1, 10)', '(1, 16)', '(6, 9)', '(7, 8)']",73,0,73
76,"(10, 10)","(10, 11)",South,"[('(10, 11)', 'North', 1), ('(11, 10)', 'East', 1)]","['(34, 15)', '(25, 15)', '(10, 10)']","['(34, 15)', '(25, 15)', '(11, 10)']","['(6, 12)', '(21, 16)', '(4, 9)', '(23, 16)', '(34, 16)', '(12, 16)', '(3, 7)', '(3, 10)', '(14, 16)', '(3, 16)', '(4, 12)', '(5, 16)', '(27, 16)', '(8, 9)', '(9, 14)', '(8, 12)', '(10, 12)', '(1, 9)', '(25, 16)', '(1, 12)', '(16, 16)', '(1, 15)', '(6, 11)', '(18, 16)', '(29, 16)', '(7, 16)', '(6, 14)', '(6, 8)', '(31, 16)', '(20, 16)', '(22, 16)', '(4, 8)', '(4, 14)', '(4, 11)', '(8, 11)', '(9, 16)', '(8, 8)', '(8, 14)', '(10, 11)', '(11, 16)', '(33, 16)', '(1, 11)', '(2, 7)', '(10, 14)', '(2, 16)', '(24, 16)', '(13, 16)', '(1, 14)', '(1, 8)', '(26, 16)', '(15, 16)', '(6, 13)', '(6, 10)', '(6, 16)', '(4, 7)', '(4, 10)', '(4, 16)', '(4, 13)', '(28, 16)', '(17, 16)', '(5, 14)', '(8, 10)', '(30, 16)', '(19, 16)', '(8, 16)', '(8, 13)', '(10, 13)', '(10, 16)', '(32, 16)', '(1, 13)', '(1, 7)', '(1, 10)', '(1, 16)', '(10, 10)', '(6, 9)', '(7, 8)']",74,0,74
77,"(11, 10)","(10, 10)",East,"[('(12, 10)', 'East', 1), ('(10, 10)', 'West', 1)]","['(34, 15)', '(25, 15)', '(11, 10)']","['(34, 15)', '(25, 15)', '(12, 10)']","['(21, 16)', '(4, 9)', '(8, 9)', '(1, 15)', '(6, 11)', '(8, 11)', '(11, 16)', '(1, 8)', '(26, 16)', '(15, 16)', '(6, 13)', '(28, 16)', '(17, 16)', '(5, 14)', '(32, 16)', '(1, 10)', '(34, 16)', '(3, 10)', '(5, 16)', '(9, 14)', '(1, 12)', '(18, 16)', '(7, 16)', '(22, 16)', '(4, 11)', '(9, 16)', '(24, 16)', '(13, 16)', '(1, 14)', '(4, 13)', '(8, 13)', '(10, 10)', '(1, 7)', '(1, 16)', '(3, 7)', '(14, 16)', '(3, 16)', '(10, 12)', '(1, 9)', '(16, 16)', '(6, 8)', '(31, 16)', '(20, 16)', '(4, 8)', '(8, 8)', '(33, 16)', '(1, 11)', '(10, 14)', '(6, 10)', '(4, 10)', '(8, 10)', '(10, 16)', '(1, 13)', '(6, 12)', '(23, 16)', '(12, 16)', '(4, 12)', '(27, 16)', '(8, 12)', '(25, 16)', '(29, 16)', '(6, 14)', '(4, 14)', '(8, 14)', '(10, 11)', '(11, 10)', '(2, 7)', '(2, 16)', '(6, 16)', '(4, 7)', '(4, 16)', '(30, 16)', '(19, 16)', '(8, 16)', '(10, 13)', '(6, 9)', '(7, 8)']",75,0,75
78,"(12, 10)","(11, 10)",East,"[('(12, 11)', 'North', 1), ('(11, 10)', 'West', 1)]","['(34, 15)', '(25, 15)', '(12, 10)']","['(34, 15)', '(25, 15)', '(12, 11)']","['(21, 16)', '(4, 9)', '(8, 9)', '(1, 15)', '(6, 11)', '(8, 11)', '(11, 16)', '(1, 8)', '(26, 16)', '(15, 16)', '(6, 13)', '(28, 16)', '(17, 16)', '(5, 14)', '(32, 16)', '(1, 10)', '(34, 16)', '(3, 10)', '(5, 16)', '(9, 14)', '(1, 12)', '(18, 16)', '(7, 16)', '(22, 16)', '(4, 11)', '(9, 16)', '(24, 16)', '(13, 16)', '(1, 14)', '(4, 13)', '(8, 13)', '(10, 10)', '(1, 7)', '(1, 16)', '(12, 10)', '(3, 7)', '(14, 16)', '(3, 16)', '(10, 12)', '(1, 9)', '(16, 16)', '(6, 8)', '(31, 16)', '(20, 16)', '(4, 8)', '(8, 8)', '(33, 16)', '(1, 11)', '(10, 14)', '(6, 10)', '(4, 10)', '(8, 10)', '(10, 16)', '(1, 13)', '(6, 12)', '(23, 16)', '(12, 16)', '(4, 12)', '(27, 16)', '(8, 12)', '(25, 16)', '(29, 16)', '(6, 14)', '(4, 14)', '(8, 14)', '(10, 11)', '(11, 10)', '(2, 7)', '(2, 16)', '(6, 16)', '(4, 7)', '(4, 16)', '(30, 16)', '(19, 16)', '(8, 16)', '(10, 13)', '(6, 9)', '(7, 8)']",76,0,76
79,"(12, 11)","(12, 10)",North,"[('(12, 12)', 'North', 1), ('(12, 10)', 'South', 1)]","['(34, 15)', '(25, 15)', '(12, 11)']","['(34, 15)', '(25, 15)', '(12, 12)']","['(21, 16)', '(4, 9)', '(8, 9)', '(1, 15)', '(6, 11)', '(8, 11)', '(11, 16)', '(1, 8)', '(26, 16)', '(15, 16)', '(6, 13)', '(28, 16)', '(17, 16)', '(5, 14)', '(32, 16)', '(1, 10)', '(34, 16)', '(3, 10)', '(5, 16)', '(9, 14)', '(1, 12)', '(18, 16)', '(7, 16)', '(22, 16)', '(4, 11)', '(9, 16)', '(24, 16)', '(13, 16)', '(1, 14)', '(4, 13)', '(8, 13)', '(10, 10)', '(1, 7)', '(1, 16)', '(12, 10)', '(3, 7)', '(14, 16)', '(3, 16)', '(10, 12)', '(1, 9)', '(16, 16)', '(6, 8)', '(31, 16)', '(20, 16)', '(4, 8)', '(8, 8)', '(33, 16)', '(1, 11)', '(10, 14)', '(6, 10)', '(4, 10)', '(8, 10)', '(10, 16)', '(1, 13)', '(6, 12)', '(23, 16)', '(12, 16)', '(4, 12)', '(27, 16)', '(8, 12)', '(25, 16)', '(29, 16)', '(6, 14)', '(4, 14)', '(8, 14)', '(10, 11)', '(11, 10)', '(2, 7)', '(2, 16)', '(6, 16)', '(12, 11)', '(4, 7)', '(4, 16)', '(30, 16)', '(19, 16)', '(8, 16)', '(10, 13)', '(6, 9)', '(7, 8)']",77,0,77
80,"(12, 12)","(12, 11)",North,"[('(12, 13)', 'North', 1), ('(12, 11)', 'South', 1), ('(13, 12)', 'East', 1)]","['(34, 15)', '(25, 15)', '(12, 12)']","['(34, 15)', '(25, 15)', '(12, 13)', '(13, 12)']","['(21, 16)', '(4, 9)', '(8, 9)', '(1, 15)', '(6, 11)', '(8, 11)', '(11, 16)', '(1, 8)', '(26, 16)', '(15, 16)', '(6, 13)', '(28, 16)', '(17, 16)', '(5, 14)', '(32, 16)', '(1, 10)', '(34, 16)', '(3, 10)', '(5, 16)', '(9, 14)', '(1, 12)', '(18, 16)', '(7, 16)', '(22, 16)', '(4, 11)', '(9, 16)', '(24, 16)', '(13, 16)', '(1, 14)', '(4, 13)', '(8, 13)', '(10, 10)', '(1, 7)', '(1, 16)', '(12, 10)', '(3, 7)', '(14, 16)', '(3, 16)', '(10, 12)', '(1, 9)', '(16, 16)', '(6, 8)', '(31, 16)', '(20, 16)', '(12, 12)', '(4, 8)', '(8, 8)', '(33, 16)', '(1, 11)', '(10, 14)', '(6, 10)', '(4, 10)', '(8, 10)', '(10, 16)', '(1, 13)', '(6, 12)', '(23, 16)', '(12, 16)', '(4, 12)', '(27, 16)', '(8, 12)', '(25, 16)', '(29, 16)', '(6, 14)', '(4, 14)', '(8, 14)', '(10, 11)', '(11, 10)', '(2, 7)', '(2, 16)', '(6, 16)', '(12, 11)', '(4, 7)', '(4, 16)', '(30, 16)', '(19, 16)', '(8, 16)', '(10, 13)', '(6, 9)', '(7, 8)']",78,0,78
81,"(13, 12)","(12, 12)",East,"[('(14, 12)', 'East', 1), ('(12, 12)', 'West', 1)]","['(34, 15)', '(25, 15)', '(12, 13)', '(13, 12)']","['(34, 15)', '(25, 15)', '(12, 13)', '(14, 12)']","['(21, 16)', '(4, 9)', '(8, 9)', '(1, 15)', '(6, 11)', '(8, 11)', '(11, 16)', '(1, 8)', '(26, 16)', '(15, 16)', '(6, 13)', '(28, 16)', '(17, 16)', '(5, 14)', '(32, 16)', '(1, 10)', '(13, 12)', '(34, 16)', '(3, 10)', '(5, 16)', '(9, 14)', '(1, 12)', '(18, 16)', '(7, 16)', '(22, 16)', '(4, 11)', '(9, 16)', '(24, 16)', '(13, 16)', '(1, 14)', '(4, 13)', '(8, 13)', '(10, 10)', '(1, 7)', '(1, 16)', '(12, 10)', '(3, 7)', '(14, 16)', '(3, 16)', '(10, 12)', '(1, 9)', '(16, 16)', '(6, 8)', '(31, 16)', '(20, 16)', '(12, 12)', '(4, 8)', '(8, 8)', '(33, 16)', '(1, 11)', '(10, 14)', '(6, 10)', '(4, 10)', '(8, 10)', '(10, 16)', '(1, 13)', '(6, 12)', '(23, 16)', '(12, 16)', '(4, 12)', '(27, 16)', '(8, 12)', '(25, 16)', '(29, 16)', '(6, 14)', '(4, 14)', '(8, 14)', '(10, 11)', '(11, 10)', '(2, 7)', '(2, 16)', '(6, 16)', '(12, 11)', '(4, 7)', '(4, 16)', '(30, 16)', '(19, 16)', '(8, 16)', '(10, 13)', '(6, 9)', '(7, 8)']",79,0,79
82,"(14, 12)","(13, 12)",East,"[('(14, 11)', 'South', 1), ('(15, 12)', 'East', 1), ('(13, 12)', 'West', 1)]","['(34, 15)', '(25, 15)', '(12, 13)', '(14, 12)']","['(34, 15)', '(25, 15)', '(12, 13)', '(14, 11)', '(15, 12)']","['(21, 16)', '(4, 9)', '(8, 9)', '(1, 15)', '(6, 11)', '(8, 11)', '(11, 16)', '(1, 8)', '(26, 16)', '(15, 16)', '(6, 13)', '(28, 16)', '(17, 16)', '(5, 14)', '(32, 16)', '(1, 10)', '(13, 12)', '(34, 16)', '(3, 10)', '(5, 16)', '(9, 14)', '(1, 12)', '(18, 16)', '(7, 16)', '(22, 16)', '(14, 12)', '(4, 11)', '(9, 16)', '(24, 16)', '(13, 16)', '(1, 14)', '(4, 13)', '(8, 13)', '(10, 10)', '(1, 7)', '(1, 16)', '(12, 10)', '(3, 7)', '(14, 16)', '(3, 16)', '(10, 12)', '(1, 9)', '(16, 16)', '(6, 8)', '(31, 16)', '(20, 16)', '(12, 12)', '(4, 8)', '(8, 8)', '(33, 16)', '(1, 11)', '(10, 14)', '(6, 10)', '(4, 10)', '(8, 10)', '(10, 16)', '(1, 13)', '(6, 12)', '(23, 16)', '(12, 16)', '(4, 12)', '(27, 16)', '(8, 12)', '(25, 16)', '(29, 16)', '(6, 14)', '(4, 14)', '(8, 14)', '(10, 11)', '(11, 10)', '(2, 7)', '(2, 16)', '(6, 16)', '(12, 11)', '(4, 7)', '(4, 16)', '(30, 16)', '(19, 16)', '(8, 16)', '(10, 13)', '(6, 9)', '(7, 8)']",80,0,80
83,"(15, 12)","(14, 12)",East,"[('(16, 12)', 'East', 1), ('(14, 12)', 'West', 1)]","['(34, 15)', '(25, 15)', '(12, 13)', '(14, 11)', '(15, 12)']","['(34, 15)', '(25, 15)', '(12, 13)', '(14, 11)', '(16, 12)']","['(21, 16)', '(4, 9)', '(8, 9)', '(1, 15)', '(6, 11)', '(8, 11)', '(11, 16)', '(1, 8)', '(26, 16)', '(15, 16)', '(6, 13)', '(28, 16)', '(17, 16)', '(5, 14)', '(32, 16)', '(1, 10)', '(13, 12)', '(34, 16)', '(3, 10)', '(5, 16)', '(9, 14)', '(1, 12)', '(18, 16)', '(7, 16)', '(22, 16)', '(14, 12)', '(4, 11)', '(9, 16)', '(24, 16)', '(13, 16)', '(1, 14)', '(4, 13)', '(8, 13)', '(10, 10)', '(1, 7)', '(1, 16)', '(12, 10)', '(3, 7)', '(14, 16)', '(3, 16)', '(10, 12)', '(1, 9)', '(16, 16)', '(6, 8)', '(31, 16)', '(20, 16)', '(12, 12)', '(4, 8)', '(8, 8)', '(33, 16)', '(1, 11)', '(10, 14)', '(6, 10)', '(4, 10)', '(8, 10)', '(10, 16)', '(1, 13)', '(6, 12)', '(23, 16)', '(12, 16)', '(4, 12)', '(27, 16)', '(8, 12)', '(25, 16)', '(29, 16)', '(6, 14)', '(4, 14)', '(8, 14)', '(10, 11)', '(11, 10)', '(2, 7)', '(2, 16)', '(6, 16)', '(12, 11)', '(4, 7)', '(4, 16)', '(30, 16)', '(19, 16)', '(8, 16)', '(10, 13)', '(15, 12)', '(6, 9)', '(7, 8)']",81,0,81
84,"(16, 12)","(15, 12)",East,"[('(17, 12)', 'East', 1), ('(15, 12)', 'West', 1)]","['(34, 15)', '(25, 15)', '(12, 13)', '(14, 11)', '(16, 12)']","['(34, 15)', '(25, 15)', '(12, 13)', '(14, 11)', '(17, 12)']","['(21, 16)', '(4, 9)', '(8, 9)', '(1, 15)', '(6, 11)', '(8, 11)', '(11, 16)', '(1, 8)', '(26, 16)', '(15, 16)', '(6, 13)', '(28, 16)', '(17, 16)', '(5, 14)', '(32, 16)', '(1, 10)', '(13, 12)', '(34, 16)', '(3, 10)', '(5, 16)', '(9, 14)', '(1, 12)', '(18, 16)', '(7, 16)', '(22, 16)', '(14, 12)', '(4, 11)', '(9, 16)', '(24, 16)', '(13, 16)', '(1, 14)', '(16, 12)', '(4, 13)', '(8, 13)', '(10, 10)', '(1, 7)', '(1, 16)', '(12, 10)', '(3, 7)', '(14, 16)', '(3, 16)', '(10, 12)', '(1, 9)', '(16, 16)', '(6, 8)', '(31, 16)', '(20, 16)', '(12, 12)', '(4, 8)', '(8, 8)', '(33, 16)', '(1, 11)', '(10, 14)', '(6, 10)', '(4, 10)', '(8, 10)', '(10, 16)', '(1, 13)', '(6, 12)', '(23, 16)', '(12, 16)', '(4, 12)', '(27, 16)', '(8, 12)', '(25, 16)', '(29, 16)', '(6, 14)', '(4, 14)', '(8, 14)', '(10, 11)', '(11, 10)', '(2, 7)', '(2, 16)', '(6, 16)', '(12, 11)', '(4, 7)', '(4, 16)', '(30, 16)', '(19, 16)', '(8, 16)', '(10, 13)', '(15, 12)', '(6, 9)', '(7, 8)']",82,0,82
85,"(17, 12)","(16, 12)",East,"[('(17, 13)', 'North', 1), ('(18, 12)', 'East', 1), ('(16, 12)', 'West', 1)]","['(34, 15)', '(25, 15)', '(12, 13)', '(14, 11)', '(17, 12)']","['(34, 15)', '(25, 15)', '(12, 13)', '(14, 11)', '(17, 13)', '(18, 12)']","['(21, 16)', '(4, 9)', '(17, 12)', '(8, 9)', '(1, 15)', '(6, 11)', '(8, 11)', '(11, 16)', '(1, 8)', '(26, 16)', '(15, 16)', '(6, 13)', '(28, 16)', '(17, 16)', '(5, 14)', '(32, 16)', '(1, 10)', '(13, 12)', '(34, 16)', '(3, 10)', '(5, 16)', '(9, 14)', '(1, 12)', '(18, 16)', '(7, 16)', '(22, 16)', '(14, 12)', '(4, 11)', '(9, 16)', '(24, 16)', '(13, 16)', '(1, 14)', '(16, 12)', '(4, 13)', '(8, 13)', '(10, 10)', '(1, 7)', '(1, 16)', '(12, 10)', '(3, 7)', '(14, 16)', '(3, 16)', '(10, 12)', '(1, 9)', '(16, 16)', '(6, 8)', '(31, 16)', '(20, 16)', '(12, 12)', '(4, 8)', '(8, 8)', '(33, 16)', '(1, 11)', '(10, 14)', '(6, 10)', '(4, 10)', '(8, 10)', '(10, 16)', '(1, 13)', '(6, 12)', '(23, 16)', '(12, 16)', '(4, 12)', '(27, 16)', '(8, 12)', '(25, 16)', '(29, 16)', '(6, 14)', '(4, 14)', '(8, 14)', '(10, 11)', '(11, 10)', '(2, 7)', '(2, 16)', '(6, 16)', '(12, 11)', '(4, 7)', '(4, 16)', '(30, 16)', '(19, 16)', '(8, 16)', '(10, 13)', '(15, 12)', '(6, 9)', '(7, 8)']",83,0,83
86,"(18, 12)","(17, 12)",East,"[('(19, 12)', 'East', 1), ('(17, 12)', 'West', 1)]","['(34, 15)', '(25, 15)', '(12, 13)', '(14, 11)', '(17, 13)', '(18, 12)']","['(34, 15)', '(25, 15)', '(12, 13)', '(14, 11)', '(17, 13)', '(19, 12)']","['(21, 16)', '(4, 9)', '(17, 12)', '(8, 9)', '(1, 15)', '(6, 11)', '(8, 11)', '(11, 16)', '(1, 8)', '(26, 16)', '(15, 16)', '(6, 13)', '(18, 12)', '(28, 16)', '(17, 16)', '(5, 14)', '(32, 16)', '(1, 10)', '(13, 12)', '(34, 16)', '(3, 10)', '(5, 16)', '(9, 14)', '(1, 12)', '(18, 16)', '(7, 16)', '(22, 16)', '(14, 12)', '(4, 11)', '(9, 16)', '(24, 16)', '(13, 16)', '(1, 14)', '(16, 12)', '(4, 13)', '(8, 13)', '(10, 10)', '(1, 7)', '(1, 16)', '(12, 10)', '(3, 7)', '(14, 16)', '(3, 16)', '(10, 12)', '(1, 9)', '(16, 16)', '(6, 8)', '(31, 16)', '(20, 16)', '(12, 12)', '(4, 8)', '(8, 8)', '(33, 16)', '(1, 11)', '(10, 14)', '(6, 10)', '(4, 10)', '(8, 10)', '(10, 16)', '(1, 13)', '(6, 12)', '(23, 16)', '(12, 16)', '(4, 12)', '(27, 16)', '(8, 12)', '(25, 16)', '(29, 16)', '(6, 14)', '(4, 14)', '(8, 14)', '(10, 11)', '(11, 10)', '(2, 7)', '(2, 16)', '(6, 16)', '(12, 11)', '(4, 7)', '(4, 16)', '(30, 16)', '(19, 16)', '(8, 16)', '(10, 13)', '(15, 12)', '(6, 9)', '(7, 8)']",84,0,84
87,"(19, 12)","(18, 12)",East,"[('(19, 11)', 'South', 1), ('(20, 12)', 'East', 1), ('(18, 12)', 'West', 1)]","['(34, 15)', '(25, 15)', '(12, 13)', '(14, 11)', '(17, 13)', '(19, 12)']","['(34, 15)', '(25, 15)', '(12, 13)', '(14, 11)', '(17, 13)', '(19, 11)', '(20, 12)']","['(21, 16)', '(4, 9)', '(17, 12)', '(8, 9)', '(1, 15)', '(6, 11)', '(8, 11)', '(11, 16)', '(1, 8)', '(26, 16)', '(15, 16)', '(6, 13)', '(18, 12)', '(28, 16)', '(17, 16)', '(5, 14)', '(32, 16)', '(1, 10)', '(13, 12)', '(34, 16)', '(3, 10)', '(5, 16)', '(9, 14)', '(1, 12)', '(18, 16)', '(7, 16)', '(22, 16)', '(14, 12)', '(4, 11)', '(9, 16)', '(24, 16)', '(13, 16)', '(1, 14)', '(16, 12)', '(4, 13)', '(8, 13)', '(10, 10)', '(1, 7)', '(1, 16)', '(12, 10)', '(3, 7)', '(14, 16)', '(3, 16)', '(10, 12)', '(1, 9)', '(16, 16)', '(6, 8)', '(31, 16)', '(20, 16)', '(12, 12)', '(4, 8)', '(8, 8)', '(33, 16)', '(1, 11)', '(10, 14)', '(6, 10)', '(4, 10)', '(8, 10)', '(10, 16)', '(1, 13)', '(6, 12)', '(23, 16)', '(12, 16)', '(4, 12)', '(27, 16)', '(8, 12)', '(19, 12)', '(25, 16)', '(29, 16)', '(6, 14)', '(4, 14)', '(8, 14)', '(10, 11)', '(11, 10)', '(2, 7)', '(2, 16)', '(6, 16)', '(12, 11)', '(4, 7)', '(4, 16)', '(30, 16)', '(19, 16)', '(8, 16)', '(10, 13)', '(15, 12)', '(6, 9)', '(7, 8)']",85,0,85
88,"(20, 12)","(19, 12)",East,"[('(20, 11)', 'South', 1), ('(21, 12)', 'East', 1), ('(19, 12)', 'West', 1)]","['(34, 15)', '(25, 15)', '(12, 13)', '(14, 11)', '(17, 13)', '(19, 11)', '(20, 12)']","['(34, 15)', '(25, 15)', '(12, 13)', '(14, 11)', '(17, 13)', '(19, 11)', '(20, 11)', '(21, 12)']","['(21, 16)', '(4, 9)', '(17, 12)', '(8, 9)', '(1, 15)', '(6, 11)', '(8, 11)', '(11, 16)', '(1, 8)', '(26, 16)', '(15, 16)', '(6, 13)', '(18, 12)', '(28, 16)', '(17, 16)', '(5, 14)', '(32, 16)', '(1, 10)', '(13, 12)', '(34, 16)', '(3, 10)', '(5, 16)', '(9, 14)', '(1, 12)', '(18, 16)', '(7, 16)', '(22, 16)', '(14, 12)', '(4, 11)', '(9, 16)', '(24, 16)', '(13, 16)', '(1, 14)', '(16, 12)', '(20, 12)', '(4, 13)', '(8, 13)', '(10, 10)', '(1, 7)', '(1, 16)', '(12, 10)', '(3, 7)', '(14, 16)', '(3, 16)', '(10, 12)', '(1, 9)', '(16, 16)', '(6, 8)', '(31, 16)', '(20, 16)', '(12, 12)', '(4, 8)', '(8, 8)', '(33, 16)', '(1, 11)', '(10, 14)', '(6, 10)', '(4, 10)', '(8, 10)', '(10, 16)', '(1, 13)', '(6, 12)', '(23, 16)', '(12, 16)', '(4, 12)', '(27, 16)', '(8, 12)', '(19, 12)', '(25, 16)', '(29, 16)', '(6, 14)', '(4, 14)', '(8, 14)', '(10, 11)', '(11, 10)', '(2, 7)', '(2, 16)', '(6, 16)', '(12, 11)', '(4, 7)', '(4, 16)', '(30, 16)', '(19, 16)', '(8, 16)', '(10, 13)', '(15, 12)', '(6, 9)', '(7, 8)']",86,0,86
89,"(21, 12)","(20, 12)",East,"[('(22, 12)', 'East', 1), ('(20, 12)', 'West', 1)]","['(34, 15)', '(25, 15)', '(12, 13)', '(14, 11)', '(17, 13)', '(19, 11)', '(20, 11)', '(21, 12)']","['(34, 15)', '(25, 15)', '(12, 13)', '(14, 11)', '(17, 13)', '(19, 11)', '(20, 11)', '(22, 12)']","['(21, 16)', '(4, 9)', '(17, 12)', '(8, 9)', '(1, 15)', '(6, 11)', '(8, 11)', '(11, 16)', '(1, 8)', '(26, 16)', '(15, 16)', '(6, 13)', '(18, 12)', '(28, 16)', '(17, 16)', '(5, 14)', '(32, 16)', '(1, 10)', '(13, 12)', '(34, 16)', '(3, 10)', '(5, 16)', '(9, 14)', '(1, 12)', '(18, 16)', '(7, 16)', '(22, 16)', '(14, 12)', '(4, 11)', '(9, 16)', '(24, 16)', '(13, 16)', '(1, 14)', '(16, 12)', '(20, 12)', '(4, 13)', '(8, 13)', '(10, 10)', '(1, 7)', '(1, 16)', '(12, 10)', '(3, 7)', '(14, 16)', '(3, 16)', '(10, 12)', '(1, 9)', '(16, 16)', '(6, 8)', '(31, 16)', '(20, 16)', '(12, 12)', '(4, 8)', '(8, 8)', '(33, 16)', '(1, 11)', '(10, 14)', '(6, 10)', '(4, 10)', '(8, 10)', '(10, 16)', '(1, 13)', '(6, 12)', '(23, 16)', '(12, 16)', '(4, 12)', '(27, 16)', '(8, 12)', '(19, 12)', '(25, 16)', '(29, 16)', '(6, 14)', '(21, 12)', '(4, 14)', '(8, 14)', '(10, 11)', '(11, 10)', '(2, 7)', '(2, 16)', '(6, 16)', '(12, 11)', '(4, 7)', '(4, 16)', '(30, 16)', '(19, 16)', '(8, 16)', '(10, 13)', '(15, 12)', '(6, 9)', '(7, 8)']",87,0,87
90,"(22, 12)","(21, 12)",East,"[('(23, 12)', 'East', 1), ('(21, 12)', 'West', 1)]","['(34, 15)', '(25, 15)', '(12, 13)', '(14, 11)', '(17, 13)', '(19, 11)', '(20, 11)', '(22, 12)']","['(34, 15)', '(25, 15)', '(12, 13)', '(14, 11)', '(17, 13)', '(19, 11)', '(20, 11)', '(23, 12)']","['(21, 16)', '(4, 9)', '(17, 12)', '(8, 9)', '(1, 15)', '(6, 11)', '(8, 11)', '(11, 16)', '(1, 8)', '(26, 16)', '(15, 16)', '(6, 13)', '(18, 12)', '(22, 12)', '(28, 16)', '(17, 16)', '(5, 14)', '(32, 16)', '(1, 10)', '(13, 12)', '(34, 16)', '(3, 10)', '(5, 16)', '(9, 14)', '(1, 12)', '(18, 16)', '(7, 16)', '(22, 16)', '(14, 12)', '(4, 11)', '(9, 16)', '(24, 16)', '(13, 16)', '(1, 14)', '(16, 12)', '(20, 12)', '(4, 13)', '(8, 13)', '(10, 10)', '(1, 7)', '(1, 16)', '(12, 10)', '(3, 7)', '(14, 16)', '(3, 16)', '(10, 12)', '(1, 9)', '(16, 16)', '(6, 8)', '(31, 16)', '(20, 16)', '(12, 12)', '(4, 8)', '(8, 8)', '(33, 16)', '(1, 11)', '(10, 14)', '(6, 10)', '(4, 10)', '(8, 10)', '(10, 16)', '(1, 13)', '(6, 12)', '(23, 16)', '(12, 16)', '(4, 12)', '(27, 16)', '(8, 12)', '(19, 12)', '(25, 16)', '(29, 16)', '(6, 14)', '(21, 12)', '(4, 14)', '(8, 14)', '(10, 11)', '(11, 10)', '(2, 7)', '(2, 16)', '(6, 16)', '(12, 11)', '(4, 7)', '(4, 16)', '(30, 16)', '(19, 16)', '(8, 16)', '(10, 13)', '(15, 12)', '(6, 9)', '(7, 8)']",88,0,88
91,"(23, 12)","(22, 12)",East,"[('(24, 12)', 'East', 1), ('(22, 12)', 'West', 1)]","['(34, 15)', '(25, 15)', '(12, 13)', '(14, 11)', '(17, 13)', '(19, 11)', '(20, 11)', '(23, 12)']","['(34, 15)', '(25, 15)', '(12, 13)', '(14, 11)', '(17, 13)', '(19, 11)', '(20, 11)', '(24, 12)']","['(21, 16)', '(4, 9)', '(17, 12)', '(8, 9)', '(1, 15)', '(6, 11)', '(8, 11)', '(11, 16)', '(1, 8)', '(26, 16)', '(15, 16)', '(6, 13)', '(18, 12)', '(22, 12)', '(28, 16)', '(17, 16)', '(5, 14)', '(32, 16)', '(1, 10)', '(13, 12)', '(34, 16)', '(3, 10)', '(5, 16)', '(9, 14)', '(1, 12)', '(18, 16)', '(7, 16)', '(22, 16)', '(14, 12)', '(4, 11)', '(9, 16)', '(24, 16)', '(13, 16)', '(1, 14)', '(16, 12)', '(20, 12)', '(4, 13)', '(8, 13)', '(10, 10)', '(1, 7)', '(1, 16)', '(12, 10)', '(3, 7)', '(14, 16)', '(3, 16)', '(10, 12)', '(1, 9)', '(16, 16)', '(6, 8)', '(31, 16)', '(20, 16)', '(12, 12)', '(23, 12)', '(4, 8)', '(8, 8)', '(33, 16)', '(1, 11)', '(10, 14)', '(6, 10)', '(4, 10)', '(8, 10)', '(10, 16)', '(1, 13)', '(6, 12)', '(23, 16)', '(12, 16)', '(4, 12)', '(27, 16)', '(8, 12)', '(19, 12)', '(25, 16)', '(29, 16)', '(6, 14)', '(21, 12)', '(4, 14)', '(8, 14)', '(10, 11)', '(11, 10)', '(2, 7)', '(2, 16)', '(6, 16)', '(12, 11)', '(4, 7)', '(4, 16)', '(30, 16)', '(19, 16)', '(8, 16)', '(10, 13)', '(15, 12)', '(6, 9)', '(7, 8)']",89,0,89
92,"(24, 12)","(23, 12)",East,"[('(24, 11)', 'South', 1), ('(23, 12)', 'West', 1)]","['(34, 15)', '(25, 15)', '(12, 13)', '(14, 11)', '(17, 13)', '(19, 11)', '(20, 11)', '(24, 12)']","['(34, 15)', '(25, 15)', '(12, 13)', '(14, 11)', '(17, 13)', '(19, 11)', '(20, 11)', '(24, 11)']","['(21, 16)', '(4, 9)', '(17, 12)', '(8, 9)', '(1, 15)', '(6, 11)', '(8, 11)', '(11, 16)', '(1, 8)', '(26, 16)', '(15, 16)', '(6, 13)', '(18, 12)', '(22, 12)', '(28, 16)', '(17, 16)', '(5, 14)', '(32, 16)', '(1, 10)', '(13, 12)', '(24, 12)', '(34, 16)', '(3, 10)', '(5, 16)', '(9, 14)', '(1, 12)', '(18, 16)', '(7, 16)', '(22, 16)', '(14, 12)', '(4, 11)', '(9, 16)', '(24, 16)', '(13, 16)', '(1, 14)', '(16, 12)', '(20, 12)', '(4, 13)', '(8, 13)', '(10, 10)', '(1, 7)', '(1, 16)', '(12, 10)', '(3, 7)', '(14, 16)', '(3, 16)', '(10, 12)', '(1, 9)', '(16, 16)', '(6, 8)', '(31, 16)', '(20, 16)', '(12, 12)', '(23, 12)', '(4, 8)', '(8, 8)', '(33, 16)', '(1, 11)', '(10, 14)', '(6, 10)', '(4, 10)', '(8, 10)', '(10, 16)', '(1, 13)', '(6, 12)', '(23, 16)', '(12, 16)', '(4, 12)', '(27, 16)', '(8, 12)', '(19, 12)', '(25, 16)', '(29, 16)', '(6, 14)', '(21, 12)', '(4, 14)', '(8, 14)', '(10, 11)', '(11, 10)', '(2, 7)', '(2, 16)', '(6, 16)', '(12, 11)', '(4, 7)', '(4, 16)', '(30, 16)', '(19, 16)', '(8, 16)', '(10, 13)', '(15, 12)', '(6, 9)', '(7, 8)']",90,0,90
93,"(24, 11)","(24, 12)",South,"[('(24, 12)', 'North', 1), ('(25, 11)', 'East', 1)]","['(34, 15)', '(25, 15)', '(12, 13)', '(14, 11)', '(17, 13)', '(19, 11)', '(20, 11)', '(24, 11)']","['(34, 15)', '(25, 15)', '(12, 13)', '(14, 11)', '(17, 13)', '(19, 11)', '(20, 11)', '(25, 11)']","['(21, 16)', '(4, 9)', '(17, 12)', '(8, 9)', '(1, 15)', '(6, 11)', '(8, 11)', '(11, 16)', '(1, 8)', '(26, 16)', '(15, 16)', '(6, 13)', '(18, 12)', '(22, 12)', '(28, 16)', '(17, 16)', '(5, 14)', '(32, 16)', '(1, 10)', '(13, 12)', '(24, 12)', '(34, 16)', '(3, 10)', '(5, 16)', '(9, 14)', '(1, 12)', '(18, 16)', '(7, 16)', '(22, 16)', '(14, 12)', '(4, 11)', '(9, 16)', '(24, 16)', '(13, 16)', '(1, 14)', '(16, 12)', '(20, 12)', '(4, 13)', '(8, 13)', '(10, 10)', '(1, 7)', '(1, 16)', '(12, 10)', '(3, 7)', '(14, 16)', '(3, 16)', '(10, 12)', '(1, 9)', '(24, 11)', '(16, 16)', '(6, 8)', '(31, 16)', '(20, 16)', '(12, 12)', '(23, 12)', '(4, 8)', '(8, 8)', '(33, 16)', '(1, 11)', '(10, 14)', '(6, 10)', '(4, 10)', '(8, 10)', '(10, 16)', '(1, 13)', '(6, 12)', '(23, 16)', '(12, 16)', '(4, 12)', '(27, 16)', '(8, 12)', '(19, 12)', '(25, 16)', '(29, 16)', '(6, 14)', '(21, 12)', '(4, 14)', '(8, 14)', '(10, 11)', '(11, 10)', '(2, 7)', '(2, 16)', '(6, 16)', '(12, 11)', '(4, 7)', '(4, 16)', '(30, 16)', '(19, 16)', '(8, 16)', '(10, 13)', '(15, 12)', '(6, 9)', '(7, 8)']",91,0,91
94,"(25, 11)","(24, 11)",East,"[('(26, 11)', 'East', 1), ('(24, 11)', 'West', 1)]","['(34, 15)', '(25, 15)', '(12, 13)', '(14, 11)', '(17, 13)', '(19, 11)', '(20, 11)', '(25, 11)']","['(34, 15)', '(25, 15)', '(12, 13)', '(14, 11)', '(17, 13)', '(19, 11)', '(20, 11)', '(26, 11)']","['(21, 16)', '(4, 9)', '(17, 12)', '(8, 9)', '(1, 15)', '(6, 11)', '(8, 11)', '(11, 16)', '(1, 8)', '(26, 16)', '(15, 16)', '(6, 13)', '(18, 12)', '(22, 12)', '(28, 16)', '(17, 16)', '(5, 14)', '(32, 16)', '(1, 10)', '(13, 12)', '(24, 12)', '(25, 11)', '(34, 16)', '(3, 10)', '(5, 16)', '(9, 14)', '(1, 12)', '(18, 16)', '(7, 16)', '(22, 16)', '(14, 12)', '(4, 11)', '(9, 16)', '(24, 16)', '(13, 16)', '(1, 14)', '(16, 12)', '(20, 12)', '(4, 13)', '(8, 13)', '(10, 10)', '(1, 7)', '(1, 16)', '(12, 10)', '(3, 7)', '(14, 16)', '(3, 16)', '(10, 12)', '(1, 9)', '(24, 11)', '(16, 16)', '(6, 8)', '(31, 16)', '(20, 16)', '(12, 12)', '(23, 12)', '(4, 8)', '(8, 8)', '(33, 16)', '(1, 11)', '(10, 14)', '(6, 10)', '(4, 10)', '(8, 10)', '(10, 16)', '(1, 13)', '(6, 12)', '(23, 16)', '(12, 16)', '(4, 12)', '(27, 16)', '(8, 12)', '(19, 12)', '(25, 16)', '(29, 16)', '(6, 14)', '(21, 12)', '(4, 14)', '(8, 14)', '(10, 11)', '(11, 10)', '(2, 7)', '(2, 16)', '(6, 16)', '(12, 11)', '(4, 7)', '(4, 16)', '(30, 16)', '(19, 16)', '(8, 16)', '(10, 13)', '(15, 12)', '(6, 9)', '(7, 8)']",92,0,92
95,"(26, 11)","(25, 11)",East,"[('(27, 11)', 'East', 1), ('(25, 11)', 'West', 1)]","['(34, 15)', '(25, 15)', '(12, 13)', '(14, 11)', '(17, 13)', '(19, 11)', '(20, 11)', '(26, 11)']","['(34, 15)', '(25, 15)', '(12, 13)', '(14, 11)', '(17, 13)', '(19, 11)', '(20, 11)', '(27, 11)']","['(21, 16)', '(4, 9)', '(17, 12)', '(8, 9)', '(1, 15)', '(6, 11)', '(8, 11)', '(11, 16)', '(1, 8)', '(26, 16)', '(15, 16)', '(6, 13)', '(18, 12)', '(22, 12)', '(28, 16)', '(17, 16)', '(5, 14)', '(32, 16)', '(1, 10)', '(13, 12)', '(24, 12)', '(25, 11)', '(34, 16)', '(3, 10)', '(5, 16)', '(9, 14)', '(1, 12)', '(26, 11)', '(18, 16)', '(7, 16)', '(22, 16)', '(14, 12)', '(4, 11)', '(9, 16)', '(24, 16)', '(13, 16)', '(1, 14)', '(16, 12)', '(20, 12)', '(4, 13)', '(8, 13)', '(10, 10)', '(1, 7)', '(1, 16)', '(12, 10)', '(3, 7)', '(14, 16)', '(3, 16)', '(10, 12)', '(1, 9)', '(24, 11)', '(16, 16)', '(6, 8)', '(31, 16)', '(20, 16)', '(12, 12)', '(23, 12)', '(4, 8)', '(8, 8)', '(33, 16)', '(1, 11)', '(10, 14)', '(6, 10)', '(4, 10)', '(8, 10)', '(10, 16)', '(1, 13)', '(6, 12)', '(23, 16)', '(12, 16)', '(4, 12)', '(27, 16)', '(8, 12)', '(19, 12)', '(25, 16)', '(29, 16)', '(6, 14)', '(21, 12)', '(4, 14)', '(8, 14)', '(10, 11)', '(11, 10)', '(2, 7)', '(2, 16)', '(6, 16)', '(12, 11)', '(4, 7)', '(4, 16)', '(30, 16)', '(19, 16)', '(8, 16)', '(10, 13)', '(15, 12)', '(6, 9)', '(7, 8)']",93,0,93
96,"(27, 11)","(26, 11)",East,"[('(27, 12)', 'North', 1), ('(26, 11)', 'West', 1)]","['(34, 15)', '(25, 15)', '(12, 13)', '(14, 11)', '(17, 13)', '(19, 11)', '(20, 11)', '(27, 11)']","['(34, 15)', '(25, 15)', '(12, 13)', '(14, 11)', '(17, 13)', '(19, 11)', '(20, 11)', '(27, 12)']","['(21, 16)', '(4, 9)', '(17, 12)', '(8, 9)', '(1, 15)', '(6, 11)', '(8, 11)', '(11, 16)', '(1, 8)', '(26, 16)', '(15, 16)', '(6, 13)', '(18, 12)', '(22, 12)', '(28, 16)', '(17, 16)', '(5, 14)', '(32, 16)', '(1, 10)', '(13, 12)', '(24, 12)', '(25, 11)', '(34, 16)', '(3, 10)', '(5, 16)', '(9, 14)', '(1, 12)', '(26, 11)', '(18, 16)', '(7, 16)', '(22, 16)', '(14, 12)', '(4, 11)', '(9, 16)', '(24, 16)', '(13, 16)', '(1, 14)', '(16, 12)', '(20, 12)', '(4, 13)', '(8, 13)', '(10, 10)', '(1, 7)', '(1, 16)', '(12, 10)', '(3, 7)', '(14, 16)', '(3, 16)', '(10, 12)', '(1, 9)', '(24, 11)', '(16, 16)', '(6, 8)', '(31, 16)', '(20, 16)', '(12, 12)', '(23, 12)', '(4, 8)', '(8, 8)', '(33, 16)', '(1, 11)', '(10, 14)', '(6, 10)', '(4, 10)', '(8, 10)', '(10, 16)', '(1, 13)', '(6, 12)', '(23, 16)', '(12, 16)', '(4, 12)', '(27, 16)', '(8, 12)', '(19, 12)', '(25, 16)', '(29, 16)', '(6, 14)', '(21, 12)', '(4, 14)', '(8, 14)', '(10, 11)', '(11, 10)', '(2, 7)', '(2, 16)', '(6, 16)', '(12, 11)', '(4, 7)', '(4, 16)', '(27, 11)', '(30, 16)', '(19, 16)', '(8, 16)', '(10, 13)', '(15, 12)', '(6, 9)', '(7, 8)']",94,0,94
97,"(27, 12)","(27, 11)",North,"[('(27, 13)', 'North', 1), ('(27, 11)', 'South', 1)]","['(34, 15)', '(25, 15)', '(12, 13)', '(14, 11)', '(17, 13)', '(19, 11)', '(20, 11)', '(27, 12)']","['(34, 15)', '(25, 15)', '(12, 13)', '(14, 11)', '(17, 13)', '(19, 11)', '(20, 11)', '(27, 13)']","['(21, 16)', '(4, 9)', '(17, 12)', '(8, 9)', '(1, 15)', '(6, 11)', '(8, 11)', '(11, 16)', '(1, 8)', '(26, 16)', '(15, 16)', '(6, 13)', '(18, 12)', '(22, 12)', '(28, 16)', '(17, 16)', '(5, 14)', '(32, 16)', '(1, 10)', '(13, 12)', '(24, 12)', '(25, 11)', '(34, 16)', '(3, 10)', '(5, 16)', '(9, 14)', '(1, 12)', '(26, 11)', '(18, 16)', '(7, 16)', '(22, 16)', '(14, 12)', '(4, 11)', '(9, 16)', '(24, 16)', '(13, 16)', '(1, 14)', '(16, 12)', '(20, 12)', '(4, 13)', '(8, 13)', '(10, 10)', '(1, 7)', '(1, 16)', '(12, 10)', '(3, 7)', '(14, 16)', '(3, 16)', '(10, 12)', '(1, 9)', '(24, 11)', '(16, 16)', '(6, 8)', '(31, 16)', '(20, 16)', '(12, 12)', '(23, 12)', '(4, 8)', '(27, 12)', '(8, 8)', '(33, 16)', '(1, 11)', '(10, 14)', '(6, 10)', '(4, 10)', '(8, 10)', '(10, 16)', '(1, 13)', '(6, 12)', '(23, 16)', '(12, 16)', '(4, 12)', '(27, 16)', '(8, 12)', '(19, 12)', '(25, 16)', '(29, 16)', '(6, 14)', '(21, 12)', '(4, 14)', '(8, 14)', '(10, 11)', '(11, 10)', '(2, 7)', '(2, 16)', '(6, 16)', '(12, 11)', '(4, 7)', '(4, 16)', '(27, 11)', '(30, 16)', '(19, 16)', '(8, 16)', '(10, 13)', '(15, 12)', '(6, 9)', '(7, 8)']",95,0,95
98,"(27, 13)","(27, 12)",North,"[('(27, 14)', 'North', 1), ('(27, 12)', 'South', 1)]","['(34, 15)', '(25, 15)', '(12, 13)', '(14, 11)', '(17, 13)', '(19, 11)', '(20, 11)', '(27, 13)']","['(34, 15)', '(25, 15)', '(12, 13)', '(14, 11)', '(17, 13)', '(19, 11)', '(20, 11)', '(27, 14)']","['(21, 16)', '(4, 9)', '(27, 13)', '(17, 12)', '(8, 9)', '(1, 15)', '(6, 11)', '(8, 11)', '(11, 16)', '(1, 8)', '(26, 16)', '(15, 16)', '(6, 13)', '(18, 12)', '(22, 12)', '(28, 16)', '(17, 16)', '(5, 14)', '(32, 16)', '(1, 10)', '(13, 12)', '(24, 12)', '(25, 11)', '(34, 16)', '(3, 10)', '(5, 16)', '(9, 14)', '(1, 12)', '(26, 11)', '(18, 16)', '(7, 16)', '(22, 16)', '(14, 12)', '(4, 11)', '(9, 16)', '(24, 16)', '(13, 16)', '(1, 14)', '(16, 12)', '(20, 12)', '(4, 13)', '(8, 13)', '(10, 10)', '(1, 7)', '(1, 16)', '(12, 10)', '(3, 7)', '(14, 16)', '(3, 16)', '(10, 12)', '(1, 9)', '(24, 11)', '(16, 16)', '(6, 8)', '(31, 16)', '(20, 16)', '(12, 12)', '(23, 12)', '(4, 8)', '(27, 12)', '(8, 8)', '(33, 16)', '(1, 11)', '(10, 14)', '(6, 10)', '(4, 10)', '(8, 10)', '(10, 16)', '(1, 13)', '(6, 12)', '(23, 16)', '(12, 16)', '(4, 12)', '(27, 16)', '(8, 12)', '(19, 12)', '(25, 16)', '(29, 16)', '(6, 14)', '(21, 12)', '(4, 14)', '(8, 14)', '(10, 11)', '(11, 10)', '(2, 7)', '(2, 16)', '(6, 16)', '(12, 11)', '(4, 7)', '(4, 16)', '(27, 11)', '(30, 16)', '(19, 16)', '(8, 16)', '(10, 13)', '(15, 12)', '(6, 9)', '(7, 8)']",96,0,96
99,"(27, 14)","(27, 13)",North,"[('(27, 13)', 'South', 1), ('(26, 14)', 'West', 1)]","['(34, 15)', '(25, 15)', '(12, 13)', '(14, 11)', '(17, 13)', '(19, 11)', '(20, 11)', '(27, 14)']","['(34, 15)', '(25, 15)', '(12, 13)', '(14, 11)', '(17, 13)', '(19, 11)', '(20, 11)', '(26, 14)']","['(21, 16)', '(4, 9)', '(27, 13)', '(17, 12)', '(8, 9)', '(1, 15)', '(6, 11)', '(8, 11)', '(11, 16)', '(1, 8)', '(26, 16)', '(15, 16)', '(6, 13)', '(18, 12)', '(22, 12)', '(28, 16)', '(17, 16)', '(5, 14)', '(32, 16)', '(1, 10)', '(13, 12)', '(24, 12)', '(25, 11)', '(34, 16)', '(3, 10)', '(5, 16)', '(9, 14)', '(1, 12)', '(26, 11)', '(18, 16)', '(7, 16)', '(22, 16)', '(14, 12)', '(4, 11)', '(9, 16)', '(24, 16)', '(13, 16)', '(1, 14)', '(16, 12)', '(20, 12)', '(4, 13)', '(8, 13)', '(10, 10)', '(1, 7)', '(1, 16)', '(12, 10)', '(3, 7)', '(14, 16)', '(3, 16)', '(10, 12)', '(1, 9)', '(24, 11)', '(16, 16)', '(6, 8)', '(31, 16)', '(20, 16)', '(12, 12)', '(23, 12)', '(4, 8)', '(27, 12)', '(8, 8)', '(33, 16)', '(1, 11)', '(10, 14)', '(6, 10)', '(4, 10)', '(27, 14)', '(8, 10)', '(10, 16)', '(1, 13)', '(6, 12)', '(23, 16)', '(12, 16)', '(4, 12)', '(27, 16)', '(8, 12)', '(19, 12)', '(25, 16)', '(29, 16)', '(6, 14)', '(21, 12)', '(4, 14)', '(8, 14)', '(10, 11)', '(11, 10)', '(2, 7)', '(2, 16)', '(6, 16)', '(12, 11)', '(4, 7)', '(4, 16)', '(27, 11)', '(30, 16)', '(19, 16)', '(8, 16)', '(10, 13)', '(15, 12)', '(6, 9)', '(7, 8)']",97,0,97
100,"(26, 14)","(27, 14)",West,"[('(27, 14)', 'East', 1), ('(25, 14)', 'West', 1)]","['(34, 15)', '(25, 15)', '(12, 13)', '(14, 11)', '(17, 13)', '(19, 11)', '(20, 11)', '(26, 14)']","['(34, 15)', '(25, 15)', '(12, 13)', '(14, 11)', '(17, 13)', '(19, 11)', '(20, 11)', '(25, 14)']","['(21, 16)', '(4, 9)', '(27, 13)', '(17, 12)', '(8, 9)', '(1, 15)', '(26, 14)', '(6, 11)', '(8, 11)', '(11, 16)', '(1, 8)', '(26, 16)', '(15, 16)', '(6, 13)', '(18, 12)', '(22, 12)', '(28, 16)', '(17, 16)', '(5, 14)', '(32, 16)', '(1, 10)', '(13, 12)', '(24, 12)', '(25, 11)', '(34, 16)', '(3, 10)', '(5, 16)', '(9, 14)', '(1, 12)', '(26, 11)', '(18, 16)', '(7, 16)', '(22, 16)', '(14, 12)', '(4, 11)', '(9, 16)', '(24, 16)', '(13, 16)', '(1, 14)', '(16, 12)', '(20, 12)', '(4, 13)', '(8, 13)', '(10, 10)', '(1, 7)', '(1, 16)', '(12, 10)', '(3, 7)', '(14, 16)', '(3, 16)', '(10, 12)', '(1, 9)', '(24, 11)', '(16, 16)', '(6, 8)', '(31, 16)', '(20, 16)', '(12, 12)', '(23, 12)', '(4, 8)', '(27, 12)', '(8, 8)', '(33, 16)', '(1, 11)', '(10, 14)', '(6, 10)', '(4, 10)', '(27, 14)', '(8, 10)', '(10, 16)', '(1, 13)', '(6, 12)', '(23, 16)', '(12, 16)', '(4, 12)', '(27, 16)', '(8, 12)', '(19, 12)', '(25, 16)', '(29, 16)', '(6, 14)', '(21, 12)', '(4, 14)', '(8, 14)', '(10, 11)', '(11, 10)', '(2, 7)', '(2, 16)', '(6, 16)', '(12, 11)', '(4, 7)', '(4, 16)', '(27, 11)', '(30, 16)', '(19, 16)', '(8, 16)', '(10, 13)', '(15, 12)', '(6, 9)', '(7, 8)']",98,0,98
101,"(25, 14)","(26, 14)",West,"[('(25, 15)', 'North', 1), ('(26, 14)', 'East', 1)]","['(34, 15)', '(25, 15)', '(12, 13)', '(14, 11)', '(17, 13)', '(19, 11)', '(20, 11)', '(25, 14)']","['(34, 15)', '(25, 15)', '(12, 13)', '(14, 11)', '(17, 13)', '(19, 11)', '(20, 11)', '(25, 15)']","['(21, 16)', '(4, 9)', '(27, 13)', '(17, 12)', '(8, 9)', '(1, 15)', '(26, 14)', '(6, 11)', '(8, 11)', '(11, 16)', '(1, 8)', '(26, 16)', '(15, 16)', '(6, 13)', '(18, 12)', '(22, 12)', '(28, 16)', '(17, 16)', '(5, 14)', '(32, 16)', '(1, 10)', '(13, 12)', '(24, 12)', '(25, 11)', '(34, 16)', '(3, 10)', '(5, 16)', '(9, 14)', '(1, 12)', '(26, 11)', '(18, 16)', '(7, 16)', '(22, 16)', '(14, 12)', '(4, 11)', '(9, 16)', '(24, 16)', '(13, 16)', '(1, 14)', '(16, 12)', '(20, 12)', '(4, 13)', '(8, 13)', '(10, 10)', '(1, 7)', '(1, 16)', '(12, 10)', '(3, 7)', '(14, 16)', '(3, 16)', '(10, 12)', '(1, 9)', '(24, 11)', '(16, 16)', '(6, 8)', '(31, 16)', '(20, 16)', '(12, 12)', '(23, 12)', '(4, 8)', '(27, 12)', '(8, 8)', '(33, 16)', '(1, 11)', '(10, 14)', '(6, 10)', '(4, 10)', '(27, 14)', '(8, 10)', '(10, 16)', '(1, 13)', '(25, 14)', '(6, 12)', '(23, 16)', '(12, 16)', '(4, 12)', '(27, 16)', '(8, 12)', '(19, 12)', '(25, 16)', '(29, 16)', '(6, 14)', '(21, 12)', '(4, 14)', '(8, 14)', '(10, 11)', '(11, 10)', '(2, 7)', '(2, 16)', '(6, 16)', '(12, 11)', '(4, 7)', '(4, 16)', '(27, 11)', '(30, 16)', '(19, 16)', '(8, 16)', '(10, 13)', '(15, 12)', '(6, 9)', '(7, 8)']",99,0,99
102,"(25, 15)","(25, 14)",North,"[('(25, 16)', 'North', 1), ('(25, 14)', 'South', 1)]","['(34, 15)', '(25, 15)', '(12, 13)', '(14, 11)', '(17, 13)', '(19, 11)', '(20, 11)', '(25, 15)']","['(34, 15)', '(25, 15)', '(12, 13)', '(14, 11)', '(17, 13)', '(19, 11)', '(20, 11)']","['(21, 16)', '(4, 9)', '(27, 13)', '(17, 12)', '(8, 9)', '(1, 15)', '(26, 14)', '(6, 11)', '(8, 11)', '(11, 16)', '(1, 8)', '(26, 16)', '(15, 16)', '(6, 13)', '(18, 12)', '(22, 12)', '(28, 16)', '(17, 16)', '(5, 14)', '(32, 16)', '(1, 10)', '(13, 12)', '(24, 12)', '(25, 11)', '(34, 16)', '(3, 10)', '(5, 16)', '(9, 14)', '(1, 12)', '(26, 11)', '(18, 16)', '(7, 16)', '(22, 16)', '(14, 12)', '(4, 11)', '(9, 16)', '(24, 16)', '(13, 16)', '(1, 14)', '(16, 12)', '(25, 15)', '(20, 12)', '(4, 13)', '(8, 13)', '(10, 10)', '(1, 7)', '(1, 16)', '(12, 10)', '(3, 7)', '(14, 16)', '(3, 16)', '(10, 12)', '(1, 9)', '(24, 11)', '(16, 16)', '(6, 8)', '(31, 16)', '(20, 16)', '(12, 12)', '(23, 12)', '(4, 8)', '(27, 12)', '(8, 8)', '(33, 16)', '(1, 11)', '(10, 14)', '(6, 10)', '(4, 10)', '(27, 14)', '(8, 10)', '(10, 16)', '(1, 13)', '(25, 14)', '(6, 12)', '(23, 16)', '(12, 16)', '(4, 12)', '(27, 16)', '(8, 12)', '(19, 12)', '(25, 16)', '(29, 16)', '(6, 14)', '(21, 12)', '(4, 14)', '(8, 14)', '(10, 11)', '(11, 10)', '(2, 7)', '(2, 16)', '(6, 16)', '(12, 11)', '(4, 7)', '(4, 16)', '(27, 11)', '(30, 16)', '(19, 16)', '(8, 16)', '(10, 13)', '(15, 12)', '(6, 9)', '(7, 8)']",100,0,100
103,"(20, 11)","(20, 12)",South,"[('(20, 12)', 'North', 1), ('(20, 10)', 'South', 1), ('(19, 11)', 'West', 1)]","['(34, 15)', '(25, 15)', '(12, 13)', '(14, 11)', '(17, 13)', '(19, 11)', '(20, 11)']","['(34, 15)', '(25, 15)', '(12, 13)', '(14, 11)', '(17, 13)', '(19, 11)', '(20, 10)', '(19, 11)']","['(21, 16)', '(4, 9)', '(27, 13)', '(17, 12)', '(8, 9)', '(1, 15)', '(26, 14)', '(6, 11)', '(8, 11)', '(11, 16)', '(1, 8)', '(26, 16)', '(15, 16)', '(6, 13)', '(18, 12)', '(22, 12)', '(28, 16)', '(17, 16)', '(5, 14)', '(32, 16)', '(1, 10)', '(13, 12)', '(24, 12)', '(25, 11)', '(34, 16)', '(3, 10)', '(5, 16)', '(9, 14)', '(1, 12)', '(26, 11)', '(18, 16)', '(7, 16)', '(22, 16)', '(14, 12)', '(4, 11)', '(9, 16)', '(24, 16)', '(13, 16)', '(1, 14)', '(16, 12)', '(25, 15)', '(20, 12)', '(4, 13)', '(8, 13)', '(10, 10)', '(1, 7)', '(1, 16)', '(12, 10)', '(3, 7)', '(14, 16)', '(3, 16)', '(10, 12)', '(1, 9)', '(24, 11)', '(16, 16)', '(6, 8)', '(31, 16)', '(20, 16)', '(12, 12)', '(23, 12)', '(4, 8)', '(27, 12)', '(8, 8)', '(33, 16)', '(1, 11)', '(10, 14)', '(6, 10)', '(4, 10)', '(27, 14)', '(8, 10)', '(10, 16)', '(1, 13)', '(25, 14)', '(6, 12)', '(20, 11)', '(23, 16)', '(12, 16)', '(4, 12)', '(27, 16)', '(8, 12)', '(19, 12)', '(25, 16)', '(29, 16)', '(6, 14)', '(21, 12)', '(4, 14)', '(8, 14)', '(10, 11)', '(11, 10)', '(2, 7)', '(2, 16)', '(6, 16)', '(12, 11)', '(4, 7)', '(4, 16)', '(27, 11)', '(30, 16)', '(19, 16)', '(8, 16)', '(10, 13)', '(15, 12)', '(6, 9)', '(7, 8)']",87,0,87
104,"(19, 11)","(20, 11)",West,"[('(19, 12)', 'North', 1), ('(20, 11)', 'East', 1)]","['(34, 15)', '(25, 15)', '(12, 13)', '(14, 11)', '(17, 13)', '(19, 11)', '(20, 10)', '(19, 11)']","['(34, 15)', '(25, 15)', '(12, 13)', '(14, 11)', '(17, 13)', '(19, 11)', '(20, 10)']","['(21, 16)', '(4, 9)', '(27, 13)', '(17, 12)', '(8, 9)', '(1, 15)', '(26, 14)', '(6, 11)', '(8, 11)', '(19, 11)', '(11, 16)', '(1, 8)', '(26, 16)', '(15, 16)', '(6, 13)', '(18, 12)', '(22, 12)', '(28, 16)', '(17, 16)', '(5, 14)', '(32, 16)', '(1, 10)', '(13, 12)', '(24, 12)', '(25, 11)', '(34, 16)', '(3, 10)', '(5, 16)', '(9, 14)', '(1, 12)', '(26, 11)', '(18, 16)', '(7, 16)', '(22, 16)', '(14, 12)', '(4, 11)', '(9, 16)', '(24, 16)', '(13, 16)', '(1, 14)', '(16, 12)', '(25, 15)', '(20, 12)', '(4, 13)', '(8, 13)', '(10, 10)', '(1, 7)', '(1, 16)', '(12, 10)', '(3, 7)', '(14, 16)', '(3, 16)', '(10, 12)', '(1, 9)', '(24, 11)', '(16, 16)', '(6, 8)', '(31, 16)', '(20, 16)', '(12, 12)', '(23, 12)', '(4, 8)', '(27, 12)', '(8, 8)', '(33, 16)', '(1, 11)', '(10, 14)', '(6, 10)', '(4, 10)', '(27, 14)', '(8, 10)', '(10, 16)', '(1, 13)', '(25, 14)', '(6, 12)', '(20, 11)', '(23, 16)', '(12, 16)', '(4, 12)', '(27, 16)', '(8, 12)', '(19, 12)', '(25, 16)', '(29, 16)', '(6, 14)', '(21, 12)', '(4, 14)', '(8, 14)', '(10, 11)', '(11, 10)', '(2, 7)', '(2, 16)', '(6, 16)', '(12, 11)', '(4, 7)', '(4, 16)', '(27, 11)', '(30, 16)', '(19, 16)', '(8, 16)', '(10, 13)', '(15, 12)', '(6, 9)', '(7, 8)']",88,0,88
105,"(20, 10)","(20, 11)",South,"[('(20, 11)', 'North', 1), ('(20, 9)', 'South', 1)]","['(34, 15)', '(25, 15)', '(12, 13)', '(14, 11)', '(17, 13)', '(19, 11)', '(20, 10)']","['(34, 15)', '(25, 15)', '(12, 13)', '(14, 11)', '(17, 13)', '(19, 11)', '(20, 9)']","['(21, 16)', '(4, 9)', '(27, 13)', '(17, 12)', '(8, 9)', '(1, 15)', '(26, 14)', '(6, 11)', '(8, 11)', '(19, 11)', '(11, 16)', '(1, 8)', '(26, 16)', '(15, 16)', '(6, 13)', '(18, 12)', '(22, 12)', '(28, 16)', '(17, 16)', '(5, 14)', '(32, 16)', '(1, 10)', '(13, 12)', '(24, 12)', '(25, 11)', '(34, 16)', '(3, 10)', '(5, 16)', '(9, 14)', '(1, 12)', '(26, 11)', '(18, 16)', '(7, 16)', '(20, 10)', '(22, 16)', '(14, 12)', '(4, 11)', '(9, 16)', '(24, 16)', '(13, 16)', '(1, 14)', '(16, 12)', '(25, 15)', '(20, 12)', '(4, 13)', '(8, 13)', '(10, 10)', '(1, 7)', '(1, 16)', '(12, 10)', '(3, 7)', '(14, 16)', '(3, 16)', '(10, 12)', '(1, 9)', '(24, 11)', '(16, 16)', '(6, 8)', '(31, 16)', '(20, 16)', '(12, 12)', '(23, 12)', '(4, 8)', '(27, 12)', '(8, 8)', '(33, 16)', '(1, 11)', '(10, 14)', '(6, 10)', '(4, 10)', '(27, 14)', '(8, 10)', '(10, 16)', '(1, 13)', '(25, 14)', '(6, 12)', '(20, 11)', '(23, 16)', '(12, 16)', '(4, 12)', '(27, 16)', '(8, 12)', '(19, 12)', '(25, 16)', '(29, 16)', '(6, 14)', '(21, 12)', '(4, 14)', '(8, 14)', '(10, 11)', '(11, 10)', '(2, 7)', '(2, 16)', '(6, 16)', '(12, 11)', '(4, 7)', '(4, 16)', '(27, 11)', '(30, 16)', '(19, 16)', '(8, 16)', '(10, 13)', '(15, 12)', '(6, 9)', '(7, 8)']",88,0,88
106,"(20, 9)","(20, 10)",South,"[('(20, 10)', 'North', 1), ('(21, 9)', 'East', 1)]","['(34, 15)', '(25, 15)', '(12, 13)', '(14, 11)', '(17, 13)', '(19, 11)', '(20, 9)']","['(34, 15)', '(25, 15)', '(12, 13)', '(14, 11)', '(17, 13)', '(19, 11)', '(21, 9)']","['(21, 16)', '(4, 9)', '(27, 13)', '(17, 12)', '(8, 9)', '(1, 15)', '(26, 14)', '(6, 11)', '(8, 11)', '(19, 11)', '(11, 16)', '(1, 8)', '(26, 16)', '(15, 16)', '(6, 13)', '(18, 12)', '(22, 12)', '(28, 16)', '(17, 16)', '(5, 14)', '(32, 16)', '(1, 10)', '(13, 12)', '(24, 12)', '(25, 11)', '(34, 16)', '(3, 10)', '(5, 16)', '(9, 14)', '(1, 12)', '(26, 11)', '(18, 16)', '(7, 16)', '(20, 10)', '(22, 16)', '(14, 12)', '(4, 11)', '(9, 16)', '(24, 16)', '(13, 16)', '(1, 14)', '(16, 12)', '(25, 15)', '(20, 12)', '(4, 13)', '(8, 13)', '(10, 10)', '(1, 7)', '(1, 16)', '(12, 10)', '(3, 7)', '(14, 16)', '(3, 16)', '(10, 12)', '(1, 9)', '(24, 11)', '(16, 16)', '(6, 8)', '(31, 16)', '(20, 16)', '(12, 12)', '(23, 12)', '(4, 8)', '(27, 12)', '(8, 8)', '(33, 16)', '(1, 11)', '(10, 14)', '(6, 10)', '(20, 9)', '(4, 10)', '(27, 14)', '(8, 10)', '(10, 16)', '(1, 13)', '(25, 14)', '(6, 12)', '(20, 11)', '(23, 16)', '(12, 16)', '(4, 12)', '(27, 16)', '(8, 12)', '(19, 12)', '(25, 16)', '(29, 16)', '(6, 14)', '(21, 12)', '(4, 14)', '(8, 14)', '(10, 11)', '(11, 10)', '(2, 7)', '(2, 16)', '(6, 16)', '(12, 11)', '(4, 7)', '(4, 16)', '(27, 11)', '(30, 16)', '(19, 16)', '(8, 16)', '(10, 13)', '(15, 12)', '(6, 9)', '(7, 8)']",89,0,89
107,"(21, 9)","(20, 9)",East,"[('(22, 9)', 'East', 1), ('(20, 9)', 'West', 1)]","['(34, 15)', '(25, 15)', '(12, 13)', '(14, 11)', '(17, 13)', '(19, 11)', '(21, 9)']","['(34, 15)', '(25, 15)', '(12, 13)', '(14, 11)', '(17, 13)', '(19, 11)', '(22, 9)']","['(21, 16)', '(4, 9)', '(27, 13)', '(17, 12)', '(8, 9)', '(1, 15)', '(26, 14)', '(6, 11)', '(21, 9)', '(8, 11)', '(19, 11)', '(11, 16)', '(1, 8)', '(26, 16)', '(15, 16)', '(6, 13)', '(18, 12)', '(22, 12)', '(28, 16)', '(17, 16)', '(5, 14)', '(32, 16)', '(1, 10)', '(13, 12)', '(24, 12)', '(25, 11)', '(34, 16)', '(3, 10)', '(5, 16)', '(9, 14)', '(1, 12)', '(26, 11)', '(18, 16)', '(7, 16)', '(20, 10)', '(22, 16)', '(14, 12)', '(4, 11)', '(9, 16)', '(24, 16)', '(13, 16)', '(1, 14)', '(16, 12)', '(25, 15)', '(20, 12)', '(4, 13)', '(8, 13)', '(10, 10)', '(1, 7)', '(1, 16)', '(12, 10)', '(3, 7)', '(14, 16)', '(3, 16)', '(10, 12)', '(1, 9)', '(24, 11)', '(16, 16)', '(6, 8)', '(31, 16)', '(20, 16)', '(12, 12)', '(23, 12)', '(4, 8)', '(27, 12)', '(8, 8)', '(33, 16)', '(1, 11)', '(10, 14)', '(6, 10)', '(20, 9)', '(4, 10)', '(27, 14)', '(8, 10)', '(10, 16)', '(1, 13)', '(25, 14)', '(6, 12)', '(20, 11)', '(23, 16)', '(12, 16)', '(4, 12)', '(27, 16)', '(8, 12)', '(19, 12)', '(25, 16)', '(29, 16)', '(6, 14)', '(21, 12)', '(4, 14)', '(8, 14)', '(10, 11)', '(11, 10)', '(2, 7)', '(2, 16)', '(6, 16)', '(12, 11)', '(4, 7)', '(4, 16)', '(27, 11)', '(30, 16)', '(19, 16)', '(8, 16)', '(10, 13)', '(15, 12)', '(6, 9)', '(7, 8)']",90,0,90
108,"(22, 9)","(21, 9)",East,"[('(23, 9)', 'East', 1), ('(21, 9)', 'West', 1)]","['(34, 15)', '(25, 15)', '(12, 13)', '(14, 11)', '(17, 13)', '(19, 11)', '(22, 9)']","['(34, 15)', '(25, 15)', '(12, 13)', '(14, 11)', '(17, 13)', '(19, 11)', '(23, 9)']","['(21, 16)', '(4, 9)', '(27, 13)', '(17, 12)', '(8, 9)', '(1, 15)', '(26, 14)', '(6, 11)', '(21, 9)', '(8, 11)', '(19, 11)', '(11, 16)', '(1, 8)', '(26, 16)', '(15, 16)', '(6, 13)', '(18, 12)', '(22, 12)', '(28, 16)', '(17, 16)', '(5, 14)', '(32, 16)', '(1, 10)', '(13, 12)', '(24, 12)', '(25, 11)', '(34, 16)', '(3, 10)', '(5, 16)', '(9, 14)', '(1, 12)', '(26, 11)', '(18, 16)', '(7, 16)', '(20, 10)', '(22, 16)', '(14, 12)', '(4, 11)', '(9, 16)', '(24, 16)', '(13, 16)', '(1, 14)', '(16, 12)', '(25, 15)', '(20, 12)', '(22, 9)', '(4, 13)', '(8, 13)', '(10, 10)', '(1, 7)', '(1, 16)', '(12, 10)', '(3, 7)', '(14, 16)', '(3, 16)', '(10, 12)', '(1, 9)', '(24, 11)', '(16, 16)', '(6, 8)', '(31, 16)', '(20, 16)', '(12, 12)', '(23, 12)', '(4, 8)', '(27, 12)', '(8, 8)', '(33, 16)', '(1, 11)', '(10, 14)', '(6, 10)', '(20, 9)', '(4, 10)', '(27, 14)', '(8, 10)', '(10, 16)', '(1, 13)', '(25, 14)', '(6, 12)', '(20, 11)', '(23, 16)', '(12, 16)', '(4, 12)', '(27, 16)', '(8, 12)', '(19, 12)', '(25, 16)', '(29, 16)', '(6, 14)', '(21, 12)', '(4, 14)', '(8, 14)', '(10, 11)', '(11, 10)', '(2, 7)', '(2, 16)', '(6, 16)', '(12, 11)', '(4, 7)', '(4, 16)', '(27, 11)', '(30, 16)', '(19, 16)', '(8, 16)', '(10, 13)', '(15, 12)', '(6, 9)', '(7, 8)']",91,0,91
109,"(23, 9)","(22, 9)",East,"[('(24, 9)', 'East', 1), ('(22, 9)', 'West', 1)]","['(34, 15)', '(25, 15)', '(12, 13)', '(14, 11)', '(17, 13)', '(19, 11)', '(23, 9)']","['(34, 15)', '(25, 15)', '(12, 13)', '(14, 11)', '(17, 13)', '(19, 11)', '(24, 9)']","['(21, 16)', '(4, 9)', '(27, 13)', '(17, 12)', '(8, 9)', '(1, 15)', '(26, 14)', '(6, 11)', '(21, 9)', '(8, 11)', '(19, 11)', '(11, 16)', '(1, 8)', '(26, 16)', '(15, 16)', '(6, 13)', '(18, 12)', '(22, 12)', '(28, 16)', '(17, 16)', '(5, 14)', '(32, 16)', '(1, 10)', '(13, 12)', '(24, 12)', '(25, 11)', '(34, 16)', '(3, 10)', '(5, 16)', '(9, 14)', '(1, 12)', '(26, 11)', '(18, 16)', '(7, 16)', '(20, 10)', '(22, 16)', '(14, 12)', '(4, 11)', '(9, 16)', '(24, 16)', '(13, 16)', '(1, 14)', '(16, 12)', '(25, 15)', '(20, 12)', '(22, 9)', '(4, 13)', '(8, 13)', '(10, 10)', '(1, 7)', '(1, 16)', '(12, 10)', '(3, 7)', '(14, 16)', '(3, 16)', '(10, 12)', '(1, 9)', '(24, 11)', '(16, 16)', '(6, 8)', '(31, 16)', '(20, 16)', '(12, 12)', '(23, 12)', '(4, 8)', '(27, 12)', '(8, 8)', '(33, 16)', '(1, 11)', '(10, 14)', '(6, 10)', '(20, 9)', '(4, 10)', '(27, 14)', '(8, 10)', '(10, 16)', '(1, 13)', '(25, 14)', '(6, 12)', '(20, 11)', '(23, 16)', '(12, 16)', '(4, 12)', '(27, 16)', '(8, 12)', '(19, 12)', '(25, 16)', '(29, 16)', '(6, 14)', '(21, 12)', '(23, 9)', '(4, 14)', '(8, 14)', '(10, 11)', '(11, 10)', '(2, 7)', '(2, 16)', '(6, 16)', '(12, 11)', '(4, 7)', '(4, 16)', '(27, 11)', '(30, 16)', '(19, 16)', '(8, 16)', '(10, 13)', '(15, 12)', '(6, 9)', '(7, 8)']",92,0,92
110,"(24, 9)","(23, 9)",East,"[('(25, 9)', 'East', 1), ('(23, 9)', 'West', 1)]","['(34, 15)', '(25, 15)', '(12, 13)', '(14, 11)', '(17, 13)', '(19, 11)', '(24, 9)']","['(34, 15)', '(25, 15)', '(12, 13)', '(14, 11)', '(17, 13)', '(19, 11)', '(25, 9)']","['(21, 16)', '(4, 9)', '(27, 13)', '(17, 12)', '(8, 9)', '(1, 15)', '(26, 14)', '(6, 11)', '(21, 9)', '(8, 11)', '(19, 11)', '(11, 16)', '(1, 8)', '(26, 16)', '(15, 16)', '(6, 13)', '(18, 12)', '(22, 12)', '(28, 16)', '(17, 16)', '(5, 14)', '(32, 16)', '(1, 10)', '(13, 12)', '(24, 12)', '(25, 11)', '(34, 16)', '(3, 10)', '(5, 16)', '(9, 14)', '(1, 12)', '(26, 11)', '(18, 16)', '(7, 16)', '(20, 10)', '(22, 16)', '(14, 12)', '(4, 11)', '(9, 16)', '(24, 16)', '(13, 16)', '(1, 14)', '(16, 12)', '(25, 15)', '(20, 12)', '(22, 9)', '(4, 13)', '(8, 13)', '(10, 10)', '(1, 7)', '(24, 9)', '(1, 16)', '(12, 10)', '(3, 7)', '(14, 16)', '(3, 16)', '(10, 12)', '(1, 9)', '(24, 11)', '(16, 16)', '(6, 8)', '(31, 16)', '(20, 16)', '(12, 12)', '(23, 12)', '(4, 8)', '(27, 12)', '(8, 8)', '(33, 16)', '(1, 11)', '(10, 14)', '(6, 10)', '(20, 9)', '(4, 10)', '(27, 14)', '(8, 10)', '(10, 16)', '(1, 13)', '(25, 14)', '(6, 12)', '(20, 11)', '(23, 16)', '(12, 16)', '(4, 12)', '(27, 16)', '(8, 12)', '(19, 12)', '(25, 16)', '(29, 16)', '(6, 14)', '(21, 12)', '(23, 9)', '(4, 14)', '(8, 14)', '(10, 11)', '(11, 10)', '(2, 7)', '(2, 16)', '(6, 16)', '(12, 11)', '(4, 7)', '(4, 16)', '(27, 11)', '(30, 16)', '(19, 16)', '(8, 16)', '(10, 13)', '(15, 12)', '(6, 9)', '(7, 8)']",93,0,93
111,"(25, 9)","(24, 9)",East,"[('(26, 9)', 'East', 1), ('(24, 9)', 'West', 1)]","['(34, 15)', '(25, 15)', '(12, 13)', '(14, 11)', '(17, 13)', '(19, 11)', '(25, 9)']","['(34, 15)', '(25, 15)', '(12, 13)', '(14, 11)', '(17, 13)', '(19, 11)', '(26, 9)']","['(21, 16)', '(4, 9)', '(27, 13)', '(17, 12)', '(8, 9)', '(1, 15)', '(26, 14)', '(6, 11)', '(21, 9)', '(8, 11)', '(19, 11)', '(11, 16)', '(1, 8)', '(26, 16)', '(15, 16)', '(6, 13)', '(18, 12)', '(22, 12)', '(28, 16)', '(17, 16)', '(5, 14)', '(32, 16)', '(1, 10)', '(13, 12)', '(24, 12)', '(25, 11)', '(34, 16)', '(3, 10)', '(5, 16)', '(9, 14)', '(1, 12)', '(26, 11)', '(18, 16)', '(7, 16)', '(20, 10)', '(22, 16)', '(14, 12)', '(4, 11)', '(9, 16)', '(24, 16)', '(13, 16)', '(1, 14)', '(16, 12)', '(25, 15)', '(20, 12)', '(22, 9)', '(4, 13)', '(8, 13)', '(10, 10)', '(1, 7)', '(24, 9)', '(1, 16)', '(12, 10)', '(3, 7)', '(14, 16)', '(3, 16)', '(10, 12)', '(1, 9)', '(24, 11)', '(16, 16)', '(6, 8)', '(31, 16)', '(20, 16)', '(12, 12)', '(23, 12)', '(4, 8)', '(27, 12)', '(8, 8)', '(33, 16)', '(1, 11)', '(10, 14)', '(6, 10)', '(20, 9)', '(4, 10)', '(27, 14)', '(8, 10)', '(10, 16)', '(1, 13)', '(25, 14)', '(6, 12)', '(20, 11)', '(23, 16)', '(12, 16)', '(4, 12)', '(27, 16)', '(8, 12)', '(19, 12)', '(25, 16)', '(29, 16)', '(6, 14)', '(21, 12)', '(23, 9)', '(4, 14)', '(8, 14)', '(10, 11)', '(11, 10)', '(2, 7)', '(25, 9)', '(2, 16)', '(6, 16)', '(12, 11)', '(4, 7)', '(4, 16)', '(27, 11)', '(30, 16)', '(19, 16)', '(8, 16)', '(10, 13)', '(15, 12)', '(6, 9)', '(7, 8)']",94,0,94
112,"(26, 9)","(25, 9)",East,"[('(27, 9)', 'East', 1), ('(25, 9)', 'West', 1)]","['(34, 15)', '(25, 15)', '(12, 13)', '(14, 11)', '(17, 13)', '(19, 11)', '(26, 9)']","['(34, 15)', '(25, 15)', '(12, 13)', '(14, 11)', '(17, 13)', '(19, 11)', '(27, 9)']","['(21, 16)', '(4, 9)', '(27, 13)', '(17, 12)', '(8, 9)', '(1, 15)', '(26, 14)', '(6, 11)', '(21, 9)', '(8, 11)', '(19, 11)', '(11, 16)', '(1, 8)', '(26, 16)', '(15, 16)', '(6, 13)', '(18, 12)', '(22, 12)', '(28, 16)', '(17, 16)', '(5, 14)', '(32, 16)', '(1, 10)', '(13, 12)', '(24, 12)', '(25, 11)', '(26, 9)', '(34, 16)', '(3, 10)', '(5, 16)', '(9, 14)', '(1, 12)', '(26, 11)', '(18, 16)', '(7, 16)', '(20, 10)', '(22, 16)', '(14, 12)', '(4, 11)', '(9, 16)', '(24, 16)', '(13, 16)', '(1, 14)', '(16, 12)', '(25, 15)', '(20, 12)', '(22, 9)', '(4, 13)', '(8, 13)', '(10, 10)', '(1, 7)', '(24, 9)', '(1, 16)', '(12, 10)', '(3, 7)', '(14, 16)', '(3, 16)', '(10, 12)', '(1, 9)', '(24, 11)', '(16, 16)', '(6, 8)', '(31, 16)', '(20, 16)', '(12, 12)', '(23, 12)', '(4, 8)', '(27, 12)', '(8, 8)', '(33, 16)', '(1, 11)', '(10, 14)', '(6, 10)', '(20, 9)', '(4, 10)', '(27, 14)', '(8, 10)', '(10, 16)', '(1, 13)', '(25, 14)', '(6, 12)', '(20, 11)', '(23, 16)', '(12, 16)', '(4, 12)', '(27, 16)', '(8, 12)', '(19, 12)', '(25, 16)', '(29, 16)', '(6, 14)', '(21, 12)', '(23, 9)', '(4, 14)', '(8, 14)', '(10, 11)', '(11, 10)', '(2, 7)', '(25, 9)', '(2, 16)', '(6, 16)', '(12, 11)', '(4, 7)', '(4, 16)', '(27, 11)', '(30, 16)', '(19, 16)', '(8, 16)', '(10, 13)', '(15, 12)', '(6, 9)', '(7, 8)']",95,0,95
113,"(27, 9)","(26, 9)",East,"[('(27, 8)', 'South', 1), ('(26, 9)', 'West', 1)]","['(34, 15)', '(25, 15)', '(12, 13)', '(14, 11)', '(17, 13)', '(19, 11)', '(27, 9)']","['(34, 15)', '(25, 15)', '(12, 13)', '(14, 11)', '(17, 13)', '(19, 11)', '(27, 8)']","['(21, 16)', '(4, 9)', '(27, 13)', '(17, 12)', '(8, 9)', '(1, 15)', '(26, 14)', '(6, 11)', '(21, 9)', '(8, 11)', '(19, 11)', '(11, 16)', '(1, 8)', '(26, 16)', '(15, 16)', '(6, 13)', '(18, 12)', '(22, 12)', '(28, 16)', '(17, 16)', '(5, 14)', '(32, 16)', '(1, 10)', '(13, 12)', '(24, 12)', '(25, 11)', '(26, 9)', '(34, 16)', '(3, 10)', '(5, 16)', '(9, 14)', '(1, 12)', '(26, 11)', '(18, 16)', '(7, 16)', '(20, 10)', '(22, 16)', '(14, 12)', '(4, 11)', '(9, 16)', '(24, 16)', '(13, 16)', '(1, 14)', '(16, 12)', '(25, 15)', '(20, 12)', '(22, 9)', '(4, 13)', '(8, 13)', '(10, 10)', '(1, 7)', '(24, 9)', '(1, 16)', '(12, 10)', '(3, 7)', '(14, 16)', '(3, 16)', '(10, 12)', '(1, 9)', '(24, 11)', '(16, 16)', '(6, 8)', '(31, 16)', '(20, 16)', '(12, 12)', '(23, 12)', '(4, 8)', '(27, 12)', '(8, 8)', '(33, 16)', '(1, 11)', '(10, 14)', '(6, 10)', '(20, 9)', '(4, 10)', '(27, 14)', '(8, 10)', '(10, 16)', '(1, 13)', '(25, 14)', '(6, 12)', '(20, 11)', '(23, 16)', '(12, 16)', '(4, 12)', '(27, 16)', '(8, 12)', '(19, 12)', '(25, 16)', '(29, 16)', '(6, 14)', '(21, 12)', '(23, 9)', '(4, 14)', '(27, 9)', '(8, 14)', '(10, 11)', '(11, 10)', '(2, 7)', '(25, 9)', '(2, 16)', '(6, 16)', '(12, 11)', '(4, 7)', '(4, 16)', '(27, 11)', '(30, 16)', '(19, 16)', '(8, 16)', '(10, 13)', '(15, 12)', '(6, 9)', '(7, 8)']",96,0,96
114,"(27, 8)","(27, 9)",South,"[('(27, 9)', 'North', 1), ('(27, 7)', 'South', 1)]","['(34, 15)', '(25, 15)', '(12, 13)', '(14, 11)', '(17, 13)', '(19, 11)', '(27, 8)']","['(34, 15)', '(25, 15)', '(12, 13)', '(14, 11)', '(17, 13)', '(19, 11)', '(27, 7)']","['(21, 16)', '(4, 9)', '(27, 13)', '(17, 12)', '(8, 9)', '(1, 15)', '(26, 14)', '(6, 11)', '(21, 9)', '(8, 11)', '(19, 11)', '(11, 16)', '(1, 8)', '(26, 16)', '(15, 16)', '(6, 13)', '(18, 12)', '(22, 12)', '(27, 8)', '(28, 16)', '(17, 16)', '(5, 14)', '(32, 16)', '(1, 10)', '(13, 12)', '(24, 12)', '(25, 11)', '(26, 9)', '(34, 16)', '(3, 10)', '(5, 16)', '(9, 14)', '(1, 12)', '(26, 11)', '(18, 16)', '(7, 16)', '(20, 10)', '(22, 16)', '(14, 12)', '(4, 11)', '(9, 16)', '(24, 16)', '(13, 16)', '(1, 14)', '(16, 12)', '(25, 15)', '(20, 12)', '(22, 9)', '(4, 13)', '(8, 13)', '(10, 10)', '(1, 7)', '(24, 9)', '(1, 16)', '(12, 10)', '(3, 7)', '(14, 16)', '(3, 16)', '(10, 12)', '(1, 9)', '(24, 11)', '(16, 16)', '(6, 8)', '(31, 16)', '(20, 16)', '(12, 12)', '(23, 12)', '(4, 8)', '(27, 12)', '(8, 8)', '(33, 16)', '(1, 11)', '(10, 14)', '(6, 10)', '(20, 9)', '(4, 10)', '(27, 14)', '(8, 10)', '(10, 16)', '(1, 13)', '(25, 14)', '(6, 12)', '(20, 11)', '(23, 16)', '(12, 16)', '(4, 12)', '(27, 16)', '(8, 12)', '(19, 12)', '(25, 16)', '(29, 16)', '(6, 14)', '(21, 12)', '(23, 9)', '(4, 14)', '(27, 9)', '(8, 14)', '(10, 11)', '(11, 10)', '(2, 7)', '(25, 9)', '(2, 16)', '(6, 16)', '(12, 11)', '(4, 7)', '(4, 16)', '(27, 11)', '(30, 16)', '(19, 16)', '(8, 16)', '(10, 13)', '(15, 12)', '(6, 9)', '(7, 8)']",97,0,97
115,"(27, 7)","(27, 8)",South,"[('(27, 8)', 'North', 1), ('(27, 6)', 'South', 1)]","['(34, 15)', '(25, 15)', '(12, 13)', '(14, 11)', '(17, 13)', '(19, 11)', '(27, 7)']","['(34, 15)', '(25, 15)', '(12, 13)', '(14, 11)', '(17, 13)', '(19, 11)', '(27, 6)']","['(21, 16)', '(4, 9)', '(27, 13)', '(17, 12)', '(8, 9)', '(1, 15)', '(26, 14)', '(6, 11)', '(21, 9)', '(8, 11)', '(19, 11)', '(11, 16)', '(1, 8)', '(26, 16)', '(15, 16)', '(6, 13)', '(18, 12)', '(22, 12)', '(27, 8)', '(28, 16)', '(17, 16)', '(5, 14)', '(32, 16)', '(1, 10)', '(13, 12)', '(24, 12)', '(25, 11)', '(26, 9)', '(34, 16)', '(3, 10)', '(5, 16)', '(9, 14)', '(1, 12)', '(26, 11)', '(18, 16)', '(7, 16)', '(20, 10)', '(22, 16)', '(14, 12)', '(4, 11)', '(9, 16)', '(24, 16)', '(13, 16)', '(1, 14)', '(16, 12)', '(25, 15)', '(20, 12)', '(22, 9)', '(4, 13)', '(8, 13)', '(10, 10)', '(1, 7)', '(24, 9)', '(1, 16)', '(12, 10)', '(3, 7)', '(14, 16)', '(3, 16)', '(10, 12)', '(1, 9)', '(24, 11)', '(16, 16)', '(6, 8)', '(31, 16)', '(20, 16)', '(12, 12)', '(23, 12)', '(4, 8)', '(27, 12)', '(8, 8)', '(33, 16)', '(1, 11)', '(10, 14)', '(6, 10)', '(20, 9)', '(4, 10)', '(27, 14)', '(8, 10)', '(10, 16)', '(1, 13)', '(25, 14)', '(6, 12)', '(20, 11)', '(23, 16)', '(12, 16)', '(4, 12)', '(27, 7)', '(27, 16)', '(8, 12)', '(19, 12)', '(25, 16)', '(29, 16)', '(6, 14)', '(21, 12)', '(23, 9)', '(4, 14)', '(27, 9)', '(8, 14)', '(10, 11)', '(11, 10)', '(2, 7)', '(25, 9)', '(2, 16)', '(6, 16)', '(12, 11)', '(4, 7)', '(4, 16)', '(27, 11)', '(30, 16)', '(19, 16)', '(8, 16)', '(10, 13)', '(15, 12)', '(6, 9)', '(7, 8)']",98,0,98
116,"(27, 6)","(27, 7)",South,"[('(27, 7)', 'North', 1), ('(27, 5)', 'South', 1)]","['(34, 15)', '(25, 15)', '(12, 13)', '(14, 11)', '(17, 13)', '(19, 11)', '(27, 6)']","['(34, 15)', '(25, 15)', '(12, 13)', '(14, 11)', '(17, 13)', '(19, 11)', '(27, 5)']","['(21, 16)', '(4, 9)', '(27, 13)', '(17, 12)', '(8, 9)', '(1, 15)', '(26, 14)', '(6, 11)', '(21, 9)', '(27, 6)', '(8, 11)', '(19, 11)', '(11, 16)', '(1, 8)', '(26, 16)', '(15, 16)', '(6, 13)', '(18, 12)', '(22, 12)', '(27, 8)', '(28, 16)', '(17, 16)', '(5, 14)', '(32, 16)', '(1, 10)', '(13, 12)', '(24, 12)', '(25, 11)', '(26, 9)', '(34, 16)', '(3, 10)', '(5, 16)', '(9, 14)', '(1, 12)', '(26, 11)', '(18, 16)', '(7, 16)', '(20, 10)', '(22, 16)', '(14, 12)', '(4, 11)', '(9, 16)', '(24, 16)', '(13, 16)', '(1, 14)', '(16, 12)', '(25, 15)', '(20, 12)', '(22, 9)', '(4, 13)', '(8, 13)', '(10, 10)', '(1, 7)', '(24, 9)', '(1, 16)', '(12, 10)', '(3, 7)', '(14, 16)', '(3, 16)', '(10, 12)', '(1, 9)', '(24, 11)', '(16, 16)', '(6, 8)', '(31, 16)', '(20, 16)', '(12, 12)', '(23, 12)', '(4, 8)', '(27, 12)', '(8, 8)', '(33, 16)', '(1, 11)', '(10, 14)', '(6, 10)', '(20, 9)', '(4, 10)', '(27, 14)', '(8, 10)', '(10, 16)', '(1, 13)', '(25, 14)', '(6, 12)', '(20, 11)', '(23, 16)', '(12, 16)', '(4, 12)', '(27, 7)', '(27, 16)', '(8, 12)', '(19, 12)', '(25, 16)', '(29, 16)', '(6, 14)', '(21, 12)', '(23, 9)', '(4, 14)', '(27, 9)', '(8, 14)', '(10, 11)', '(11, 10)', '(2, 7)', '(25, 9)', '(2, 16)', '(6, 16)', '(12, 11)', '(4, 7)', '(4, 16)', '(27, 11)', '(30, 16)', '(19, 16)', '(8, 16)', '(10, 13)', '(15, 12)', '(6, 9)', '(7, 8)']",99,0,99
117,"(27, 5)","(27, 6)",South,"[('(27, 6)', 'North', 1), ('(27, 4)', 'South', 1)]","['(34, 15)', '(25, 15)', '(12, 13)', '(14, 11)', '(17, 13)', '(19, 11)', '(27, 5)']","['(34, 15)', '(25, 15)', '(12, 13)', '(14, 11)', '(17, 13)', '(19, 11)', '(27, 4)']","['(21, 16)', '(4, 9)', '(27, 13)', '(17, 12)', '(8, 9)', '(1, 15)', '(26, 14)', '(6, 11)', '(21, 9)', '(27, 6)', '(8, 11)', '(19, 11)', '(11, 16)', '(1, 8)', '(26, 16)', '(15, 16)', '(6, 13)', '(18, 12)', '(22, 12)', '(27, 8)', '(28, 16)', '(17, 16)', '(5, 14)', '(32, 16)', '(1, 10)', '(13, 12)', '(24, 12)', '(25, 11)', '(26, 9)', '(34, 16)', '(3, 10)', '(5, 16)', '(9, 14)', '(1, 12)', '(26, 11)', '(18, 16)', '(7, 16)', '(20, 10)', '(22, 16)', '(14, 12)', '(4, 11)', '(9, 16)', '(24, 16)', '(13, 16)', '(1, 14)', '(16, 12)', '(25, 15)', '(20, 12)', '(22, 9)', '(4, 13)', '(8, 13)', '(10, 10)', '(1, 7)', '(24, 9)', '(1, 16)', '(12, 10)', '(3, 7)', '(14, 16)', '(3, 16)', '(10, 12)', '(1, 9)', '(24, 11)', '(16, 16)', '(6, 8)', '(31, 16)', '(20, 16)', '(12, 12)', '(23, 12)', '(4, 8)', '(27, 12)', '(8, 8)', '(33, 16)', '(1, 11)', '(10, 14)', '(6, 10)', '(20, 9)', '(4, 10)', '(27, 5)', '(27, 14)', '(8, 10)', '(10, 16)', '(1, 13)', '(25, 14)', '(6, 12)', '(20, 11)', '(23, 16)', '(12, 16)', '(4, 12)', '(27, 7)', '(27, 16)', '(8, 12)', '(19, 12)', '(25, 16)', '(29, 16)', '(6, 14)', '(21, 12)', '(23, 9)', '(4, 14)', '(27, 9)', '(8, 14)', '(10, 11)', '(11, 10)', '(2, 7)', '(25, 9)', '(2, 16)', '(6, 16)', '(12, 11)', '(4, 7)', '(4, 16)', '(27, 11)', '(30, 16)', '(19, 16)', '(8, 16)', '(10, 13)', '(15, 12)', '(6, 9)', '(7, 8)']",100,0,100
118,"(27, 4)","(27, 5)",South,"[('(27, 5)', 'North', 1), ('(27, 3)', 'South', 1)]","['(34, 15)', '(25, 15)', '(12, 13)', '(14, 11)', '(17, 13)', '(19, 11)', '(27, 4)']","['(34, 15)', '(25, 15)', '(12, 13)', '(14, 11)', '(17, 13)', '(19, 11)', '(27, 3)']","['(21, 16)', '(4, 9)', '(27, 4)', '(27, 13)', '(17, 12)', '(8, 9)', '(1, 15)', '(26, 14)', '(6, 11)', '(21, 9)', '(27, 6)', '(8, 11)', '(19, 11)', '(11, 16)', '(1, 8)', '(26, 16)', '(15, 16)', '(6, 13)', '(18, 12)', '(22, 12)', '(27, 8)', '(28, 16)', '(17, 16)', '(5, 14)', '(32, 16)', '(1, 10)', '(13, 12)', '(24, 12)', '(25, 11)', '(26, 9)', '(34, 16)', '(3, 10)', '(5, 16)', '(9, 14)', '(1, 12)', '(26, 11)', '(18, 16)', '(7, 16)', '(20, 10)', '(22, 16)', '(14, 12)', '(4, 11)', '(9, 16)', '(24, 16)', '(13, 16)', '(1, 14)', '(16, 12)', '(25, 15)', '(20, 12)', '(22, 9)', '(4, 13)', '(8, 13)', '(10, 10)', '(1, 7)', '(24, 9)', '(1, 16)', '(12, 10)', '(3, 7)', '(14, 16)', '(3, 16)', '(10, 12)', '(1, 9)', '(24, 11)', '(16, 16)', '(6, 8)', '(31, 16)', '(20, 16)', '(12, 12)', '(23, 12)', '(4, 8)', '(27, 12)', '(8, 8)', '(33, 16)', '(1, 11)', '(10, 14)', '(6, 10)', '(20, 9)', '(4, 10)', '(27, 5)', '(27, 14)', '(8, 10)', '(10, 16)', '(1, 13)', '(25, 14)', '(6, 12)', '(20, 11)', '(23, 16)', '(12, 16)', '(4, 12)', '(27, 7)', '(27, 16)', '(8, 12)', '(19, 12)', '(25, 16)', '(29, 16)', '(6, 14)', '(21, 12)', '(23, 9)', '(4, 14)', '(27, 9)', '(8, 14)', '(10, 11)', '(11, 10)', '(2, 7)', '(25, 9)', '(2, 16)', '(6, 16)', '(12, 11)', '(4, 7)', '(4, 16)', '(27, 11)', '(30, 16)', '(19, 16)', '(8, 16)', '(10, 13)', '(15, 12)', '(6, 9)', '(7, 8)']",101,0,101
119,"(27, 3)","(27, 4)",South,"[('(27, 4)', 'North', 1), ('(27, 2)', 'South', 1)]","['(34, 15)', '(25, 15)', '(12, 13)', '(14, 11)', '(17, 13)', '(19, 11)', '(27, 3)']","['(34, 15)', '(25, 15)', '(12, 13)', '(14, 11)', '(17, 13)', '(19, 11)', '(27, 2)']","['(21, 16)', '(4, 9)', '(27, 4)', '(27, 13)', '(17, 12)', '(8, 9)', '(1, 15)', '(26, 14)', '(6, 11)', '(21, 9)', '(27, 6)', '(8, 11)', '(19, 11)', '(11, 16)', '(1, 8)', '(26, 16)', '(15, 16)', '(6, 13)', '(18, 12)', '(22, 12)', '(27, 8)', '(28, 16)', '(17, 16)', '(5, 14)', '(32, 16)', '(1, 10)', '(13, 12)', '(24, 12)', '(25, 11)', '(26, 9)', '(34, 16)', '(3, 10)', '(5, 16)', '(9, 14)', '(1, 12)', '(26, 11)', '(18, 16)', '(7, 16)', '(20, 10)', '(22, 16)', '(14, 12)', '(4, 11)', '(9, 16)', '(24, 16)', '(13, 16)', '(1, 14)', '(16, 12)', '(25, 15)', '(20, 12)', '(22, 9)', '(4, 13)', '(8, 13)', '(10, 10)', '(1, 7)', '(24, 9)', '(1, 16)', '(12, 10)', '(3, 7)', '(14, 16)', '(3, 16)', '(10, 12)', '(1, 9)', '(24, 11)', '(16, 16)', '(6, 8)', '(31, 16)', '(20, 16)', '(12, 12)', '(23, 12)', '(4, 8)', '(27, 3)', '(27, 12)', '(8, 8)', '(33, 16)', '(1, 11)', '(10, 14)', '(6, 10)', '(20, 9)', '(4, 10)', '(27, 5)', '(27, 14)', '(8, 10)', '(10, 16)', '(1, 13)', '(25, 14)', '(6, 12)', '(20, 11)', '(23, 16)', '(12, 16)', '(4, 12)', '(27, 7)', '(27, 16)', '(8, 12)', '(19, 12)', '(25, 16)', '(29, 16)', '(6, 14)', '(21, 12)', '(23, 9)', '(4, 14)', '(27, 9)', '(8, 14)', '(10, 11)', '(11, 10)', '(2, 7)', '(25, 9)', '(2, 16)', '(6, 16)', '(12, 11)', '(4, 7)', '(4, 16)', '(27, 11)', '(30, 16)', '(19, 16)', '(8, 16)', '(10, 13)', '(15, 12)', '(6, 9)', '(7, 8)']",102,0,102
120,"(27, 2)","(27, 3)",South,"[('(27, 3)', 'North', 1), ('(27, 1)', 'South', 1), ('(26, 2)', 'West', 1)]","['(34, 15)', '(25, 15)', '(12, 13)', '(14, 11)', '(17, 13)', '(19, 11)', '(27, 2)']","['(34, 15)', '(25, 15)', '(12, 13)', '(14, 11)', '(17, 13)', '(19, 11)', '(27, 1)', '(26, 2)']","['(21, 16)', '(4, 9)', '(27, 4)', '(27, 13)', '(17, 12)', '(8, 9)', '(1, 15)', '(26, 14)', '(6, 11)', '(21, 9)', '(27, 6)', '(8, 11)', '(19, 11)', '(11, 16)', '(1, 8)', '(26, 16)', '(15, 16)', '(6, 13)', '(18, 12)', '(22, 12)', '(27, 8)', '(28, 16)', '(17, 16)', '(5, 14)', '(32, 16)', '(1, 10)', '(13, 12)', '(24, 12)', '(25, 11)', '(26, 9)', '(34, 16)', '(3, 10)', '(5, 16)', '(9, 14)', '(1, 12)', '(26, 11)', '(18, 16)', '(7, 16)', '(20, 10)', '(22, 16)', '(14, 12)', '(4, 11)', '(9, 16)', '(24, 16)', '(13, 16)', '(1, 14)', '(16, 12)', '(25, 15)', '(20, 12)', '(22, 9)', '(4, 13)', '(8, 13)', '(10, 10)', '(1, 7)', '(24, 9)', '(1, 16)', '(12, 10)', '(3, 7)', '(14, 16)', '(3, 16)', '(10, 12)', '(1, 9)', '(24, 11)', '(16, 16)', '(6, 8)', '(31, 16)', '(20, 16)', '(12, 12)', '(23, 12)', '(4, 8)', '(27, 3)', '(27, 12)', '(8, 8)', '(33, 16)', '(1, 11)', '(10, 14)', '(6, 10)', '(20, 9)', '(4, 10)', '(27, 5)', '(27, 14)', '(8, 10)', '(10, 16)', '(1, 13)', '(25, 14)', '(6, 12)', '(20, 11)', '(23, 16)', '(12, 16)', '(4, 12)', '(27, 7)', '(27, 16)', '(8, 12)', '(19, 12)', '(25, 16)', '(29, 16)', '(6, 14)', '(21, 12)', '(23, 9)', '(4, 14)', '(27, 9)', '(8, 14)', '(10, 11)', '(11, 10)', '(2, 7)', '(25, 9)', '(2, 16)', '(6, 16)', '(12, 11)', '(4, 7)', '(27, 2)', '(4, 16)', '(27, 11)', '(30, 16)', '(19, 16)', '(8, 16)', '(10, 13)', '(15, 12)', '(6, 9)', '(7, 8)']",103,0,103
121,"(26, 2)","(27, 2)",West,"[('(27, 2)', 'East', 1), ('(25, 2)', 'West', 1)]","['(34, 15)', '(25, 15)', '(12, 13)', '(14, 11)', '(17, 13)', '(19, 11)', '(27, 1)', '(26, 2)']","['(34, 15)', '(25, 15)', '(12, 13)', '(14, 11)', '(17, 13)', '(19, 11)', '(27, 1)', '(25, 2)']","['(21, 16)', '(4, 9)', '(27, 4)', '(27, 13)', '(17, 12)', '(8, 9)', '(1, 15)', '(26, 14)', '(6, 11)', '(21, 9)', '(27, 6)', '(8, 11)', '(19, 11)', '(11, 16)', '(1, 8)', '(26, 16)', '(15, 16)', '(6, 13)', '(18, 12)', '(22, 12)', '(27, 8)', '(28, 16)', '(17, 16)', '(5, 14)', '(32, 16)', '(1, 10)', '(13, 12)', '(24, 12)', '(25, 11)', '(26, 9)', '(34, 16)', '(3, 10)', '(5, 16)', '(9, 14)', '(26, 2)', '(1, 12)', '(26, 11)', '(18, 16)', '(7, 16)', '(20, 10)', '(22, 16)', '(14, 12)', '(4, 11)', '(9, 16)', '(24, 16)', '(13, 16)', '(1, 14)', '(16, 12)', '(25, 15)', '(20, 12)', '(22, 9)', '(4, 13)', '(8, 13)', '(10, 10)', '(1, 7)', '(24, 9)', '(1, 16)', '(12, 10)', '(3, 7)', '(14, 16)', '(3, 16)', '(10, 12)', '(1, 9)', '(24, 11)', '(16, 16)', '(6, 8)', '(31, 16)', '(20, 16)', '(12, 12)', '(23, 12)', '(4, 8)', '(27, 3)', '(27, 12)', '(8, 8)', '(33, 16)', '(1, 11)', '(10, 14)', '(6, 10)', '(20, 9)', '(4, 10)', '(27, 5)', '(27, 14)', '(8, 10)', '(10, 16)', '(1, 13)', '(25, 14)', '(6, 12)', '(20, 11)', '(23, 16)', '(12, 16)', '(4, 12)', '(27, 7)', '(27, 16)', '(8, 12)', '(19, 12)', '(25, 16)', '(29, 16)', '(6, 14)', '(21, 12)', '(23, 9)', '(4, 14)', '(27, 9)', '(8, 14)', '(10, 11)', '(11, 10)', '(2, 7)', '(25, 9)', '(2, 16)', '(6, 16)', '(12, 11)', '(4, 7)', '(27, 2)', '(4, 16)', '(27, 11)', '(30, 16)', '(19, 16)', '(8, 16)', '(10, 13)', '(15, 12)', '(6, 9)', '(7, 8)']",104,0,104
122,"(25, 2)","(26, 2)",West,"[('(26, 2)', 'East', 1), ('(24, 2)', 'West', 1)]","['(34, 15)', '(25, 15)', '(12, 13)', '(14, 11)', '(17, 13)', '(19, 11)', '(27, 1)', '(25, 2)']","['(34, 15)', '(25, 15)', '(12, 13)', '(14, 11)', '(17, 13)', '(19, 11)', '(27, 1)', '(24, 2)']","['(21, 16)', '(4, 9)', '(27, 4)', '(27, 13)', '(17, 12)', '(8, 9)', '(1, 15)', '(26, 14)', '(6, 11)', '(21, 9)', '(27, 6)', '(8, 11)', '(19, 11)', '(11, 16)', '(1, 8)', '(26, 16)', '(15, 16)', '(6, 13)', '(18, 12)', '(22, 12)', '(27, 8)', '(28, 16)', '(17, 16)', '(5, 14)', '(32, 16)', '(1, 10)', '(13, 12)', '(24, 12)', '(25, 11)', '(26, 9)', '(34, 16)', '(3, 10)', '(5, 16)', '(9, 14)', '(26, 2)', '(1, 12)', '(26, 11)', '(18, 16)', '(7, 16)', '(20, 10)', '(22, 16)', '(14, 12)', '(4, 11)', '(9, 16)', '(24, 16)', '(13, 16)', '(1, 14)', '(16, 12)', '(25, 15)', '(20, 12)', '(22, 9)', '(4, 13)', '(8, 13)', '(10, 10)', '(1, 7)', '(24, 9)', '(1, 16)', '(12, 10)', '(3, 7)', '(14, 16)', '(3, 16)', '(10, 12)', '(1, 9)', '(24, 11)', '(16, 16)', '(6, 8)', '(31, 16)', '(20, 16)', '(12, 12)', '(23, 12)', '(4, 8)', '(27, 3)', '(27, 12)', '(8, 8)', '(33, 16)', '(1, 11)', '(10, 14)', '(6, 10)', '(20, 9)', '(4, 10)', '(27, 5)', '(27, 14)', '(8, 10)', '(10, 16)', '(1, 13)', '(25, 14)', '(6, 12)', '(20, 11)', '(23, 16)', '(12, 16)', '(4, 12)', '(27, 7)', '(27, 16)', '(8, 12)', '(19, 12)', '(25, 16)', '(29, 16)', '(6, 14)', '(21, 12)', '(23, 9)', '(4, 14)', '(27, 9)', '(8, 14)', '(10, 11)', '(11, 10)', '(2, 7)', '(25, 9)', '(2, 16)', '(6, 16)', '(12, 11)', '(4, 7)', '(27, 2)', '(4, 16)', '(27, 11)', '(25, 2)', '(30, 16)', '(19, 16)', '(8, 16)', '(10, 13)', '(15, 12)', '(6, 9)', '(7, 8)']",105,0,105
123,"(24, 2)","(25, 2)",West,"[('(25, 2)', 'East', 1), ('(23, 2)', 'West', 1)]","['(34, 15)', '(25, 15)', '(12, 13)', '(14, 11)', '(17, 13)', '(19, 11)', '(27, 1)', '(24, 2)']","['(34, 15)', '(25, 15)', '(12, 13)', '(14, 11)', '(17, 13)', '(19, 11)', '(27, 1)', '(23, 2)']","['(21, 16)', '(4, 9)', '(27, 4)', '(27, 13)', '(17, 12)', '(8, 9)', '(1, 15)', '(26, 14)', '(6, 11)', '(21, 9)', '(27, 6)', '(8, 11)', '(19, 11)', '(11, 16)', '(1, 8)', '(26, 16)', '(15, 16)', '(6, 13)', '(18, 12)', '(22, 12)', '(27, 8)', '(28, 16)', '(17, 16)', '(5, 14)', '(32, 16)', '(1, 10)', '(13, 12)', '(24, 12)', '(25, 11)', '(26, 9)', '(34, 16)', '(3, 10)', '(5, 16)', '(9, 14)', '(26, 2)', '(1, 12)', '(26, 11)', '(18, 16)', '(7, 16)', '(20, 10)', '(22, 16)', '(14, 12)', '(4, 11)', '(9, 16)', '(24, 16)', '(13, 16)', '(1, 14)', '(16, 12)', '(25, 15)', '(20, 12)', '(22, 9)', '(4, 13)', '(8, 13)', '(10, 10)', '(1, 7)', '(24, 9)', '(1, 16)', '(12, 10)', '(3, 7)', '(14, 16)', '(3, 16)', '(24, 2)', '(10, 12)', '(1, 9)', '(24, 11)', '(16, 16)', '(6, 8)', '(31, 16)', '(20, 16)', '(12, 12)', '(23, 12)', '(4, 8)', '(27, 3)', '(27, 12)', '(8, 8)', '(33, 16)', '(1, 11)', '(10, 14)', '(6, 10)', '(20, 9)', '(4, 10)', '(27, 5)', '(27, 14)', '(8, 10)', '(10, 16)', '(1, 13)', '(25, 14)', '(6, 12)', '(20, 11)', '(23, 16)', '(12, 16)', '(4, 12)', '(27, 7)', '(27, 16)', '(8, 12)', '(19, 12)', '(25, 16)', '(29, 16)', '(6, 14)', '(21, 12)', '(23, 9)', '(4, 14)', '(27, 9)', '(8, 14)', '(10, 11)', '(11, 10)', '(2, 7)', '(25, 9)', '(2, 16)', '(6, 16)', '(12, 11)', '(4, 7)', '(27, 2)', '(4, 16)', '(27, 11)', '(25, 2)', '(30, 16)', '(19, 16)', '(8, 16)', '(10, 13)', '(15, 12)', '(6, 9)', '(7, 8)']",106,0,106
124,"(23, 2)","(24, 2)",West,"[('(24, 2)', 'East', 1), ('(22, 2)', 'West', 1)]","['(34, 15)', '(25, 15)', '(12, 13)', '(14, 11)', '(17, 13)', '(19, 11)', '(27, 1)', '(23, 2)']","['(34, 15)', '(25, 15)', '(12, 13)', '(14, 11)', '(17, 13)', '(19, 11)', '(27, 1)', '(22, 2)']","['(21, 16)', '(4, 9)', '(27, 4)', '(27, 13)', '(17, 12)', '(8, 9)', '(1, 15)', '(26, 14)', '(6, 11)', '(21, 9)', '(27, 6)', '(8, 11)', '(19, 11)', '(11, 16)', '(1, 8)', '(26, 16)', '(15, 16)', '(6, 13)', '(18, 12)', '(22, 12)', '(27, 8)', '(28, 16)', '(17, 16)', '(5, 14)', '(32, 16)', '(1, 10)', '(13, 12)', '(24, 12)', '(25, 11)', '(26, 9)', '(34, 16)', '(3, 10)', '(5, 16)', '(9, 14)', '(26, 2)', '(1, 12)', '(26, 11)', '(18, 16)', '(7, 16)', '(20, 10)', '(22, 16)', '(14, 12)', '(4, 11)', '(9, 16)', '(24, 16)', '(13, 16)', '(1, 14)', '(16, 12)', '(25, 15)', '(20, 12)', '(22, 9)', '(4, 13)', '(8, 13)', '(10, 10)', '(1, 7)', '(24, 9)', '(1, 16)', '(12, 10)', '(3, 7)', '(14, 16)', '(3, 16)', '(24, 2)', '(10, 12)', '(1, 9)', '(24, 11)', '(16, 16)', '(6, 8)', '(31, 16)', '(20, 16)', '(12, 12)', '(23, 12)', '(4, 8)', '(27, 3)', '(27, 12)', '(8, 8)', '(33, 16)', '(1, 11)', '(10, 14)', '(6, 10)', '(20, 9)', '(4, 10)', '(27, 5)', '(27, 14)', '(8, 10)', '(10, 16)', '(1, 13)', '(25, 14)', '(6, 12)', '(20, 11)', '(23, 16)', '(12, 16)', '(4, 12)', '(27, 7)', '(27, 16)', '(8, 12)', '(19, 12)', '(25, 16)', '(29, 16)', '(6, 14)', '(21, 12)', '(23, 9)', '(4, 14)', '(27, 9)', '(8, 14)', '(10, 11)', '(11, 10)', '(2, 7)', '(25, 9)', '(2, 16)', '(23, 2)', '(6, 16)', '(12, 11)', '(4, 7)', '(27, 2)', '(4, 16)', '(27, 11)', '(25, 2)', '(30, 16)', '(19, 16)', '(8, 16)', '(10, 13)', '(15, 12)', '(6, 9)', '(7, 8)']",107,0,107
125,"(22, 2)","(23, 2)",West,"[('(23, 2)', 'East', 1), ('(21, 2)', 'West', 1)]","['(34, 15)', '(25, 15)', '(12, 13)', '(14, 11)', '(17, 13)', '(19, 11)', '(27, 1)', '(22, 2)']","['(34, 15)', '(25, 15)', '(12, 13)', '(14, 11)', '(17, 13)', '(19, 11)', '(27, 1)', '(21, 2)']","['(21, 16)', '(4, 9)', '(27, 4)', '(27, 13)', '(17, 12)', '(8, 9)', '(1, 15)', '(26, 14)', '(6, 11)', '(21, 9)', '(27, 6)', '(8, 11)', '(19, 11)', '(11, 16)', '(1, 8)', '(26, 16)', '(15, 16)', '(6, 13)', '(18, 12)', '(22, 12)', '(27, 8)', '(28, 16)', '(17, 16)', '(5, 14)', '(32, 16)', '(1, 10)', '(13, 12)', '(24, 12)', '(25, 11)', '(26, 9)', '(34, 16)', '(3, 10)', '(5, 16)', '(9, 14)', '(26, 2)', '(1, 12)', '(26, 11)', '(18, 16)', '(7, 16)', '(20, 10)', '(22, 16)', '(14, 12)', '(4, 11)', '(9, 16)', '(24, 16)', '(13, 16)', '(1, 14)', '(16, 12)', '(25, 15)', '(20, 12)', '(22, 9)', '(4, 13)', '(8, 13)', '(10, 10)', '(1, 7)', '(24, 9)', '(1, 16)', '(22, 2)', '(12, 10)', '(3, 7)', '(14, 16)', '(3, 16)', '(24, 2)', '(10, 12)', '(1, 9)', '(24, 11)', '(16, 16)', '(6, 8)', '(31, 16)', '(20, 16)', '(12, 12)', '(23, 12)', '(4, 8)', '(27, 3)', '(27, 12)', '(8, 8)', '(33, 16)', '(1, 11)', '(10, 14)', '(6, 10)', '(20, 9)', '(4, 10)', '(27, 5)', '(27, 14)', '(8, 10)', '(10, 16)', '(1, 13)', '(25, 14)', '(6, 12)', '(20, 11)', '(23, 16)', '(12, 16)', '(4, 12)', '(27, 7)', '(27, 16)', '(8, 12)', '(19, 12)', '(25, 16)', '(29, 16)', '(6, 14)', '(21, 12)', '(23, 9)', '(4, 14)', '(27, 9)', '(8, 14)', '(10, 11)', '(11, 10)', '(2, 7)', '(25, 9)', '(2, 16)', '(23, 2)', '(6, 16)', '(12, 11)', '(4, 7)', '(27, 2)', '(4, 16)', '(27, 11)', '(25, 2)', '(30, 16)', '(19, 16)', '(8, 16)', '(10, 13)', '(15, 12)', '(6, 9)', '(7, 8)']",108,0,108
126,"(21, 2)","(22, 2)",West,"[('(22, 2)', 'East', 1), ('(20, 2)', 'West', 1)]","['(34, 15)', '(25, 15)', '(12, 13)', '(14, 11)', '(17, 13)', '(19, 11)', '(27, 1)', '(21, 2)']","['(34, 15)', '(25, 15)', '(12, 13)', '(14, 11)', '(17, 13)', '(19, 11)', '(27, 1)', '(20, 2)']","['(21, 16)', '(4, 9)', '(27, 4)', '(27, 13)', '(17, 12)', '(8, 9)', '(1, 15)', '(26, 14)', '(6, 11)', '(21, 9)', '(27, 6)', '(8, 11)', '(19, 11)', '(11, 16)', '(1, 8)', '(21, 2)', '(26, 16)', '(15, 16)', '(6, 13)', '(18, 12)', '(22, 12)', '(27, 8)', '(28, 16)', '(17, 16)', '(5, 14)', '(32, 16)', '(1, 10)', '(13, 12)', '(24, 12)', '(25, 11)', '(26, 9)', '(34, 16)', '(3, 10)', '(5, 16)', '(9, 14)', '(26, 2)', '(1, 12)', '(26, 11)', '(18, 16)', '(7, 16)', '(20, 10)', '(22, 16)', '(14, 12)', '(4, 11)', '(9, 16)', '(24, 16)', '(13, 16)', '(1, 14)', '(16, 12)', '(25, 15)', '(20, 12)', '(22, 9)', '(4, 13)', '(8, 13)', '(10, 10)', '(1, 7)', '(24, 9)', '(1, 16)', '(22, 2)', '(12, 10)', '(3, 7)', '(14, 16)', '(3, 16)', '(24, 2)', '(10, 12)', '(1, 9)', '(24, 11)', '(16, 16)', '(6, 8)', '(31, 16)', '(20, 16)', '(12, 12)', '(23, 12)', '(4, 8)', '(27, 3)', '(27, 12)', '(8, 8)', '(33, 16)', '(1, 11)', '(10, 14)', '(6, 10)', '(20, 9)', '(4, 10)', '(27, 5)', '(27, 14)', '(8, 10)', '(10, 16)', '(1, 13)', '(25, 14)', '(6, 12)', '(20, 11)', '(23, 16)', '(12, 16)', '(4, 12)', '(27, 7)', '(27, 16)', '(8, 12)', '(19, 12)', '(25, 16)', '(29, 16)', '(6, 14)', '(21, 12)', '(23, 9)', '(4, 14)', '(27, 9)', '(8, 14)', '(10, 11)', '(11, 10)', '(2, 7)', '(25, 9)', '(2, 16)', '(23, 2)', '(6, 16)', '(12, 11)', '(4, 7)', '(27, 2)', '(4, 16)', '(27, 11)', '(25, 2)', '(30, 16)', '(19, 16)', '(8, 16)', '(10, 13)', '(15, 12)', '(6, 9)', '(7, 8)']",109,0,109
127,"(20, 2)","(21, 2)",West,"[('(21, 2)', 'East', 1), ('(19, 2)', 'West', 1)]","['(34, 15)', '(25, 15)', '(12, 13)', '(14, 11)', '(17, 13)', '(19, 11)', '(27, 1)', '(20, 2)']","['(34, 15)', '(25, 15)', '(12, 13)', '(14, 11)', '(17, 13)', '(19, 11)', '(27, 1)', '(19, 2)']","['(21, 16)', '(4, 9)', '(27, 4)', '(27, 13)', '(17, 12)', '(8, 9)', '(1, 15)', '(26, 14)', '(6, 11)', '(21, 9)', '(27, 6)', '(8, 11)', '(19, 11)', '(11, 16)', '(1, 8)', '(21, 2)', '(26, 16)', '(15, 16)', '(6, 13)', '(18, 12)', '(22, 12)', '(27, 8)', '(28, 16)', '(17, 16)', '(5, 14)', '(32, 16)', '(1, 10)', '(13, 12)', '(24, 12)', '(25, 11)', '(26, 9)', '(34, 16)', '(3, 10)', '(5, 16)', '(9, 14)', '(26, 2)', '(1, 12)', '(26, 11)', '(18, 16)', '(7, 16)', '(20, 10)', '(22, 16)', '(14, 12)', '(4, 11)', '(9, 16)', '(24, 16)', '(13, 16)', '(1, 14)', '(16, 12)', '(25, 15)', '(20, 12)', '(22, 9)', '(4, 13)', '(8, 13)', '(10, 10)', '(1, 7)', '(24, 9)', '(1, 16)', '(22, 2)', '(12, 10)', '(3, 7)', '(14, 16)', '(3, 16)', '(24, 2)', '(10, 12)', '(1, 9)', '(24, 11)', '(16, 16)', '(6, 8)', '(31, 16)', '(20, 16)', '(12, 12)', '(23, 12)', '(4, 8)', '(27, 3)', '(27, 12)', '(8, 8)', '(33, 16)', '(1, 11)', '(10, 14)', '(6, 10)', '(20, 9)', '(4, 10)', '(27, 5)', '(27, 14)', '(8, 10)', '(10, 16)', '(1, 13)', '(25, 14)', '(20, 2)', '(6, 12)', '(20, 11)', '(23, 16)', '(12, 16)', '(4, 12)', '(27, 7)', '(27, 16)', '(8, 12)', '(19, 12)', '(25, 16)', '(29, 16)', '(6, 14)', '(21, 12)', '(23, 9)', '(4, 14)', '(27, 9)', '(8, 14)', '(10, 11)', '(11, 10)', '(2, 7)', '(25, 9)', '(2, 16)', '(23, 2)', '(6, 16)', '(12, 11)', '(4, 7)', '(27, 2)', '(4, 16)', '(27, 11)', '(25, 2)', '(30, 16)', '(19, 16)', '(8, 16)', '(10, 13)', '(15, 12)', '(6, 9)', '(7, 8)']",110,0,110
128,"(19, 2)","(20, 2)",West,"[('(20, 2)', 'East', 1), ('(18, 2)', 'West', 1)]","['(34, 15)', '(25, 15)', '(12, 13)', '(14, 11)', '(17, 13)', '(19, 11)', '(27, 1)', '(19, 2)']","['(34, 15)', '(25, 15)', '(12, 13)', '(14, 11)', '(17, 13)', '(19, 11)', '(27, 1)', '(18, 2)']","['(21, 16)', '(4, 9)', '(27, 4)', '(27, 13)', '(17, 12)', '(8, 9)', '(1, 15)', '(26, 14)', '(6, 11)', '(21, 9)', '(27, 6)', '(19, 2)', '(8, 11)', '(19, 11)', '(11, 16)', '(1, 8)', '(21, 2)', '(26, 16)', '(15, 16)', '(6, 13)', '(18, 12)', '(22, 12)', '(27, 8)', '(28, 16)', '(17, 16)', '(5, 14)', '(32, 16)', '(1, 10)', '(13, 12)', '(24, 12)', '(25, 11)', '(26, 9)', '(34, 16)', '(3, 10)', '(5, 16)', '(9, 14)', '(26, 2)', '(1, 12)', '(26, 11)', '(18, 16)', '(7, 16)', '(20, 10)', '(22, 16)', '(14, 12)', '(4, 11)', '(9, 16)', '(24, 16)', '(13, 16)', '(1, 14)', '(16, 12)', '(25, 15)', '(20, 12)', '(22, 9)', '(4, 13)', '(8, 13)', '(10, 10)', '(1, 7)', '(24, 9)', '(1, 16)', '(22, 2)', '(12, 10)', '(3, 7)', '(14, 16)', '(3, 16)', '(24, 2)', '(10, 12)', '(1, 9)', '(24, 11)', '(16, 16)', '(6, 8)', '(31, 16)', '(20, 16)', '(12, 12)', '(23, 12)', '(4, 8)', '(27, 3)', '(27, 12)', '(8, 8)', '(33, 16)', '(1, 11)', '(10, 14)', '(6, 10)', '(20, 9)', '(4, 10)', '(27, 5)', '(27, 14)', '(8, 10)', '(10, 16)', '(1, 13)', '(25, 14)', '(20, 2)', '(6, 12)', '(20, 11)', '(23, 16)', '(12, 16)', '(4, 12)', '(27, 7)', '(27, 16)', '(8, 12)', '(19, 12)', '(25, 16)', '(29, 16)', '(6, 14)', '(21, 12)', '(23, 9)', '(4, 14)', '(27, 9)', '(8, 14)', '(10, 11)', '(11, 10)', '(2, 7)', '(25, 9)', '(2, 16)', '(23, 2)', '(6, 16)', '(12, 11)', '(4, 7)', '(27, 2)', '(4, 16)', '(27, 11)', '(25, 2)', '(30, 16)', '(19, 16)', '(8, 16)', '(10, 13)', '(15, 12)', '(6, 9)', '(7, 8)']",111,0,111
129,"(18, 2)","(19, 2)",West,"[('(19, 2)', 'East', 1), ('(17, 2)', 'West', 1)]","['(34, 15)', '(25, 15)', '(12, 13)', '(14, 11)', '(17, 13)', '(19, 11)', '(27, 1)', '(18, 2)']","['(34, 15)', '(25, 15)', '(12, 13)', '(14, 11)', '(17, 13)', '(19, 11)', '(27, 1)', '(17, 2)']","['(21, 16)', '(4, 9)', '(27, 4)', '(27, 13)', '(17, 12)', '(8, 9)', '(1, 15)', '(26, 14)', '(6, 11)', '(21, 9)', '(27, 6)', '(19, 2)', '(8, 11)', '(19, 11)', '(11, 16)', '(1, 8)', '(21, 2)', '(26, 16)', '(15, 16)', '(6, 13)', '(18, 12)', '(22, 12)', '(27, 8)', '(28, 16)', '(17, 16)', '(5, 14)', '(32, 16)', '(1, 10)', '(13, 12)', '(24, 12)', '(25, 11)', '(26, 9)', '(34, 16)', '(3, 10)', '(5, 16)', '(9, 14)', '(26, 2)', '(1, 12)', '(26, 11)', '(18, 16)', '(7, 16)', '(20, 10)', '(22, 16)', '(14, 12)', '(4, 11)', '(9, 16)', '(24, 16)', '(13, 16)', '(1, 14)', '(16, 12)', '(25, 15)', '(20, 12)', '(22, 9)', '(4, 13)', '(8, 13)', '(10, 10)', '(1, 7)', '(24, 9)', '(18, 2)', '(1, 16)', '(22, 2)', '(12, 10)', '(3, 7)', '(14, 16)', '(3, 16)', '(24, 2)', '(10, 12)', '(1, 9)', '(24, 11)', '(16, 16)', '(6, 8)', '(31, 16)', '(20, 16)', '(12, 12)', '(23, 12)', '(4, 8)', '(27, 3)', '(27, 12)', '(8, 8)', '(33, 16)', '(1, 11)', '(10, 14)', '(6, 10)', '(20, 9)', '(4, 10)', '(27, 5)', '(27, 14)', '(8, 10)', '(10, 16)', '(1, 13)', '(25, 14)', '(20, 2)', '(6, 12)', '(20, 11)', '(23, 16)', '(12, 16)', '(4, 12)', '(27, 7)', '(27, 16)', '(8, 12)', '(19, 12)', '(25, 16)', '(29, 16)', '(6, 14)', '(21, 12)', '(23, 9)', '(4, 14)', '(27, 9)', '(8, 14)', '(10, 11)', '(11, 10)', '(2, 7)', '(25, 9)', '(2, 16)', '(23, 2)', '(6, 16)', '(12, 11)', '(4, 7)', '(27, 2)', '(4, 16)', '(27, 11)', '(25, 2)', '(30, 16)', '(19, 16)', '(8, 16)', '(10, 13)', '(15, 12)', '(6, 9)', '(7, 8)']",112,0,112
130,"(17, 2)","(18, 2)",West,"[('(18, 2)', 'East', 1), ('(16, 2)', 'West', 1)]","['(34, 15)', '(25, 15)', '(12, 13)', '(14, 11)', '(17, 13)', '(19, 11)', '(27, 1)', '(17, 2)']","['(34, 15)', '(25, 15)', '(12, 13)', '(14, 11)', '(17, 13)', '(19, 11)', '(27, 1)', '(16, 2)']","['(21, 16)', '(4, 9)', '(27, 4)', '(27, 13)', '(17, 12)', '(8, 9)', '(1, 15)', '(26, 14)', '(6, 11)', '(21, 9)', '(27, 6)', '(19, 2)', '(8, 11)', '(19, 11)', '(11, 16)', '(1, 8)', '(21, 2)', '(26, 16)', '(15, 16)', '(6, 13)', '(18, 12)', '(22, 12)', '(27, 8)', '(28, 16)', '(17, 16)', '(5, 14)', '(32, 16)', '(1, 10)', '(13, 12)', '(24, 12)', '(25, 11)', '(26, 9)', '(34, 16)', '(3, 10)', '(5, 16)', '(9, 14)', '(26, 2)', '(1, 12)', '(26, 11)', '(18, 16)', '(7, 16)', '(20, 10)', '(17, 2)', '(22, 16)', '(14, 12)', '(4, 11)', '(9, 16)', '(24, 16)', '(13, 16)', '(1, 14)', '(16, 12)', '(25, 15)', '(20, 12)', '(22, 9)', '(4, 13)', '(8, 13)', '(10, 10)', '(1, 7)', '(24, 9)', '(18, 2)', '(1, 16)', '(22, 2)', '(12, 10)', '(3, 7)', '(14, 16)', '(3, 16)', '(24, 2)', '(10, 12)', '(1, 9)', '(24, 11)', '(16, 16)', '(6, 8)', '(31, 16)', '(20, 16)', '(12, 12)', '(23, 12)', '(4, 8)', '(27, 3)', '(27, 12)', '(8, 8)', '(33, 16)', '(1, 11)', '(10, 14)', '(6, 10)', '(20, 9)', '(4, 10)', '(27, 5)', '(27, 14)', '(8, 10)', '(10, 16)', '(1, 13)', '(25, 14)', '(20, 2)', '(6, 12)', '(20, 11)', '(23, 16)', '(12, 16)', '(4, 12)', '(27, 7)', '(27, 16)', '(8, 12)', '(19, 12)', '(25, 16)', '(29, 16)', '(6, 14)', '(21, 12)', '(23, 9)', '(4, 14)', '(27, 9)', '(8, 14)', '(10, 11)', '(11, 10)', '(2, 7)', '(25, 9)', '(2, 16)', '(23, 2)', '(6, 16)', '(12, 11)', '(4, 7)', '(27, 2)', '(4, 16)', '(27, 11)', '(25, 2)', '(30, 16)', '(19, 16)', '(8, 16)', '(10, 13)', '(15, 12)', '(6, 9)', '(7, 8)']",113,0,113
131,"(16, 2)","(17, 2)",West,"[('(17, 2)', 'East', 1), ('(15, 2)', 'West', 1)]","['(34, 15)', '(25, 15)', '(12, 13)', '(14, 11)', '(17, 13)', '(19, 11)', '(27, 1)', '(16, 2)']","['(34, 15)', '(25, 15)', '(12, 13)', '(14, 11)', '(17, 13)', '(19, 11)', '(27, 1)', '(15, 2)']","['(21, 16)', '(4, 9)', '(27, 4)', '(27, 13)', '(17, 12)', '(8, 9)', '(1, 15)', '(26, 14)', '(6, 11)', '(21, 9)', '(27, 6)', '(19, 2)', '(8, 11)', '(19, 11)', '(11, 16)', '(1, 8)', '(21, 2)', '(26, 16)', '(15, 16)', '(6, 13)', '(18, 12)', '(22, 12)', '(27, 8)', '(28, 16)', '(17, 16)', '(5, 14)', '(32, 16)', '(1, 10)', '(13, 12)', '(24, 12)', '(25, 11)', '(26, 9)', '(34, 16)', '(3, 10)', '(5, 16)', '(9, 14)', '(26, 2)', '(1, 12)', '(26, 11)', '(18, 16)', '(7, 16)', '(20, 10)', '(17, 2)', '(22, 16)', '(14, 12)', '(4, 11)', '(9, 16)', '(24, 16)', '(13, 16)', '(1, 14)', '(16, 12)', '(25, 15)', '(20, 12)', '(22, 9)', '(4, 13)', '(8, 13)', '(10, 10)', '(1, 7)', '(24, 9)', '(18, 2)', '(1, 16)', '(22, 2)', '(12, 10)', '(3, 7)', '(14, 16)', '(3, 16)', '(24, 2)', '(10, 12)', '(1, 9)', '(24, 11)', '(16, 16)', '(6, 8)', '(31, 16)', '(20, 16)', '(12, 12)', '(23, 12)', '(4, 8)', '(27, 3)', '(27, 12)', '(8, 8)', '(33, 16)', '(1, 11)', '(10, 14)', '(6, 10)', '(20, 9)', '(4, 10)', '(27, 5)', '(27, 14)', '(8, 10)', '(16, 2)', '(10, 16)', '(1, 13)', '(25, 14)', '(20, 2)', '(6, 12)', '(20, 11)', '(23, 16)', '(12, 16)', '(4, 12)', '(27, 7)', '(27, 16)', '(8, 12)', '(19, 12)', '(25, 16)', '(29, 16)', '(6, 14)', '(21, 12)', '(23, 9)', '(4, 14)', '(27, 9)', '(8, 14)', '(10, 11)', '(11, 10)', '(2, 7)', '(25, 9)', '(2, 16)', '(23, 2)', '(6, 16)', '(12, 11)', '(4, 7)', '(27, 2)', '(4, 16)', '(27, 11)', '(25, 2)', '(30, 16)', '(19, 16)', '(8, 16)', '(10, 13)', '(15, 12)', '(6, 9)', '(7, 8)']",114,0,114
132,"(15, 2)","(16, 2)",West,"[('(15, 3)', 'North', 1), ('(16, 2)', 'East', 1), ('(14, 2)', 'West', 1)]","['(34, 15)', '(25, 15)', '(12, 13)', '(14, 11)', '(17, 13)', '(19, 11)', '(27, 1)', '(15, 2)']","['(34, 15)', '(25, 15)', '(12, 13)', '(14, 11)', '(17, 13)', '(19, 11)', '(27, 1)', '(15, 3)', '(14, 2)']","['(21, 16)', '(4, 9)', '(27, 4)', '(27, 13)', '(17, 12)', '(8, 9)', '(1, 15)', '(26, 14)', '(6, 11)', '(21, 9)', '(27, 6)', '(19, 2)', '(8, 11)', '(19, 11)', '(11, 16)', '(1, 8)', '(21, 2)', '(26, 16)', '(15, 16)', '(6, 13)', '(18, 12)', '(22, 12)', '(27, 8)', '(28, 16)', '(17, 16)', '(5, 14)', '(32, 16)', '(1, 10)', '(13, 12)', '(24, 12)', '(25, 11)', '(26, 9)', '(34, 16)', '(3, 10)', '(5, 16)', '(9, 14)', '(26, 2)', '(15, 2)', '(1, 12)', '(26, 11)', '(18, 16)', '(7, 16)', '(20, 10)', '(17, 2)', '(22, 16)', '(14, 12)', '(4, 11)', '(9, 16)', '(24, 16)', '(13, 16)', '(1, 14)', '(16, 12)', '(25, 15)', '(20, 12)', '(22, 9)', '(4, 13)', '(8, 13)', '(10, 10)', '(1, 7)', '(24, 9)', '(18, 2)', '(1, 16)', '(22, 2)', '(12, 10)', '(3, 7)', '(14, 16)', '(3, 16)', '(24, 2)', '(10, 12)', '(1, 9)', '(24, 11)', '(16, 16)', '(6, 8)', '(31, 16)', '(20, 16)', '(12, 12)', '(23, 12)', '(4, 8)', '(27, 3)', '(27, 12)', '(8, 8)', '(33, 16)', '(1, 11)', '(10, 14)', '(6, 10)', '(20, 9)', '(4, 10)', '(27, 5)', '(27, 14)', '(8, 10)', '(16, 2)', '(10, 16)', '(1, 13)', '(25, 14)', '(20, 2)', '(6, 12)', '(20, 11)', '(23, 16)', '(12, 16)', '(4, 12)', '(27, 7)', '(27, 16)', '(8, 12)', '(19, 12)', '(25, 16)', '(29, 16)', '(6, 14)', '(21, 12)', '(23, 9)', '(4, 14)', '(27, 9)', '(8, 14)', '(10, 11)', '(11, 10)', '(2, 7)', '(25, 9)', '(2, 16)', '(23, 2)', '(6, 16)', '(12, 11)', '(4, 7)', '(27, 2)', '(4, 16)', '(27, 11)', '(25, 2)', '(30, 16)', '(19, 16)', '(8, 16)', '(10, 13)', '(15, 12)', '(6, 9)', '(7, 8)']",115,0,115
133,"(14, 2)","(15, 2)",West,"[('(15, 2)', 'East', 1), ('(13, 2)', 'West', 1)]","['(34, 15)', '(25, 15)', '(12, 13)', '(14, 11)', '(17, 13)', '(19, 11)', '(27, 1)', '(15, 3)', '(14, 2)']","['(34, 15)', '(25, 15)', '(12, 13)', '(14, 11)', '(17, 13)', '(19, 11)', '(27, 1)', '(15, 3)', '(13, 2)']","['(21, 16)', '(4, 9)', '(27, 4)', '(27, 13)', '(17, 12)', '(8, 9)', '(1, 15)', '(26, 14)', '(6, 11)', '(21, 9)', '(27, 6)', '(19, 2)', '(8, 11)', '(19, 11)', '(11, 16)', '(1, 8)', '(21, 2)', '(26, 16)', '(15, 16)', '(6, 13)', '(18, 12)', '(22, 12)', '(27, 8)', '(28, 16)', '(17, 16)', '(5, 14)', '(32, 16)', '(1, 10)', '(13, 12)', '(24, 12)', '(25, 11)', '(26, 9)', '(34, 16)', '(3, 10)', '(5, 16)', '(9, 14)', '(26, 2)', '(15, 2)', '(1, 12)', '(26, 11)', '(18, 16)', '(7, 16)', '(20, 10)', '(17, 2)', '(22, 16)', '(14, 12)', '(4, 11)', '(9, 16)', '(24, 16)', '(13, 16)', '(1, 14)', '(16, 12)', '(25, 15)', '(20, 12)', '(22, 9)', '(4, 13)', '(8, 13)', '(10, 10)', '(1, 7)', '(24, 9)', '(18, 2)', '(1, 16)', '(22, 2)', '(12, 10)', '(3, 7)', '(14, 16)', '(3, 16)', '(24, 2)', '(10, 12)', '(1, 9)', '(24, 11)', '(16, 16)', '(6, 8)', '(31, 16)', '(20, 16)', '(12, 12)', '(23, 12)', '(4, 8)', '(27, 3)', '(27, 12)', '(8, 8)', '(33, 16)', '(1, 11)', '(10, 14)', '(6, 10)', '(20, 9)', '(14, 2)', '(4, 10)', '(27, 5)', '(27, 14)', '(8, 10)', '(16, 2)', '(10, 16)', '(1, 13)', '(25, 14)', '(20, 2)', '(6, 12)', '(20, 11)', '(23, 16)', '(12, 16)', '(4, 12)', '(27, 7)', '(27, 16)', '(8, 12)', '(19, 12)', '(25, 16)', '(29, 16)', '(6, 14)', '(21, 12)', '(23, 9)', '(4, 14)', '(27, 9)', '(8, 14)', '(10, 11)', '(11, 10)', '(2, 7)', '(25, 9)', '(2, 16)', '(23, 2)', '(6, 16)', '(12, 11)', '(4, 7)', '(27, 2)', '(4, 16)', '(27, 11)', '(25, 2)', '(30, 16)', '(19, 16)', '(8, 16)', '(10, 13)', '(15, 12)', '(6, 9)', '(7, 8)']",116,0,116
134,"(13, 2)","(14, 2)",West,"[('(14, 2)', 'East', 1), ('(12, 2)', 'West', 1)]","['(34, 15)', '(25, 15)', '(12, 13)', '(14, 11)', '(17, 13)', '(19, 11)', '(27, 1)', '(15, 3)', '(13, 2)']","['(34, 15)', '(25, 15)', '(12, 13)', '(14, 11)', '(17, 13)', '(19, 11)', '(27, 1)', '(15, 3)', '(12, 2)']","['(21, 16)', '(4, 9)', '(27, 4)', '(27, 13)', '(17, 12)', '(8, 9)', '(1, 15)', '(26, 14)', '(6, 11)', '(21, 9)', '(27, 6)', '(19, 2)', '(8, 11)', '(19, 11)', '(11, 16)', '(1, 8)', '(21, 2)', '(26, 16)', '(15, 16)', '(6, 13)', '(18, 12)', '(22, 12)', '(27, 8)', '(28, 16)', '(17, 16)', '(5, 14)', '(32, 16)', '(1, 10)', '(13, 12)', '(24, 12)', '(25, 11)', '(26, 9)', '(34, 16)', '(3, 10)', '(5, 16)', '(9, 14)', '(26, 2)', '(15, 2)', '(1, 12)', '(26, 11)', '(18, 16)', '(7, 16)', '(20, 10)', '(17, 2)', '(22, 16)', '(14, 12)', '(4, 11)', '(9, 16)', '(24, 16)', '(13, 16)', '(1, 14)', '(16, 12)', '(25, 15)', '(20, 12)', '(22, 9)', '(4, 13)', '(8, 13)', '(10, 10)', '(1, 7)', '(24, 9)', '(18, 2)', '(1, 16)', '(22, 2)', '(12, 10)', '(3, 7)', '(14, 16)', '(3, 16)', '(24, 2)', '(13, 2)', '(10, 12)', '(1, 9)', '(24, 11)', '(16, 16)', '(6, 8)', '(31, 16)', '(20, 16)', '(12, 12)', '(23, 12)', '(4, 8)', '(27, 3)', '(27, 12)', '(8, 8)', '(33, 16)', '(1, 11)', '(10, 14)', '(6, 10)', '(20, 9)', '(14, 2)', '(4, 10)', '(27, 5)', '(27, 14)', '(8, 10)', '(16, 2)', '(10, 16)', '(1, 13)', '(25, 14)', '(20, 2)', '(6, 12)', '(20, 11)', '(23, 16)', '(12, 16)', '(4, 12)', '(27, 7)', '(27, 16)', '(8, 12)', '(19, 12)', '(25, 16)', '(29, 16)', '(6, 14)', '(21, 12)', '(23, 9)', '(4, 14)', '(27, 9)', '(8, 14)', '(10, 11)', '(11, 10)', '(2, 7)', '(25, 9)', '(2, 16)', '(23, 2)', '(6, 16)', '(12, 11)', '(4, 7)', '(27, 2)', '(4, 16)', '(27, 11)', '(25, 2)', '(30, 16)', '(19, 16)', '(8, 16)', '(10, 13)', '(15, 12)', '(6, 9)', '(7, 8)']",117,0,117
135,"(12, 2)","(13, 2)",West,"[('(13, 2)', 'East', 1), ('(11, 2)', 'West', 1)]","['(34, 15)', '(25, 15)', '(12, 13)', '(14, 11)', '(17, 13)', '(19, 11)', '(27, 1)', '(15, 3)', '(12, 2)']","['(34, 15)', '(25, 15)', '(12, 13)', '(14, 11)', '(17, 13)', '(19, 11)', '(27, 1)', '(15, 3)', '(11, 2)']","['(21, 16)', '(4, 9)', '(27, 4)', '(27, 13)', '(17, 12)', '(8, 9)', '(1, 15)', '(26, 14)', '(6, 11)', '(21, 9)', '(27, 6)', '(19, 2)', '(8, 11)', '(19, 11)', '(11, 16)', '(1, 8)', '(21, 2)', '(26, 16)', '(15, 16)', '(6, 13)', '(18, 12)', '(22, 12)', '(27, 8)', '(28, 16)', '(17, 16)', '(5, 14)', '(32, 16)', '(1, 10)', '(13, 12)', '(24, 12)', '(25, 11)', '(26, 9)', '(34, 16)', '(3, 10)', '(5, 16)', '(9, 14)', '(26, 2)', '(15, 2)', '(1, 12)', '(26, 11)', '(18, 16)', '(7, 16)', '(20, 10)', '(17, 2)', '(22, 16)', '(14, 12)', '(4, 11)', '(9, 16)', '(24, 16)', '(13, 16)', '(1, 14)', '(16, 12)', '(25, 15)', '(20, 12)', '(22, 9)', '(4, 13)', '(8, 13)', '(10, 10)', '(1, 7)', '(24, 9)', '(18, 2)', '(1, 16)', '(22, 2)', '(12, 10)', '(3, 7)', '(14, 16)', '(3, 16)', '(24, 2)', '(13, 2)', '(10, 12)', '(1, 9)', '(24, 11)', '(16, 16)', '(6, 8)', '(31, 16)', '(20, 16)', '(12, 12)', '(23, 12)', '(4, 8)', '(27, 3)', '(27, 12)', '(8, 8)', '(33, 16)', '(1, 11)', '(10, 14)', '(6, 10)', '(20, 9)', '(14, 2)', '(4, 10)', '(27, 5)', '(27, 14)', '(8, 10)', '(16, 2)', '(10, 16)', '(1, 13)', '(25, 14)', '(20, 2)', '(6, 12)', '(20, 11)', '(23, 16)', '(12, 16)', '(4, 12)', '(27, 7)', '(27, 16)', '(8, 12)', '(19, 12)', '(25, 16)', '(29, 16)', '(6, 14)', '(21, 12)', '(23, 9)', '(4, 14)', '(27, 9)', '(8, 14)', '(10, 11)', '(11, 10)', '(2, 7)', '(25, 9)', '(2, 16)', '(23, 2)', '(6, 16)', '(12, 2)', '(12, 11)', '(4, 7)', '(27, 2)', '(4, 16)', '(27, 11)', '(25, 2)', '(30, 16)', '(19, 16)', '(8, 16)', '(10, 13)', '(15, 12)', '(6, 9)', '(7, 8)']",118,0,118
136,"(11, 2)","(12, 2)",West,"[('(12, 2)', 'East', 1), ('(10, 2)', 'West', 1)]","['(34, 15)', '(25, 15)', '(12, 13)', '(14, 11)', '(17, 13)', '(19, 11)', '(27, 1)', '(15, 3)', '(11, 2)']","['(34, 15)', '(25, 15)', '(12, 13)', '(14, 11)', '(17, 13)', '(19, 11)', '(27, 1)', '(15, 3)', '(10, 2)']","['(21, 16)', '(4, 9)', '(27, 4)', '(27, 13)', '(17, 12)', '(8, 9)', '(1, 15)', '(26, 14)', '(6, 11)', '(21, 9)', '(27, 6)', '(19, 2)', '(8, 11)', '(19, 11)', '(11, 16)', '(1, 8)', '(21, 2)', '(26, 16)', '(15, 16)', '(6, 13)', '(18, 12)', '(22, 12)', '(27, 8)', '(28, 16)', '(17, 16)', '(5, 14)', '(32, 16)', '(1, 10)', '(13, 12)', '(24, 12)', '(25, 11)', '(26, 9)', '(34, 16)', '(3, 10)', '(11, 2)', '(5, 16)', '(9, 14)', '(26, 2)', '(15, 2)', '(1, 12)', '(26, 11)', '(18, 16)', '(7, 16)', '(20, 10)', '(17, 2)', '(22, 16)', '(14, 12)', '(4, 11)', '(9, 16)', '(24, 16)', '(13, 16)', '(1, 14)', '(16, 12)', '(25, 15)', '(20, 12)', '(22, 9)', '(4, 13)', '(8, 13)', '(10, 10)', '(1, 7)', '(24, 9)', '(18, 2)', '(1, 16)', '(22, 2)', '(12, 10)', '(3, 7)', '(14, 16)', '(3, 16)', '(24, 2)', '(13, 2)', '(10, 12)', '(1, 9)', '(24, 11)', '(16, 16)', '(6, 8)', '(31, 16)', '(20, 16)', '(12, 12)', '(23, 12)', '(4, 8)', '(27, 3)', '(27, 12)', '(8, 8)', '(33, 16)', '(1, 11)', '(10, 14)', '(6, 10)', '(20, 9)', '(14, 2)', '(4, 10)', '(27, 5)', '(27, 14)', '(8, 10)', '(16, 2)', '(10, 16)', '(1, 13)', '(25, 14)', '(20, 2)', '(6, 12)', '(20, 11)', '(23, 16)', '(12, 16)', '(4, 12)', '(27, 7)', '(27, 16)', '(8, 12)', '(19, 12)', '(25, 16)', '(29, 16)', '(6, 14)', '(21, 12)', '(23, 9)', '(4, 14)', '(27, 9)', '(8, 14)', '(10, 11)', '(11, 10)', '(2, 7)', '(25, 9)', '(2, 16)', '(23, 2)', '(6, 16)', '(12, 2)', '(12, 11)', '(4, 7)', '(27, 2)', '(4, 16)', '(27, 11)', '(25, 2)', '(30, 16)', '(19, 16)', '(8, 16)', '(10, 13)', '(15, 12)', '(6, 9)', '(7, 8)']",119,0,119
137,"(10, 2)","(11, 2)",West,"[('(10, 1)', 'South', 1), ('(11, 2)', 'East', 1)]","['(34, 15)', '(25, 15)', '(12, 13)', '(14, 11)', '(17, 13)', '(19, 11)', '(27, 1)', '(15, 3)', '(10, 2)']","['(34, 15)', '(25, 15)', '(12, 13)', '(14, 11)', '(17, 13)', '(19, 11)', '(27, 1)', '(15, 3)', '(10, 1)']","['(21, 16)', '(4, 9)', '(27, 4)', '(27, 13)', '(17, 12)', '(8, 9)', '(1, 15)', '(26, 14)', '(6, 11)', '(21, 9)', '(27, 6)', '(19, 2)', '(8, 11)', '(19, 11)', '(11, 16)', '(1, 8)', '(21, 2)', '(26, 16)', '(15, 16)', '(6, 13)', '(18, 12)', '(22, 12)', '(27, 8)', '(28, 16)', '(17, 16)', '(5, 14)', '(32, 16)', '(1, 10)', '(13, 12)', '(24, 12)', '(25, 11)', '(26, 9)', '(34, 16)', '(3, 10)', '(11, 2)', '(5, 16)', '(9, 14)', '(26, 2)', '(15, 2)', '(1, 12)', '(26, 11)', '(18, 16)', '(7, 16)', '(20, 10)', '(17, 2)', '(22, 16)', '(14, 12)', '(4, 11)', '(9, 16)', '(24, 16)', '(13, 16)', '(1, 14)', '(16, 12)', '(25, 15)', '(20, 12)', '(22, 9)', '(4, 13)', '(8, 13)', '(10, 10)', '(1, 7)', '(24, 9)', '(18, 2)', '(1, 16)', '(22, 2)', '(12, 10)', '(3, 7)', '(14, 16)', '(3, 16)', '(24, 2)', '(13, 2)', '(10, 12)', '(1, 9)', '(24, 11)', '(16, 16)', '(6, 8)', '(31, 16)', '(20, 16)', '(12, 12)', '(23, 12)', '(4, 8)', '(27, 3)', '(27, 12)', '(8, 8)', '(33, 16)', '(1, 11)', '(10, 14)', '(6, 10)', '(20, 9)', '(14, 2)', '(4, 10)', '(27, 5)', '(27, 14)', '(8, 10)', '(16, 2)', '(10, 16)', '(1, 13)', '(25, 14)', '(20, 2)', '(6, 12)', '(20, 11)', '(23, 16)', '(12, 16)', '(4, 12)', '(27, 7)', '(27, 16)', '(8, 12)', '(19, 12)', '(25, 16)', '(29, 16)', '(6, 14)', '(21, 12)', '(23, 9)', '(4, 14)', '(27, 9)', '(10, 2)', '(8, 14)', '(10, 11)', '(11, 10)', '(2, 7)', '(25, 9)', '(2, 16)', '(23, 2)', '(6, 16)', '(12, 2)', '(12, 11)', '(4, 7)', '(27, 2)', '(4, 16)', '(27, 11)', '(25, 2)', '(30, 16)', '(19, 16)', '(8, 16)', '(10, 13)', '(15, 12)', '(6, 9)', '(7, 8)']",120,0,120
138,"(10, 1)","(10, 2)",South,"[('(10, 2)', 'North', 1), ('(9, 1)', 'West', 1)]","['(34, 15)', '(25, 15)', '(12, 13)', '(14, 11)', '(17, 13)', '(19, 11)', '(27, 1)', '(15, 3)', '(10, 1)']","['(34, 15)', '(25, 15)', '(12, 13)', '(14, 11)', '(17, 13)', '(19, 11)', '(27, 1)', '(15, 3)', '(9, 1)']","['(21, 16)', '(4, 9)', '(27, 4)', '(27, 13)', '(17, 12)', '(8, 9)', '(1, 15)', '(26, 14)', '(6, 11)', '(21, 9)', '(27, 6)', '(19, 2)', '(8, 11)', '(19, 11)', '(11, 16)', '(1, 8)', '(21, 2)', '(26, 16)', '(15, 16)', '(6, 13)', '(18, 12)', '(22, 12)', '(27, 8)', '(28, 16)', '(17, 16)', '(5, 14)', '(32, 16)', '(1, 10)', '(13, 12)', '(24, 12)', '(25, 11)', '(26, 9)', '(34, 16)', '(3, 10)', '(11, 2)', '(5, 16)', '(9, 14)', '(26, 2)', '(15, 2)', '(1, 12)', '(26, 11)', '(18, 16)', '(7, 16)', '(20, 10)', '(17, 2)', '(22, 16)', '(14, 12)', '(4, 11)', '(9, 16)', '(24, 16)', '(13, 16)', '(1, 14)', '(16, 12)', '(25, 15)', '(20, 12)', '(22, 9)', '(4, 13)', '(10, 1)', '(8, 13)', '(10, 10)', '(1, 7)', '(24, 9)', '(18, 2)', '(1, 16)', '(22, 2)', '(12, 10)', '(3, 7)', '(14, 16)', '(3, 16)', '(24, 2)', '(13, 2)', '(10, 12)', '(1, 9)', '(24, 11)', '(16, 16)', '(6, 8)', '(31, 16)', '(20, 16)', '(12, 12)', '(23, 12)', '(4, 8)', '(27, 3)', '(27, 12)', '(8, 8)', '(33, 16)', '(1, 11)', '(10, 14)', '(6, 10)', '(20, 9)', '(14, 2)', '(4, 10)', '(27, 5)', '(27, 14)', '(8, 10)', '(16, 2)', '(10, 16)', '(1, 13)', '(25, 14)', '(20, 2)', '(6, 12)', '(20, 11)', '(23, 16)', '(12, 16)', '(4, 12)', '(27, 7)', '(27, 16)', '(8, 12)', '(19, 12)', '(25, 16)', '(29, 16)', '(6, 14)', '(21, 12)', '(23, 9)', '(4, 14)', '(27, 9)', '(10, 2)', '(8, 14)', '(10, 11)', '(11, 10)', '(2, 7)', '(25, 9)', '(2, 16)', '(23, 2)', '(6, 16)', '(12, 2)', '(12, 11)', '(4, 7)', '(27, 2)', '(4, 16)', '(27, 11)', '(25, 2)', '(30, 16)', '(19, 16)', '(8, 16)', '(10, 13)', '(15, 12)', '(6, 9)', '(7, 8)']",121,0,121
139,"(9, 1)","(10, 1)",West,"[('(10, 1)', 'East', 1), ('(8, 1)', 'West', 1)]","['(34, 15)', '(25, 15)', '(12, 13)', '(14, 11)', '(17, 13)', '(19, 11)', '(27, 1)', '(15, 3)', '(9, 1)']","['(34, 15)', '(25, 15)', '(12, 13)', '(14, 11)', '(17, 13)', '(19, 11)', '(27, 1)', '(15, 3)', '(8, 1)']","['(21, 16)', '(4, 9)', '(27, 4)', '(27, 13)', '(17, 12)', '(8, 9)', '(1, 15)', '(26, 14)', '(6, 11)', '(21, 9)', '(27, 6)', '(19, 2)', '(9, 1)', '(8, 11)', '(19, 11)', '(11, 16)', '(1, 8)', '(21, 2)', '(26, 16)', '(15, 16)', '(6, 13)', '(18, 12)', '(22, 12)', '(27, 8)', '(28, 16)', '(17, 16)', '(5, 14)', '(32, 16)', '(1, 10)', '(13, 12)', '(24, 12)', '(25, 11)', '(26, 9)', '(34, 16)', '(3, 10)', '(11, 2)', '(5, 16)', '(9, 14)', '(26, 2)', '(15, 2)', '(1, 12)', '(26, 11)', '(18, 16)', '(7, 16)', '(20, 10)', '(17, 2)', '(22, 16)', '(14, 12)', '(4, 11)', '(9, 16)', '(24, 16)', '(13, 16)', '(1, 14)', '(16, 12)', '(25, 15)', '(20, 12)', '(22, 9)', '(4, 13)', '(10, 1)', '(8, 13)', '(10, 10)', '(1, 7)', '(24, 9)', '(18, 2)', '(1, 16)', '(22, 2)', '(12, 10)', '(3, 7)', '(14, 16)', '(3, 16)', '(24, 2)', '(13, 2)', '(10, 12)', '(1, 9)', '(24, 11)', '(16, 16)', '(6, 8)', '(31, 16)', '(20, 16)', '(12, 12)', '(23, 12)', '(4, 8)', '(27, 3)', '(27, 12)', '(8, 8)', '(33, 16)', '(1, 11)', '(10, 14)', '(6, 10)', '(20, 9)', '(14, 2)', '(4, 10)', '(27, 5)', '(27, 14)', '(8, 10)', '(16, 2)', '(10, 16)', '(1, 13)', '(25, 14)', '(20, 2)', '(6, 12)', '(20, 11)', '(23, 16)', '(12, 16)', '(4, 12)', '(27, 7)', '(27, 16)', '(8, 12)', '(19, 12)', '(25, 16)', '(29, 16)', '(6, 14)', '(21, 12)', '(23, 9)', '(4, 14)', '(27, 9)', '(10, 2)', '(8, 14)', '(10, 11)', '(11, 10)', '(2, 7)', '(25, 9)', '(2, 16)', '(23, 2)', '(6, 16)', '(12, 2)', '(12, 11)', '(4, 7)', '(27, 2)', '(4, 16)', '(27, 11)', '(25, 2)', '(30, 16)', '(19, 16)', '(8, 16)', '(10, 13)', '(15, 12)', '(6, 9)', '(7, 8)']",122,0,122
140,"(8, 1)","(9, 1)",West,"[('(9, 1)', 'East', 1), ('(7, 1)', 'West', 1)]","['(34, 15)', '(25, 15)', '(12, 13)', '(14, 11)', '(17, 13)', '(19, 11)', '(27, 1)', '(15, 3)', '(8, 1)']","['(34, 15)', '(25, 15)', '(12, 13)', '(14, 11)', '(17, 13)', '(19, 11)', '(27, 1)', '(15, 3)', '(7, 1)']","['(21, 16)', '(4, 9)', '(27, 4)', '(27, 13)', '(17, 12)', '(8, 9)', '(1, 15)', '(26, 14)', '(6, 11)', '(21, 9)', '(27, 6)', '(19, 2)', '(9, 1)', '(8, 11)', '(19, 11)', '(11, 16)', '(1, 8)', '(21, 2)', '(26, 16)', '(15, 16)', '(6, 13)', '(18, 12)', '(22, 12)', '(27, 8)', '(28, 16)', '(17, 16)', '(5, 14)', '(32, 16)', '(1, 10)', '(13, 12)', '(24, 12)', '(25, 11)', '(26, 9)', '(34, 16)', '(3, 10)', '(11, 2)', '(5, 16)', '(9, 14)', '(26, 2)', '(15, 2)', '(1, 12)', '(26, 11)', '(18, 16)', '(7, 16)', '(20, 10)', '(17, 2)', '(22, 16)', '(14, 12)', '(4, 11)', '(9, 16)', '(24, 16)', '(13, 16)', '(1, 14)', '(16, 12)', '(25, 15)', '(20, 12)', '(22, 9)', '(4, 13)', '(10, 1)', '(8, 13)', '(10, 10)', '(1, 7)', '(24, 9)', '(18, 2)', '(1, 16)', '(22, 2)', '(12, 10)', '(3, 7)', '(14, 16)', '(3, 16)', '(24, 2)', '(13, 2)', '(10, 12)', '(1, 9)', '(24, 11)', '(16, 16)', '(6, 8)', '(31, 16)', '(20, 16)', '(12, 12)', '(23, 12)', '(4, 8)', '(27, 3)', '(27, 12)', '(8, 8)', '(33, 16)', '(1, 11)', '(10, 14)', '(6, 10)', '(20, 9)', '(14, 2)', '(4, 10)', '(27, 5)', '(8, 1)', '(27, 14)', '(8, 10)', '(16, 2)', '(10, 16)', '(1, 13)', '(25, 14)', '(20, 2)', '(6, 12)', '(20, 11)', '(23, 16)', '(12, 16)', '(4, 12)', '(27, 7)', '(27, 16)', '(8, 12)', '(19, 12)', '(25, 16)', '(29, 16)', '(6, 14)', '(21, 12)', '(23, 9)', '(4, 14)', '(27, 9)', '(10, 2)', '(8, 14)', '(10, 11)', '(11, 10)', '(2, 7)', '(25, 9)', '(2, 16)', '(23, 2)', '(6, 16)', '(12, 2)', '(12, 11)', '(4, 7)', '(27, 2)', '(4, 16)', '(27, 11)', '(25, 2)', '(30, 16)', '(19, 16)', '(8, 16)', '(10, 13)', '(15, 12)', '(6, 9)', '(7, 8)']",123,0,123
141,"(7, 1)","(8, 1)",West,"[('(8, 1)', 'East', 1), ('(6, 1)', 'West', 1)]","['(34, 15)', '(25, 15)', '(12, 13)', '(14, 11)', '(17, 13)', '(19, 11)', '(27, 1)', '(15, 3)', '(7, 1)']","['(34, 15)', '(25, 15)', '(12, 13)', '(14, 11)', '(17, 13)', '(19, 11)', '(27, 1)', '(15, 3)', '(6, 1)']","['(21, 16)', '(4, 9)', '(27, 4)', '(27, 13)', '(17, 12)', '(8, 9)', '(7, 1)', '(1, 15)', '(26, 14)', '(6, 11)', '(21, 9)', '(27, 6)', '(19, 2)', '(9, 1)', '(8, 11)', '(19, 11)', '(11, 16)', '(1, 8)', '(21, 2)', '(26, 16)', '(15, 16)', '(6, 13)', '(18, 12)', '(22, 12)', '(27, 8)', '(28, 16)', '(17, 16)', '(5, 14)', '(32, 16)', '(1, 10)', '(13, 12)', '(24, 12)', '(25, 11)', '(26, 9)', '(34, 16)', '(3, 10)', '(11, 2)', '(5, 16)', '(9, 14)', '(26, 2)', '(15, 2)', '(1, 12)', '(26, 11)', '(18, 16)', '(7, 16)', '(20, 10)', '(17, 2)', '(22, 16)', '(14, 12)', '(4, 11)', '(9, 16)', '(24, 16)', '(13, 16)', '(1, 14)', '(16, 12)', '(25, 15)', '(20, 12)', '(22, 9)', '(4, 13)', '(10, 1)', '(8, 13)', '(10, 10)', '(1, 7)', '(24, 9)', '(18, 2)', '(1, 16)', '(22, 2)', '(12, 10)', '(3, 7)', '(14, 16)', '(3, 16)', '(24, 2)', '(13, 2)', '(10, 12)', '(1, 9)', '(24, 11)', '(16, 16)', '(6, 8)', '(31, 16)', '(20, 16)', '(12, 12)', '(23, 12)', '(4, 8)', '(27, 3)', '(27, 12)', '(8, 8)', '(33, 16)', '(1, 11)', '(10, 14)', '(6, 10)', '(20, 9)', '(14, 2)', '(4, 10)', '(27, 5)', '(8, 1)', '(27, 14)', '(8, 10)', '(16, 2)', '(10, 16)', '(1, 13)', '(25, 14)', '(20, 2)', '(6, 12)', '(20, 11)', '(23, 16)', '(12, 16)', '(4, 12)', '(27, 7)', '(27, 16)', '(8, 12)', '(19, 12)', '(25, 16)', '(29, 16)', '(6, 14)', '(21, 12)', '(23, 9)', '(4, 14)', '(27, 9)', '(10, 2)', '(8, 14)', '(10, 11)', '(11, 10)', '(2, 7)', '(25, 9)', '(2, 16)', '(23, 2)', '(6, 16)', '(12, 2)', '(12, 11)', '(4, 7)', '(27, 2)', '(4, 16)', '(27, 11)', '(25, 2)', '(30, 16)', '(19, 16)', '(8, 16)', '(10, 13)', '(15, 12)', '(6, 9)', '(7, 8)']",124,0,124
142,"(6, 1)","(7, 1)",West,"[('(7, 1)', 'East', 1), ('(5, 1)', 'West', 1)]","['(34, 15)', '(25, 15)', '(12, 13)', '(14, 11)', '(17, 13)', '(19, 11)', '(27, 1)', '(15, 3)', '(6, 1)']","['(34, 15)', '(25, 15)', '(12, 13)', '(14, 11)', '(17, 13)', '(19, 11)', '(27, 1)', '(15, 3)', '(5, 1)']","['(21, 16)', '(4, 9)', '(27, 4)', '(27, 13)', '(17, 12)', '(8, 9)', '(7, 1)', '(1, 15)', '(26, 14)', '(6, 11)', '(21, 9)', '(27, 6)', '(19, 2)', '(9, 1)', '(8, 11)', '(19, 11)', '(11, 16)', '(1, 8)', '(21, 2)', '(26, 16)', '(15, 16)', '(6, 13)', '(18, 12)', '(22, 12)', '(27, 8)', '(28, 16)', '(17, 16)', '(5, 14)', '(32, 16)', '(1, 10)', '(13, 12)', '(24, 12)', '(25, 11)', '(26, 9)', '(34, 16)', '(3, 10)', '(11, 2)', '(5, 16)', '(9, 14)', '(26, 2)', '(15, 2)', '(1, 12)', '(26, 11)', '(18, 16)', '(7, 16)', '(20, 10)', '(17, 2)', '(22, 16)', '(14, 12)', '(4, 11)', '(9, 16)', '(6, 1)', '(24, 16)', '(13, 16)', '(1, 14)', '(16, 12)', '(25, 15)', '(20, 12)', '(22, 9)', '(4, 13)', '(10, 1)', '(8, 13)', '(10, 10)', '(1, 7)', '(24, 9)', '(18, 2)', '(1, 16)', '(22, 2)', '(12, 10)', '(3, 7)', '(14, 16)', '(3, 16)', '(24, 2)', '(13, 2)', '(10, 12)', '(1, 9)', '(24, 11)', '(16, 16)', '(6, 8)', '(31, 16)', '(20, 16)', '(12, 12)', '(23, 12)', '(4, 8)', '(27, 3)', '(27, 12)', '(8, 8)', '(33, 16)', '(1, 11)', '(10, 14)', '(6, 10)', '(20, 9)', '(14, 2)', '(4, 10)', '(27, 5)', '(8, 1)', '(27, 14)', '(8, 10)', '(16, 2)', '(10, 16)', '(1, 13)', '(25, 14)', '(20, 2)', '(6, 12)', '(20, 11)', '(23, 16)', '(12, 16)', '(4, 12)', '(27, 7)', '(27, 16)', '(8, 12)', '(19, 12)', '(25, 16)', '(29, 16)', '(6, 14)', '(21, 12)', '(23, 9)', '(4, 14)', '(27, 9)', '(10, 2)', '(8, 14)', '(10, 11)', '(11, 10)', '(2, 7)', '(25, 9)', '(2, 16)', '(23, 2)', '(6, 16)', '(12, 2)', '(12, 11)', '(4, 7)', '(27, 2)', '(4, 16)', '(27, 11)', '(25, 2)', '(30, 16)', '(19, 16)', '(8, 16)', '(10, 13)', '(15, 12)', '(6, 9)', '(7, 8)']",125,0,125
143,"(5, 1)","(6, 1)",West,"[('(6, 1)', 'East', 1), ('(4, 1)', 'West', 1)]","['(34, 15)', '(25, 15)', '(12, 13)', '(14, 11)', '(17, 13)', '(19, 11)', '(27, 1)', '(15, 3)', '(5, 1)']","['(34, 15)', '(25, 15)', '(12, 13)', '(14, 11)', '(17, 13)', '(19, 11)', '(27, 1)', '(15, 3)', '(4, 1)']","['(21, 16)', '(4, 9)', '(27, 4)', '(5, 1)', '(27, 13)', '(17, 12)', '(8, 9)', '(7, 1)', '(1, 15)', '(26, 14)', '(6, 11)', '(21, 9)', '(27, 6)', '(19, 2)', '(9, 1)', '(8, 11)', '(19, 11)', '(11, 16)', '(1, 8)', '(21, 2)', '(26, 16)', '(15, 16)', '(6, 13)', '(18, 12)', '(22, 12)', '(27, 8)', '(28, 16)', '(17, 16)', '(5, 14)', '(32, 16)', '(1, 10)', '(13, 12)', '(24, 12)', '(25, 11)', '(26, 9)', '(34, 16)', '(3, 10)', '(11, 2)', '(5, 16)', '(9, 14)', '(26, 2)', '(15, 2)', '(1, 12)', '(26, 11)', '(18, 16)', '(7, 16)', '(20, 10)', '(17, 2)', '(22, 16)', '(14, 12)', '(4, 11)', '(9, 16)', '(6, 1)', '(24, 16)', '(13, 16)', '(1, 14)', '(16, 12)', '(25, 15)', '(20, 12)', '(22, 9)', '(4, 13)', '(10, 1)', '(8, 13)', '(10, 10)', '(1, 7)', '(24, 9)', '(18, 2)', '(1, 16)', '(22, 2)', '(12, 10)', '(3, 7)', '(14, 16)', '(3, 16)', '(24, 2)', '(13, 2)', '(10, 12)', '(1, 9)', '(24, 11)', '(16, 16)', '(6, 8)', '(31, 16)', '(20, 16)', '(12, 12)', '(23, 12)', '(4, 8)', '(27, 3)', '(27, 12)', '(8, 8)', '(33, 16)', '(1, 11)', '(10, 14)', '(6, 10)', '(20, 9)', '(14, 2)', '(4, 10)', '(27, 5)', '(8, 1)', '(27, 14)', '(8, 10)', '(16, 2)', '(10, 16)', '(1, 13)', '(25, 14)', '(20, 2)', '(6, 12)', '(20, 11)', '(23, 16)', '(12, 16)', '(4, 12)', '(27, 7)', '(27, 16)', '(8, 12)', '(19, 12)', '(25, 16)', '(29, 16)', '(6, 14)', '(21, 12)', '(23, 9)', '(4, 14)', '(27, 9)', '(10, 2)', '(8, 14)', '(10, 11)', '(11, 10)', '(2, 7)', '(25, 9)', '(2, 16)', '(23, 2)', '(6, 16)', '(12, 2)', '(12, 11)', '(4, 7)', '(27, 2)', '(4, 16)', '(27, 11)', '(25, 2)', '(30, 16)', '(19, 16)', '(8, 16)', '(10, 13)', '(15, 12)', '(6, 9)', '(7, 8)']",126,0,126
144,"(4, 1)","(5, 1)",West,"[('(5, 1)', 'East', 1), ('(3, 1)', 'West', 1)]","['(34, 15)', '(25, 15)', '(12, 13)', '(14, 11)', '(17, 13)', '(19, 11)', '(27, 1)', '(15, 3)', '(4, 1)']","['(34, 15)', '(25, 15)', '(12, 13)', '(14, 11)', '(17, 13)', '(19, 11)', '(27, 1)', '(15, 3)', '(3, 1)']","['(21, 16)', '(4, 9)', '(27, 4)', '(5, 1)', '(27, 13)', '(17, 12)', '(8, 9)', '(7, 1)', '(1, 15)', '(26, 14)', '(6, 11)', '(21, 9)', '(27, 6)', '(19, 2)', '(9, 1)', '(8, 11)', '(19, 11)', '(11, 16)', '(1, 8)', '(21, 2)', '(26, 16)', '(15, 16)', '(6, 13)', '(18, 12)', '(22, 12)', '(27, 8)', '(28, 16)', '(17, 16)', '(5, 14)', '(32, 16)', '(1, 10)', '(13, 12)', '(24, 12)', '(25, 11)', '(26, 9)', '(34, 16)', '(3, 10)', '(11, 2)', '(5, 16)', '(9, 14)', '(26, 2)', '(15, 2)', '(1, 12)', '(26, 11)', '(18, 16)', '(7, 16)', '(20, 10)', '(17, 2)', '(22, 16)', '(14, 12)', '(4, 11)', '(9, 16)', '(6, 1)', '(24, 16)', '(13, 16)', '(1, 14)', '(16, 12)', '(25, 15)', '(20, 12)', '(22, 9)', '(4, 13)', '(10, 1)', '(8, 13)', '(10, 10)', '(1, 7)', '(24, 9)', '(18, 2)', '(1, 16)', '(22, 2)', '(12, 10)', '(3, 7)', '(14, 16)', '(3, 16)', '(24, 2)', '(13, 2)', '(10, 12)', '(1, 9)', '(24, 11)', '(16, 16)', '(6, 8)', '(31, 16)', '(20, 16)', '(12, 12)', '(23, 12)', '(4, 8)', '(27, 3)', '(27, 12)', '(8, 8)', '(33, 16)', '(1, 11)', '(10, 14)', '(6, 10)', '(20, 9)', '(14, 2)', '(4, 1)', '(4, 10)', '(27, 5)', '(8, 1)', '(27, 14)', '(8, 10)', '(16, 2)', '(10, 16)', '(1, 13)', '(25, 14)', '(20, 2)', '(6, 12)', '(20, 11)', '(23, 16)', '(12, 16)', '(4, 12)', '(27, 7)', '(27, 16)', '(8, 12)', '(19, 12)', '(25, 16)', '(29, 16)', '(6, 14)', '(21, 12)', '(23, 9)', '(4, 14)', '(27, 9)', '(10, 2)', '(8, 14)', '(10, 11)', '(11, 10)', '(2, 7)', '(25, 9)', '(2, 16)', '(23, 2)', '(6, 16)', '(12, 2)', '(12, 11)', '(4, 7)', '(27, 2)', '(4, 16)', '(27, 11)', '(25, 2)', '(30, 16)', '(19, 16)', '(8, 16)', '(10, 13)', '(15, 12)', '(6, 9)', '(7, 8)']",127,0,127
145,"(3, 1)","(4, 1)",West,"[('(4, 1)', 'East', 1), ('(2, 1)', 'West', 1)]","['(34, 15)', '(25, 15)', '(12, 13)', '(14, 11)', '(17, 13)', '(19, 11)', '(27, 1)', '(15, 3)', '(3, 1)']","['(34, 15)', '(25, 15)', '(12, 13)', '(14, 11)', '(17, 13)', '(19, 11)', '(27, 1)', '(15, 3)', '(2, 1)']","['(21, 16)', '(4, 9)', '(27, 4)', '(5, 1)', '(27, 13)', '(17, 12)', '(8, 9)', '(7, 1)', '(1, 15)', '(26, 14)', '(6, 11)', '(21, 9)', '(27, 6)', '(19, 2)', '(9, 1)', '(8, 11)', '(19, 11)', '(11, 16)', '(1, 8)', '(21, 2)', '(26, 16)', '(15, 16)', '(6, 13)', '(18, 12)', '(22, 12)', '(27, 8)', '(28, 16)', '(17, 16)', '(5, 14)', '(32, 16)', '(1, 10)', '(13, 12)', '(24, 12)', '(25, 11)', '(26, 9)', '(3, 1)', '(34, 16)', '(3, 10)', '(11, 2)', '(5, 16)', '(9, 14)', '(26, 2)', '(15, 2)', '(1, 12)', '(26, 11)', '(18, 16)', '(7, 16)', '(20, 10)', '(17, 2)', '(22, 16)', '(14, 12)', '(4, 11)', '(9, 16)', '(6, 1)', '(24, 16)', '(13, 16)', '(1, 14)', '(16, 12)', '(25, 15)', '(20, 12)', '(22, 9)', '(4, 13)', '(10, 1)', '(8, 13)', '(10, 10)', '(1, 7)', '(24, 9)', '(18, 2)', '(1, 16)', '(22, 2)', '(12, 10)', '(3, 7)', '(14, 16)', '(3, 16)', '(24, 2)', '(13, 2)', '(10, 12)', '(1, 9)', '(24, 11)', '(16, 16)', '(6, 8)', '(31, 16)', '(20, 16)', '(12, 12)', '(23, 12)', '(4, 8)', '(27, 3)', '(27, 12)', '(8, 8)', '(33, 16)', '(1, 11)', '(10, 14)', '(6, 10)', '(20, 9)', '(14, 2)', '(4, 1)', '(4, 10)', '(27, 5)', '(8, 1)', '(27, 14)', '(8, 10)', '(16, 2)', '(10, 16)', '(1, 13)', '(25, 14)', '(20, 2)', '(6, 12)', '(20, 11)', '(23, 16)', '(12, 16)', '(4, 12)', '(27, 7)', '(27, 16)', '(8, 12)', '(19, 12)', '(25, 16)', '(29, 16)', '(6, 14)', '(21, 12)', '(23, 9)', '(4, 14)', '(27, 9)', '(10, 2)', '(8, 14)', '(10, 11)', '(11, 10)', '(2, 7)', '(25, 9)', '(2, 16)', '(23, 2)', '(6, 16)', '(12, 2)', '(12, 11)', '(4, 7)', '(27, 2)', '(4, 16)', '(27, 11)', '(25, 2)', '(30, 16)', '(19, 16)', '(8, 16)', '(10, 13)', '(15, 12)', '(6, 9)', '(7, 8)']",128,0,128
146,"(2, 1)","(3, 1)",West,"[('(3, 1)', 'East', 1), ('(1, 1)', 'West', 1)]","['(34, 15)', '(25, 15)', '(12, 13)', '(14, 11)', '(17, 13)', '(19, 11)', '(27, 1)', '(15, 3)', '(2, 1)']","['(34, 15)', '(25, 15)', '(12, 13)', '(14, 11)', '(17, 13)', '(19, 11)', '(27, 1)', '(15, 3)', '(1, 1)']","['(21, 16)', '(4, 9)', '(27, 4)', '(5, 1)', '(27, 13)', '(17, 12)', '(8, 9)', '(7, 1)', '(1, 15)', '(26, 14)', '(6, 11)', '(21, 9)', '(27, 6)', '(19, 2)', '(9, 1)', '(8, 11)', '(19, 11)', '(11, 16)', '(1, 8)', '(21, 2)', '(26, 16)', '(15, 16)', '(6, 13)', '(18, 12)', '(22, 12)', '(27, 8)', '(28, 16)', '(17, 16)', '(5, 14)', '(32, 16)', '(1, 10)', '(13, 12)', '(24, 12)', '(25, 11)', '(26, 9)', '(3, 1)', '(34, 16)', '(3, 10)', '(11, 2)', '(5, 16)', '(9, 14)', '(26, 2)', '(15, 2)', '(1, 12)', '(26, 11)', '(18, 16)', '(7, 16)', '(20, 10)', '(17, 2)', '(22, 16)', '(14, 12)', '(4, 11)', '(9, 16)', '(6, 1)', '(24, 16)', '(13, 16)', '(1, 14)', '(16, 12)', '(25, 15)', '(20, 12)', '(22, 9)', '(4, 13)', '(10, 1)', '(8, 13)', '(10, 10)', '(1, 7)', '(24, 9)', '(18, 2)', '(1, 16)', '(22, 2)', '(12, 10)', '(3, 7)', '(14, 16)', '(3, 16)', '(24, 2)', '(13, 2)', '(10, 12)', '(1, 9)', '(24, 11)', '(16, 16)', '(6, 8)', '(31, 16)', '(20, 16)', '(12, 12)', '(23, 12)', '(4, 8)', '(27, 3)', '(27, 12)', '(8, 8)', '(2, 1)', '(33, 16)', '(1, 11)', '(10, 14)', '(6, 10)', '(20, 9)', '(14, 2)', '(4, 1)', '(4, 10)', '(27, 5)', '(8, 1)', '(27, 14)', '(8, 10)', '(16, 2)', '(10, 16)', '(1, 13)', '(25, 14)', '(20, 2)', '(6, 12)', '(20, 11)', '(23, 16)', '(12, 16)', '(4, 12)', '(27, 7)', '(27, 16)', '(8, 12)', '(19, 12)', '(25, 16)', '(29, 16)', '(6, 14)', '(21, 12)', '(23, 9)', '(4, 14)', '(27, 9)', '(10, 2)', '(8, 14)', '(10, 11)', '(11, 10)', '(2, 7)', '(25, 9)', '(2, 16)', '(23, 2)', '(6, 16)', '(12, 2)', '(12, 11)', '(4, 7)', '(27, 2)', '(4, 16)', '(27, 11)', '(25, 2)', '(30, 16)', '(19, 16)', '(8, 16)', '(10, 13)', '(15, 12)', '(6, 9)', '(7, 8)']",129,0,129
147,"(1, 1)","(2, 1)",West,[],"['(34, 15)', '(25, 15)', '(12, 13)', '(14, 11)', '(17, 13)', '(19, 11)', '(27, 1)', '(15, 3)', '(1, 1)']","['(34, 15)', '(25, 15)', '(12, 13)', '(14, 11)', '(17, 13)', '(19, 11)', '(27, 1)', '(15, 3)']","['(21, 16)', '(4, 9)', '(27, 4)', '(5, 1)', '(27, 13)', '(17, 12)', '(8, 9)', '(7, 1)', '(1, 15)', '(26, 14)', '(6, 11)', '(21, 9)', '(27, 6)', '(19, 2)', '(9, 1)', '(8, 11)', '(19, 11)', '(11, 16)', '(1, 8)', '(21, 2)', '(26, 16)', '(15, 16)', '(6, 13)', '(18, 12)', '(22, 12)', '(27, 8)', '(28, 16)', '(17, 16)', '(5, 14)', '(32, 16)', '(1, 10)', '(13, 12)', '(24, 12)', '(25, 11)', '(26, 9)', '(3, 1)', '(34, 16)', '(3, 10)', '(11, 2)', '(5, 16)', '(9, 14)', '(26, 2)', '(15, 2)', '(1, 12)', '(26, 11)', '(18, 16)', '(7, 16)', '(20, 10)', '(17, 2)', '(22, 16)', '(14, 12)', '(4, 11)', '(9, 16)', '(6, 1)', '(24, 16)', '(13, 16)', '(1, 14)', '(16, 12)', '(25, 15)', '(20, 12)', '(22, 9)', '(4, 13)', '(10, 1)', '(8, 13)', '(10, 10)', '(1, 7)', '(24, 9)', '(18, 2)', '(1, 16)', '(22, 2)', '(12, 10)', '(3, 7)', '(14, 16)', '(3, 16)', '(24, 2)', '(13, 2)', '(10, 12)', '(1, 9)', '(24, 11)', '(16, 16)', '(6, 8)', '(31, 16)', '(20, 16)', '(12, 12)', '(23, 12)', '(4, 8)', '(27, 3)', '(27, 12)', '(8, 8)', '(2, 1)', '(33, 16)', '(1, 11)', '(10, 14)', '(6, 10)', '(20, 9)', '(14, 2)', '(4, 1)', '(4, 10)', '(27, 5)', '(8, 1)', '(27, 14)', '(8, 10)', '(16, 2)', '(10, 16)', '(1, 13)', '(25, 14)', '(20, 2)', '(6, 12)', '(20, 11)', '(23, 16)', '(12, 16)', '(4, 12)', '(27, 7)', '(27, 16)', '(8, 12)', '(19, 12)', '(25, 16)', '(29, 16)', '(6, 14)', '(21, 12)', '(23, 9)', '(4, 14)', '(27, 9)', '(10, 2)', '(8, 14)', '(10, 11)', '(11, 10)', '(2, 7)', '(25, 9)', '(2, 16)', '(23, 2)', '(6, 16)', '(12, 2)', '(12, 11)', '(4, 7)', '(27, 2)', '(4, 16)', '(27, 11)', '(25, 2)', '(30, 16)', '(19, 16)', '(8, 16)', '(10, 13)', '(15, 12)', '(6, 9)', '(7, 8)']",130,0,130
