iteration,expanded_state,parent,action,generated_successors,frontier_before,frontier_after,explored,g,h,f
<<<<<<< HEAD
1,"(34, 16)",START,None,"[('(34, 15)', 'South', 17179869184), ('(33, 16)', 'West', 8589934592)]","['(34, 16)']","['(33, 16)', '(34, 15)']","['(34, 16)']",0,0,0
2,"(33, 16)","(34, 16)",West,"[('(34, 16)', 'East', 17179869184), ('(32, 16)', 'West', 4294967296)]","['(33, 16)', '(34, 15)']","['(32, 16)', '(34, 15)']","['(34, 16)', '(33, 16)']",8589934592,0,8589934592
3,"(32, 16)","(33, 16)",West,"[('(33, 16)', 'East', 8589934592), ('(31, 16)', 'West', 2147483648)]","['(32, 16)', '(34, 15)']","['(31, 16)', '(34, 15)']","['(34, 16)', '(32, 16)', '(33, 16)']",12884901888,0,12884901888
4,"(31, 16)","(32, 16)",West,"[('(32, 16)', 'East', 4294967296), ('(30, 16)', 'West', 1073741824)]","['(31, 16)', '(34, 15)']","['(30, 16)', '(34, 15)']","['(31, 16)', '(34, 16)', '(32, 16)', '(33, 16)']",15032385536,0,15032385536
5,"(30, 16)","(31, 16)",West,"[('(31, 16)', 'East', 2147483648), ('(29, 16)', 'West', 536870912)]","['(30, 16)', '(34, 15)']","['(29, 16)', '(34, 15)']","['(33, 16)', '(34, 16)', '(30, 16)', '(31, 16)', '(32, 16)']",16106127360,0,16106127360
6,"(29, 16)","(30, 16)",West,"[('(30, 16)', 'East', 1073741824), ('(28, 16)', 'West', 268435456)]","['(29, 16)', '(34, 15)']","['(28, 16)', '(34, 15)']","['(33, 16)', '(34, 16)', '(29, 16)', '(30, 16)', '(31, 16)', '(32, 16)']",16642998272,0,16642998272
7,"(28, 16)","(29, 16)",West,"[('(29, 16)', 'East', 536870912), ('(27, 16)', 'West', 134217728)]","['(28, 16)', '(34, 15)']","['(27, 16)', '(34, 15)']","['(33, 16)', '(28, 16)', '(34, 16)', '(29, 16)', '(30, 16)', '(31, 16)', '(32, 16)']",16911433728,0,16911433728
8,"(27, 16)","(28, 16)",West,"[('(28, 16)', 'East', 268435456), ('(26, 16)', 'West', 67108864)]","['(27, 16)', '(34, 15)']","['(26, 16)', '(34, 15)']","['(33, 16)', '(28, 16)', '(34, 16)', '(29, 16)', '(30, 16)', '(31, 16)', '(32, 16)', '(27, 16)']",17045651456,0,17045651456
9,"(26, 16)","(27, 16)",West,"[('(27, 16)', 'East', 134217728), ('(25, 16)', 'West', 33554432)]","['(26, 16)', '(34, 15)']","['(25, 16)', '(34, 15)']","['(33, 16)', '(28, 16)', '(34, 16)', '(29, 16)', '(30, 16)', '(31, 16)', '(26, 16)', '(32, 16)', '(27, 16)']",17112760320,0,17112760320
10,"(25, 16)","(26, 16)",West,"[('(25, 15)', 'South', 33554432), ('(26, 16)', 'East', 67108864), ('(24, 16)', 'West', 16777216)]","['(25, 16)', '(34, 15)']","['(24, 16)', '(25, 15)', '(34, 15)']","['(25, 16)', '(33, 16)', '(28, 16)', '(34, 16)', '(29, 16)', '(30, 16)', '(31, 16)', '(26, 16)', '(32, 16)', '(27, 16)']",17146314752,0,17146314752
11,"(24, 16)","(25, 16)",West,"[('(25, 16)', 'East', 33554432), ('(23, 16)', 'West', 8388608)]","['(24, 16)', '(25, 15)', '(34, 15)']","['(23, 16)', '(25, 15)', '(34, 15)']","['(25, 16)', '(33, 16)', '(28, 16)', '(34, 16)', '(29, 16)', '(24, 16)', '(30, 16)', '(31, 16)', '(26, 16)', '(32, 16)', '(27, 16)']",17163091968,0,17163091968
12,"(23, 16)","(24, 16)",West,"[('(24, 16)', 'East', 16777216), ('(22, 16)', 'West', 4194304)]","['(23, 16)', '(25, 15)', '(34, 15)']","['(22, 16)', '(25, 15)', '(34, 15)']","['(25, 16)', '(33, 16)', '(28, 16)', '(23, 16)', '(34, 16)', '(29, 16)', '(24, 16)', '(30, 16)', '(31, 16)', '(26, 16)', '(32, 16)', '(27, 16)']",17171480576,0,17171480576
13,"(22, 16)","(23, 16)",West,"[('(23, 16)', 'East', 8388608), ('(21, 16)', 'West', 2097152)]","['(22, 16)', '(25, 15)', '(34, 15)']","['(21, 16)', '(25, 15)', '(34, 15)']","['(25, 16)', '(33, 16)', '(28, 16)', '(23, 16)', '(34, 16)', '(29, 16)', '(24, 16)', '(30, 16)', '(31, 16)', '(26, 16)', '(32, 16)', '(27, 16)', '(22, 16)']",17175674880,0,17175674880
14,"(21, 16)","(22, 16)",West,"[('(22, 16)', 'East', 4194304), ('(20, 16)', 'West', 1048576)]","['(21, 16)', '(25, 15)', '(34, 15)']","['(20, 16)', '(25, 15)', '(34, 15)']","['(25, 16)', '(21, 16)', '(33, 16)', '(28, 16)', '(23, 16)', '(34, 16)', '(29, 16)', '(24, 16)', '(30, 16)', '(31, 16)', '(26, 16)', '(32, 16)', '(27, 16)', '(22, 16)']",17177772032,0,17177772032
15,"(20, 16)","(21, 16)",West,"[('(21, 16)', 'East', 2097152), ('(19, 16)', 'West', 524288)]","['(20, 16)', '(25, 15)', '(34, 15)']","['(19, 16)', '(25, 15)', '(34, 15)']","['(25, 16)', '(21, 16)', '(33, 16)', '(28, 16)', '(23, 16)', '(34, 16)', '(29, 16)', '(24, 16)', '(30, 16)', '(31, 16)', '(26, 16)', '(20, 16)', '(32, 16)', '(27, 16)', '(22, 16)']",17178820608,0,17178820608
16,"(19, 16)","(20, 16)",West,"[('(20, 16)', 'East', 1048576), ('(18, 16)', 'West', 262144)]","['(19, 16)', '(25, 15)', '(34, 15)']","['(18, 16)', '(25, 15)', '(34, 15)']","['(25, 16)', '(21, 16)', '(33, 16)', '(28, 16)', '(23, 16)', '(34, 16)', '(29, 16)', '(24, 16)', '(30, 16)', '(19, 16)', '(31, 16)', '(26, 16)', '(20, 16)', '(32, 16)', '(27, 16)', '(22, 16)']",17179344896,0,17179344896
17,"(18, 16)","(19, 16)",West,"[('(19, 16)', 'East', 524288), ('(17, 16)', 'West', 131072)]","['(18, 16)', '(25, 15)', '(34, 15)']","['(17, 16)', '(25, 15)', '(34, 15)']","['(25, 16)', '(21, 16)', '(33, 16)', '(28, 16)', '(23, 16)', '(34, 16)', '(29, 16)', '(24, 16)', '(30, 16)', '(19, 16)', '(18, 16)', '(31, 16)', '(26, 16)', '(20, 16)', '(32, 16)', '(27, 16)', '(22, 16)']",17179607040,0,17179607040
18,"(17, 16)","(18, 16)",West,"[('(18, 16)', 'East', 262144), ('(16, 16)', 'West', 65536)]","['(17, 16)', '(25, 15)', '(34, 15)']","['(16, 16)', '(25, 15)', '(34, 15)']","['(25, 16)', '(21, 16)', '(33, 16)', '(28, 16)', '(23, 16)', '(34, 16)', '(29, 16)', '(24, 16)', '(30, 16)', '(19, 16)', '(18, 16)', '(31, 16)', '(26, 16)', '(20, 16)', '(32, 16)', '(27, 16)', '(22, 16)', '(17, 16)']",17179738112,0,17179738112
19,"(16, 16)","(17, 16)",West,"[('(17, 16)', 'East', 131072), ('(15, 16)', 'West', 32768)]","['(16, 16)', '(25, 15)', '(34, 15)']","['(15, 16)', '(25, 15)', '(34, 15)']","['(21, 16)', '(23, 16)', '(34, 16)', '(27, 16)', '(25, 16)', '(16, 16)', '(18, 16)', '(29, 16)', '(31, 16)', '(20, 16)', '(22, 16)', '(33, 16)', '(24, 16)', '(26, 16)', '(28, 16)', '(17, 16)', '(30, 16)', '(19, 16)', '(32, 16)']",17179803648,0,17179803648
20,"(15, 16)","(16, 16)",West,"[('(16, 16)', 'East', 65536), ('(14, 16)', 'West', 16384)]","['(15, 16)', '(25, 15)', '(34, 15)']","['(14, 16)', '(25, 15)', '(34, 15)']","['(21, 16)', '(23, 16)', '(34, 16)', '(27, 16)', '(25, 16)', '(16, 16)', '(18, 16)', '(29, 16)', '(31, 16)', '(20, 16)', '(22, 16)', '(33, 16)', '(24, 16)', '(26, 16)', '(15, 16)', '(28, 16)', '(17, 16)', '(30, 16)', '(19, 16)', '(32, 16)']",17179836416,0,17179836416
21,"(14, 16)","(15, 16)",West,"[('(15, 16)', 'East', 32768), ('(13, 16)', 'West', 8192)]","['(14, 16)', '(25, 15)', '(34, 15)']","['(13, 16)', '(25, 15)', '(34, 15)']","['(21, 16)', '(23, 16)', '(34, 16)', '(14, 16)', '(27, 16)', '(25, 16)', '(16, 16)', '(18, 16)', '(29, 16)', '(31, 16)', '(20, 16)', '(22, 16)', '(33, 16)', '(24, 16)', '(26, 16)', '(15, 16)', '(28, 16)', '(17, 16)', '(30, 16)', '(19, 16)', '(32, 16)']",17179852800,0,17179852800
22,"(13, 16)","(14, 16)",West,"[('(14, 16)', 'East', 16384), ('(12, 16)', 'West', 4096)]","['(13, 16)', '(25, 15)', '(34, 15)']","['(12, 16)', '(25, 15)', '(34, 15)']","['(21, 16)', '(23, 16)', '(34, 16)', '(14, 16)', '(27, 16)', '(25, 16)', '(16, 16)', '(18, 16)', '(29, 16)', '(31, 16)', '(20, 16)', '(22, 16)', '(33, 16)', '(24, 16)', '(13, 16)', '(26, 16)', '(15, 16)', '(28, 16)', '(17, 16)', '(30, 16)', '(19, 16)', '(32, 16)']",17179860992,0,17179860992
23,"(12, 16)","(13, 16)",West,"[('(13, 16)', 'East', 8192), ('(11, 16)', 'West', 2048)]","['(12, 16)', '(25, 15)', '(34, 15)']","['(11, 16)', '(25, 15)', '(34, 15)']","['(21, 16)', '(23, 16)', '(34, 16)', '(12, 16)', '(14, 16)', '(27, 16)', '(25, 16)', '(16, 16)', '(18, 16)', '(29, 16)', '(31, 16)', '(20, 16)', '(22, 16)', '(33, 16)', '(24, 16)', '(13, 16)', '(26, 16)', '(15, 16)', '(28, 16)', '(17, 16)', '(30, 16)', '(19, 16)', '(32, 16)']",17179865088,0,17179865088
24,"(11, 16)","(12, 16)",West,"[('(12, 16)', 'East', 4096), ('(10, 16)', 'West', 1024)]","['(11, 16)', '(25, 15)', '(34, 15)']","['(10, 16)', '(25, 15)', '(34, 15)']","['(21, 16)', '(23, 16)', '(34, 16)', '(12, 16)', '(14, 16)', '(27, 16)', '(25, 16)', '(16, 16)', '(18, 16)', '(29, 16)', '(31, 16)', '(20, 16)', '(22, 16)', '(11, 16)', '(33, 16)', '(24, 16)', '(13, 16)', '(26, 16)', '(15, 16)', '(28, 16)', '(17, 16)', '(30, 16)', '(19, 16)', '(32, 16)']",17179867136,0,17179867136
25,"(10, 16)","(11, 16)",West,"[('(11, 16)', 'East', 2048), ('(9, 16)', 'West', 512)]","['(10, 16)', '(25, 15)', '(34, 15)']","['(9, 16)', '(25, 15)', '(34, 15)']","['(21, 16)', '(23, 16)', '(34, 16)', '(12, 16)', '(14, 16)', '(27, 16)', '(25, 16)', '(16, 16)', '(18, 16)', '(29, 16)', '(31, 16)', '(20, 16)', '(22, 16)', '(11, 16)', '(33, 16)', '(24, 16)', '(13, 16)', '(26, 16)', '(15, 16)', '(28, 16)', '(17, 16)', '(30, 16)', '(19, 16)', '(10, 16)', '(32, 16)']",17179868160,0,17179868160
26,"(9, 16)","(10, 16)",West,"[('(10, 16)', 'East', 1024), ('(8, 16)', 'West', 256)]","['(9, 16)', '(25, 15)', '(34, 15)']","['(8, 16)', '(25, 15)', '(34, 15)']","['(21, 16)', '(23, 16)', '(34, 16)', '(12, 16)', '(14, 16)', '(27, 16)', '(25, 16)', '(16, 16)', '(18, 16)', '(29, 16)', '(31, 16)', '(20, 16)', '(22, 16)', '(9, 16)', '(11, 16)', '(33, 16)', '(24, 16)', '(13, 16)', '(26, 16)', '(15, 16)', '(28, 16)', '(17, 16)', '(30, 16)', '(19, 16)', '(10, 16)', '(32, 16)']",17179868672,0,17179868672
27,"(8, 16)","(9, 16)",West,"[('(9, 16)', 'East', 512), ('(7, 16)', 'West', 128)]","['(8, 16)', '(25, 15)', '(34, 15)']","['(7, 16)', '(25, 15)', '(34, 15)']","['(21, 16)', '(23, 16)', '(34, 16)', '(12, 16)', '(14, 16)', '(27, 16)', '(25, 16)', '(16, 16)', '(18, 16)', '(29, 16)', '(31, 16)', '(20, 16)', '(22, 16)', '(9, 16)', '(11, 16)', '(33, 16)', '(24, 16)', '(13, 16)', '(26, 16)', '(15, 16)', '(28, 16)', '(17, 16)', '(30, 16)', '(19, 16)', '(8, 16)', '(10, 16)', '(32, 16)']",17179868928,0,17179868928
28,"(7, 16)","(8, 16)",West,"[('(8, 16)', 'East', 256), ('(6, 16)', 'West', 64)]","['(7, 16)', '(25, 15)', '(34, 15)']","['(6, 16)', '(25, 15)', '(34, 15)']","['(21, 16)', '(23, 16)', '(34, 16)', '(12, 16)', '(14, 16)', '(27, 16)', '(25, 16)', '(16, 16)', '(18, 16)', '(29, 16)', '(7, 16)', '(31, 16)', '(20, 16)', '(22, 16)', '(9, 16)', '(11, 16)', '(33, 16)', '(24, 16)', '(13, 16)', '(26, 16)', '(15, 16)', '(28, 16)', '(17, 16)', '(30, 16)', '(19, 16)', '(8, 16)', '(10, 16)', '(32, 16)']",17179869056,0,17179869056
29,"(6, 16)","(7, 16)",West,"[('(7, 16)', 'East', 128), ('(5, 16)', 'West', 32)]","['(6, 16)', '(25, 15)', '(34, 15)']","['(5, 16)', '(25, 15)', '(34, 15)']","['(21, 16)', '(23, 16)', '(34, 16)', '(12, 16)', '(14, 16)', '(27, 16)', '(25, 16)', '(16, 16)', '(18, 16)', '(29, 16)', '(7, 16)', '(31, 16)', '(20, 16)', '(22, 16)', '(9, 16)', '(11, 16)', '(33, 16)', '(24, 16)', '(13, 16)', '(26, 16)', '(15, 16)', '(6, 16)', '(28, 16)', '(17, 16)', '(30, 16)', '(19, 16)', '(8, 16)', '(10, 16)', '(32, 16)']",17179869120,0,17179869120
30,"(5, 16)","(6, 16)",West,"[('(6, 16)', 'East', 64), ('(4, 16)', 'West', 16)]","['(5, 16)', '(25, 15)', '(34, 15)']","['(4, 16)', '(25, 15)', '(34, 15)']","['(21, 16)', '(23, 16)', '(34, 16)', '(12, 16)', '(14, 16)', '(5, 16)', '(27, 16)', '(25, 16)', '(16, 16)', '(18, 16)', '(29, 16)', '(7, 16)', '(31, 16)', '(20, 16)', '(22, 16)', '(9, 16)', '(11, 16)', '(33, 16)', '(24, 16)', '(13, 16)', '(26, 16)', '(15, 16)', '(6, 16)', '(28, 16)', '(17, 16)', '(30, 16)', '(19, 16)', '(8, 16)', '(10, 16)', '(32, 16)']",17179869152,0,17179869152
31,"(4, 16)","(5, 16)",West,"[('(5, 16)', 'East', 32), ('(3, 16)', 'West', 8)]","['(4, 16)', '(25, 15)', '(34, 15)']","['(3, 16)', '(25, 15)', '(34, 15)']","['(21, 16)', '(23, 16)', '(34, 16)', '(12, 16)', '(14, 16)', '(5, 16)', '(27, 16)', '(25, 16)', '(16, 16)', '(18, 16)', '(29, 16)', '(7, 16)', '(31, 16)', '(20, 16)', '(22, 16)', '(9, 16)', '(11, 16)', '(33, 16)', '(24, 16)', '(13, 16)', '(26, 16)', '(15, 16)', '(6, 16)', '(4, 16)', '(28, 16)', '(17, 16)', '(30, 16)', '(19, 16)', '(8, 16)', '(10, 16)', '(32, 16)']",17179869168,0,17179869168
32,"(3, 16)","(4, 16)",West,"[('(4, 16)', 'East', 16), ('(2, 16)', 'West', 4)]","['(3, 16)', '(25, 15)', '(34, 15)']","['(2, 16)', '(25, 15)', '(34, 15)']","['(21, 16)', '(23, 16)', '(34, 16)', '(12, 16)', '(14, 16)', '(3, 16)', '(5, 16)', '(27, 16)', '(25, 16)', '(16, 16)', '(18, 16)', '(29, 16)', '(7, 16)', '(31, 16)', '(20, 16)', '(22, 16)', '(9, 16)', '(11, 16)', '(33, 16)', '(24, 16)', '(13, 16)', '(26, 16)', '(15, 16)', '(6, 16)', '(4, 16)', '(28, 16)', '(17, 16)', '(30, 16)', '(19, 16)', '(8, 16)', '(10, 16)', '(32, 16)']",17179869176,0,17179869176
33,"(2, 16)","(3, 16)",West,"[('(3, 16)', 'East', 8), ('(1, 16)', 'West', 2)]","['(2, 16)', '(25, 15)', '(34, 15)']","['(1, 16)', '(25, 15)', '(34, 15)']","['(21, 16)', '(23, 16)', '(34, 16)', '(12, 16)', '(14, 16)', '(3, 16)', '(5, 16)', '(27, 16)', '(25, 16)', '(16, 16)', '(18, 16)', '(29, 16)', '(7, 16)', '(31, 16)', '(20, 16)', '(22, 16)', '(9, 16)', '(11, 16)', '(33, 16)', '(2, 16)', '(24, 16)', '(13, 16)', '(26, 16)', '(15, 16)', '(6, 16)', '(4, 16)', '(28, 16)', '(17, 16)', '(30, 16)', '(19, 16)', '(8, 16)', '(10, 16)', '(32, 16)']",17179869180,0,17179869180
34,"(1, 16)","(2, 16)",West,"[('(1, 15)', 'South', 2), ('(2, 16)', 'East', 4)]","['(1, 16)', '(25, 15)', '(34, 15)']","['(34, 15)', '(25, 15)', '(1, 15)']","['(21, 16)', '(23, 16)', '(34, 16)', '(12, 16)', '(14, 16)', '(3, 16)', '(5, 16)', '(27, 16)', '(25, 16)', '(16, 16)', '(18, 16)', '(29, 16)', '(7, 16)', '(31, 16)', '(20, 16)', '(22, 16)', '(9, 16)', '(11, 16)', '(33, 16)', '(2, 16)', '(24, 16)', '(13, 16)', '(26, 16)', '(15, 16)', '(6, 16)', '(4, 16)', '(28, 16)', '(17, 16)', '(30, 16)', '(19, 16)', '(8, 16)', '(10, 16)', '(32, 16)', '(1, 16)']",17179869182,0,17179869182
35,"(34, 15)","(34, 16)",South,"[('(34, 16)', 'North', 17179869184), ('(34, 14)', 'South', 17179869184)]","['(34, 15)', '(25, 15)', '(1, 15)']","['(25, 15)', '(1, 15)', '(34, 14)']","['(21, 16)', '(23, 16)', '(34, 16)', '(12, 16)', '(14, 16)', '(3, 16)', '(5, 16)', '(27, 16)', '(25, 16)', '(16, 16)', '(18, 16)', '(29, 16)', '(7, 16)', '(31, 16)', '(20, 16)', '(22, 16)', '(34, 15)', '(9, 16)', '(11, 16)', '(33, 16)', '(2, 16)', '(24, 16)', '(13, 16)', '(26, 16)', '(15, 16)', '(6, 16)', '(4, 16)', '(28, 16)', '(17, 16)', '(30, 16)', '(19, 16)', '(8, 16)', '(10, 16)', '(32, 16)', '(1, 16)']",17179869184,0,17179869184
36,"(25, 15)","(25, 16)",South,"[('(25, 16)', 'North', 33554432), ('(25, 14)', 'South', 33554432)]","['(25, 15)', '(1, 15)', '(34, 14)']","['(1, 15)', '(34, 14)', '(25, 14)']","['(21, 16)', '(23, 16)', '(34, 16)', '(12, 16)', '(14, 16)', '(3, 16)', '(5, 16)', '(27, 16)', '(25, 16)', '(16, 16)', '(18, 16)', '(29, 16)', '(7, 16)', '(31, 16)', '(20, 16)', '(22, 16)', '(34, 15)', '(9, 16)', '(11, 16)', '(33, 16)', '(2, 16)', '(24, 16)', '(13, 16)', '(25, 15)', '(26, 16)', '(15, 16)', '(6, 16)', '(4, 16)', '(28, 16)', '(17, 16)', '(30, 16)', '(19, 16)', '(8, 16)', '(10, 16)', '(32, 16)', '(1, 16)']",17179869184,0,17179869184
37,"(1, 15)","(1, 16)",South,"[('(1, 16)', 'North', 2), ('(1, 14)', 'South', 2)]","['(1, 15)', '(34, 14)', '(25, 14)']","['(1, 14)', '(34, 14)', '(25, 14)']","['(21, 16)', '(23, 16)', '(34, 16)', '(12, 16)', '(14, 16)', '(3, 16)', '(5, 16)', '(27, 16)', '(25, 16)', '(16, 16)', '(1, 15)', '(18, 16)', '(29, 16)', '(7, 16)', '(31, 16)', '(20, 16)', '(22, 16)', '(34, 15)', '(9, 16)', '(11, 16)', '(33, 16)', '(2, 16)', '(24, 16)', '(13, 16)', '(25, 15)', '(26, 16)', '(15, 16)', '(6, 16)', '(4, 16)', '(28, 16)', '(17, 16)', '(30, 16)', '(19, 16)', '(8, 16)', '(10, 16)', '(32, 16)', '(1, 16)']",17179869184,0,17179869184
38,"(1, 14)","(1, 15)",South,"[('(1, 15)', 'North', 2), ('(1, 13)', 'South', 2)]","['(1, 14)', '(34, 14)', '(25, 14)']","['(1, 13)', '(34, 14)', '(25, 14)']","['(21, 16)', '(23, 16)', '(34, 16)', '(12, 16)', '(14, 16)', '(3, 16)', '(5, 16)', '(27, 16)', '(25, 16)', '(16, 16)', '(1, 15)', '(18, 16)', '(29, 16)', '(7, 16)', '(31, 16)', '(20, 16)', '(22, 16)', '(34, 15)', '(9, 16)', '(11, 16)', '(33, 16)', '(2, 16)', '(24, 16)', '(13, 16)', '(25, 15)', '(1, 14)', '(26, 16)', '(15, 16)', '(6, 16)', '(4, 16)', '(28, 16)', '(17, 16)', '(30, 16)', '(19, 16)', '(8, 16)', '(10, 16)', '(32, 16)', '(1, 16)']",17179869186,0,17179869186
39,"(1, 13)","(1, 14)",South,"[('(1, 14)', 'North', 2), ('(1, 12)', 'South', 2)]","['(1, 13)', '(34, 14)', '(25, 14)']","['(1, 12)', '(34, 14)', '(25, 14)']","['(21, 16)', '(23, 16)', '(34, 16)', '(12, 16)', '(14, 16)', '(3, 16)', '(5, 16)', '(27, 16)', '(25, 16)', '(16, 16)', '(1, 15)', '(18, 16)', '(29, 16)', '(7, 16)', '(31, 16)', '(20, 16)', '(22, 16)', '(34, 15)', '(9, 16)', '(11, 16)', '(33, 16)', '(2, 16)', '(24, 16)', '(13, 16)', '(25, 15)', '(1, 14)', '(26, 16)', '(15, 16)', '(6, 16)', '(4, 16)', '(28, 16)', '(17, 16)', '(30, 16)', '(19, 16)', '(8, 16)', '(10, 16)', '(32, 16)', '(1, 13)', '(1, 16)']",17179869188,0,17179869188
40,"(1, 12)","(1, 13)",South,"[('(1, 13)', 'North', 2), ('(1, 11)', 'South', 2)]","['(1, 12)', '(34, 14)', '(25, 14)']","['(1, 11)', '(34, 14)', '(25, 14)']","['(21, 16)', '(23, 16)', '(34, 16)', '(12, 16)', '(14, 16)', '(3, 16)', '(5, 16)', '(27, 16)', '(25, 16)', '(1, 12)', '(16, 16)', '(1, 15)', '(18, 16)', '(29, 16)', '(7, 16)', '(31, 16)', '(20, 16)', '(22, 16)', '(34, 15)', '(9, 16)', '(11, 16)', '(33, 16)', '(2, 16)', '(24, 16)', '(13, 16)', '(25, 15)', '(1, 14)', '(26, 16)', '(15, 16)', '(6, 16)', '(4, 16)', '(28, 16)', '(17, 16)', '(30, 16)', '(19, 16)', '(8, 16)', '(10, 16)', '(32, 16)', '(1, 13)', '(1, 16)']",17179869190,0,17179869190
41,"(1, 11)","(1, 12)",South,"[('(1, 12)', 'North', 2), ('(1, 10)', 'South', 2)]","['(1, 11)', '(34, 14)', '(25, 14)']","['(1, 10)', '(34, 14)', '(25, 14)']","['(21, 16)', '(23, 16)', '(34, 16)', '(12, 16)', '(14, 16)', '(3, 16)', '(5, 16)', '(27, 16)', '(25, 16)', '(1, 12)', '(16, 16)', '(1, 15)', '(18, 16)', '(29, 16)', '(7, 16)', '(31, 16)', '(20, 16)', '(22, 16)', '(34, 15)', '(9, 16)', '(11, 16)', '(33, 16)', '(1, 11)', '(2, 16)', '(24, 16)', '(13, 16)', '(25, 15)', '(1, 14)', '(26, 16)', '(15, 16)', '(6, 16)', '(4, 16)', '(28, 16)', '(17, 16)', '(30, 16)', '(19, 16)', '(8, 16)', '(10, 16)', '(32, 16)', '(1, 13)', '(1, 16)']",17179869192,0,17179869192
42,"(1, 10)","(1, 11)",South,"[('(1, 11)', 'North', 2), ('(1, 9)', 'South', 2)]","['(1, 10)', '(34, 14)', '(25, 14)']","['(1, 9)', '(34, 14)', '(25, 14)']","['(21, 16)', '(23, 16)', '(34, 16)', '(12, 16)', '(14, 16)', '(3, 16)', '(5, 16)', '(27, 16)', '(25, 16)', '(1, 12)', '(16, 16)', '(1, 15)', '(18, 16)', '(29, 16)', '(7, 16)', '(31, 16)', '(20, 16)', '(22, 16)', '(34, 15)', '(9, 16)', '(11, 16)', '(33, 16)', '(1, 11)', '(2, 16)', '(24, 16)', '(13, 16)', '(25, 15)', '(1, 14)', '(26, 16)', '(15, 16)', '(6, 16)', '(4, 16)', '(28, 16)', '(17, 16)', '(30, 16)', '(19, 16)', '(8, 16)', '(10, 16)', '(32, 16)', '(1, 13)', '(1, 10)', '(1, 16)']",17179869194,0,17179869194
43,"(1, 9)","(1, 10)",South,"[('(1, 10)', 'North', 2), ('(1, 8)', 'South', 2)]","['(1, 9)', '(34, 14)', '(25, 14)']","['(1, 8)', '(34, 14)', '(25, 14)']","['(21, 16)', '(23, 16)', '(34, 16)', '(12, 16)', '(14, 16)', '(3, 16)', '(5, 16)', '(27, 16)', '(1, 9)', '(25, 16)', '(1, 12)', '(16, 16)', '(1, 15)', '(18, 16)', '(29, 16)', '(7, 16)', '(31, 16)', '(20, 16)', '(22, 16)', '(34, 15)', '(9, 16)', '(11, 16)', '(33, 16)', '(1, 11)', '(2, 16)', '(24, 16)', '(13, 16)', '(25, 15)', '(1, 14)', '(26, 16)', '(15, 16)', '(6, 16)', '(4, 16)', '(28, 16)', '(17, 16)', '(30, 16)', '(19, 16)', '(8, 16)', '(10, 16)', '(32, 16)', '(1, 13)', '(1, 10)', '(1, 16)']",17179869196,0,17179869196
44,"(1, 8)","(1, 9)",South,"[('(1, 9)', 'North', 2), ('(1, 7)', 'South', 2)]","['(1, 8)', '(34, 14)', '(25, 14)']","['(1, 7)', '(34, 14)', '(25, 14)']","['(21, 16)', '(23, 16)', '(34, 16)', '(12, 16)', '(14, 16)', '(3, 16)', '(5, 16)', '(27, 16)', '(1, 9)', '(25, 16)', '(1, 12)', '(16, 16)', '(1, 15)', '(18, 16)', '(29, 16)', '(7, 16)', '(31, 16)', '(20, 16)', '(22, 16)', '(34, 15)', '(9, 16)', '(11, 16)', '(33, 16)', '(1, 11)', '(2, 16)', '(24, 16)', '(13, 16)', '(25, 15)', '(1, 14)', '(1, 8)', '(26, 16)', '(15, 16)', '(6, 16)', '(4, 16)', '(28, 16)', '(17, 16)', '(30, 16)', '(19, 16)', '(8, 16)', '(10, 16)', '(32, 16)', '(1, 13)', '(1, 10)', '(1, 16)']",17179869198,0,17179869198
45,"(1, 7)","(1, 8)",South,"[('(1, 8)', 'North', 2), ('(2, 7)', 'East', 4)]","['(1, 7)', '(34, 14)', '(25, 14)']","['(2, 7)', '(34, 14)', '(25, 14)']","['(21, 16)', '(23, 16)', '(34, 16)', '(12, 16)', '(14, 16)', '(3, 16)', '(5, 16)', '(27, 16)', '(1, 9)', '(25, 16)', '(1, 12)', '(16, 16)', '(1, 15)', '(18, 16)', '(29, 16)', '(7, 16)', '(31, 16)', '(20, 16)', '(22, 16)', '(34, 15)', '(9, 16)', '(11, 16)', '(33, 16)', '(1, 11)', '(2, 16)', '(24, 16)', '(13, 16)', '(25, 15)', '(1, 14)', '(1, 8)', '(26, 16)', '(15, 16)', '(6, 16)', '(4, 16)', '(28, 16)', '(17, 16)', '(30, 16)', '(19, 16)', '(8, 16)', '(10, 16)', '(32, 16)', '(1, 13)', '(1, 7)', '(1, 10)', '(1, 16)']",17179869200,0,17179869200
46,"(2, 7)","(1, 7)",East,"[('(3, 7)', 'East', 8), ('(1, 7)', 'West', 2)]","['(2, 7)', '(34, 14)', '(25, 14)']","['(3, 7)', '(34, 14)', '(25, 14)']","['(21, 16)', '(23, 16)', '(34, 16)', '(12, 16)', '(14, 16)', '(3, 16)', '(5, 16)', '(27, 16)', '(1, 9)', '(25, 16)', '(1, 12)', '(16, 16)', '(1, 15)', '(18, 16)', '(29, 16)', '(7, 16)', '(31, 16)', '(20, 16)', '(22, 16)', '(34, 15)', '(9, 16)', '(11, 16)', '(33, 16)', '(1, 11)', '(2, 7)', '(2, 16)', '(24, 16)', '(13, 16)', '(25, 15)', '(1, 14)', '(1, 8)', '(26, 16)', '(15, 16)', '(6, 16)', '(4, 16)', '(28, 16)', '(17, 16)', '(30, 16)', '(19, 16)', '(8, 16)', '(10, 16)', '(32, 16)', '(1, 13)', '(1, 7)', '(1, 10)', '(1, 16)']",17179869204,0,17179869204
47,"(3, 7)","(2, 7)",East,"[('(4, 7)', 'East', 16), ('(2, 7)', 'West', 4)]","['(3, 7)', '(34, 14)', '(25, 14)']","['(4, 7)', '(34, 14)', '(25, 14)']","['(21, 16)', '(23, 16)', '(34, 16)', '(12, 16)', '(3, 7)', '(14, 16)', '(3, 16)', '(5, 16)', '(27, 16)', '(1, 9)', '(25, 16)', '(1, 12)', '(16, 16)', '(1, 15)', '(18, 16)', '(29, 16)', '(7, 16)', '(31, 16)', '(20, 16)', '(22, 16)', '(34, 15)', '(9, 16)', '(11, 16)', '(33, 16)', '(1, 11)', '(2, 7)', '(2, 16)', '(24, 16)', '(13, 16)', '(25, 15)', '(1, 14)', '(1, 8)', '(26, 16)', '(15, 16)', '(6, 16)', '(4, 16)', '(28, 16)', '(17, 16)', '(30, 16)', '(19, 16)', '(8, 16)', '(10, 16)', '(32, 16)', '(1, 13)', '(1, 7)', '(1, 10)', '(1, 16)']",17179869212,0,17179869212
48,"(4, 7)","(3, 7)",East,"[('(4, 8)', 'North', 16), ('(3, 7)', 'West', 8)]","['(4, 7)', '(34, 14)', '(25, 14)']","['(4, 8)', '(34, 14)', '(25, 14)']","['(21, 16)', '(23, 16)', '(34, 16)', '(12, 16)', '(3, 7)', '(14, 16)', '(3, 16)', '(5, 16)', '(27, 16)', '(1, 9)', '(25, 16)', '(1, 12)', '(16, 16)', '(1, 15)', '(18, 16)', '(29, 16)', '(7, 16)', '(31, 16)', '(20, 16)', '(22, 16)', '(34, 15)', '(9, 16)', '(11, 16)', '(33, 16)', '(1, 11)', '(2, 7)', '(2, 16)', '(24, 16)', '(13, 16)', '(25, 15)', '(1, 14)', '(1, 8)', '(26, 16)', '(15, 16)', '(6, 16)', '(4, 7)', '(4, 16)', '(28, 16)', '(17, 16)', '(30, 16)', '(19, 16)', '(8, 16)', '(10, 16)', '(32, 16)', '(1, 13)', '(1, 7)', '(1, 10)', '(1, 16)']",17179869228,0,17179869228
49,"(4, 8)","(4, 7)",North,"[('(4, 9)', 'North', 16), ('(4, 7)', 'South', 16)]","['(4, 8)', '(34, 14)', '(25, 14)']","['(4, 9)', '(34, 14)', '(25, 14)']","['(21, 16)', '(23, 16)', '(34, 16)', '(12, 16)', '(3, 7)', '(14, 16)', '(3, 16)', '(5, 16)', '(27, 16)', '(1, 9)', '(25, 16)', '(1, 12)', '(16, 16)', '(1, 15)', '(18, 16)', '(29, 16)', '(7, 16)', '(31, 16)', '(20, 16)', '(22, 16)', '(4, 8)', '(34, 15)', '(9, 16)', '(11, 16)', '(33, 16)', '(1, 11)', '(2, 7)', '(2, 16)', '(24, 16)', '(13, 16)', '(25, 15)', '(1, 14)', '(1, 8)', '(26, 16)', '(15, 16)', '(6, 16)', '(4, 7)', '(4, 16)', '(28, 16)', '(17, 16)', '(30, 16)', '(19, 16)', '(8, 16)', '(10, 16)', '(32, 16)', '(1, 13)', '(1, 7)', '(1, 10)', '(1, 16)']",17179869244,0,17179869244
50,"(4, 9)","(4, 8)",North,"[('(4, 10)', 'North', 16), ('(4, 8)', 'South', 16)]","['(4, 9)', '(34, 14)', '(25, 14)']","['(4, 10)', '(34, 14)', '(25, 14)']","['(21, 16)', '(4, 9)', '(23, 16)', '(34, 16)', '(12, 16)', '(3, 7)', '(14, 16)', '(3, 16)', '(5, 16)', '(27, 16)', '(1, 9)', '(25, 16)', '(1, 12)', '(16, 16)', '(1, 15)', '(18, 16)', '(29, 16)', '(7, 16)', '(31, 16)', '(20, 16)', '(22, 16)', '(4, 8)', '(34, 15)', '(9, 16)', '(11, 16)', '(33, 16)', '(1, 11)', '(2, 7)', '(2, 16)', '(24, 16)', '(13, 16)', '(25, 15)', '(1, 14)', '(1, 8)', '(26, 16)', '(15, 16)', '(6, 16)', '(4, 7)', '(4, 16)', '(28, 16)', '(17, 16)', '(30, 16)', '(19, 16)', '(8, 16)', '(10, 16)', '(32, 16)', '(1, 13)', '(1, 7)', '(1, 10)', '(1, 16)']",17179869260,0,17179869260
51,"(4, 10)","(4, 9)",North,"[('(4, 11)', 'North', 16), ('(4, 9)', 'South', 16), ('(3, 10)', 'West', 8)]","['(4, 10)', '(34, 14)', '(25, 14)']","['(3, 10)', '(4, 11)', '(25, 14)', '(34, 14)']","['(21, 16)', '(4, 9)', '(23, 16)', '(34, 16)', '(12, 16)', '(3, 7)', '(14, 16)', '(3, 16)', '(5, 16)', '(27, 16)', '(1, 9)', '(25, 16)', '(1, 12)', '(16, 16)', '(1, 15)', '(18, 16)', '(29, 16)', '(7, 16)', '(31, 16)', '(20, 16)', '(22, 16)', '(4, 8)', '(34, 15)', '(9, 16)', '(11, 16)', '(33, 16)', '(1, 11)', '(2, 7)', '(2, 16)', '(24, 16)', '(13, 16)', '(25, 15)', '(1, 14)', '(1, 8)', '(26, 16)', '(15, 16)', '(6, 16)', '(4, 7)', '(4, 10)', '(4, 16)', '(28, 16)', '(17, 16)', '(30, 16)', '(19, 16)', '(8, 16)', '(10, 16)', '(32, 16)', '(1, 13)', '(1, 7)', '(1, 10)', '(1, 16)']",17179869276,0,17179869276
52,"(3, 10)","(4, 10)",West,"[('(4, 10)', 'East', 16)]","['(3, 10)', '(4, 11)', '(25, 14)', '(34, 14)']","['(4, 11)', '(34, 14)', '(25, 14)']","['(21, 16)', '(4, 9)', '(23, 16)', '(34, 16)', '(12, 16)', '(3, 7)', '(3, 10)', '(14, 16)', '(3, 16)', '(5, 16)', '(27, 16)', '(1, 9)', '(25, 16)', '(1, 12)', '(16, 16)', '(1, 15)', '(18, 16)', '(29, 16)', '(7, 16)', '(31, 16)', '(20, 16)', '(22, 16)', '(4, 8)', '(34, 15)', '(9, 16)', '(11, 16)', '(33, 16)', '(1, 11)', '(2, 7)', '(2, 16)', '(24, 16)', '(13, 16)', '(25, 15)', '(1, 14)', '(1, 8)', '(26, 16)', '(15, 16)', '(6, 16)', '(4, 7)', '(4, 10)', '(4, 16)', '(28, 16)', '(17, 16)', '(30, 16)', '(19, 16)', '(8, 16)', '(10, 16)', '(32, 16)', '(1, 13)', '(1, 7)', '(1, 10)', '(1, 16)']",17179869284,0,17179869284
53,"(4, 11)","(4, 10)",North,"[('(4, 12)', 'North', 16), ('(4, 10)', 'South', 16)]","['(4, 11)', '(34, 14)', '(25, 14)']","['(4, 12)', '(34, 14)', '(25, 14)']","['(21, 16)', '(4, 9)', '(23, 16)', '(34, 16)', '(12, 16)', '(3, 7)', '(3, 10)', '(14, 16)', '(3, 16)', '(5, 16)', '(27, 16)', '(1, 9)', '(25, 16)', '(1, 12)', '(16, 16)', '(1, 15)', '(18, 16)', '(29, 16)', '(7, 16)', '(31, 16)', '(20, 16)', '(22, 16)', '(4, 8)', '(34, 15)', '(4, 11)', '(9, 16)', '(11, 16)', '(33, 16)', '(1, 11)', '(2, 7)', '(2, 16)', '(24, 16)', '(13, 16)', '(25, 15)', '(1, 14)', '(1, 8)', '(26, 16)', '(15, 16)', '(6, 16)', '(4, 7)', '(4, 10)', '(4, 16)', '(28, 16)', '(17, 16)', '(30, 16)', '(19, 16)', '(8, 16)', '(10, 16)', '(32, 16)', '(1, 13)', '(1, 7)', '(1, 10)', '(1, 16)']",17179869292,0,17179869292
54,"(4, 12)","(4, 11)",North,"[('(4, 13)', 'North', 16), ('(4, 11)', 'South', 16)]","['(4, 12)', '(34, 14)', '(25, 14)']","['(4, 13)', '(34, 14)', '(25, 14)']","['(21, 16)', '(4, 9)', '(23, 16)', '(34, 16)', '(12, 16)', '(3, 7)', '(3, 10)', '(14, 16)', '(3, 16)', '(4, 12)', '(5, 16)', '(27, 16)', '(1, 9)', '(25, 16)', '(1, 12)', '(16, 16)', '(1, 15)', '(18, 16)', '(29, 16)', '(7, 16)', '(31, 16)', '(20, 16)', '(22, 16)', '(4, 8)', '(34, 15)', '(4, 11)', '(9, 16)', '(11, 16)', '(33, 16)', '(1, 11)', '(2, 7)', '(2, 16)', '(24, 16)', '(13, 16)', '(25, 15)', '(1, 14)', '(1, 8)', '(26, 16)', '(15, 16)', '(6, 16)', '(4, 7)', '(4, 10)', '(4, 16)', '(28, 16)', '(17, 16)', '(30, 16)', '(19, 16)', '(8, 16)', '(10, 16)', '(32, 16)', '(1, 13)', '(1, 7)', '(1, 10)', '(1, 16)']",17179869308,0,17179869308
55,"(4, 13)","(4, 12)",North,"[('(4, 14)', 'North', 16), ('(4, 12)', 'South', 16)]","['(4, 13)', '(34, 14)', '(25, 14)']","['(4, 14)', '(34, 14)', '(25, 14)']","['(21, 16)', '(4, 9)', '(23, 16)', '(34, 16)', '(12, 16)', '(3, 7)', '(3, 10)', '(14, 16)', '(3, 16)', '(4, 12)', '(5, 16)', '(27, 16)', '(1, 9)', '(25, 16)', '(1, 12)', '(16, 16)', '(1, 15)', '(18, 16)', '(29, 16)', '(7, 16)', '(31, 16)', '(20, 16)', '(22, 16)', '(4, 8)', '(34, 15)', '(4, 11)', '(9, 16)', '(11, 16)', '(33, 16)', '(1, 11)', '(2, 7)', '(2, 16)', '(24, 16)', '(13, 16)', '(25, 15)', '(1, 14)', '(1, 8)', '(26, 16)', '(15, 16)', '(6, 16)', '(4, 7)', '(4, 10)', '(4, 16)', '(4, 13)', '(28, 16)', '(17, 16)', '(30, 16)', '(19, 16)', '(8, 16)', '(10, 16)', '(32, 16)', '(1, 13)', '(1, 7)', '(1, 10)', '(1, 16)']",17179869324,0,17179869324
56,"(4, 14)","(4, 13)",North,"[('(4, 13)', 'South', 16), ('(5, 14)', 'East', 32)]","['(4, 14)', '(34, 14)', '(25, 14)']","['(5, 14)', '(34, 14)', '(25, 14)']","['(21, 16)', '(4, 9)', '(23, 16)', '(34, 16)', '(12, 16)', '(3, 7)', '(3, 10)', '(14, 16)', '(3, 16)', '(4, 12)', '(5, 16)', '(27, 16)', '(1, 9)', '(25, 16)', '(1, 12)', '(16, 16)', '(1, 15)', '(18, 16)', '(29, 16)', '(7, 16)', '(31, 16)', '(20, 16)', '(22, 16)', '(4, 8)', '(4, 14)', '(34, 15)', '(4, 11)', '(9, 16)', '(11, 16)', '(33, 16)', '(1, 11)', '(2, 7)', '(2, 16)', '(24, 16)', '(13, 16)', '(25, 15)', '(1, 14)', '(1, 8)', '(26, 16)', '(15, 16)', '(6, 16)', '(4, 7)', '(4, 10)', '(4, 16)', '(4, 13)', '(28, 16)', '(17, 16)', '(30, 16)', '(19, 16)', '(8, 16)', '(10, 16)', '(32, 16)', '(1, 13)', '(1, 7)', '(1, 10)', '(1, 16)']",17179869340,0,17179869340
57,"(5, 14)","(4, 14)",East,"[('(6, 14)', 'East', 64), ('(4, 14)', 'West', 16)]","['(5, 14)', '(34, 14)', '(25, 14)']","['(6, 14)', '(34, 14)', '(25, 14)']","['(21, 16)', '(4, 9)', '(23, 16)', '(34, 16)', '(12, 16)', '(3, 7)', '(3, 10)', '(14, 16)', '(3, 16)', '(4, 12)', '(5, 16)', '(27, 16)', '(1, 9)', '(25, 16)', '(1, 12)', '(16, 16)', '(1, 15)', '(18, 16)', '(29, 16)', '(7, 16)', '(31, 16)', '(20, 16)', '(22, 16)', '(4, 8)', '(4, 14)', '(34, 15)', '(4, 11)', '(9, 16)', '(11, 16)', '(33, 16)', '(1, 11)', '(2, 7)', '(2, 16)', '(24, 16)', '(13, 16)', '(25, 15)', '(1, 14)', '(1, 8)', '(26, 16)', '(15, 16)', '(6, 16)', '(4, 7)', '(4, 10)', '(4, 16)', '(4, 13)', '(28, 16)', '(17, 16)', '(5, 14)', '(30, 16)', '(19, 16)', '(8, 16)', '(10, 16)', '(32, 16)', '(1, 13)', '(1, 7)', '(1, 10)', '(1, 16)']",17179869372,0,17179869372
58,"(6, 14)","(5, 14)",East,"[('(6, 13)', 'South', 64), ('(5, 14)', 'West', 32)]","['(6, 14)', '(34, 14)', '(25, 14)']","['(6, 13)', '(34, 14)', '(25, 14)']","['(21, 16)', '(4, 9)', '(23, 16)', '(34, 16)', '(12, 16)', '(3, 7)', '(3, 10)', '(14, 16)', '(3, 16)', '(4, 12)', '(5, 16)', '(27, 16)', '(1, 9)', '(25, 16)', '(1, 12)', '(16, 16)', '(1, 15)', '(18, 16)', '(29, 16)', '(7, 16)', '(6, 14)', '(31, 16)', '(20, 16)', '(22, 16)', '(4, 8)', '(4, 14)', '(34, 15)', '(4, 11)', '(9, 16)', '(11, 16)', '(33, 16)', '(1, 11)', '(2, 7)', '(2, 16)', '(24, 16)', '(13, 16)', '(25, 15)', '(1, 14)', '(1, 8)', '(26, 16)', '(15, 16)', '(6, 16)', '(4, 7)', '(4, 10)', '(4, 16)', '(4, 13)', '(28, 16)', '(17, 16)', '(5, 14)', '(30, 16)', '(19, 16)', '(8, 16)', '(10, 16)', '(32, 16)', '(1, 13)', '(1, 7)', '(1, 10)', '(1, 16)']",17179869436,0,17179869436
59,"(6, 13)","(6, 14)",South,"[('(6, 14)', 'North', 64), ('(6, 12)', 'South', 64)]","['(6, 13)', '(34, 14)', '(25, 14)']","['(6, 12)', '(34, 14)', '(25, 14)']","['(21, 16)', '(4, 9)', '(23, 16)', '(34, 16)', '(12, 16)', '(3, 7)', '(3, 10)', '(14, 16)', '(3, 16)', '(4, 12)', '(5, 16)', '(27, 16)', '(1, 9)', '(25, 16)', '(1, 12)', '(16, 16)', '(1, 15)', '(18, 16)', '(29, 16)', '(7, 16)', '(6, 14)', '(31, 16)', '(20, 16)', '(22, 16)', '(4, 8)', '(4, 14)', '(34, 15)', '(4, 11)', '(9, 16)', '(11, 16)', '(33, 16)', '(1, 11)', '(2, 7)', '(2, 16)', '(24, 16)', '(13, 16)', '(25, 15)', '(1, 14)', '(1, 8)', '(26, 16)', '(15, 16)', '(6, 13)', '(6, 16)', '(4, 7)', '(4, 10)', '(4, 16)', '(4, 13)', '(28, 16)', '(17, 16)', '(5, 14)', '(30, 16)', '(19, 16)', '(8, 16)', '(10, 16)', '(32, 16)', '(1, 13)', '(1, 7)', '(1, 10)', '(1, 16)']",17179869500,0,17179869500
60,"(6, 12)","(6, 13)",South,"[('(6, 13)', 'North', 64), ('(6, 11)', 'South', 64)]","['(6, 12)', '(34, 14)', '(25, 14)']","['(6, 11)', '(34, 14)', '(25, 14)']","['(6, 12)', '(21, 16)', '(4, 9)', '(23, 16)', '(34, 16)', '(12, 16)', '(3, 7)', '(3, 10)', '(14, 16)', '(3, 16)', '(4, 12)', '(5, 16)', '(27, 16)', '(1, 9)', '(25, 16)', '(1, 12)', '(16, 16)', '(1, 15)', '(18, 16)', '(29, 16)', '(7, 16)', '(6, 14)', '(31, 16)', '(20, 16)', '(22, 16)', '(4, 8)', '(4, 14)', '(34, 15)', '(4, 11)', '(9, 16)', '(11, 16)', '(33, 16)', '(1, 11)', '(2, 7)', '(2, 16)', '(24, 16)', '(13, 16)', '(25, 15)', '(1, 14)', '(1, 8)', '(26, 16)', '(15, 16)', '(6, 13)', '(6, 16)', '(4, 7)', '(4, 10)', '(4, 16)', '(4, 13)', '(28, 16)', '(17, 16)', '(5, 14)', '(30, 16)', '(19, 16)', '(8, 16)', '(10, 16)', '(32, 16)', '(1, 13)', '(1, 7)', '(1, 10)', '(1, 16)']",17179869564,0,17179869564
61,"(6, 11)","(6, 12)",South,"[('(6, 12)', 'North', 64), ('(6, 10)', 'South', 64)]","['(6, 11)', '(34, 14)', '(25, 14)']","['(6, 10)', '(34, 14)', '(25, 14)']","['(6, 12)', '(21, 16)', '(4, 9)', '(23, 16)', '(34, 16)', '(12, 16)', '(3, 7)', '(3, 10)', '(14, 16)', '(3, 16)', '(4, 12)', '(5, 16)', '(27, 16)', '(1, 9)', '(25, 16)', '(1, 12)', '(16, 16)', '(1, 15)', '(6, 11)', '(18, 16)', '(29, 16)', '(7, 16)', '(6, 14)', '(31, 16)', '(20, 16)', '(22, 16)', '(4, 8)', '(4, 14)', '(34, 15)', '(4, 11)', '(9, 16)', '(11, 16)', '(33, 16)', '(1, 11)', '(2, 7)', '(2, 16)', '(24, 16)', '(13, 16)', '(25, 15)', '(1, 14)', '(1, 8)', '(26, 16)', '(15, 16)', '(6, 13)', '(6, 16)', '(4, 7)', '(4, 10)', '(4, 16)', '(4, 13)', '(28, 16)', '(17, 16)', '(5, 14)', '(30, 16)', '(19, 16)', '(8, 16)', '(10, 16)', '(32, 16)', '(1, 13)', '(1, 7)', '(1, 10)', '(1, 16)']",17179869628,0,17179869628
62,"(6, 10)","(6, 11)",South,"[('(6, 11)', 'North', 64), ('(6, 9)', 'South', 64)]","['(6, 10)', '(34, 14)', '(25, 14)']","['(6, 9)', '(34, 14)', '(25, 14)']","['(6, 12)', '(21, 16)', '(4, 9)', '(23, 16)', '(34, 16)', '(12, 16)', '(3, 7)', '(3, 10)', '(14, 16)', '(3, 16)', '(4, 12)', '(5, 16)', '(27, 16)', '(1, 9)', '(25, 16)', '(1, 12)', '(16, 16)', '(1, 15)', '(6, 11)', '(18, 16)', '(29, 16)', '(7, 16)', '(6, 14)', '(31, 16)', '(20, 16)', '(22, 16)', '(4, 8)', '(4, 14)', '(34, 15)', '(4, 11)', '(9, 16)', '(11, 16)', '(33, 16)', '(1, 11)', '(2, 7)', '(2, 16)', '(24, 16)', '(13, 16)', '(25, 15)', '(1, 14)', '(1, 8)', '(26, 16)', '(15, 16)', '(6, 13)', '(6, 10)', '(6, 16)', '(4, 7)', '(4, 10)', '(4, 16)', '(4, 13)', '(28, 16)', '(17, 16)', '(5, 14)', '(30, 16)', '(19, 16)', '(8, 16)', '(10, 16)', '(32, 16)', '(1, 13)', '(1, 7)', '(1, 10)', '(1, 16)']",17179869692,0,17179869692
63,"(6, 9)","(6, 10)",South,"[('(6, 10)', 'North', 64), ('(6, 8)', 'South', 64)]","['(6, 9)', '(34, 14)', '(25, 14)']","['(6, 8)', '(34, 14)', '(25, 14)']","['(6, 12)', '(21, 16)', '(4, 9)', '(23, 16)', '(34, 16)', '(12, 16)', '(3, 7)', '(3, 10)', '(14, 16)', '(3, 16)', '(4, 12)', '(5, 16)', '(27, 16)', '(1, 9)', '(25, 16)', '(1, 12)', '(16, 16)', '(1, 15)', '(6, 11)', '(18, 16)', '(29, 16)', '(7, 16)', '(6, 14)', '(31, 16)', '(20, 16)', '(22, 16)', '(4, 8)', '(4, 14)', '(34, 15)', '(4, 11)', '(9, 16)', '(11, 16)', '(33, 16)', '(1, 11)', '(2, 7)', '(2, 16)', '(24, 16)', '(13, 16)', '(25, 15)', '(1, 14)', '(1, 8)', '(26, 16)', '(15, 16)', '(6, 13)', '(6, 10)', '(6, 16)', '(4, 7)', '(4, 10)', '(4, 16)', '(4, 13)', '(28, 16)', '(17, 16)', '(5, 14)', '(30, 16)', '(19, 16)', '(8, 16)', '(10, 16)', '(32, 16)', '(1, 13)', '(1, 7)', '(1, 10)', '(1, 16)', '(6, 9)']",17179869756,0,17179869756
64,"(6, 8)","(6, 9)",South,"[('(6, 9)', 'North', 64), ('(7, 8)', 'East', 128)]","['(6, 8)', '(34, 14)', '(25, 14)']","['(7, 8)', '(34, 14)', '(25, 14)']","['(6, 12)', '(21, 16)', '(4, 9)', '(23, 16)', '(34, 16)', '(12, 16)', '(3, 7)', '(3, 10)', '(14, 16)', '(3, 16)', '(4, 12)', '(5, 16)', '(27, 16)', '(1, 9)', '(25, 16)', '(1, 12)', '(16, 16)', '(1, 15)', '(6, 11)', '(18, 16)', '(29, 16)', '(7, 16)', '(6, 14)', '(6, 8)', '(31, 16)', '(20, 16)', '(22, 16)', '(4, 8)', '(4, 14)', '(34, 15)', '(4, 11)', '(9, 16)', '(11, 16)', '(33, 16)', '(1, 11)', '(2, 7)', '(2, 16)', '(24, 16)', '(13, 16)', '(25, 15)', '(1, 14)', '(1, 8)', '(26, 16)', '(15, 16)', '(6, 13)', '(6, 10)', '(6, 16)', '(4, 7)', '(4, 10)', '(4, 16)', '(4, 13)', '(28, 16)', '(17, 16)', '(5, 14)', '(30, 16)', '(19, 16)', '(8, 16)', '(10, 16)', '(32, 16)', '(1, 13)', '(1, 7)', '(1, 10)', '(1, 16)', '(6, 9)']",17179869820,0,17179869820
65,"(7, 8)","(6, 8)",East,"[('(8, 8)', 'East', 256), ('(6, 8)', 'West', 64)]","['(7, 8)', '(34, 14)', '(25, 14)']","['(8, 8)', '(34, 14)', '(25, 14)']","['(6, 12)', '(21, 16)', '(4, 9)', '(23, 16)', '(34, 16)', '(12, 16)', '(3, 7)', '(3, 10)', '(14, 16)', '(3, 16)', '(4, 12)', '(5, 16)', '(27, 16)', '(1, 9)', '(25, 16)', '(1, 12)', '(16, 16)', '(1, 15)', '(6, 11)', '(18, 16)', '(29, 16)', '(7, 16)', '(6, 14)', '(6, 8)', '(31, 16)', '(20, 16)', '(22, 16)', '(4, 8)', '(4, 14)', '(34, 15)', '(4, 11)', '(9, 16)', '(11, 16)', '(33, 16)', '(1, 11)', '(2, 7)', '(2, 16)', '(24, 16)', '(13, 16)', '(25, 15)', '(1, 14)', '(1, 8)', '(26, 16)', '(15, 16)', '(6, 13)', '(6, 10)', '(6, 16)', '(4, 7)', '(4, 10)', '(4, 16)', '(4, 13)', '(28, 16)', '(17, 16)', '(5, 14)', '(30, 16)', '(19, 16)', '(8, 16)', '(10, 16)', '(32, 16)', '(1, 13)', '(1, 7)', '(1, 10)', '(1, 16)', '(6, 9)', '(7, 8)']",17179869948,0,17179869948
66,"(8, 8)","(7, 8)",East,"[('(8, 9)', 'North', 256), ('(7, 8)', 'West', 128)]","['(8, 8)', '(34, 14)', '(25, 14)']","['(8, 9)', '(34, 14)', '(25, 14)']","['(6, 12)', '(21, 16)', '(4, 9)', '(23, 16)', '(34, 16)', '(12, 16)', '(3, 7)', '(3, 10)', '(14, 16)', '(3, 16)', '(4, 12)', '(5, 16)', '(27, 16)', '(1, 9)', '(25, 16)', '(1, 12)', '(16, 16)', '(1, 15)', '(6, 11)', '(18, 16)', '(29, 16)', '(7, 16)', '(6, 14)', '(6, 8)', '(31, 16)', '(20, 16)', '(22, 16)', '(4, 8)', '(4, 14)', '(34, 15)', '(4, 11)', '(9, 16)', '(8, 8)', '(11, 16)', '(33, 16)', '(1, 11)', '(2, 7)', '(2, 16)', '(24, 16)', '(13, 16)', '(25, 15)', '(1, 14)', '(1, 8)', '(26, 16)', '(15, 16)', '(6, 13)', '(6, 10)', '(6, 16)', '(4, 7)', '(4, 10)', '(4, 16)', '(4, 13)', '(28, 16)', '(17, 16)', '(5, 14)', '(30, 16)', '(19, 16)', '(8, 16)', '(10, 16)', '(32, 16)', '(1, 13)', '(1, 7)', '(1, 10)', '(1, 16)', '(6, 9)', '(7, 8)']",17179870204,0,17179870204
67,"(8, 9)","(8, 8)",North,"[('(8, 10)', 'North', 256), ('(8, 8)', 'South', 256)]","['(8, 9)', '(34, 14)', '(25, 14)']","['(8, 10)', '(34, 14)', '(25, 14)']","['(6, 12)', '(21, 16)', '(4, 9)', '(23, 16)', '(34, 16)', '(12, 16)', '(3, 7)', '(3, 10)', '(14, 16)', '(3, 16)', '(4, 12)', '(5, 16)', '(27, 16)', '(8, 9)', '(1, 9)', '(25, 16)', '(1, 12)', '(16, 16)', '(1, 15)', '(6, 11)', '(18, 16)', '(29, 16)', '(7, 16)', '(6, 14)', '(6, 8)', '(31, 16)', '(20, 16)', '(22, 16)', '(4, 8)', '(4, 14)', '(34, 15)', '(4, 11)', '(9, 16)', '(8, 8)', '(11, 16)', '(33, 16)', '(1, 11)', '(2, 7)', '(2, 16)', '(24, 16)', '(13, 16)', '(25, 15)', '(1, 14)', '(1, 8)', '(26, 16)', '(15, 16)', '(6, 13)', '(6, 10)', '(6, 16)', '(4, 7)', '(4, 10)', '(4, 16)', '(4, 13)', '(28, 16)', '(17, 16)', '(5, 14)', '(30, 16)', '(19, 16)', '(8, 16)', '(10, 16)', '(32, 16)', '(1, 13)', '(1, 7)', '(1, 10)', '(1, 16)', '(6, 9)', '(7, 8)']",17179870460,0,17179870460
68,"(8, 10)","(8, 9)",North,"[('(8, 11)', 'North', 256), ('(8, 9)', 'South', 256)]","['(8, 10)', '(34, 14)', '(25, 14)']","['(8, 11)', '(34, 14)', '(25, 14)']","['(6, 12)', '(21, 16)', '(4, 9)', '(23, 16)', '(34, 16)', '(12, 16)', '(3, 7)', '(3, 10)', '(14, 16)', '(3, 16)', '(4, 12)', '(5, 16)', '(27, 16)', '(8, 9)', '(1, 9)', '(25, 16)', '(1, 12)', '(16, 16)', '(1, 15)', '(6, 11)', '(18, 16)', '(29, 16)', '(7, 16)', '(6, 14)', '(6, 8)', '(31, 16)', '(20, 16)', '(22, 16)', '(4, 8)', '(4, 14)', '(34, 15)', '(4, 11)', '(9, 16)', '(8, 8)', '(11, 16)', '(33, 16)', '(1, 11)', '(2, 7)', '(2, 16)', '(24, 16)', '(13, 16)', '(25, 15)', '(1, 14)', '(1, 8)', '(26, 16)', '(15, 16)', '(6, 13)', '(6, 10)', '(6, 16)', '(4, 7)', '(4, 10)', '(4, 16)', '(4, 13)', '(28, 16)', '(17, 16)', '(5, 14)', '(8, 10)', '(30, 16)', '(19, 16)', '(8, 16)', '(10, 16)', '(32, 16)', '(1, 13)', '(1, 7)', '(1, 10)', '(1, 16)', '(6, 9)', '(7, 8)']",17179870716,0,17179870716
69,"(8, 11)","(8, 10)",North,"[('(8, 12)', 'North', 256), ('(8, 10)', 'South', 256)]","['(8, 11)', '(34, 14)', '(25, 14)']","['(8, 12)', '(34, 14)', '(25, 14)']","['(6, 12)', '(21, 16)', '(4, 9)', '(23, 16)', '(34, 16)', '(12, 16)', '(3, 7)', '(3, 10)', '(14, 16)', '(3, 16)', '(4, 12)', '(5, 16)', '(27, 16)', '(8, 9)', '(1, 9)', '(25, 16)', '(1, 12)', '(16, 16)', '(1, 15)', '(6, 11)', '(18, 16)', '(29, 16)', '(7, 16)', '(6, 14)', '(6, 8)', '(31, 16)', '(20, 16)', '(22, 16)', '(4, 8)', '(4, 14)', '(34, 15)', '(4, 11)', '(8, 11)', '(9, 16)', '(8, 8)', '(11, 16)', '(33, 16)', '(1, 11)', '(2, 7)', '(2, 16)', '(24, 16)', '(13, 16)', '(25, 15)', '(1, 14)', '(1, 8)', '(26, 16)', '(15, 16)', '(6, 13)', '(6, 10)', '(6, 16)', '(4, 7)', '(4, 10)', '(4, 16)', '(4, 13)', '(28, 16)', '(17, 16)', '(5, 14)', '(8, 10)', '(30, 16)', '(19, 16)', '(8, 16)', '(10, 16)', '(32, 16)', '(1, 13)', '(1, 7)', '(1, 10)', '(1, 16)', '(6, 9)', '(7, 8)']",17179870972,0,17179870972
70,"(8, 12)","(8, 11)",North,"[('(8, 13)', 'North', 256), ('(8, 11)', 'South', 256)]","['(8, 12)', '(34, 14)', '(25, 14)']","['(8, 13)', '(34, 14)', '(25, 14)']","['(6, 12)', '(21, 16)', '(4, 9)', '(23, 16)', '(34, 16)', '(12, 16)', '(3, 7)', '(3, 10)', '(14, 16)', '(3, 16)', '(4, 12)', '(5, 16)', '(27, 16)', '(8, 9)', '(8, 12)', '(1, 9)', '(25, 16)', '(1, 12)', '(16, 16)', '(1, 15)', '(6, 11)', '(18, 16)', '(29, 16)', '(7, 16)', '(6, 14)', '(6, 8)', '(31, 16)', '(20, 16)', '(22, 16)', '(4, 8)', '(4, 14)', '(34, 15)', '(4, 11)', '(8, 11)', '(9, 16)', '(8, 8)', '(11, 16)', '(33, 16)', '(1, 11)', '(2, 7)', '(2, 16)', '(24, 16)', '(13, 16)', '(25, 15)', '(1, 14)', '(1, 8)', '(26, 16)', '(15, 16)', '(6, 13)', '(6, 10)', '(6, 16)', '(4, 7)', '(4, 10)', '(4, 16)', '(4, 13)', '(28, 16)', '(17, 16)', '(5, 14)', '(8, 10)', '(30, 16)', '(19, 16)', '(8, 16)', '(10, 16)', '(32, 16)', '(1, 13)', '(1, 7)', '(1, 10)', '(1, 16)', '(6, 9)', '(7, 8)']",17179871228,0,17179871228
71,"(8, 13)","(8, 12)",North,"[('(8, 14)', 'North', 256), ('(8, 12)', 'South', 256)]","['(8, 13)', '(34, 14)', '(25, 14)']","['(8, 14)', '(34, 14)', '(25, 14)']","['(6, 12)', '(21, 16)', '(4, 9)', '(23, 16)', '(34, 16)', '(12, 16)', '(3, 7)', '(3, 10)', '(14, 16)', '(3, 16)', '(4, 12)', '(5, 16)', '(27, 16)', '(8, 9)', '(8, 12)', '(1, 9)', '(25, 16)', '(1, 12)', '(16, 16)', '(1, 15)', '(6, 11)', '(18, 16)', '(29, 16)', '(7, 16)', '(6, 14)', '(6, 8)', '(31, 16)', '(20, 16)', '(22, 16)', '(4, 8)', '(4, 14)', '(34, 15)', '(4, 11)', '(8, 11)', '(9, 16)', '(8, 8)', '(11, 16)', '(33, 16)', '(1, 11)', '(2, 7)', '(2, 16)', '(24, 16)', '(13, 16)', '(25, 15)', '(1, 14)', '(1, 8)', '(26, 16)', '(15, 16)', '(6, 13)', '(6, 10)', '(6, 16)', '(4, 7)', '(4, 10)', '(4, 16)', '(4, 13)', '(28, 16)', '(17, 16)', '(5, 14)', '(8, 10)', '(30, 16)', '(19, 16)', '(8, 16)', '(8, 13)', '(10, 16)', '(32, 16)', '(1, 13)', '(1, 7)', '(1, 10)', '(1, 16)', '(6, 9)', '(7, 8)']",17179871484,0,17179871484
72,"(8, 14)","(8, 13)",North,"[('(8, 13)', 'South', 256), ('(9, 14)', 'East', 512)]","['(8, 14)', '(34, 14)', '(25, 14)']","['(9, 14)', '(34, 14)', '(25, 14)']","['(6, 12)', '(21, 16)', '(4, 9)', '(23, 16)', '(34, 16)', '(12, 16)', '(3, 7)', '(3, 10)', '(14, 16)', '(3, 16)', '(4, 12)', '(5, 16)', '(27, 16)', '(8, 9)', '(8, 12)', '(1, 9)', '(25, 16)', '(1, 12)', '(16, 16)', '(1, 15)', '(6, 11)', '(18, 16)', '(29, 16)', '(7, 16)', '(6, 14)', '(6, 8)', '(31, 16)', '(20, 16)', '(22, 16)', '(4, 8)', '(4, 14)', '(34, 15)', '(4, 11)', '(8, 11)', '(9, 16)', '(8, 8)', '(8, 14)', '(11, 16)', '(33, 16)', '(1, 11)', '(2, 7)', '(2, 16)', '(24, 16)', '(13, 16)', '(25, 15)', '(1, 14)', '(1, 8)', '(26, 16)', '(15, 16)', '(6, 13)', '(6, 10)', '(6, 16)', '(4, 7)', '(4, 10)', '(4, 16)', '(4, 13)', '(28, 16)', '(17, 16)', '(5, 14)', '(8, 10)', '(30, 16)', '(19, 16)', '(8, 16)', '(8, 13)', '(10, 16)', '(32, 16)', '(1, 13)', '(1, 7)', '(1, 10)', '(1, 16)', '(6, 9)', '(7, 8)']",17179871740,0,17179871740
73,"(9, 14)","(8, 14)",East,"[('(10, 14)', 'East', 1024), ('(8, 14)', 'West', 256)]","['(9, 14)', '(34, 14)', '(25, 14)']","['(10, 14)', '(34, 14)', '(25, 14)']","['(6, 12)', '(21, 16)', '(4, 9)', '(23, 16)', '(34, 16)', '(12, 16)', '(3, 7)', '(3, 10)', '(14, 16)', '(3, 16)', '(4, 12)', '(5, 16)', '(27, 16)', '(8, 9)', '(9, 14)', '(8, 12)', '(1, 9)', '(25, 16)', '(1, 12)', '(16, 16)', '(1, 15)', '(6, 11)', '(18, 16)', '(29, 16)', '(7, 16)', '(6, 14)', '(6, 8)', '(31, 16)', '(20, 16)', '(22, 16)', '(4, 8)', '(4, 14)', '(34, 15)', '(4, 11)', '(8, 11)', '(9, 16)', '(8, 8)', '(8, 14)', '(11, 16)', '(33, 16)', '(1, 11)', '(2, 7)', '(2, 16)', '(24, 16)', '(13, 16)', '(25, 15)', '(1, 14)', '(1, 8)', '(26, 16)', '(15, 16)', '(6, 13)', '(6, 10)', '(6, 16)', '(4, 7)', '(4, 10)', '(4, 16)', '(4, 13)', '(28, 16)', '(17, 16)', '(5, 14)', '(8, 10)', '(30, 16)', '(19, 16)', '(8, 16)', '(8, 13)', '(10, 16)', '(32, 16)', '(1, 13)', '(1, 7)', '(1, 10)', '(1, 16)', '(6, 9)', '(7, 8)']",17179872252,0,17179872252
74,"(10, 14)","(9, 14)",East,"[('(10, 13)', 'South', 1024), ('(9, 14)', 'West', 512)]","['(10, 14)', '(34, 14)', '(25, 14)']","['(10, 13)', '(34, 14)', '(25, 14)']","['(6, 12)', '(21, 16)', '(4, 9)', '(23, 16)', '(34, 16)', '(12, 16)', '(3, 7)', '(3, 10)', '(14, 16)', '(3, 16)', '(4, 12)', '(5, 16)', '(27, 16)', '(8, 9)', '(9, 14)', '(8, 12)', '(1, 9)', '(25, 16)', '(1, 12)', '(16, 16)', '(1, 15)', '(6, 11)', '(18, 16)', '(29, 16)', '(7, 16)', '(6, 14)', '(6, 8)', '(31, 16)', '(20, 16)', '(22, 16)', '(4, 8)', '(4, 14)', '(34, 15)', '(4, 11)', '(8, 11)', '(9, 16)', '(8, 8)', '(8, 14)', '(11, 16)', '(33, 16)', '(1, 11)', '(2, 7)', '(10, 14)', '(2, 16)', '(24, 16)', '(13, 16)', '(25, 15)', '(1, 14)', '(1, 8)', '(26, 16)', '(15, 16)', '(6, 13)', '(6, 10)', '(6, 16)', '(4, 7)', '(4, 10)', '(4, 16)', '(4, 13)', '(28, 16)', '(17, 16)', '(5, 14)', '(8, 10)', '(30, 16)', '(19, 16)', '(8, 16)', '(8, 13)', '(10, 16)', '(32, 16)', '(1, 13)', '(1, 7)', '(1, 10)', '(1, 16)', '(6, 9)', '(7, 8)']",17179873276,0,17179873276
75,"(10, 13)","(10, 14)",South,"[('(10, 14)', 'North', 1024), ('(10, 12)', 'South', 1024)]","['(10, 13)', '(34, 14)', '(25, 14)']","['(10, 12)', '(34, 14)', '(25, 14)']","['(6, 12)', '(21, 16)', '(4, 9)', '(23, 16)', '(34, 16)', '(12, 16)', '(3, 7)', '(3, 10)', '(14, 16)', '(3, 16)', '(4, 12)', '(5, 16)', '(27, 16)', '(8, 9)', '(9, 14)', '(8, 12)', '(1, 9)', '(25, 16)', '(1, 12)', '(16, 16)', '(1, 15)', '(6, 11)', '(18, 16)', '(29, 16)', '(7, 16)', '(6, 14)', '(6, 8)', '(31, 16)', '(20, 16)', '(22, 16)', '(4, 8)', '(4, 14)', '(34, 15)', '(4, 11)', '(8, 11)', '(9, 16)', '(8, 8)', '(8, 14)', '(11, 16)', '(33, 16)', '(1, 11)', '(2, 7)', '(10, 14)', '(2, 16)', '(24, 16)', '(13, 16)', '(25, 15)', '(1, 14)', '(1, 8)', '(26, 16)', '(15, 16)', '(6, 13)', '(6, 10)', '(6, 16)', '(4, 7)', '(4, 10)', '(4, 16)', '(4, 13)', '(28, 16)', '(17, 16)', '(5, 14)', '(8, 10)', '(30, 16)', '(19, 16)', '(8, 16)', '(8, 13)', '(10, 13)', '(10, 16)', '(32, 16)', '(1, 13)', '(1, 7)', '(1, 10)', '(1, 16)', '(6, 9)', '(7, 8)']",17179874300,0,17179874300
76,"(10, 12)","(10, 13)",South,"[('(10, 13)', 'North', 1024), ('(10, 11)', 'South', 1024)]","['(10, 12)', '(34, 14)', '(25, 14)']","['(10, 11)', '(34, 14)', '(25, 14)']","['(6, 12)', '(21, 16)', '(4, 9)', '(23, 16)', '(34, 16)', '(12, 16)', '(3, 7)', '(3, 10)', '(14, 16)', '(3, 16)', '(4, 12)', '(5, 16)', '(27, 16)', '(8, 9)', '(9, 14)', '(8, 12)', '(10, 12)', '(1, 9)', '(25, 16)', '(1, 12)', '(16, 16)', '(1, 15)', '(6, 11)', '(18, 16)', '(29, 16)', '(7, 16)', '(6, 14)', '(6, 8)', '(31, 16)', '(20, 16)', '(22, 16)', '(4, 8)', '(4, 14)', '(34, 15)', '(4, 11)', '(8, 11)', '(9, 16)', '(8, 8)', '(8, 14)', '(11, 16)', '(33, 16)', '(1, 11)', '(2, 7)', '(10, 14)', '(2, 16)', '(24, 16)', '(13, 16)', '(25, 15)', '(1, 14)', '(1, 8)', '(26, 16)', '(15, 16)', '(6, 13)', '(6, 10)', '(6, 16)', '(4, 7)', '(4, 10)', '(4, 16)', '(4, 13)', '(28, 16)', '(17, 16)', '(5, 14)', '(8, 10)', '(30, 16)', '(19, 16)', '(8, 16)', '(8, 13)', '(10, 13)', '(10, 16)', '(32, 16)', '(1, 13)', '(1, 7)', '(1, 10)', '(1, 16)', '(6, 9)', '(7, 8)']",17179875324,0,17179875324
77,"(10, 11)","(10, 12)",South,"[('(10, 12)', 'North', 1024), ('(10, 10)', 'South', 1024)]","['(10, 11)', '(34, 14)', '(25, 14)']","['(10, 10)', '(34, 14)', '(25, 14)']","['(21, 16)', '(4, 9)', '(8, 9)', '(1, 15)', '(6, 11)', '(8, 11)', '(11, 16)', '(1, 8)', '(26, 16)', '(15, 16)', '(6, 13)', '(28, 16)', '(17, 16)', '(5, 14)', '(32, 16)', '(1, 10)', '(34, 16)', '(3, 10)', '(5, 16)', '(9, 14)', '(1, 12)', '(18, 16)', '(7, 16)', '(22, 16)', '(4, 11)', '(9, 16)', '(24, 16)', '(13, 16)', '(25, 15)', '(1, 14)', '(4, 13)', '(8, 13)', '(1, 7)', '(1, 16)', '(3, 7)', '(14, 16)', '(3, 16)', '(10, 12)', '(1, 9)', '(16, 16)', '(6, 8)', '(31, 16)', '(20, 16)', '(4, 8)', '(8, 8)', '(33, 16)', '(1, 11)', '(10, 14)', '(6, 10)', '(4, 10)', '(8, 10)', '(10, 16)', '(1, 13)', '(6, 12)', '(23, 16)', '(12, 16)', '(4, 12)', '(27, 16)', '(8, 12)', '(25, 16)', '(29, 16)', '(6, 14)', '(4, 14)', '(34, 15)', '(8, 14)', '(10, 11)', '(2, 7)', '(2, 16)', '(6, 16)', '(4, 7)', '(4, 16)', '(30, 16)', '(19, 16)', '(8, 16)', '(10, 13)', '(6, 9)', '(7, 8)']",17179876348,0,17179876348
78,"(10, 10)","(10, 11)",South,"[('(10, 11)', 'North', 1024), ('(11, 10)', 'East', 2048)]","['(10, 10)', '(34, 14)', '(25, 14)']","['(11, 10)', '(34, 14)', '(25, 14)']","['(21, 16)', '(4, 9)', '(8, 9)', '(1, 15)', '(6, 11)', '(8, 11)', '(11, 16)', '(1, 8)', '(26, 16)', '(15, 16)', '(6, 13)', '(28, 16)', '(17, 16)', '(5, 14)', '(32, 16)', '(1, 10)', '(34, 16)', '(3, 10)', '(5, 16)', '(9, 14)', '(1, 12)', '(18, 16)', '(7, 16)', '(22, 16)', '(4, 11)', '(9, 16)', '(24, 16)', '(13, 16)', '(25, 15)', '(1, 14)', '(4, 13)', '(8, 13)', '(10, 10)', '(1, 7)', '(1, 16)', '(3, 7)', '(14, 16)', '(3, 16)', '(10, 12)', '(1, 9)', '(16, 16)', '(6, 8)', '(31, 16)', '(20, 16)', '(4, 8)', '(8, 8)', '(33, 16)', '(1, 11)', '(10, 14)', '(6, 10)', '(4, 10)', '(8, 10)', '(10, 16)', '(1, 13)', '(6, 12)', '(23, 16)', '(12, 16)', '(4, 12)', '(27, 16)', '(8, 12)', '(25, 16)', '(29, 16)', '(6, 14)', '(4, 14)', '(34, 15)', '(8, 14)', '(10, 11)', '(2, 7)', '(2, 16)', '(6, 16)', '(4, 7)', '(4, 16)', '(30, 16)', '(19, 16)', '(8, 16)', '(10, 13)', '(6, 9)', '(7, 8)']",17179877372,0,17179877372
79,"(11, 10)","(10, 10)",East,"[('(12, 10)', 'East', 4096), ('(10, 10)', 'West', 1024)]","['(11, 10)', '(34, 14)', '(25, 14)']","['(12, 10)', '(34, 14)', '(25, 14)']","['(21, 16)', '(4, 9)', '(8, 9)', '(1, 15)', '(6, 11)', '(8, 11)', '(11, 16)', '(1, 8)', '(26, 16)', '(15, 16)', '(6, 13)', '(28, 16)', '(17, 16)', '(5, 14)', '(32, 16)', '(1, 10)', '(34, 16)', '(3, 10)', '(5, 16)', '(9, 14)', '(1, 12)', '(18, 16)', '(7, 16)', '(22, 16)', '(4, 11)', '(9, 16)', '(24, 16)', '(13, 16)', '(25, 15)', '(1, 14)', '(4, 13)', '(8, 13)', '(10, 10)', '(1, 7)', '(1, 16)', '(3, 7)', '(14, 16)', '(3, 16)', '(10, 12)', '(1, 9)', '(16, 16)', '(6, 8)', '(31, 16)', '(20, 16)', '(4, 8)', '(8, 8)', '(33, 16)', '(1, 11)', '(10, 14)', '(6, 10)', '(4, 10)', '(8, 10)', '(10, 16)', '(1, 13)', '(6, 12)', '(23, 16)', '(12, 16)', '(4, 12)', '(27, 16)', '(8, 12)', '(25, 16)', '(29, 16)', '(6, 14)', '(4, 14)', '(34, 15)', '(8, 14)', '(10, 11)', '(11, 10)', '(2, 7)', '(2, 16)', '(6, 16)', '(4, 7)', '(4, 16)', '(30, 16)', '(19, 16)', '(8, 16)', '(10, 13)', '(6, 9)', '(7, 8)']",17179879420,0,17179879420
80,"(12, 10)","(11, 10)",East,"[('(12, 11)', 'North', 4096), ('(11, 10)', 'West', 2048)]","['(12, 10)', '(34, 14)', '(25, 14)']","['(12, 11)', '(34, 14)', '(25, 14)']","['(21, 16)', '(4, 9)', '(8, 9)', '(1, 15)', '(6, 11)', '(8, 11)', '(11, 16)', '(1, 8)', '(26, 16)', '(15, 16)', '(6, 13)', '(28, 16)', '(17, 16)', '(5, 14)', '(32, 16)', '(1, 10)', '(34, 16)', '(3, 10)', '(5, 16)', '(9, 14)', '(1, 12)', '(18, 16)', '(7, 16)', '(22, 16)', '(4, 11)', '(9, 16)', '(24, 16)', '(13, 16)', '(25, 15)', '(1, 14)', '(4, 13)', '(8, 13)', '(10, 10)', '(1, 7)', '(1, 16)', '(12, 10)', '(3, 7)', '(14, 16)', '(3, 16)', '(10, 12)', '(1, 9)', '(16, 16)', '(6, 8)', '(31, 16)', '(20, 16)', '(4, 8)', '(8, 8)', '(33, 16)', '(1, 11)', '(10, 14)', '(6, 10)', '(4, 10)', '(8, 10)', '(10, 16)', '(1, 13)', '(6, 12)', '(23, 16)', '(12, 16)', '(4, 12)', '(27, 16)', '(8, 12)', '(25, 16)', '(29, 16)', '(6, 14)', '(4, 14)', '(34, 15)', '(8, 14)', '(10, 11)', '(11, 10)', '(2, 7)', '(2, 16)', '(6, 16)', '(4, 7)', '(4, 16)', '(30, 16)', '(19, 16)', '(8, 16)', '(10, 13)', '(6, 9)', '(7, 8)']",17179883516,0,17179883516
81,"(12, 11)","(12, 10)",North,"[('(12, 12)', 'North', 4096), ('(12, 10)', 'South', 4096)]","['(12, 11)', '(34, 14)', '(25, 14)']","['(12, 12)', '(34, 14)', '(25, 14)']","['(21, 16)', '(4, 9)', '(8, 9)', '(1, 15)', '(6, 11)', '(8, 11)', '(11, 16)', '(1, 8)', '(26, 16)', '(15, 16)', '(6, 13)', '(28, 16)', '(17, 16)', '(5, 14)', '(32, 16)', '(1, 10)', '(34, 16)', '(3, 10)', '(5, 16)', '(9, 14)', '(1, 12)', '(18, 16)', '(7, 16)', '(22, 16)', '(4, 11)', '(9, 16)', '(24, 16)', '(13, 16)', '(25, 15)', '(1, 14)', '(4, 13)', '(8, 13)', '(10, 10)', '(1, 7)', '(1, 16)', '(12, 10)', '(3, 7)', '(14, 16)', '(3, 16)', '(10, 12)', '(1, 9)', '(16, 16)', '(6, 8)', '(31, 16)', '(20, 16)', '(4, 8)', '(8, 8)', '(33, 16)', '(1, 11)', '(10, 14)', '(6, 10)', '(4, 10)', '(8, 10)', '(10, 16)', '(1, 13)', '(6, 12)', '(23, 16)', '(12, 16)', '(4, 12)', '(27, 16)', '(8, 12)', '(25, 16)', '(29, 16)', '(6, 14)', '(4, 14)', '(34, 15)', '(8, 14)', '(10, 11)', '(11, 10)', '(2, 7)', '(2, 16)', '(6, 16)', '(12, 11)', '(4, 7)', '(4, 16)', '(30, 16)', '(19, 16)', '(8, 16)', '(10, 13)', '(6, 9)', '(7, 8)']",17179887612,0,17179887612
82,"(12, 12)","(12, 11)",North,"[('(12, 13)', 'North', 4096), ('(12, 11)', 'South', 4096), ('(13, 12)', 'East', 8192)]","['(12, 12)', '(34, 14)', '(25, 14)']","['(12, 13)', '(13, 12)', '(25, 14)', '(34, 14)']","['(21, 16)', '(4, 9)', '(8, 9)', '(1, 15)', '(6, 11)', '(8, 11)', '(11, 16)', '(1, 8)', '(26, 16)', '(15, 16)', '(6, 13)', '(28, 16)', '(17, 16)', '(5, 14)', '(32, 16)', '(1, 10)', '(34, 16)', '(3, 10)', '(5, 16)', '(9, 14)', '(1, 12)', '(18, 16)', '(7, 16)', '(22, 16)', '(4, 11)', '(9, 16)', '(24, 16)', '(13, 16)', '(25, 15)', '(1, 14)', '(4, 13)', '(8, 13)', '(10, 10)', '(1, 7)', '(1, 16)', '(12, 10)', '(3, 7)', '(14, 16)', '(3, 16)', '(10, 12)', '(1, 9)', '(16, 16)', '(6, 8)', '(31, 16)', '(20, 16)', '(12, 12)', '(4, 8)', '(8, 8)', '(33, 16)', '(1, 11)', '(10, 14)', '(6, 10)', '(4, 10)', '(8, 10)', '(10, 16)', '(1, 13)', '(6, 12)', '(23, 16)', '(12, 16)', '(4, 12)', '(27, 16)', '(8, 12)', '(25, 16)', '(29, 16)', '(6, 14)', '(4, 14)', '(34, 15)', '(8, 14)', '(10, 11)', '(11, 10)', '(2, 7)', '(2, 16)', '(6, 16)', '(12, 11)', '(4, 7)', '(4, 16)', '(30, 16)', '(19, 16)', '(8, 16)', '(10, 13)', '(6, 9)', '(7, 8)']",17179891708,0,17179891708
83,"(12, 13)","(12, 12)",North,"[('(12, 14)', 'North', 4096), ('(12, 12)', 'South', 4096)]","['(12, 13)', '(13, 12)', '(25, 14)', '(34, 14)']","['(13, 12)', '(12, 14)', '(25, 14)', '(34, 14)']","['(21, 16)', '(4, 9)', '(8, 9)', '(1, 15)', '(6, 11)', '(8, 11)', '(11, 16)', '(1, 8)', '(26, 16)', '(15, 16)', '(6, 13)', '(28, 16)', '(17, 16)', '(5, 14)', '(32, 16)', '(1, 10)', '(34, 16)', '(12, 13)', '(3, 10)', '(5, 16)', '(9, 14)', '(1, 12)', '(18, 16)', '(7, 16)', '(22, 16)', '(4, 11)', '(9, 16)', '(24, 16)', '(13, 16)', '(25, 15)', '(1, 14)', '(4, 13)', '(8, 13)', '(10, 10)', '(1, 7)', '(1, 16)', '(12, 10)', '(3, 7)', '(14, 16)', '(3, 16)', '(10, 12)', '(1, 9)', '(16, 16)', '(6, 8)', '(31, 16)', '(20, 16)', '(12, 12)', '(4, 8)', '(8, 8)', '(33, 16)', '(1, 11)', '(10, 14)', '(6, 10)', '(4, 10)', '(8, 10)', '(10, 16)', '(1, 13)', '(6, 12)', '(23, 16)', '(12, 16)', '(4, 12)', '(27, 16)', '(8, 12)', '(25, 16)', '(29, 16)', '(6, 14)', '(4, 14)', '(34, 15)', '(8, 14)', '(10, 11)', '(11, 10)', '(2, 7)', '(2, 16)', '(6, 16)', '(12, 11)', '(4, 7)', '(4, 16)', '(30, 16)', '(19, 16)', '(8, 16)', '(10, 13)', '(6, 9)', '(7, 8)']",17179895804,0,17179895804
84,"(13, 12)","(12, 12)",East,"[('(14, 12)', 'East', 16384), ('(12, 12)', 'West', 4096)]","['(13, 12)', '(12, 14)', '(25, 14)', '(34, 14)']","['(12, 14)', '(14, 12)', '(25, 14)', '(34, 14)']","['(21, 16)', '(4, 9)', '(8, 9)', '(1, 15)', '(6, 11)', '(8, 11)', '(11, 16)', '(1, 8)', '(26, 16)', '(15, 16)', '(6, 13)', '(28, 16)', '(17, 16)', '(5, 14)', '(32, 16)', '(1, 10)', '(13, 12)', '(34, 16)', '(12, 13)', '(3, 10)', '(5, 16)', '(9, 14)', '(1, 12)', '(18, 16)', '(7, 16)', '(22, 16)', '(4, 11)', '(9, 16)', '(24, 16)', '(13, 16)', '(25, 15)', '(1, 14)', '(4, 13)', '(8, 13)', '(10, 10)', '(1, 7)', '(1, 16)', '(12, 10)', '(3, 7)', '(14, 16)', '(3, 16)', '(10, 12)', '(1, 9)', '(16, 16)', '(6, 8)', '(31, 16)', '(20, 16)', '(12, 12)', '(4, 8)', '(8, 8)', '(33, 16)', '(1, 11)', '(10, 14)', '(6, 10)', '(4, 10)', '(8, 10)', '(10, 16)', '(1, 13)', '(6, 12)', '(23, 16)', '(12, 16)', '(4, 12)', '(27, 16)', '(8, 12)', '(25, 16)', '(29, 16)', '(6, 14)', '(4, 14)', '(34, 15)', '(8, 14)', '(10, 11)', '(11, 10)', '(2, 7)', '(2, 16)', '(6, 16)', '(12, 11)', '(4, 7)', '(4, 16)', '(30, 16)', '(19, 16)', '(8, 16)', '(10, 13)', '(6, 9)', '(7, 8)']",17179899900,0,17179899900
85,"(12, 14)","(12, 13)",North,"[('(12, 13)', 'South', 4096), ('(13, 14)', 'East', 8192)]","['(12, 14)', '(14, 12)', '(25, 14)', '(34, 14)']","['(13, 14)', '(14, 12)', '(25, 14)', '(34, 14)']","['(21, 16)', '(4, 9)', '(8, 9)', '(1, 15)', '(6, 11)', '(8, 11)', '(11, 16)', '(1, 8)', '(26, 16)', '(15, 16)', '(6, 13)', '(28, 16)', '(17, 16)', '(5, 14)', '(32, 16)', '(1, 10)', '(13, 12)', '(34, 16)', '(12, 13)', '(3, 10)', '(5, 16)', '(9, 14)', '(1, 12)', '(18, 16)', '(7, 16)', '(22, 16)', '(4, 11)', '(9, 16)', '(24, 16)', '(13, 16)', '(25, 15)', '(1, 14)', '(4, 13)', '(8, 13)', '(10, 10)', '(1, 7)', '(1, 16)', '(12, 10)', '(3, 7)', '(14, 16)', '(3, 16)', '(10, 12)', '(1, 9)', '(16, 16)', '(6, 8)', '(31, 16)', '(20, 16)', '(12, 12)', '(4, 8)', '(8, 8)', '(33, 16)', '(1, 11)', '(10, 14)', '(6, 10)', '(12, 14)', '(4, 10)', '(8, 10)', '(10, 16)', '(1, 13)', '(6, 12)', '(23, 16)', '(12, 16)', '(4, 12)', '(27, 16)', '(8, 12)', '(25, 16)', '(29, 16)', '(6, 14)', '(4, 14)', '(34, 15)', '(8, 14)', '(10, 11)', '(11, 10)', '(2, 7)', '(2, 16)', '(6, 16)', '(12, 11)', '(4, 7)', '(4, 16)', '(30, 16)', '(19, 16)', '(8, 16)', '(10, 13)', '(6, 9)', '(7, 8)']",17179899900,0,17179899900
86,"(13, 14)","(12, 14)",East,"[('(14, 14)', 'East', 16384), ('(12, 14)', 'West', 4096)]","['(13, 14)', '(14, 12)', '(25, 14)', '(34, 14)']","['(14, 12)', '(14, 14)', '(25, 14)', '(34, 14)']","['(21, 16)', '(4, 9)', '(8, 9)', '(1, 15)', '(6, 11)', '(8, 11)', '(11, 16)', '(1, 8)', '(26, 16)', '(15, 16)', '(6, 13)', '(28, 16)', '(17, 16)', '(5, 14)', '(32, 16)', '(1, 10)', '(13, 12)', '(34, 16)', '(12, 13)', '(3, 10)', '(5, 16)', '(9, 14)', '(1, 12)', '(13, 14)', '(18, 16)', '(7, 16)', '(22, 16)', '(4, 11)', '(9, 16)', '(24, 16)', '(13, 16)', '(25, 15)', '(1, 14)', '(4, 13)', '(8, 13)', '(10, 10)', '(1, 7)', '(1, 16)', '(12, 10)', '(3, 7)', '(14, 16)', '(3, 16)', '(10, 12)', '(1, 9)', '(16, 16)', '(6, 8)', '(31, 16)', '(20, 16)', '(12, 12)', '(4, 8)', '(8, 8)', '(33, 16)', '(1, 11)', '(10, 14)', '(6, 10)', '(12, 14)', '(4, 10)', '(8, 10)', '(10, 16)', '(1, 13)', '(6, 12)', '(23, 16)', '(12, 16)', '(4, 12)', '(27, 16)', '(8, 12)', '(25, 16)', '(29, 16)', '(6, 14)', '(4, 14)', '(34, 15)', '(8, 14)', '(10, 11)', '(11, 10)', '(2, 7)', '(2, 16)', '(6, 16)', '(12, 11)', '(4, 7)', '(4, 16)', '(30, 16)', '(19, 16)', '(8, 16)', '(10, 13)', '(6, 9)', '(7, 8)']",17179908092,0,17179908092
87,"(14, 12)","(13, 12)",East,"[('(14, 11)', 'South', 16384), ('(15, 12)', 'East', 32768), ('(13, 12)', 'West', 8192)]","['(14, 12)', '(14, 14)', '(25, 14)', '(34, 14)']","['(14, 14)', '(14, 11)', '(25, 14)', '(34, 14)', '(15, 12)']","['(21, 16)', '(4, 9)', '(8, 9)', '(1, 15)', '(6, 11)', '(8, 11)', '(11, 16)', '(1, 8)', '(26, 16)', '(15, 16)', '(6, 13)', '(28, 16)', '(17, 16)', '(5, 14)', '(32, 16)', '(1, 10)', '(13, 12)', '(34, 16)', '(12, 13)', '(3, 10)', '(5, 16)', '(9, 14)', '(1, 12)', '(13, 14)', '(18, 16)', '(7, 16)', '(22, 16)', '(14, 12)', '(4, 11)', '(9, 16)', '(24, 16)', '(13, 16)', '(25, 15)', '(1, 14)', '(4, 13)', '(8, 13)', '(10, 10)', '(1, 7)', '(1, 16)', '(12, 10)', '(3, 7)', '(14, 16)', '(3, 16)', '(10, 12)', '(1, 9)', '(16, 16)', '(6, 8)', '(31, 16)', '(20, 16)', '(12, 12)', '(4, 8)', '(8, 8)', '(33, 16)', '(1, 11)', '(10, 14)', '(6, 10)', '(12, 14)', '(4, 10)', '(8, 10)', '(10, 16)', '(1, 13)', '(6, 12)', '(23, 16)', '(12, 16)', '(4, 12)', '(27, 16)', '(8, 12)', '(25, 16)', '(29, 16)', '(6, 14)', '(4, 14)', '(34, 15)', '(8, 14)', '(10, 11)', '(11, 10)', '(2, 7)', '(2, 16)', '(6, 16)', '(12, 11)', '(4, 7)', '(4, 16)', '(30, 16)', '(19, 16)', '(8, 16)', '(10, 13)', '(6, 9)', '(7, 8)']",17179916284,0,17179916284
88,"(14, 14)","(13, 14)",East,"[('(15, 14)', 'East', 32768), ('(13, 14)', 'West', 8192)]","['(14, 14)', '(14, 11)', '(25, 14)', '(34, 14)', '(15, 12)']","['(14, 11)', '(15, 12)', '(25, 14)', '(34, 14)', '(15, 14)']","['(21, 16)', '(4, 9)', '(8, 9)', '(1, 15)', '(6, 11)', '(8, 11)', '(11, 16)', '(1, 8)', '(26, 16)', '(15, 16)', '(6, 13)', '(28, 16)', '(17, 16)', '(5, 14)', '(32, 16)', '(1, 10)', '(13, 12)', '(34, 16)', '(12, 13)', '(3, 10)', '(5, 16)', '(9, 14)', '(1, 12)', '(13, 14)', '(18, 16)', '(7, 16)', '(22, 16)', '(14, 12)', '(4, 11)', '(9, 16)', '(24, 16)', '(13, 16)', '(25, 15)', '(1, 14)', '(14, 14)', '(4, 13)', '(8, 13)', '(10, 10)', '(1, 7)', '(1, 16)', '(12, 10)', '(3, 7)', '(14, 16)', '(3, 16)', '(10, 12)', '(1, 9)', '(16, 16)', '(6, 8)', '(31, 16)', '(20, 16)', '(12, 12)', '(4, 8)', '(8, 8)', '(33, 16)', '(1, 11)', '(10, 14)', '(6, 10)', '(12, 14)', '(4, 10)', '(8, 10)', '(10, 16)', '(1, 13)', '(6, 12)', '(23, 16)', '(12, 16)', '(4, 12)', '(27, 16)', '(8, 12)', '(25, 16)', '(29, 16)', '(6, 14)', '(4, 14)', '(34, 15)', '(8, 14)', '(10, 11)', '(11, 10)', '(2, 7)', '(2, 16)', '(6, 16)', '(12, 11)', '(4, 7)', '(4, 16)', '(30, 16)', '(19, 16)', '(8, 16)', '(10, 13)', '(6, 9)', '(7, 8)']",17179924476,0,17179924476
89,"(14, 11)","(14, 12)",South,"[('(14, 12)', 'North', 16384), ('(14, 10)', 'South', 16384)]","['(14, 11)', '(15, 12)', '(25, 14)', '(34, 14)', '(15, 14)']","['(15, 12)', '(14, 10)', '(25, 14)', '(34, 14)', '(15, 14)']","['(21, 16)', '(4, 9)', '(8, 9)', '(1, 15)', '(6, 11)', '(8, 11)', '(11, 16)', '(1, 8)', '(26, 16)', '(15, 16)', '(6, 13)', '(28, 16)', '(17, 16)', '(5, 14)', '(32, 16)', '(1, 10)', '(13, 12)', '(34, 16)', '(12, 13)', '(3, 10)', '(5, 16)', '(9, 14)', '(1, 12)', '(13, 14)', '(18, 16)', '(7, 16)', '(22, 16)', '(14, 12)', '(4, 11)', '(9, 16)', '(24, 16)', '(13, 16)', '(25, 15)', '(1, 14)', '(14, 14)', '(4, 13)', '(8, 13)', '(10, 10)', '(1, 7)', '(1, 16)', '(12, 10)', '(3, 7)', '(14, 16)', '(3, 16)', '(10, 12)', '(1, 9)', '(16, 16)', '(6, 8)', '(31, 16)', '(20, 16)', '(12, 12)', '(4, 8)', '(8, 8)', '(33, 16)', '(1, 11)', '(10, 14)', '(6, 10)', '(12, 14)', '(14, 11)', '(4, 10)', '(8, 10)', '(10, 16)', '(1, 13)', '(6, 12)', '(23, 16)', '(12, 16)', '(4, 12)', '(27, 16)', '(8, 12)', '(25, 16)', '(29, 16)', '(6, 14)', '(4, 14)', '(34, 15)', '(8, 14)', '(10, 11)', '(11, 10)', '(2, 7)', '(2, 16)', '(6, 16)', '(12, 11)', '(4, 7)', '(4, 16)', '(30, 16)', '(19, 16)', '(8, 16)', '(10, 13)', '(6, 9)', '(7, 8)']",17179932668,0,17179932668
90,"(15, 12)","(14, 12)",East,"[('(16, 12)', 'East', 65536), ('(14, 12)', 'West', 16384)]","['(15, 12)', '(14, 10)', '(25, 14)', '(34, 14)', '(15, 14)']","['(14, 10)', '(15, 14)', '(25, 14)', '(34, 14)', '(16, 12)']","['(21, 16)', '(4, 9)', '(8, 9)', '(1, 15)', '(6, 11)', '(8, 11)', '(11, 16)', '(1, 8)', '(26, 16)', '(15, 16)', '(6, 13)', '(28, 16)', '(17, 16)', '(5, 14)', '(32, 16)', '(1, 10)', '(13, 12)', '(34, 16)', '(12, 13)', '(3, 10)', '(5, 16)', '(9, 14)', '(1, 12)', '(13, 14)', '(18, 16)', '(7, 16)', '(22, 16)', '(14, 12)', '(4, 11)', '(9, 16)', '(24, 16)', '(13, 16)', '(25, 15)', '(1, 14)', '(14, 14)', '(4, 13)', '(8, 13)', '(10, 10)', '(1, 7)', '(1, 16)', '(12, 10)', '(3, 7)', '(14, 16)', '(3, 16)', '(10, 12)', '(1, 9)', '(16, 16)', '(6, 8)', '(31, 16)', '(20, 16)', '(12, 12)', '(4, 8)', '(8, 8)', '(33, 16)', '(1, 11)', '(10, 14)', '(6, 10)', '(12, 14)', '(14, 11)', '(4, 10)', '(8, 10)', '(10, 16)', '(1, 13)', '(6, 12)', '(23, 16)', '(12, 16)', '(4, 12)', '(27, 16)', '(8, 12)', '(25, 16)', '(29, 16)', '(6, 14)', '(4, 14)', '(34, 15)', '(8, 14)', '(10, 11)', '(11, 10)', '(2, 7)', '(2, 16)', '(6, 16)', '(12, 11)', '(4, 7)', '(4, 16)', '(30, 16)', '(19, 16)', '(8, 16)', '(10, 13)', '(15, 12)', '(6, 9)', '(7, 8)']",17179949052,0,17179949052
91,"(14, 10)","(14, 11)",South,"[('(14, 11)', 'North', 16384), ('(15, 10)', 'East', 32768)]","['(14, 10)', '(15, 14)', '(25, 14)', '(34, 14)', '(16, 12)']","['(15, 14)', '(15, 10)', '(25, 14)', '(34, 14)', '(16, 12)']","['(21, 16)', '(4, 9)', '(8, 9)', '(1, 15)', '(6, 11)', '(8, 11)', '(11, 16)', '(1, 8)', '(26, 16)', '(15, 16)', '(6, 13)', '(28, 16)', '(17, 16)', '(5, 14)', '(32, 16)', '(1, 10)', '(13, 12)', '(34, 16)', '(12, 13)', '(3, 10)', '(14, 10)', '(5, 16)', '(9, 14)', '(1, 12)', '(13, 14)', '(18, 16)', '(7, 16)', '(22, 16)', '(14, 12)', '(4, 11)', '(9, 16)', '(24, 16)', '(13, 16)', '(25, 15)', '(1, 14)', '(14, 14)', '(4, 13)', '(8, 13)', '(10, 10)', '(1, 7)', '(1, 16)', '(12, 10)', '(3, 7)', '(14, 16)', '(3, 16)', '(10, 12)', '(1, 9)', '(16, 16)', '(6, 8)', '(31, 16)', '(20, 16)', '(12, 12)', '(4, 8)', '(8, 8)', '(33, 16)', '(1, 11)', '(10, 14)', '(6, 10)', '(12, 14)', '(14, 11)', '(4, 10)', '(8, 10)', '(10, 16)', '(1, 13)', '(6, 12)', '(23, 16)', '(12, 16)', '(4, 12)', '(27, 16)', '(8, 12)', '(25, 16)', '(29, 16)', '(6, 14)', '(4, 14)', '(34, 15)', '(8, 14)', '(10, 11)', '(11, 10)', '(2, 7)', '(2, 16)', '(6, 16)', '(12, 11)', '(4, 7)', '(4, 16)', '(30, 16)', '(19, 16)', '(8, 16)', '(10, 13)', '(15, 12)', '(6, 9)', '(7, 8)']",17179949052,0,17179949052
92,"(15, 14)","(14, 14)",East,"[('(16, 14)', 'East', 65536), ('(14, 14)', 'West', 16384)]","['(15, 14)', '(15, 10)', '(25, 14)', '(34, 14)', '(16, 12)']","['(15, 10)', '(16, 12)', '(25, 14)', '(34, 14)', '(16, 14)']","['(21, 16)', '(4, 9)', '(8, 9)', '(1, 15)', '(15, 14)', '(6, 11)', '(8, 11)', '(11, 16)', '(1, 8)', '(26, 16)', '(15, 16)', '(6, 13)', '(28, 16)', '(17, 16)', '(5, 14)', '(32, 16)', '(1, 10)', '(13, 12)', '(34, 16)', '(12, 13)', '(3, 10)', '(14, 10)', '(5, 16)', '(9, 14)', '(1, 12)', '(13, 14)', '(18, 16)', '(7, 16)', '(22, 16)', '(14, 12)', '(4, 11)', '(9, 16)', '(24, 16)', '(13, 16)', '(25, 15)', '(1, 14)', '(14, 14)', '(4, 13)', '(8, 13)', '(10, 10)', '(1, 7)', '(1, 16)', '(12, 10)', '(3, 7)', '(14, 16)', '(3, 16)', '(10, 12)', '(1, 9)', '(16, 16)', '(6, 8)', '(31, 16)', '(20, 16)', '(12, 12)', '(4, 8)', '(8, 8)', '(33, 16)', '(1, 11)', '(10, 14)', '(6, 10)', '(12, 14)', '(14, 11)', '(4, 10)', '(8, 10)', '(10, 16)', '(1, 13)', '(6, 12)', '(23, 16)', '(12, 16)', '(4, 12)', '(27, 16)', '(8, 12)', '(25, 16)', '(29, 16)', '(6, 14)', '(4, 14)', '(34, 15)', '(8, 14)', '(10, 11)', '(11, 10)', '(2, 7)', '(2, 16)', '(6, 16)', '(12, 11)', '(4, 7)', '(4, 16)', '(30, 16)', '(19, 16)', '(8, 16)', '(10, 13)', '(15, 12)', '(6, 9)', '(7, 8)']",17179957244,0,17179957244
93,"(15, 10)","(14, 10)",East,"[('(16, 10)', 'East', 65536), ('(14, 10)', 'West', 16384)]","['(15, 10)', '(16, 12)', '(25, 14)', '(34, 14)', '(16, 14)']","['(16, 12)', '(16, 14)', '(25, 14)', '(34, 14)', '(16, 10)']","['(21, 16)', '(4, 9)', '(8, 9)', '(1, 15)', '(15, 14)', '(6, 11)', '(8, 11)', '(11, 16)', '(1, 8)', '(26, 16)', '(15, 16)', '(6, 13)', '(28, 16)', '(17, 16)', '(5, 14)', '(32, 16)', '(1, 10)', '(13, 12)', '(34, 16)', '(12, 13)', '(3, 10)', '(14, 10)', '(5, 16)', '(9, 14)', '(1, 12)', '(13, 14)', '(18, 16)', '(7, 16)', '(22, 16)', '(14, 12)', '(4, 11)', '(9, 16)', '(24, 16)', '(13, 16)', '(25, 15)', '(1, 14)', '(14, 14)', '(4, 13)', '(8, 13)', '(10, 10)', '(1, 7)', '(1, 16)', '(12, 10)', '(3, 7)', '(14, 16)', '(3, 16)', '(10, 12)', '(1, 9)', '(16, 16)', '(6, 8)', '(31, 16)', '(20, 16)', '(12, 12)', '(4, 8)', '(8, 8)', '(33, 16)', '(1, 11)', '(10, 14)', '(6, 10)', '(12, 14)', '(14, 11)', '(4, 10)', '(8, 10)', '(10, 16)', '(1, 13)', '(6, 12)', '(23, 16)', '(12, 16)', '(4, 12)', '(27, 16)', '(8, 12)', '(25, 16)', '(29, 16)', '(6, 14)', '(4, 14)', '(34, 15)', '(8, 14)', '(10, 11)', '(11, 10)', '(2, 7)', '(2, 16)', '(15, 10)', '(6, 16)', '(12, 11)', '(4, 7)', '(4, 16)', '(30, 16)', '(19, 16)', '(8, 16)', '(10, 13)', '(15, 12)', '(6, 9)', '(7, 8)']",17179981820,0,17179981820
94,"(16, 12)","(15, 12)",East,"[('(17, 12)', 'East', 131072), ('(15, 12)', 'West', 32768)]","['(16, 12)', '(16, 14)', '(25, 14)', '(34, 14)', '(16, 10)']","['(16, 14)', '(16, 10)', '(25, 14)', '(34, 14)', '(17, 12)']","['(21, 16)', '(4, 9)', '(8, 9)', '(1, 15)', '(15, 14)', '(6, 11)', '(8, 11)', '(11, 16)', '(1, 8)', '(26, 16)', '(15, 16)', '(6, 13)', '(28, 16)', '(17, 16)', '(5, 14)', '(32, 16)', '(1, 10)', '(13, 12)', '(34, 16)', '(12, 13)', '(3, 10)', '(14, 10)', '(5, 16)', '(9, 14)', '(1, 12)', '(13, 14)', '(18, 16)', '(7, 16)', '(22, 16)', '(14, 12)', '(4, 11)', '(9, 16)', '(24, 16)', '(13, 16)', '(25, 15)', '(1, 14)', '(16, 12)', '(14, 14)', '(4, 13)', '(8, 13)', '(10, 10)', '(1, 7)', '(1, 16)', '(12, 10)', '(3, 7)', '(14, 16)', '(3, 16)', '(10, 12)', '(1, 9)', '(16, 16)', '(6, 8)', '(31, 16)', '(20, 16)', '(12, 12)', '(4, 8)', '(8, 8)', '(33, 16)', '(1, 11)', '(10, 14)', '(6, 10)', '(12, 14)', '(14, 11)', '(4, 10)', '(8, 10)', '(10, 16)', '(1, 13)', '(6, 12)', '(23, 16)', '(12, 16)', '(4, 12)', '(27, 16)', '(8, 12)', '(25, 16)', '(29, 16)', '(6, 14)', '(4, 14)', '(34, 15)', '(8, 14)', '(10, 11)', '(11, 10)', '(2, 7)', '(2, 16)', '(15, 10)', '(6, 16)', '(12, 11)', '(4, 7)', '(4, 16)', '(30, 16)', '(19, 16)', '(8, 16)', '(10, 13)', '(15, 12)', '(6, 9)', '(7, 8)']",17180014588,0,17180014588
95,"(16, 14)","(15, 14)",East,"[('(17, 14)', 'East', 131072), ('(15, 14)', 'West', 32768)]","['(16, 14)', '(16, 10)', '(25, 14)', '(34, 14)', '(17, 12)']","['(16, 10)', '(17, 12)', '(25, 14)', '(34, 14)', '(17, 14)']","['(21, 16)', '(4, 9)', '(8, 9)', '(1, 15)', '(15, 14)', '(6, 11)', '(8, 11)', '(11, 16)', '(1, 8)', '(26, 16)', '(15, 16)', '(6, 13)', '(28, 16)', '(17, 16)', '(5, 14)', '(32, 16)', '(1, 10)', '(13, 12)', '(34, 16)', '(12, 13)', '(3, 10)', '(14, 10)', '(5, 16)', '(9, 14)', '(1, 12)', '(13, 14)', '(18, 16)', '(7, 16)', '(22, 16)', '(14, 12)', '(4, 11)', '(9, 16)', '(24, 16)', '(13, 16)', '(25, 15)', '(1, 14)', '(16, 12)', '(14, 14)', '(4, 13)', '(8, 13)', '(10, 10)', '(1, 7)', '(1, 16)', '(16, 14)', '(12, 10)', '(3, 7)', '(14, 16)', '(3, 16)', '(10, 12)', '(1, 9)', '(16, 16)', '(6, 8)', '(31, 16)', '(20, 16)', '(12, 12)', '(4, 8)', '(8, 8)', '(33, 16)', '(1, 11)', '(10, 14)', '(6, 10)', '(12, 14)', '(14, 11)', '(4, 10)', '(8, 10)', '(10, 16)', '(1, 13)', '(6, 12)', '(23, 16)', '(12, 16)', '(4, 12)', '(27, 16)', '(8, 12)', '(25, 16)', '(29, 16)', '(6, 14)', '(4, 14)', '(34, 15)', '(8, 14)', '(10, 11)', '(11, 10)', '(2, 7)', '(2, 16)', '(15, 10)', '(6, 16)', '(12, 11)', '(4, 7)', '(4, 16)', '(30, 16)', '(19, 16)', '(8, 16)', '(10, 13)', '(15, 12)', '(6, 9)', '(7, 8)']",17180022780,0,17180022780
96,"(16, 10)","(15, 10)",East,"[('(17, 10)', 'East', 131072), ('(15, 10)', 'West', 32768)]","['(16, 10)', '(17, 12)', '(25, 14)', '(34, 14)', '(17, 14)']","['(17, 12)', '(17, 14)', '(25, 14)', '(34, 14)', '(17, 10)']","['(21, 16)', '(4, 9)', '(8, 9)', '(1, 15)', '(15, 14)', '(6, 11)', '(8, 11)', '(11, 16)', '(1, 8)', '(26, 16)', '(15, 16)', '(6, 13)', '(28, 16)', '(17, 16)', '(5, 14)', '(32, 16)', '(1, 10)', '(13, 12)', '(34, 16)', '(12, 13)', '(3, 10)', '(14, 10)', '(5, 16)', '(9, 14)', '(1, 12)', '(13, 14)', '(16, 10)', '(18, 16)', '(7, 16)', '(22, 16)', '(14, 12)', '(4, 11)', '(9, 16)', '(24, 16)', '(13, 16)', '(25, 15)', '(1, 14)', '(16, 12)', '(14, 14)', '(4, 13)', '(8, 13)', '(10, 10)', '(1, 7)', '(1, 16)', '(16, 14)', '(12, 10)', '(3, 7)', '(14, 16)', '(3, 16)', '(10, 12)', '(1, 9)', '(16, 16)', '(6, 8)', '(31, 16)', '(20, 16)', '(12, 12)', '(4, 8)', '(8, 8)', '(33, 16)', '(1, 11)', '(10, 14)', '(6, 10)', '(12, 14)', '(14, 11)', '(4, 10)', '(8, 10)', '(10, 16)', '(1, 13)', '(6, 12)', '(23, 16)', '(12, 16)', '(4, 12)', '(27, 16)', '(8, 12)', '(25, 16)', '(29, 16)', '(6, 14)', '(4, 14)', '(34, 15)', '(8, 14)', '(10, 11)', '(11, 10)', '(2, 7)', '(2, 16)', '(15, 10)', '(6, 16)', '(12, 11)', '(4, 7)', '(4, 16)', '(30, 16)', '(19, 16)', '(8, 16)', '(10, 13)', '(15, 12)', '(6, 9)', '(7, 8)']",17180047356,0,17180047356
97,"(17, 12)","(16, 12)",East,"[('(17, 13)', 'North', 131072), ('(18, 12)', 'East', 262144), ('(16, 12)', 'West', 65536)]","['(17, 12)', '(17, 14)', '(25, 14)', '(34, 14)', '(17, 10)']","['(17, 14)', '(17, 10)', '(18, 12)', '(34, 14)', '(17, 13)', '(25, 14)']","['(21, 16)', '(4, 9)', '(17, 12)', '(8, 9)', '(1, 15)', '(15, 14)', '(6, 11)', '(8, 11)', '(11, 16)', '(1, 8)', '(26, 16)', '(15, 16)', '(6, 13)', '(28, 16)', '(17, 16)', '(5, 14)', '(32, 16)', '(1, 10)', '(13, 12)', '(34, 16)', '(12, 13)', '(3, 10)', '(14, 10)', '(5, 16)', '(9, 14)', '(1, 12)', '(13, 14)', '(16, 10)', '(18, 16)', '(7, 16)', '(22, 16)', '(14, 12)', '(4, 11)', '(9, 16)', '(24, 16)', '(13, 16)', '(25, 15)', '(1, 14)', '(16, 12)', '(14, 14)', '(4, 13)', '(8, 13)', '(10, 10)', '(1, 7)', '(1, 16)', '(16, 14)', '(12, 10)', '(3, 7)', '(14, 16)', '(3, 16)', '(10, 12)', '(1, 9)', '(16, 16)', '(6, 8)', '(31, 16)', '(20, 16)', '(12, 12)', '(4, 8)', '(8, 8)', '(33, 16)', '(1, 11)', '(10, 14)', '(6, 10)', '(12, 14)', '(14, 11)', '(4, 10)', '(8, 10)', '(10, 16)', '(1, 13)', '(6, 12)', '(23, 16)', '(12, 16)', '(4, 12)', '(27, 16)', '(8, 12)', '(25, 16)', '(29, 16)', '(6, 14)', '(4, 14)', '(34, 15)', '(8, 14)', '(10, 11)', '(11, 10)', '(2, 7)', '(2, 16)', '(15, 10)', '(6, 16)', '(12, 11)', '(4, 7)', '(4, 16)', '(30, 16)', '(19, 16)', '(8, 16)', '(10, 13)', '(15, 12)', '(6, 9)', '(7, 8)']",17180145660,0,17180145660
98,"(17, 14)","(16, 14)",East,"[('(17, 13)', 'South', 131072), ('(16, 14)', 'West', 65536)]","['(17, 14)', '(17, 10)', '(18, 12)', '(34, 14)', '(17, 13)', '(25, 14)']","['(17, 10)', '(17, 13)', '(18, 12)', '(34, 14)', '(25, 14)']","['(21, 16)', '(4, 9)', '(17, 12)', '(8, 9)', '(1, 15)', '(15, 14)', '(6, 11)', '(17, 14)', '(8, 11)', '(11, 16)', '(1, 8)', '(26, 16)', '(15, 16)', '(6, 13)', '(28, 16)', '(17, 16)', '(5, 14)', '(32, 16)', '(1, 10)', '(13, 12)', '(34, 16)', '(12, 13)', '(3, 10)', '(14, 10)', '(5, 16)', '(9, 14)', '(1, 12)', '(13, 14)', '(16, 10)', '(18, 16)', '(7, 16)', '(22, 16)', '(14, 12)', '(4, 11)', '(9, 16)', '(24, 16)', '(13, 16)', '(25, 15)', '(1, 14)', '(16, 12)', '(14, 14)', '(4, 13)', '(8, 13)', '(10, 10)', '(1, 7)', '(1, 16)', '(16, 14)', '(12, 10)', '(3, 7)', '(14, 16)', '(3, 16)', '(10, 12)', '(1, 9)', '(16, 16)', '(6, 8)', '(31, 16)', '(20, 16)', '(12, 12)', '(4, 8)', '(8, 8)', '(33, 16)', '(1, 11)', '(10, 14)', '(6, 10)', '(12, 14)', '(14, 11)', '(4, 10)', '(8, 10)', '(10, 16)', '(1, 13)', '(6, 12)', '(23, 16)', '(12, 16)', '(4, 12)', '(27, 16)', '(8, 12)', '(25, 16)', '(29, 16)', '(6, 14)', '(4, 14)', '(34, 15)', '(8, 14)', '(10, 11)', '(11, 10)', '(2, 7)', '(2, 16)', '(15, 10)', '(6, 16)', '(12, 11)', '(4, 7)', '(4, 16)', '(30, 16)', '(19, 16)', '(8, 16)', '(10, 13)', '(15, 12)', '(6, 9)', '(7, 8)']",17180153852,0,17180153852
99,"(17, 10)","(16, 10)",East,"[('(17, 9)', 'South', 131072), ('(16, 10)', 'West', 65536)]","['(17, 10)', '(17, 13)', '(18, 12)', '(34, 14)', '(25, 14)']","['(17, 13)', '(17, 9)', '(18, 12)', '(34, 14)', '(25, 14)']","['(21, 16)', '(4, 9)', '(17, 12)', '(8, 9)', '(1, 15)', '(15, 14)', '(6, 11)', '(17, 14)', '(8, 11)', '(11, 16)', '(1, 8)', '(26, 16)', '(15, 16)', '(6, 13)', '(28, 16)', '(17, 16)', '(5, 14)', '(32, 16)', '(1, 10)', '(13, 12)', '(34, 16)', '(12, 13)', '(3, 10)', '(14, 10)', '(5, 16)', '(9, 14)', '(1, 12)', '(13, 14)', '(16, 10)', '(18, 16)', '(7, 16)', '(22, 16)', '(14, 12)', '(4, 11)', '(9, 16)', '(24, 16)', '(13, 16)', '(25, 15)', '(1, 14)', '(16, 12)', '(14, 14)', '(4, 13)', '(8, 13)', '(10, 10)', '(1, 7)', '(1, 16)', '(16, 14)', '(12, 10)', '(3, 7)', '(14, 16)', '(3, 16)', '(10, 12)', '(1, 9)', '(16, 16)', '(6, 8)', '(31, 16)', '(20, 16)', '(12, 12)', '(4, 8)', '(8, 8)', '(33, 16)', '(1, 11)', '(10, 14)', '(6, 10)', '(12, 14)', '(14, 11)', '(4, 10)', '(8, 10)', '(10, 16)', '(1, 13)', '(6, 12)', '(23, 16)', '(12, 16)', '(4, 12)', '(27, 16)', '(8, 12)', '(25, 16)', '(29, 16)', '(6, 14)', '(4, 14)', '(34, 15)', '(8, 14)', '(10, 11)', '(11, 10)', '(2, 7)', '(2, 16)', '(15, 10)', '(6, 16)', '(12, 11)', '(4, 7)', '(4, 16)', '(17, 10)', '(30, 16)', '(19, 16)', '(8, 16)', '(10, 13)', '(15, 12)', '(6, 9)', '(7, 8)']",17180178428,0,17180178428
100,"(17, 13)","(17, 12)",North,"[('(17, 14)', 'North', 131072), ('(17, 12)', 'South', 131072)]","['(17, 13)', '(17, 9)', '(18, 12)', '(34, 14)', '(25, 14)']","['(17, 9)', '(25, 14)', '(18, 12)', '(34, 14)']","['(21, 16)', '(4, 9)', '(17, 12)', '(8, 9)', '(1, 15)', '(15, 14)', '(6, 11)', '(17, 14)', '(8, 11)', '(11, 16)', '(1, 8)', '(26, 16)', '(15, 16)', '(6, 13)', '(28, 16)', '(17, 16)', '(5, 14)', '(32, 16)', '(1, 10)', '(13, 12)', '(34, 16)', '(12, 13)', '(3, 10)', '(14, 10)', '(5, 16)', '(9, 14)', '(1, 12)', '(13, 14)', '(16, 10)', '(18, 16)', '(7, 16)', '(22, 16)', '(14, 12)', '(4, 11)', '(9, 16)', '(24, 16)', '(13, 16)', '(25, 15)', '(1, 14)', '(16, 12)', '(14, 14)', '(4, 13)', '(8, 13)', '(10, 10)', '(1, 7)', '(1, 16)', '(16, 14)', '(12, 10)', '(3, 7)', '(14, 16)', '(3, 16)', '(10, 12)', '(1, 9)', '(16, 16)', '(6, 8)', '(31, 16)', '(20, 16)', '(12, 12)', '(4, 8)', '(8, 8)', '(33, 16)', '(1, 11)', '(10, 14)', '(6, 10)', '(12, 14)', '(14, 11)', '(4, 10)', '(17, 13)', '(8, 10)', '(10, 16)', '(1, 13)', '(6, 12)', '(23, 16)', '(12, 16)', '(4, 12)', '(27, 16)', '(8, 12)', '(25, 16)', '(29, 16)', '(6, 14)', '(4, 14)', '(34, 15)', '(8, 14)', '(10, 11)', '(11, 10)', '(2, 7)', '(2, 16)', '(15, 10)', '(6, 16)', '(12, 11)', '(4, 7)', '(4, 16)', '(17, 10)', '(30, 16)', '(19, 16)', '(8, 16)', '(10, 13)', '(15, 12)', '(6, 9)', '(7, 8)']",17180276732,0,17180276732
101,"(17, 9)","(17, 10)",South,"[('(17, 10)', 'North', 131072), ('(17, 8)', 'South', 131072)]","['(17, 9)', '(25, 14)', '(18, 12)', '(34, 14)']","['(18, 12)', '(17, 8)', '(34, 14)', '(25, 14)']","['(21, 16)', '(4, 9)', '(17, 12)', '(8, 9)', '(1, 15)', '(15, 14)', '(6, 11)', '(17, 14)', '(8, 11)', '(11, 16)', '(1, 8)', '(26, 16)', '(15, 16)', '(6, 13)', '(28, 16)', '(17, 16)', '(5, 14)', '(32, 16)', '(1, 10)', '(13, 12)', '(34, 16)', '(12, 13)', '(3, 10)', '(14, 10)', '(17, 9)', '(5, 16)', '(9, 14)', '(1, 12)', '(13, 14)', '(16, 10)', '(18, 16)', '(7, 16)', '(22, 16)', '(14, 12)', '(4, 11)', '(9, 16)', '(24, 16)', '(13, 16)', '(25, 15)', '(1, 14)', '(16, 12)', '(14, 14)', '(4, 13)', '(8, 13)', '(10, 10)', '(1, 7)', '(1, 16)', '(16, 14)', '(12, 10)', '(3, 7)', '(14, 16)', '(3, 16)', '(10, 12)', '(1, 9)', '(16, 16)', '(6, 8)', '(31, 16)', '(20, 16)', '(12, 12)', '(4, 8)', '(8, 8)', '(33, 16)', '(1, 11)', '(10, 14)', '(6, 10)', '(12, 14)', '(14, 11)', '(4, 10)', '(17, 13)', '(8, 10)', '(10, 16)', '(1, 13)', '(6, 12)', '(23, 16)', '(12, 16)', '(4, 12)', '(27, 16)', '(8, 12)', '(25, 16)', '(29, 16)', '(6, 14)', '(4, 14)', '(34, 15)', '(8, 14)', '(10, 11)', '(11, 10)', '(2, 7)', '(2, 16)', '(15, 10)', '(6, 16)', '(12, 11)', '(4, 7)', '(4, 16)', '(17, 10)', '(30, 16)', '(19, 16)', '(8, 16)', '(10, 13)', '(15, 12)', '(6, 9)', '(7, 8)']",17180309500,0,17180309500
102,"(18, 12)","(17, 12)",East,"[('(19, 12)', 'East', 524288), ('(17, 12)', 'West', 131072)]","['(18, 12)', '(17, 8)', '(34, 14)', '(25, 14)']","['(17, 8)', '(19, 12)', '(34, 14)', '(25, 14)']","['(21, 16)', '(4, 9)', '(17, 12)', '(8, 9)', '(1, 15)', '(15, 14)', '(6, 11)', '(17, 14)', '(8, 11)', '(11, 16)', '(1, 8)', '(26, 16)', '(15, 16)', '(6, 13)', '(18, 12)', '(28, 16)', '(17, 16)', '(5, 14)', '(32, 16)', '(1, 10)', '(13, 12)', '(34, 16)', '(12, 13)', '(3, 10)', '(14, 10)', '(17, 9)', '(5, 16)', '(9, 14)', '(1, 12)', '(13, 14)', '(16, 10)', '(18, 16)', '(7, 16)', '(22, 16)', '(14, 12)', '(4, 11)', '(9, 16)', '(24, 16)', '(13, 16)', '(25, 15)', '(1, 14)', '(16, 12)', '(14, 14)', '(4, 13)', '(8, 13)', '(10, 10)', '(1, 7)', '(1, 16)', '(16, 14)', '(12, 10)', '(3, 7)', '(14, 16)', '(3, 16)', '(10, 12)', '(1, 9)', '(16, 16)', '(6, 8)', '(31, 16)', '(20, 16)', '(12, 12)', '(4, 8)', '(8, 8)', '(33, 16)', '(1, 11)', '(10, 14)', '(6, 10)', '(12, 14)', '(14, 11)', '(4, 10)', '(17, 13)', '(8, 10)', '(10, 16)', '(1, 13)', '(6, 12)', '(23, 16)', '(12, 16)', '(4, 12)', '(27, 16)', '(8, 12)', '(25, 16)', '(29, 16)', '(6, 14)', '(4, 14)', '(34, 15)', '(8, 14)', '(10, 11)', '(11, 10)', '(2, 7)', '(2, 16)', '(15, 10)', '(6, 16)', '(12, 11)', '(4, 7)', '(4, 16)', '(17, 10)', '(30, 16)', '(19, 16)', '(8, 16)', '(10, 13)', '(15, 12)', '(6, 9)', '(7, 8)']",17180407804,0,17180407804
103,"(17, 8)","(17, 9)",South,"[('(17, 9)', 'North', 131072), ('(16, 8)', 'West', 65536)]","['(17, 8)', '(19, 12)', '(34, 14)', '(25, 14)']","['(16, 8)', '(19, 12)', '(34, 14)', '(25, 14)']","['(21, 16)', '(4, 9)', '(17, 12)', '(8, 9)', '(1, 15)', '(15, 14)', '(6, 11)', '(17, 14)', '(8, 11)', '(11, 16)', '(1, 8)', '(26, 16)', '(15, 16)', '(6, 13)', '(18, 12)', '(28, 16)', '(17, 16)', '(5, 14)', '(32, 16)', '(1, 10)', '(13, 12)', '(34, 16)', '(12, 13)', '(3, 10)', '(14, 10)', '(17, 9)', '(5, 16)', '(9, 14)', '(1, 12)', '(13, 14)', '(16, 10)', '(18, 16)', '(7, 16)', '(22, 16)', '(14, 12)', '(4, 11)', '(9, 16)', '(24, 16)', '(13, 16)', '(25, 15)', '(1, 14)', '(16, 12)', '(14, 14)', '(4, 13)', '(8, 13)', '(10, 10)', '(1, 7)', '(1, 16)', '(16, 14)', '(12, 10)', '(3, 7)', '(14, 16)', '(3, 16)', '(10, 12)', '(1, 9)', '(16, 16)', '(6, 8)', '(31, 16)', '(20, 16)', '(12, 12)', '(4, 8)', '(8, 8)', '(33, 16)', '(1, 11)', '(10, 14)', '(6, 10)', '(12, 14)', '(14, 11)', '(4, 10)', '(17, 13)', '(8, 10)', '(10, 16)', '(1, 13)', '(6, 12)', '(23, 16)', '(12, 16)', '(4, 12)', '(27, 16)', '(8, 12)', '(25, 16)', '(29, 16)', '(6, 14)', '(4, 14)', '(34, 15)', '(17, 8)', '(8, 14)', '(10, 11)', '(11, 10)', '(2, 7)', '(2, 16)', '(15, 10)', '(6, 16)', '(12, 11)', '(4, 7)', '(4, 16)', '(17, 10)', '(30, 16)', '(19, 16)', '(8, 16)', '(10, 13)', '(15, 12)', '(6, 9)', '(7, 8)']",17180440572,0,17180440572
104,"(16, 8)","(17, 8)",West,"[('(17, 8)', 'East', 131072), ('(15, 8)', 'West', 32768)]","['(16, 8)', '(19, 12)', '(34, 14)', '(25, 14)']","['(15, 8)', '(19, 12)', '(34, 14)', '(25, 14)']","['(21, 16)', '(4, 9)', '(17, 12)', '(8, 9)', '(1, 15)', '(15, 14)', '(6, 11)', '(17, 14)', '(8, 11)', '(11, 16)', '(1, 8)', '(26, 16)', '(15, 16)', '(6, 13)', '(18, 12)', '(28, 16)', '(17, 16)', '(5, 14)', '(32, 16)', '(1, 10)', '(13, 12)', '(16, 8)', '(34, 16)', '(12, 13)', '(3, 10)', '(14, 10)', '(17, 9)', '(5, 16)', '(9, 14)', '(1, 12)', '(13, 14)', '(16, 10)', '(18, 16)', '(7, 16)', '(22, 16)', '(14, 12)', '(4, 11)', '(9, 16)', '(24, 16)', '(13, 16)', '(25, 15)', '(1, 14)', '(16, 12)', '(14, 14)', '(4, 13)', '(8, 13)', '(10, 10)', '(1, 7)', '(1, 16)', '(16, 14)', '(12, 10)', '(3, 7)', '(14, 16)', '(3, 16)', '(10, 12)', '(1, 9)', '(16, 16)', '(6, 8)', '(31, 16)', '(20, 16)', '(12, 12)', '(4, 8)', '(8, 8)', '(33, 16)', '(1, 11)', '(10, 14)', '(6, 10)', '(12, 14)', '(14, 11)', '(4, 10)', '(17, 13)', '(8, 10)', '(10, 16)', '(1, 13)', '(6, 12)', '(23, 16)', '(12, 16)', '(4, 12)', '(27, 16)', '(8, 12)', '(25, 16)', '(29, 16)', '(6, 14)', '(4, 14)', '(34, 15)', '(17, 8)', '(8, 14)', '(10, 11)', '(11, 10)', '(2, 7)', '(2, 16)', '(15, 10)', '(6, 16)', '(12, 11)', '(4, 7)', '(4, 16)', '(17, 10)', '(30, 16)', '(19, 16)', '(8, 16)', '(10, 13)', '(15, 12)', '(6, 9)', '(7, 8)']",17180506108,0,17180506108
105,"(15, 8)","(16, 8)",West,"[('(16, 8)', 'East', 65536), ('(14, 8)', 'West', 16384)]","['(15, 8)', '(19, 12)', '(34, 14)', '(25, 14)']","['(14, 8)', '(19, 12)', '(34, 14)', '(25, 14)']","['(21, 16)', '(4, 9)', '(17, 12)', '(8, 9)', '(1, 15)', '(15, 14)', '(6, 11)', '(17, 14)', '(8, 11)', '(11, 16)', '(1, 8)', '(26, 16)', '(15, 16)', '(6, 13)', '(18, 12)', '(28, 16)', '(17, 16)', '(5, 14)', '(32, 16)', '(1, 10)', '(13, 12)', '(16, 8)', '(34, 16)', '(12, 13)', '(3, 10)', '(14, 10)', '(17, 9)', '(5, 16)', '(9, 14)', '(1, 12)', '(13, 14)', '(16, 10)', '(18, 16)', '(7, 16)', '(22, 16)', '(14, 12)', '(4, 11)', '(9, 16)', '(24, 16)', '(13, 16)', '(25, 15)', '(1, 14)', '(16, 12)', '(14, 14)', '(4, 13)', '(8, 13)', '(10, 10)', '(1, 7)', '(1, 16)', '(16, 14)', '(12, 10)', '(3, 7)', '(14, 16)', '(3, 16)', '(10, 12)', '(1, 9)', '(16, 16)', '(6, 8)', '(31, 16)', '(20, 16)', '(12, 12)', '(4, 8)', '(8, 8)', '(33, 16)', '(1, 11)', '(10, 14)', '(6, 10)', '(12, 14)', '(14, 11)', '(4, 10)', '(17, 13)', '(8, 10)', '(10, 16)', '(1, 13)', '(6, 12)', '(23, 16)', '(12, 16)', '(4, 12)', '(27, 16)', '(8, 12)', '(25, 16)', '(15, 8)', '(29, 16)', '(6, 14)', '(4, 14)', '(34, 15)', '(17, 8)', '(8, 14)', '(10, 11)', '(11, 10)', '(2, 7)', '(2, 16)', '(15, 10)', '(6, 16)', '(12, 11)', '(4, 7)', '(4, 16)', '(17, 10)', '(30, 16)', '(19, 16)', '(8, 16)', '(10, 13)', '(15, 12)', '(6, 9)', '(7, 8)']",17180538876,0,17180538876
106,"(14, 8)","(15, 8)",West,"[('(15, 8)', 'East', 32768), ('(13, 8)', 'West', 8192)]","['(14, 8)', '(19, 12)', '(34, 14)', '(25, 14)']","['(13, 8)', '(19, 12)', '(34, 14)', '(25, 14)']","['(21, 16)', '(4, 9)', '(17, 12)', '(8, 9)', '(1, 15)', '(15, 14)', '(6, 11)', '(17, 14)', '(8, 11)', '(11, 16)', '(1, 8)', '(26, 16)', '(15, 16)', '(6, 13)', '(18, 12)', '(14, 8)', '(28, 16)', '(17, 16)', '(5, 14)', '(32, 16)', '(1, 10)', '(13, 12)', '(16, 8)', '(34, 16)', '(12, 13)', '(3, 10)', '(14, 10)', '(17, 9)', '(5, 16)', '(9, 14)', '(1, 12)', '(13, 14)', '(16, 10)', '(18, 16)', '(7, 16)', '(22, 16)', '(14, 12)', '(4, 11)', '(9, 16)', '(24, 16)', '(13, 16)', '(25, 15)', '(1, 14)', '(16, 12)', '(14, 14)', '(4, 13)', '(8, 13)', '(10, 10)', '(1, 7)', '(1, 16)', '(16, 14)', '(12, 10)', '(3, 7)', '(14, 16)', '(3, 16)', '(10, 12)', '(1, 9)', '(16, 16)', '(6, 8)', '(31, 16)', '(20, 16)', '(12, 12)', '(4, 8)', '(8, 8)', '(33, 16)', '(1, 11)', '(10, 14)', '(6, 10)', '(12, 14)', '(14, 11)', '(4, 10)', '(17, 13)', '(8, 10)', '(10, 16)', '(1, 13)', '(6, 12)', '(23, 16)', '(12, 16)', '(4, 12)', '(27, 16)', '(8, 12)', '(25, 16)', '(15, 8)', '(29, 16)', '(6, 14)', '(4, 14)', '(34, 15)', '(17, 8)', '(8, 14)', '(10, 11)', '(11, 10)', '(2, 7)', '(2, 16)', '(15, 10)', '(6, 16)', '(12, 11)', '(4, 7)', '(4, 16)', '(17, 10)', '(30, 16)', '(19, 16)', '(8, 16)', '(10, 13)', '(15, 12)', '(6, 9)', '(7, 8)']",17180555260,0,17180555260
107,"(13, 8)","(14, 8)",West,"[('(14, 8)', 'East', 16384), ('(12, 8)', 'West', 4096)]","['(13, 8)', '(19, 12)', '(34, 14)', '(25, 14)']","['(12, 8)', '(19, 12)', '(34, 14)', '(25, 14)']","['(21, 16)', '(4, 9)', '(17, 12)', '(8, 9)', '(13, 8)', '(1, 15)', '(15, 14)', '(6, 11)', '(17, 14)', '(8, 11)', '(11, 16)', '(1, 8)', '(26, 16)', '(15, 16)', '(6, 13)', '(18, 12)', '(14, 8)', '(28, 16)', '(17, 16)', '(5, 14)', '(32, 16)', '(1, 10)', '(13, 12)', '(16, 8)', '(34, 16)', '(12, 13)', '(3, 10)', '(14, 10)', '(17, 9)', '(5, 16)', '(9, 14)', '(1, 12)', '(13, 14)', '(16, 10)', '(18, 16)', '(7, 16)', '(22, 16)', '(14, 12)', '(4, 11)', '(9, 16)', '(24, 16)', '(13, 16)', '(25, 15)', '(1, 14)', '(16, 12)', '(14, 14)', '(4, 13)', '(8, 13)', '(10, 10)', '(1, 7)', '(1, 16)', '(16, 14)', '(12, 10)', '(3, 7)', '(14, 16)', '(3, 16)', '(10, 12)', '(1, 9)', '(16, 16)', '(6, 8)', '(31, 16)', '(20, 16)', '(12, 12)', '(4, 8)', '(8, 8)', '(33, 16)', '(1, 11)', '(10, 14)', '(6, 10)', '(12, 14)', '(14, 11)', '(4, 10)', '(17, 13)', '(8, 10)', '(10, 16)', '(1, 13)', '(6, 12)', '(23, 16)', '(12, 16)', '(4, 12)', '(27, 16)', '(8, 12)', '(25, 16)', '(15, 8)', '(29, 16)', '(6, 14)', '(4, 14)', '(34, 15)', '(17, 8)', '(8, 14)', '(10, 11)', '(11, 10)', '(2, 7)', '(2, 16)', '(15, 10)', '(6, 16)', '(12, 11)', '(4, 7)', '(4, 16)', '(17, 10)', '(30, 16)', '(19, 16)', '(8, 16)', '(10, 13)', '(15, 12)', '(6, 9)', '(7, 8)']",17180563452,0,17180563452
108,"(12, 8)","(13, 8)",West,"[('(13, 8)', 'East', 8192), ('(11, 8)', 'West', 2048)]","['(12, 8)', '(19, 12)', '(34, 14)', '(25, 14)']","['(11, 8)', '(19, 12)', '(34, 14)', '(25, 14)']","['(21, 16)', '(4, 9)', '(17, 12)', '(8, 9)', '(13, 8)', '(1, 15)', '(15, 14)', '(6, 11)', '(17, 14)', '(8, 11)', '(11, 16)', '(1, 8)', '(26, 16)', '(15, 16)', '(6, 13)', '(18, 12)', '(14, 8)', '(28, 16)', '(17, 16)', '(5, 14)', '(32, 16)', '(1, 10)', '(13, 12)', '(16, 8)', '(34, 16)', '(12, 13)', '(3, 10)', '(14, 10)', '(17, 9)', '(5, 16)', '(9, 14)', '(1, 12)', '(13, 14)', '(16, 10)', '(18, 16)', '(7, 16)', '(22, 16)', '(14, 12)', '(4, 11)', '(9, 16)', '(24, 16)', '(13, 16)', '(25, 15)', '(1, 14)', '(16, 12)', '(12, 8)', '(14, 14)', '(4, 13)', '(8, 13)', '(10, 10)', '(1, 7)', '(1, 16)', '(16, 14)', '(12, 10)', '(3, 7)', '(14, 16)', '(3, 16)', '(10, 12)', '(1, 9)', '(16, 16)', '(6, 8)', '(31, 16)', '(20, 16)', '(12, 12)', '(4, 8)', '(8, 8)', '(33, 16)', '(1, 11)', '(10, 14)', '(6, 10)', '(12, 14)', '(14, 11)', '(4, 10)', '(17, 13)', '(8, 10)', '(10, 16)', '(1, 13)', '(6, 12)', '(23, 16)', '(12, 16)', '(4, 12)', '(27, 16)', '(8, 12)', '(25, 16)', '(15, 8)', '(29, 16)', '(6, 14)', '(4, 14)', '(34, 15)', '(17, 8)', '(8, 14)', '(10, 11)', '(11, 10)', '(2, 7)', '(2, 16)', '(15, 10)', '(6, 16)', '(12, 11)', '(4, 7)', '(4, 16)', '(17, 10)', '(30, 16)', '(19, 16)', '(8, 16)', '(10, 13)', '(15, 12)', '(6, 9)', '(7, 8)']",17180567548,0,17180567548
109,"(11, 8)","(12, 8)",West,"[('(11, 7)', 'South', 2048), ('(12, 8)', 'East', 4096)]","['(11, 8)', '(19, 12)', '(34, 14)', '(25, 14)']","['(11, 7)', '(19, 12)', '(34, 14)', '(25, 14)']","['(21, 16)', '(4, 9)', '(17, 12)', '(8, 9)', '(13, 8)', '(1, 15)', '(15, 14)', '(6, 11)', '(17, 14)', '(8, 11)', '(11, 16)', '(1, 8)', '(26, 16)', '(15, 16)', '(6, 13)', '(18, 12)', '(14, 8)', '(28, 16)', '(17, 16)', '(5, 14)', '(32, 16)', '(1, 10)', '(13, 12)', '(16, 8)', '(34, 16)', '(12, 13)', '(3, 10)', '(14, 10)', '(17, 9)', '(5, 16)', '(9, 14)', '(1, 12)', '(13, 14)', '(16, 10)', '(18, 16)', '(7, 16)', '(22, 16)', '(14, 12)', '(4, 11)', '(9, 16)', '(24, 16)', '(13, 16)', '(25, 15)', '(1, 14)', '(16, 12)', '(12, 8)', '(14, 14)', '(4, 13)', '(8, 13)', '(10, 10)', '(1, 7)', '(1, 16)', '(16, 14)', '(12, 10)', '(3, 7)', '(14, 16)', '(3, 16)', '(10, 12)', '(1, 9)', '(16, 16)', '(6, 8)', '(31, 16)', '(20, 16)', '(12, 12)', '(4, 8)', '(8, 8)', '(33, 16)', '(1, 11)', '(10, 14)', '(6, 10)', '(12, 14)', '(14, 11)', '(4, 10)', '(17, 13)', '(8, 10)', '(10, 16)', '(1, 13)', '(6, 12)', '(23, 16)', '(12, 16)', '(4, 12)', '(27, 16)', '(8, 12)', '(11, 8)', '(25, 16)', '(15, 8)', '(29, 16)', '(6, 14)', '(4, 14)', '(34, 15)', '(17, 8)', '(8, 14)', '(10, 11)', '(11, 10)', '(2, 7)', '(2, 16)', '(15, 10)', '(6, 16)', '(12, 11)', '(4, 7)', '(4, 16)', '(17, 10)', '(30, 16)', '(19, 16)', '(8, 16)', '(10, 13)', '(15, 12)', '(6, 9)', '(7, 8)']",17180569596,0,17180569596
110,"(11, 7)","(11, 8)",South,"[('(11, 8)', 'North', 2048), ('(11, 6)', 'South', 2048)]","['(11, 7)', '(19, 12)', '(34, 14)', '(25, 14)']","['(11, 6)', '(19, 12)', '(34, 14)', '(25, 14)']","['(21, 16)', '(4, 9)', '(17, 12)', '(8, 9)', '(13, 8)', '(1, 15)', '(15, 14)', '(6, 11)', '(17, 14)', '(8, 11)', '(11, 7)', '(11, 16)', '(1, 8)', '(26, 16)', '(15, 16)', '(6, 13)', '(18, 12)', '(14, 8)', '(28, 16)', '(17, 16)', '(5, 14)', '(32, 16)', '(1, 10)', '(13, 12)', '(16, 8)', '(34, 16)', '(12, 13)', '(3, 10)', '(14, 10)', '(17, 9)', '(5, 16)', '(9, 14)', '(1, 12)', '(13, 14)', '(16, 10)', '(18, 16)', '(7, 16)', '(22, 16)', '(14, 12)', '(4, 11)', '(9, 16)', '(24, 16)', '(13, 16)', '(25, 15)', '(1, 14)', '(16, 12)', '(12, 8)', '(14, 14)', '(4, 13)', '(8, 13)', '(10, 10)', '(1, 7)', '(1, 16)', '(16, 14)', '(12, 10)', '(3, 7)', '(14, 16)', '(3, 16)', '(10, 12)', '(1, 9)', '(16, 16)', '(6, 8)', '(31, 16)', '(20, 16)', '(12, 12)', '(4, 8)', '(8, 8)', '(33, 16)', '(1, 11)', '(10, 14)', '(6, 10)', '(12, 14)', '(14, 11)', '(4, 10)', '(17, 13)', '(8, 10)', '(10, 16)', '(1, 13)', '(6, 12)', '(23, 16)', '(12, 16)', '(4, 12)', '(27, 16)', '(8, 12)', '(11, 8)', '(25, 16)', '(15, 8)', '(29, 16)', '(6, 14)', '(4, 14)', '(34, 15)', '(17, 8)', '(8, 14)', '(10, 11)', '(11, 10)', '(2, 7)', '(2, 16)', '(15, 10)', '(6, 16)', '(12, 11)', '(4, 7)', '(4, 16)', '(17, 10)', '(30, 16)', '(19, 16)', '(8, 16)', '(10, 13)', '(15, 12)', '(6, 9)', '(7, 8)']",17180571644,0,17180571644
111,"(11, 6)","(11, 7)",South,"[('(11, 7)', 'North', 2048), ('(10, 6)', 'West', 1024)]","['(11, 6)', '(19, 12)', '(34, 14)', '(25, 14)']","['(10, 6)', '(19, 12)', '(34, 14)', '(25, 14)']","['(21, 16)', '(4, 9)', '(17, 12)', '(8, 9)', '(13, 8)', '(1, 15)', '(15, 14)', '(6, 11)', '(17, 14)', '(8, 11)', '(11, 7)', '(11, 16)', '(1, 8)', '(26, 16)', '(15, 16)', '(6, 13)', '(18, 12)', '(14, 8)', '(28, 16)', '(17, 16)', '(5, 14)', '(32, 16)', '(1, 10)', '(13, 12)', '(16, 8)', '(34, 16)', '(12, 13)', '(3, 10)', '(14, 10)', '(17, 9)', '(5, 16)', '(9, 14)', '(1, 12)', '(13, 14)', '(16, 10)', '(18, 16)', '(7, 16)', '(22, 16)', '(14, 12)', '(4, 11)', '(9, 16)', '(24, 16)', '(13, 16)', '(25, 15)', '(1, 14)', '(16, 12)', '(12, 8)', '(14, 14)', '(4, 13)', '(8, 13)', '(10, 10)', '(1, 7)', '(1, 16)', '(16, 14)', '(12, 10)', '(3, 7)', '(14, 16)', '(3, 16)', '(10, 12)', '(1, 9)', '(16, 16)', '(6, 8)', '(31, 16)', '(20, 16)', '(12, 12)', '(4, 8)', '(8, 8)', '(33, 16)', '(1, 11)', '(10, 14)', '(6, 10)', '(12, 14)', '(14, 11)', '(4, 10)', '(17, 13)', '(8, 10)', '(11, 6)', '(10, 16)', '(1, 13)', '(6, 12)', '(23, 16)', '(12, 16)', '(4, 12)', '(27, 16)', '(8, 12)', '(11, 8)', '(25, 16)', '(15, 8)', '(29, 16)', '(6, 14)', '(4, 14)', '(34, 15)', '(17, 8)', '(8, 14)', '(10, 11)', '(11, 10)', '(2, 7)', '(2, 16)', '(15, 10)', '(6, 16)', '(12, 11)', '(4, 7)', '(4, 16)', '(17, 10)', '(30, 16)', '(19, 16)', '(8, 16)', '(10, 13)', '(15, 12)', '(6, 9)', '(7, 8)']",17180573692,0,17180573692
112,"(10, 6)","(11, 6)",West,"[('(11, 6)', 'East', 2048), ('(9, 6)', 'West', 512)]","['(10, 6)', '(19, 12)', '(34, 14)', '(25, 14)']","['(9, 6)', '(19, 12)', '(34, 14)', '(25, 14)']","['(21, 16)', '(4, 9)', '(17, 12)', '(8, 9)', '(10, 6)', '(13, 8)', '(1, 15)', '(15, 14)', '(6, 11)', '(17, 14)', '(8, 11)', '(11, 7)', '(11, 16)', '(1, 8)', '(26, 16)', '(15, 16)', '(6, 13)', '(18, 12)', '(14, 8)', '(28, 16)', '(17, 16)', '(5, 14)', '(32, 16)', '(1, 10)', '(13, 12)', '(16, 8)', '(34, 16)', '(12, 13)', '(3, 10)', '(14, 10)', '(17, 9)', '(5, 16)', '(9, 14)', '(1, 12)', '(13, 14)', '(16, 10)', '(18, 16)', '(7, 16)', '(22, 16)', '(14, 12)', '(4, 11)', '(9, 16)', '(24, 16)', '(13, 16)', '(25, 15)', '(1, 14)', '(16, 12)', '(12, 8)', '(14, 14)', '(4, 13)', '(8, 13)', '(10, 10)', '(1, 7)', '(1, 16)', '(16, 14)', '(12, 10)', '(3, 7)', '(14, 16)', '(3, 16)', '(10, 12)', '(1, 9)', '(16, 16)', '(6, 8)', '(31, 16)', '(20, 16)', '(12, 12)', '(4, 8)', '(8, 8)', '(33, 16)', '(1, 11)', '(10, 14)', '(6, 10)', '(12, 14)', '(14, 11)', '(4, 10)', '(17, 13)', '(8, 10)', '(11, 6)', '(10, 16)', '(1, 13)', '(6, 12)', '(23, 16)', '(12, 16)', '(4, 12)', '(27, 16)', '(8, 12)', '(11, 8)', '(25, 16)', '(15, 8)', '(29, 16)', '(6, 14)', '(4, 14)', '(34, 15)', '(17, 8)', '(8, 14)', '(10, 11)', '(11, 10)', '(2, 7)', '(2, 16)', '(15, 10)', '(6, 16)', '(12, 11)', '(4, 7)', '(4, 16)', '(17, 10)', '(30, 16)', '(19, 16)', '(8, 16)', '(10, 13)', '(15, 12)', '(6, 9)', '(7, 8)']",17180574716,0,17180574716
113,"(9, 6)","(10, 6)",West,"[('(10, 6)', 'East', 1024), ('(8, 6)', 'West', 256)]","['(9, 6)', '(19, 12)', '(34, 14)', '(25, 14)']","['(8, 6)', '(19, 12)', '(34, 14)', '(25, 14)']","['(21, 16)', '(4, 9)', '(17, 12)', '(8, 9)', '(10, 6)', '(13, 8)', '(1, 15)', '(15, 14)', '(6, 11)', '(17, 14)', '(8, 11)', '(11, 7)', '(11, 16)', '(1, 8)', '(26, 16)', '(15, 16)', '(6, 13)', '(18, 12)', '(14, 8)', '(28, 16)', '(17, 16)', '(5, 14)', '(32, 16)', '(1, 10)', '(13, 12)', '(16, 8)', '(34, 16)', '(12, 13)', '(3, 10)', '(14, 10)', '(17, 9)', '(5, 16)', '(9, 14)', '(1, 12)', '(13, 14)', '(16, 10)', '(18, 16)', '(7, 16)', '(22, 16)', '(14, 12)', '(4, 11)', '(9, 16)', '(24, 16)', '(13, 16)', '(25, 15)', '(1, 14)', '(16, 12)', '(12, 8)', '(14, 14)', '(4, 13)', '(8, 13)', '(10, 10)', '(1, 7)', '(1, 16)', '(16, 14)', '(12, 10)', '(3, 7)', '(14, 16)', '(3, 16)', '(10, 12)', '(1, 9)', '(16, 16)', '(6, 8)', '(31, 16)', '(20, 16)', '(12, 12)', '(4, 8)', '(8, 8)', '(33, 16)', '(1, 11)', '(10, 14)', '(6, 10)', '(12, 14)', '(14, 11)', '(4, 10)', '(17, 13)', '(8, 10)', '(11, 6)', '(10, 16)', '(1, 13)', '(6, 12)', '(23, 16)', '(12, 16)', '(4, 12)', '(27, 16)', '(8, 12)', '(11, 8)', '(25, 16)', '(15, 8)', '(29, 16)', '(6, 14)', '(4, 14)', '(34, 15)', '(17, 8)', '(8, 14)', '(10, 11)', '(11, 10)', '(2, 7)', '(2, 16)', '(15, 10)', '(6, 16)', '(12, 11)', '(4, 7)', '(4, 16)', '(17, 10)', '(9, 6)', '(30, 16)', '(19, 16)', '(8, 16)', '(10, 13)', '(15, 12)', '(6, 9)', '(7, 8)']",17180575228,0,17180575228
114,"(8, 6)","(9, 6)",West,"[('(9, 6)', 'East', 512), ('(7, 6)', 'West', 128)]","['(8, 6)', '(19, 12)', '(34, 14)', '(25, 14)']","['(7, 6)', '(19, 12)', '(34, 14)', '(25, 14)']","['(21, 16)', '(4, 9)', '(17, 12)', '(8, 9)', '(10, 6)', '(13, 8)', '(1, 15)', '(15, 14)', '(6, 11)', '(17, 14)', '(8, 11)', '(11, 7)', '(11, 16)', '(1, 8)', '(26, 16)', '(15, 16)', '(6, 13)', '(18, 12)', '(14, 8)', '(28, 16)', '(17, 16)', '(5, 14)', '(32, 16)', '(1, 10)', '(13, 12)', '(16, 8)', '(34, 16)', '(12, 13)', '(3, 10)', '(14, 10)', '(17, 9)', '(5, 16)', '(9, 14)', '(1, 12)', '(13, 14)', '(16, 10)', '(18, 16)', '(7, 16)', '(22, 16)', '(14, 12)', '(4, 11)', '(9, 16)', '(24, 16)', '(13, 16)', '(25, 15)', '(1, 14)', '(16, 12)', '(12, 8)', '(14, 14)', '(4, 13)', '(8, 13)', '(10, 10)', '(1, 7)', '(1, 16)', '(16, 14)', '(12, 10)', '(3, 7)', '(14, 16)', '(3, 16)', '(8, 6)', '(10, 12)', '(1, 9)', '(16, 16)', '(6, 8)', '(31, 16)', '(20, 16)', '(12, 12)', '(4, 8)', '(8, 8)', '(33, 16)', '(1, 11)', '(10, 14)', '(6, 10)', '(12, 14)', '(14, 11)', '(4, 10)', '(17, 13)', '(8, 10)', '(11, 6)', '(10, 16)', '(1, 13)', '(6, 12)', '(23, 16)', '(12, 16)', '(4, 12)', '(27, 16)', '(8, 12)', '(11, 8)', '(25, 16)', '(15, 8)', '(29, 16)', '(6, 14)', '(4, 14)', '(34, 15)', '(17, 8)', '(8, 14)', '(10, 11)', '(11, 10)', '(2, 7)', '(2, 16)', '(15, 10)', '(6, 16)', '(12, 11)', '(4, 7)', '(4, 16)', '(17, 10)', '(9, 6)', '(30, 16)', '(19, 16)', '(8, 16)', '(10, 13)', '(15, 12)', '(6, 9)', '(7, 8)']",17180575484,0,17180575484
115,"(7, 6)","(8, 6)",West,"[('(8, 6)', 'East', 256), ('(6, 6)', 'West', 64)]","['(7, 6)', '(19, 12)', '(34, 14)', '(25, 14)']","['(6, 6)', '(19, 12)', '(34, 14)', '(25, 14)']","['(21, 16)', '(4, 9)', '(17, 12)', '(8, 9)', '(10, 6)', '(13, 8)', '(1, 15)', '(15, 14)', '(6, 11)', '(17, 14)', '(8, 11)', '(11, 7)', '(11, 16)', '(1, 8)', '(26, 16)', '(15, 16)', '(6, 13)', '(18, 12)', '(14, 8)', '(28, 16)', '(17, 16)', '(5, 14)', '(32, 16)', '(1, 10)', '(13, 12)', '(16, 8)', '(34, 16)', '(12, 13)', '(3, 10)', '(14, 10)', '(17, 9)', '(5, 16)', '(9, 14)', '(1, 12)', '(13, 14)', '(16, 10)', '(18, 16)', '(7, 16)', '(22, 16)', '(14, 12)', '(4, 11)', '(9, 16)', '(24, 16)', '(13, 16)', '(25, 15)', '(1, 14)', '(16, 12)', '(12, 8)', '(14, 14)', '(4, 13)', '(8, 13)', '(10, 10)', '(1, 7)', '(1, 16)', '(16, 14)', '(12, 10)', '(3, 7)', '(14, 16)', '(3, 16)', '(8, 6)', '(10, 12)', '(1, 9)', '(16, 16)', '(6, 8)', '(31, 16)', '(20, 16)', '(12, 12)', '(4, 8)', '(8, 8)', '(33, 16)', '(1, 11)', '(10, 14)', '(6, 10)', '(12, 14)', '(14, 11)', '(4, 10)', '(17, 13)', '(8, 10)', '(11, 6)', '(10, 16)', '(1, 13)', '(6, 12)', '(23, 16)', '(12, 16)', '(4, 12)', '(27, 16)', '(8, 12)', '(11, 8)', '(25, 16)', '(15, 8)', '(29, 16)', '(6, 14)', '(4, 14)', '(34, 15)', '(17, 8)', '(8, 14)', '(10, 11)', '(11, 10)', '(2, 7)', '(2, 16)', '(15, 10)', '(7, 6)', '(6, 16)', '(12, 11)', '(4, 7)', '(4, 16)', '(17, 10)', '(9, 6)', '(30, 16)', '(19, 16)', '(8, 16)', '(10, 13)', '(15, 12)', '(6, 9)', '(7, 8)']",17180575612,0,17180575612
116,"(6, 6)","(7, 6)",West,"[('(6, 5)', 'South', 64), ('(7, 6)', 'East', 128)]","['(6, 6)', '(19, 12)', '(34, 14)', '(25, 14)']","['(6, 5)', '(19, 12)', '(34, 14)', '(25, 14)']","['(21, 16)', '(4, 9)', '(17, 12)', '(8, 9)', '(10, 6)', '(13, 8)', '(1, 15)', '(15, 14)', '(6, 11)', '(17, 14)', '(8, 11)', '(11, 7)', '(11, 16)', '(1, 8)', '(26, 16)', '(15, 16)', '(6, 13)', '(18, 12)', '(14, 8)', '(28, 16)', '(17, 16)', '(5, 14)', '(32, 16)', '(1, 10)', '(13, 12)', '(6, 6)', '(16, 8)', '(34, 16)', '(12, 13)', '(3, 10)', '(14, 10)', '(17, 9)', '(5, 16)', '(9, 14)', '(1, 12)', '(13, 14)', '(16, 10)', '(18, 16)', '(7, 16)', '(22, 16)', '(14, 12)', '(4, 11)', '(9, 16)', '(24, 16)', '(13, 16)', '(25, 15)', '(1, 14)', '(16, 12)', '(12, 8)', '(14, 14)', '(4, 13)', '(8, 13)', '(10, 10)', '(1, 7)', '(1, 16)', '(16, 14)', '(12, 10)', '(3, 7)', '(14, 16)', '(3, 16)', '(8, 6)', '(10, 12)', '(1, 9)', '(16, 16)', '(6, 8)', '(31, 16)', '(20, 16)', '(12, 12)', '(4, 8)', '(8, 8)', '(33, 16)', '(1, 11)', '(10, 14)', '(6, 10)', '(12, 14)', '(14, 11)', '(4, 10)', '(17, 13)', '(8, 10)', '(11, 6)', '(10, 16)', '(1, 13)', '(6, 12)', '(23, 16)', '(12, 16)', '(4, 12)', '(27, 16)', '(8, 12)', '(11, 8)', '(25, 16)', '(15, 8)', '(29, 16)', '(6, 14)', '(4, 14)', '(34, 15)', '(17, 8)', '(8, 14)', '(10, 11)', '(11, 10)', '(2, 7)', '(2, 16)', '(15, 10)', '(7, 6)', '(6, 16)', '(12, 11)', '(4, 7)', '(4, 16)', '(17, 10)', '(9, 6)', '(30, 16)', '(19, 16)', '(8, 16)', '(10, 13)', '(15, 12)', '(6, 9)', '(7, 8)']",17180575676,0,17180575676
117,"(6, 5)","(6, 6)",South,"[('(6, 6)', 'North', 64), ('(5, 5)', 'West', 32)]","['(6, 5)', '(19, 12)', '(34, 14)', '(25, 14)']","['(5, 5)', '(19, 12)', '(34, 14)', '(25, 14)']","['(21, 16)', '(4, 9)', '(17, 12)', '(8, 9)', '(10, 6)', '(13, 8)', '(1, 15)', '(15, 14)', '(6, 11)', '(17, 14)', '(8, 11)', '(11, 7)', '(11, 16)', '(1, 8)', '(26, 16)', '(15, 16)', '(6, 13)', '(18, 12)', '(14, 8)', '(28, 16)', '(17, 16)', '(5, 14)', '(32, 16)', '(1, 10)', '(13, 12)', '(6, 6)', '(16, 8)', '(34, 16)', '(12, 13)', '(3, 10)', '(14, 10)', '(17, 9)', '(5, 16)', '(9, 14)', '(1, 12)', '(13, 14)', '(16, 10)', '(18, 16)', '(7, 16)', '(22, 16)', '(14, 12)', '(4, 11)', '(9, 16)', '(24, 16)', '(13, 16)', '(25, 15)', '(1, 14)', '(16, 12)', '(12, 8)', '(14, 14)', '(4, 13)', '(8, 13)', '(10, 10)', '(1, 7)', '(1, 16)', '(16, 14)', '(12, 10)', '(3, 7)', '(14, 16)', '(3, 16)', '(8, 6)', '(10, 12)', '(1, 9)', '(16, 16)', '(6, 8)', '(31, 16)', '(20, 16)', '(12, 12)', '(4, 8)', '(8, 8)', '(33, 16)', '(1, 11)', '(10, 14)', '(6, 10)', '(12, 14)', '(14, 11)', '(4, 10)', '(17, 13)', '(8, 10)', '(11, 6)', '(10, 16)', '(1, 13)', '(6, 12)', '(23, 16)', '(12, 16)', '(4, 12)', '(27, 16)', '(8, 12)', '(11, 8)', '(25, 16)', '(15, 8)', '(6, 5)', '(29, 16)', '(6, 14)', '(4, 14)', '(34, 15)', '(17, 8)', '(8, 14)', '(10, 11)', '(11, 10)', '(2, 7)', '(2, 16)', '(15, 10)', '(7, 6)', '(6, 16)', '(12, 11)', '(4, 7)', '(4, 16)', '(17, 10)', '(9, 6)', '(30, 16)', '(19, 16)', '(8, 16)', '(10, 13)', '(15, 12)', '(6, 9)', '(7, 8)']",17180575740,0,17180575740
118,"(5, 5)","(6, 5)",West,"[('(6, 5)', 'East', 64), ('(4, 5)', 'West', 16)]","['(5, 5)', '(19, 12)', '(34, 14)', '(25, 14)']","['(4, 5)', '(19, 12)', '(34, 14)', '(25, 14)']","['(21, 16)', '(4, 9)', '(17, 12)', '(8, 9)', '(10, 6)', '(13, 8)', '(1, 15)', '(15, 14)', '(6, 11)', '(17, 14)', '(8, 11)', '(11, 7)', '(11, 16)', '(1, 8)', '(26, 16)', '(15, 16)', '(6, 13)', '(18, 12)', '(14, 8)', '(5, 5)', '(28, 16)', '(17, 16)', '(5, 14)', '(32, 16)', '(1, 10)', '(13, 12)', '(6, 6)', '(16, 8)', '(34, 16)', '(12, 13)', '(3, 10)', '(14, 10)', '(17, 9)', '(5, 16)', '(9, 14)', '(1, 12)', '(13, 14)', '(16, 10)', '(18, 16)', '(7, 16)', '(22, 16)', '(14, 12)', '(4, 11)', '(9, 16)', '(24, 16)', '(13, 16)', '(25, 15)', '(1, 14)', '(16, 12)', '(12, 8)', '(14, 14)', '(4, 13)', '(8, 13)', '(10, 10)', '(1, 7)', '(1, 16)', '(16, 14)', '(12, 10)', '(3, 7)', '(14, 16)', '(3, 16)', '(8, 6)', '(10, 12)', '(1, 9)', '(16, 16)', '(6, 8)', '(31, 16)', '(20, 16)', '(12, 12)', '(4, 8)', '(8, 8)', '(33, 16)', '(1, 11)', '(10, 14)', '(6, 10)', '(12, 14)', '(14, 11)', '(4, 10)', '(17, 13)', '(8, 10)', '(11, 6)', '(10, 16)', '(1, 13)', '(6, 12)', '(23, 16)', '(12, 16)', '(4, 12)', '(27, 16)', '(8, 12)', '(11, 8)', '(25, 16)', '(15, 8)', '(6, 5)', '(29, 16)', '(6, 14)', '(4, 14)', '(34, 15)', '(17, 8)', '(8, 14)', '(10, 11)', '(11, 10)', '(2, 7)', '(2, 16)', '(15, 10)', '(7, 6)', '(6, 16)', '(12, 11)', '(4, 7)', '(4, 16)', '(17, 10)', '(9, 6)', '(30, 16)', '(19, 16)', '(8, 16)', '(10, 13)', '(15, 12)', '(6, 9)', '(7, 8)']",17180575772,0,17180575772
119,"(4, 5)","(5, 5)",West,"[('(5, 5)', 'East', 32), ('(3, 5)', 'West', 8)]","['(4, 5)', '(19, 12)', '(34, 14)', '(25, 14)']","['(3, 5)', '(19, 12)', '(34, 14)', '(25, 14)']","['(21, 16)', '(4, 9)', '(17, 12)', '(8, 9)', '(10, 6)', '(13, 8)', '(1, 15)', '(15, 14)', '(6, 11)', '(17, 14)', '(8, 11)', '(11, 7)', '(11, 16)', '(1, 8)', '(26, 16)', '(15, 16)', '(6, 13)', '(18, 12)', '(14, 8)', '(5, 5)', '(28, 16)', '(17, 16)', '(5, 14)', '(32, 16)', '(1, 10)', '(13, 12)', '(6, 6)', '(16, 8)', '(34, 16)', '(12, 13)', '(3, 10)', '(14, 10)', '(17, 9)', '(5, 16)', '(9, 14)', '(1, 12)', '(13, 14)', '(16, 10)', '(18, 16)', '(7, 16)', '(22, 16)', '(14, 12)', '(4, 11)', '(9, 16)', '(24, 16)', '(13, 16)', '(25, 15)', '(1, 14)', '(16, 12)', '(12, 8)', '(14, 14)', '(4, 13)', '(8, 13)', '(10, 10)', '(1, 7)', '(1, 16)', '(16, 14)', '(12, 10)', '(3, 7)', '(14, 16)', '(3, 16)', '(8, 6)', '(10, 12)', '(1, 9)', '(16, 16)', '(6, 8)', '(31, 16)', '(20, 16)', '(12, 12)', '(4, 8)', '(8, 8)', '(33, 16)', '(1, 11)', '(10, 14)', '(6, 10)', '(12, 14)', '(14, 11)', '(4, 10)', '(17, 13)', '(8, 10)', '(11, 6)', '(10, 16)', '(1, 13)', '(6, 12)', '(23, 16)', '(12, 16)', '(4, 12)', '(27, 16)', '(8, 12)', '(11, 8)', '(25, 16)', '(15, 8)', '(6, 5)', '(29, 16)', '(6, 14)', '(4, 5)', '(4, 14)', '(34, 15)', '(17, 8)', '(8, 14)', '(10, 11)', '(11, 10)', '(2, 7)', '(2, 16)', '(15, 10)', '(7, 6)', '(6, 16)', '(12, 11)', '(4, 7)', '(4, 16)', '(17, 10)', '(9, 6)', '(30, 16)', '(19, 16)', '(8, 16)', '(10, 13)', '(15, 12)', '(6, 9)', '(7, 8)']",17180575788,0,17180575788
120,"(3, 5)","(4, 5)",West,"[('(4, 5)', 'East', 16), ('(2, 5)', 'West', 4)]","['(3, 5)', '(19, 12)', '(34, 14)', '(25, 14)']","['(2, 5)', '(19, 12)', '(34, 14)', '(25, 14)']","['(21, 16)', '(4, 9)', '(17, 12)', '(8, 9)', '(10, 6)', '(13, 8)', '(1, 15)', '(15, 14)', '(6, 11)', '(17, 14)', '(8, 11)', '(11, 7)', '(11, 16)', '(1, 8)', '(26, 16)', '(15, 16)', '(6, 13)', '(18, 12)', '(14, 8)', '(5, 5)', '(28, 16)', '(17, 16)', '(5, 14)', '(32, 16)', '(1, 10)', '(13, 12)', '(6, 6)', '(16, 8)', '(34, 16)', '(12, 13)', '(3, 10)', '(14, 10)', '(17, 9)', '(5, 16)', '(9, 14)', '(1, 12)', '(13, 14)', '(16, 10)', '(18, 16)', '(7, 16)', '(22, 16)', '(14, 12)', '(4, 11)', '(9, 16)', '(24, 16)', '(13, 16)', '(25, 15)', '(1, 14)', '(16, 12)', '(12, 8)', '(3, 5)', '(14, 14)', '(4, 13)', '(8, 13)', '(10, 10)', '(1, 7)', '(1, 16)', '(16, 14)', '(12, 10)', '(3, 7)', '(14, 16)', '(3, 16)', '(8, 6)', '(10, 12)', '(1, 9)', '(16, 16)', '(6, 8)', '(31, 16)', '(20, 16)', '(12, 12)', '(4, 8)', '(8, 8)', '(33, 16)', '(1, 11)', '(10, 14)', '(6, 10)', '(12, 14)', '(14, 11)', '(4, 10)', '(17, 13)', '(8, 10)', '(11, 6)', '(10, 16)', '(1, 13)', '(6, 12)', '(23, 16)', '(12, 16)', '(4, 12)', '(27, 16)', '(8, 12)', '(11, 8)', '(25, 16)', '(15, 8)', '(6, 5)', '(29, 16)', '(6, 14)', '(4, 5)', '(4, 14)', '(34, 15)', '(17, 8)', '(8, 14)', '(10, 11)', '(11, 10)', '(2, 7)', '(2, 16)', '(15, 10)', '(7, 6)', '(6, 16)', '(12, 11)', '(4, 7)', '(4, 16)', '(17, 10)', '(9, 6)', '(30, 16)', '(19, 16)', '(8, 16)', '(10, 13)', '(15, 12)', '(6, 9)', '(7, 8)']",17180575796,0,17180575796
121,"(2, 5)","(3, 5)",West,"[('(3, 5)', 'East', 8), ('(1, 5)', 'West', 2)]","['(2, 5)', '(19, 12)', '(34, 14)', '(25, 14)']","['(1, 5)', '(19, 12)', '(34, 14)', '(25, 14)']","['(21, 16)', '(4, 9)', '(17, 12)', '(8, 9)', '(10, 6)', '(13, 8)', '(1, 15)', '(15, 14)', '(6, 11)', '(17, 14)', '(8, 11)', '(11, 7)', '(11, 16)', '(1, 8)', '(26, 16)', '(15, 16)', '(6, 13)', '(18, 12)', '(14, 8)', '(5, 5)', '(28, 16)', '(17, 16)', '(5, 14)', '(32, 16)', '(1, 10)', '(13, 12)', '(6, 6)', '(16, 8)', '(34, 16)', '(12, 13)', '(3, 10)', '(14, 10)', '(17, 9)', '(5, 16)', '(9, 14)', '(1, 12)', '(13, 14)', '(16, 10)', '(18, 16)', '(7, 16)', '(22, 16)', '(14, 12)', '(4, 11)', '(9, 16)', '(24, 16)', '(13, 16)', '(25, 15)', '(1, 14)', '(16, 12)', '(12, 8)', '(3, 5)', '(14, 14)', '(4, 13)', '(8, 13)', '(10, 10)', '(1, 7)', '(1, 16)', '(16, 14)', '(12, 10)', '(3, 7)', '(14, 16)', '(3, 16)', '(8, 6)', '(10, 12)', '(1, 9)', '(16, 16)', '(6, 8)', '(31, 16)', '(20, 16)', '(12, 12)', '(4, 8)', '(8, 8)', '(33, 16)', '(1, 11)', '(10, 14)', '(6, 10)', '(12, 14)', '(14, 11)', '(4, 10)', '(17, 13)', '(8, 10)', '(11, 6)', '(10, 16)', '(1, 13)', '(6, 12)', '(23, 16)', '(12, 16)', '(4, 12)', '(27, 16)', '(8, 12)', '(11, 8)', '(2, 5)', '(25, 16)', '(15, 8)', '(6, 5)', '(29, 16)', '(6, 14)', '(4, 5)', '(4, 14)', '(34, 15)', '(17, 8)', '(8, 14)', '(10, 11)', '(11, 10)', '(2, 7)', '(2, 16)', '(15, 10)', '(7, 6)', '(6, 16)', '(12, 11)', '(4, 7)', '(4, 16)', '(17, 10)', '(9, 6)', '(30, 16)', '(19, 16)', '(8, 16)', '(10, 13)', '(15, 12)', '(6, 9)', '(7, 8)']",17180575800,0,17180575800
122,"(1, 5)","(2, 5)",West,"[('(1, 4)', 'South', 2), ('(2, 5)', 'East', 4)]","['(1, 5)', '(19, 12)', '(34, 14)', '(25, 14)']","['(1, 4)', '(19, 12)', '(34, 14)', '(25, 14)']","['(21, 16)', '(4, 9)', '(17, 12)', '(8, 9)', '(10, 6)', '(13, 8)', '(1, 15)', '(15, 14)', '(6, 11)', '(17, 14)', '(8, 11)', '(11, 7)', '(11, 16)', '(1, 8)', '(26, 16)', '(15, 16)', '(6, 13)', '(18, 12)', '(14, 8)', '(5, 5)', '(28, 16)', '(17, 16)', '(5, 14)', '(32, 16)', '(1, 10)', '(13, 12)', '(6, 6)', '(16, 8)', '(34, 16)', '(12, 13)', '(3, 10)', '(14, 10)', '(17, 9)', '(5, 16)', '(9, 14)', '(1, 12)', '(13, 14)', '(16, 10)', '(18, 16)', '(7, 16)', '(22, 16)', '(14, 12)', '(4, 11)', '(9, 16)', '(1, 5)', '(24, 16)', '(13, 16)', '(25, 15)', '(1, 14)', '(16, 12)', '(12, 8)', '(3, 5)', '(14, 14)', '(4, 13)', '(8, 13)', '(10, 10)', '(1, 7)', '(1, 16)', '(16, 14)', '(12, 10)', '(3, 7)', '(14, 16)', '(3, 16)', '(8, 6)', '(10, 12)', '(1, 9)', '(16, 16)', '(6, 8)', '(31, 16)', '(20, 16)', '(12, 12)', '(4, 8)', '(8, 8)', '(33, 16)', '(1, 11)', '(10, 14)', '(6, 10)', '(12, 14)', '(14, 11)', '(4, 10)', '(17, 13)', '(8, 10)', '(11, 6)', '(10, 16)', '(1, 13)', '(6, 12)', '(23, 16)', '(12, 16)', '(4, 12)', '(27, 16)', '(8, 12)', '(11, 8)', '(2, 5)', '(25, 16)', '(15, 8)', '(6, 5)', '(29, 16)', '(6, 14)', '(4, 5)', '(4, 14)', '(34, 15)', '(17, 8)', '(8, 14)', '(10, 11)', '(11, 10)', '(2, 7)', '(2, 16)', '(15, 10)', '(7, 6)', '(6, 16)', '(12, 11)', '(4, 7)', '(4, 16)', '(17, 10)', '(9, 6)', '(30, 16)', '(19, 16)', '(8, 16)', '(10, 13)', '(15, 12)', '(6, 9)', '(7, 8)']",17180575802,0,17180575802
123,"(1, 4)","(1, 5)",South,"[('(1, 5)', 'North', 2), ('(1, 3)', 'South', 2)]","['(1, 4)', '(19, 12)', '(34, 14)', '(25, 14)']","['(1, 3)', '(19, 12)', '(34, 14)', '(25, 14)']","['(21, 16)', '(4, 9)', '(17, 12)', '(8, 9)', '(10, 6)', '(13, 8)', '(1, 15)', '(15, 14)', '(6, 11)', '(17, 14)', '(8, 11)', '(11, 7)', '(11, 16)', '(1, 8)', '(26, 16)', '(15, 16)', '(6, 13)', '(18, 12)', '(14, 8)', '(5, 5)', '(28, 16)', '(17, 16)', '(5, 14)', '(32, 16)', '(1, 10)', '(13, 12)', '(6, 6)', '(16, 8)', '(34, 16)', '(12, 13)', '(3, 10)', '(14, 10)', '(17, 9)', '(5, 16)', '(9, 14)', '(1, 12)', '(13, 14)', '(16, 10)', '(18, 16)', '(7, 16)', '(22, 16)', '(14, 12)', '(4, 11)', '(9, 16)', '(1, 5)', '(24, 16)', '(13, 16)', '(25, 15)', '(1, 14)', '(16, 12)', '(12, 8)', '(3, 5)', '(14, 14)', '(4, 13)', '(8, 13)', '(10, 10)', '(1, 7)', '(1, 16)', '(16, 14)', '(12, 10)', '(3, 7)', '(14, 16)', '(3, 16)', '(8, 6)', '(10, 12)', '(1, 9)', '(16, 16)', '(6, 8)', '(31, 16)', '(20, 16)', '(12, 12)', '(4, 8)', '(8, 8)', '(33, 16)', '(1, 11)', '(10, 14)', '(6, 10)', '(12, 14)', '(14, 11)', '(4, 10)', '(17, 13)', '(8, 10)', '(1, 4)', '(11, 6)', '(10, 16)', '(1, 13)', '(6, 12)', '(23, 16)', '(12, 16)', '(4, 12)', '(27, 16)', '(8, 12)', '(11, 8)', '(2, 5)', '(25, 16)', '(15, 8)', '(6, 5)', '(29, 16)', '(6, 14)', '(4, 5)', '(4, 14)', '(34, 15)', '(17, 8)', '(8, 14)', '(10, 11)', '(11, 10)', '(2, 7)', '(2, 16)', '(15, 10)', '(7, 6)', '(6, 16)', '(12, 11)', '(4, 7)', '(4, 16)', '(17, 10)', '(9, 6)', '(30, 16)', '(19, 16)', '(8, 16)', '(10, 13)', '(15, 12)', '(6, 9)', '(7, 8)']",17180575804,0,17180575804
124,"(1, 3)","(1, 4)",South,"[('(1, 4)', 'North', 2), ('(2, 3)', 'East', 4)]","['(1, 3)', '(19, 12)', '(34, 14)', '(25, 14)']","['(2, 3)', '(19, 12)', '(34, 14)', '(25, 14)']","['(21, 16)', '(4, 9)', '(17, 12)', '(8, 9)', '(10, 6)', '(13, 8)', '(1, 15)', '(15, 14)', '(6, 11)', '(17, 14)', '(8, 11)', '(11, 7)', '(11, 16)', '(1, 8)', '(26, 16)', '(15, 16)', '(6, 13)', '(18, 12)', '(14, 8)', '(5, 5)', '(28, 16)', '(17, 16)', '(5, 14)', '(32, 16)', '(1, 10)', '(13, 12)', '(6, 6)', '(16, 8)', '(34, 16)', '(12, 13)', '(3, 10)', '(14, 10)', '(17, 9)', '(5, 16)', '(9, 14)', '(1, 3)', '(1, 12)', '(13, 14)', '(16, 10)', '(18, 16)', '(7, 16)', '(22, 16)', '(14, 12)', '(4, 11)', '(9, 16)', '(1, 5)', '(24, 16)', '(13, 16)', '(25, 15)', '(1, 14)', '(16, 12)', '(12, 8)', '(3, 5)', '(14, 14)', '(4, 13)', '(8, 13)', '(10, 10)', '(1, 7)', '(1, 16)', '(16, 14)', '(12, 10)', '(3, 7)', '(14, 16)', '(3, 16)', '(8, 6)', '(10, 12)', '(1, 9)', '(16, 16)', '(6, 8)', '(31, 16)', '(20, 16)', '(12, 12)', '(4, 8)', '(8, 8)', '(33, 16)', '(1, 11)', '(10, 14)', '(6, 10)', '(12, 14)', '(14, 11)', '(4, 10)', '(17, 13)', '(8, 10)', '(1, 4)', '(11, 6)', '(10, 16)', '(1, 13)', '(6, 12)', '(23, 16)', '(12, 16)', '(4, 12)', '(27, 16)', '(8, 12)', '(11, 8)', '(2, 5)', '(25, 16)', '(15, 8)', '(6, 5)', '(29, 16)', '(6, 14)', '(4, 5)', '(4, 14)', '(34, 15)', '(17, 8)', '(8, 14)', '(10, 11)', '(11, 10)', '(2, 7)', '(2, 16)', '(15, 10)', '(7, 6)', '(6, 16)', '(12, 11)', '(4, 7)', '(4, 16)', '(17, 10)', '(9, 6)', '(30, 16)', '(19, 16)', '(8, 16)', '(10, 13)', '(15, 12)', '(6, 9)', '(7, 8)']",17180575806,0,17180575806
125,"(2, 3)","(1, 3)",East,"[('(3, 3)', 'East', 8), ('(1, 3)', 'West', 2)]","['(2, 3)', '(19, 12)', '(34, 14)', '(25, 14)']","['(3, 3)', '(19, 12)', '(34, 14)', '(25, 14)']","['(21, 16)', '(4, 9)', '(17, 12)', '(8, 9)', '(10, 6)', '(13, 8)', '(1, 15)', '(15, 14)', '(6, 11)', '(17, 14)', '(8, 11)', '(11, 7)', '(11, 16)', '(1, 8)', '(26, 16)', '(15, 16)', '(6, 13)', '(18, 12)', '(14, 8)', '(5, 5)', '(28, 16)', '(17, 16)', '(5, 14)', '(32, 16)', '(1, 10)', '(13, 12)', '(6, 6)', '(16, 8)', '(34, 16)', '(12, 13)', '(3, 10)', '(14, 10)', '(17, 9)', '(5, 16)', '(9, 14)', '(1, 3)', '(1, 12)', '(13, 14)', '(16, 10)', '(18, 16)', '(7, 16)', '(22, 16)', '(14, 12)', '(4, 11)', '(9, 16)', '(1, 5)', '(24, 16)', '(13, 16)', '(25, 15)', '(1, 14)', '(16, 12)', '(12, 8)', '(3, 5)', '(14, 14)', '(4, 13)', '(8, 13)', '(10, 10)', '(1, 7)', '(1, 16)', '(16, 14)', '(12, 10)', '(3, 7)', '(14, 16)', '(3, 16)', '(8, 6)', '(10, 12)', '(1, 9)', '(16, 16)', '(6, 8)', '(31, 16)', '(20, 16)', '(12, 12)', '(4, 8)', '(8, 8)', '(33, 16)', '(1, 11)', '(10, 14)', '(6, 10)', '(12, 14)', '(14, 11)', '(4, 10)', '(17, 13)', '(8, 10)', '(1, 4)', '(11, 6)', '(2, 3)', '(10, 16)', '(1, 13)', '(6, 12)', '(23, 16)', '(12, 16)', '(4, 12)', '(27, 16)', '(8, 12)', '(11, 8)', '(2, 5)', '(25, 16)', '(15, 8)', '(6, 5)', '(29, 16)', '(6, 14)', '(4, 5)', '(4, 14)', '(34, 15)', '(17, 8)', '(8, 14)', '(10, 11)', '(11, 10)', '(2, 7)', '(2, 16)', '(15, 10)', '(7, 6)', '(6, 16)', '(12, 11)', '(4, 7)', '(4, 16)', '(17, 10)', '(9, 6)', '(30, 16)', '(19, 16)', '(8, 16)', '(10, 13)', '(15, 12)', '(6, 9)', '(7, 8)']",17180575810,0,17180575810
126,"(3, 3)","(2, 3)",East,"[('(4, 3)', 'East', 16), ('(2, 3)', 'West', 4)]","['(3, 3)', '(19, 12)', '(34, 14)', '(25, 14)']","['(4, 3)', '(19, 12)', '(34, 14)', '(25, 14)']","['(21, 16)', '(4, 9)', '(17, 12)', '(8, 9)', '(10, 6)', '(13, 8)', '(1, 15)', '(15, 14)', '(6, 11)', '(17, 14)', '(8, 11)', '(11, 7)', '(11, 16)', '(1, 8)', '(26, 16)', '(15, 16)', '(6, 13)', '(18, 12)', '(14, 8)', '(5, 5)', '(28, 16)', '(17, 16)', '(5, 14)', '(32, 16)', '(1, 10)', '(13, 12)', '(6, 6)', '(16, 8)', '(34, 16)', '(12, 13)', '(3, 10)', '(14, 10)', '(17, 9)', '(5, 16)', '(9, 14)', '(1, 3)', '(1, 12)', '(13, 14)', '(16, 10)', '(18, 16)', '(7, 16)', '(3, 3)', '(22, 16)', '(14, 12)', '(4, 11)', '(9, 16)', '(1, 5)', '(24, 16)', '(13, 16)', '(25, 15)', '(1, 14)', '(16, 12)', '(12, 8)', '(3, 5)', '(14, 14)', '(4, 13)', '(8, 13)', '(10, 10)', '(1, 7)', '(1, 16)', '(16, 14)', '(12, 10)', '(3, 7)', '(14, 16)', '(3, 16)', '(8, 6)', '(10, 12)', '(1, 9)', '(16, 16)', '(6, 8)', '(31, 16)', '(20, 16)', '(12, 12)', '(4, 8)', '(8, 8)', '(33, 16)', '(1, 11)', '(10, 14)', '(6, 10)', '(12, 14)', '(14, 11)', '(4, 10)', '(17, 13)', '(8, 10)', '(1, 4)', '(11, 6)', '(2, 3)', '(10, 16)', '(1, 13)', '(6, 12)', '(23, 16)', '(12, 16)', '(4, 12)', '(27, 16)', '(8, 12)', '(11, 8)', '(2, 5)', '(25, 16)', '(15, 8)', '(6, 5)', '(29, 16)', '(6, 14)', '(4, 5)', '(4, 14)', '(34, 15)', '(17, 8)', '(8, 14)', '(10, 11)', '(11, 10)', '(2, 7)', '(2, 16)', '(15, 10)', '(7, 6)', '(6, 16)', '(12, 11)', '(4, 7)', '(4, 16)', '(17, 10)', '(9, 6)', '(30, 16)', '(19, 16)', '(8, 16)', '(10, 13)', '(15, 12)', '(6, 9)', '(7, 8)']",17180575818,0,17180575818
127,"(4, 3)","(3, 3)",East,"[('(5, 3)', 'East', 32), ('(3, 3)', 'West', 8)]","['(4, 3)', '(19, 12)', '(34, 14)', '(25, 14)']","['(5, 3)', '(19, 12)', '(34, 14)', '(25, 14)']","['(21, 16)', '(4, 9)', '(17, 12)', '(8, 9)', '(10, 6)', '(13, 8)', '(1, 15)', '(15, 14)', '(6, 11)', '(17, 14)', '(8, 11)', '(11, 7)', '(11, 16)', '(1, 8)', '(26, 16)', '(15, 16)', '(6, 13)', '(18, 12)', '(14, 8)', '(5, 5)', '(28, 16)', '(17, 16)', '(5, 14)', '(32, 16)', '(1, 10)', '(13, 12)', '(6, 6)', '(16, 8)', '(34, 16)', '(12, 13)', '(3, 10)', '(14, 10)', '(17, 9)', '(5, 16)', '(9, 14)', '(1, 3)', '(1, 12)', '(13, 14)', '(16, 10)', '(18, 16)', '(7, 16)', '(3, 3)', '(22, 16)', '(14, 12)', '(4, 11)', '(9, 16)', '(1, 5)', '(24, 16)', '(13, 16)', '(25, 15)', '(1, 14)', '(16, 12)', '(12, 8)', '(3, 5)', '(14, 14)', '(4, 13)', '(8, 13)', '(10, 10)', '(1, 7)', '(1, 16)', '(16, 14)', '(12, 10)', '(3, 7)', '(14, 16)', '(3, 16)', '(8, 6)', '(10, 12)', '(1, 9)', '(16, 16)', '(6, 8)', '(31, 16)', '(20, 16)', '(12, 12)', '(4, 8)', '(8, 8)', '(33, 16)', '(1, 11)', '(10, 14)', '(6, 10)', '(12, 14)', '(14, 11)', '(4, 10)', '(17, 13)', '(8, 10)', '(1, 4)', '(11, 6)', '(2, 3)', '(10, 16)', '(1, 13)', '(6, 12)', '(4, 3)', '(23, 16)', '(12, 16)', '(4, 12)', '(27, 16)', '(8, 12)', '(11, 8)', '(2, 5)', '(25, 16)', '(15, 8)', '(6, 5)', '(29, 16)', '(6, 14)', '(4, 5)', '(4, 14)', '(34, 15)', '(17, 8)', '(8, 14)', '(10, 11)', '(11, 10)', '(2, 7)', '(2, 16)', '(15, 10)', '(7, 6)', '(6, 16)', '(12, 11)', '(4, 7)', '(4, 16)', '(17, 10)', '(9, 6)', '(30, 16)', '(19, 16)', '(8, 16)', '(10, 13)', '(15, 12)', '(6, 9)', '(7, 8)']",17180575834,0,17180575834
128,"(5, 3)","(4, 3)",East,"[('(6, 3)', 'East', 64), ('(4, 3)', 'West', 16)]","['(5, 3)', '(19, 12)', '(34, 14)', '(25, 14)']","['(6, 3)', '(19, 12)', '(34, 14)', '(25, 14)']","['(21, 16)', '(4, 9)', '(17, 12)', '(8, 9)', '(10, 6)', '(13, 8)', '(1, 15)', '(15, 14)', '(6, 11)', '(5, 3)', '(17, 14)', '(8, 11)', '(11, 7)', '(11, 16)', '(1, 8)', '(26, 16)', '(15, 16)', '(6, 13)', '(18, 12)', '(14, 8)', '(5, 5)', '(28, 16)', '(17, 16)', '(5, 14)', '(32, 16)', '(1, 10)', '(13, 12)', '(6, 6)', '(16, 8)', '(34, 16)', '(12, 13)', '(3, 10)', '(14, 10)', '(17, 9)', '(5, 16)', '(9, 14)', '(1, 3)', '(1, 12)', '(13, 14)', '(16, 10)', '(18, 16)', '(7, 16)', '(3, 3)', '(22, 16)', '(14, 12)', '(4, 11)', '(9, 16)', '(1, 5)', '(24, 16)', '(13, 16)', '(25, 15)', '(1, 14)', '(16, 12)', '(12, 8)', '(3, 5)', '(14, 14)', '(4, 13)', '(8, 13)', '(10, 10)', '(1, 7)', '(1, 16)', '(16, 14)', '(12, 10)', '(3, 7)', '(14, 16)', '(3, 16)', '(8, 6)', '(10, 12)', '(1, 9)', '(16, 16)', '(6, 8)', '(31, 16)', '(20, 16)', '(12, 12)', '(4, 8)', '(8, 8)', '(33, 16)', '(1, 11)', '(10, 14)', '(6, 10)', '(12, 14)', '(14, 11)', '(4, 10)', '(17, 13)', '(8, 10)', '(1, 4)', '(11, 6)', '(2, 3)', '(10, 16)', '(1, 13)', '(6, 12)', '(4, 3)', '(23, 16)', '(12, 16)', '(4, 12)', '(27, 16)', '(8, 12)', '(11, 8)', '(2, 5)', '(25, 16)', '(15, 8)', '(6, 5)', '(29, 16)', '(6, 14)', '(4, 5)', '(4, 14)', '(34, 15)', '(17, 8)', '(8, 14)', '(10, 11)', '(11, 10)', '(2, 7)', '(2, 16)', '(15, 10)', '(7, 6)', '(6, 16)', '(12, 11)', '(4, 7)', '(4, 16)', '(17, 10)', '(9, 6)', '(30, 16)', '(19, 16)', '(8, 16)', '(10, 13)', '(15, 12)', '(6, 9)', '(7, 8)']",17180575866,0,17180575866
129,"(6, 3)","(5, 3)",East,"[('(7, 3)', 'East', 128), ('(5, 3)', 'West', 32)]","['(6, 3)', '(19, 12)', '(34, 14)', '(25, 14)']","['(7, 3)', '(19, 12)', '(34, 14)', '(25, 14)']","['(21, 16)', '(4, 9)', '(17, 12)', '(8, 9)', '(10, 6)', '(13, 8)', '(1, 15)', '(15, 14)', '(6, 11)', '(5, 3)', '(17, 14)', '(8, 11)', '(11, 7)', '(11, 16)', '(1, 8)', '(26, 16)', '(15, 16)', '(6, 13)', '(18, 12)', '(14, 8)', '(5, 5)', '(28, 16)', '(17, 16)', '(5, 14)', '(32, 16)', '(1, 10)', '(13, 12)', '(6, 6)', '(16, 8)', '(34, 16)', '(12, 13)', '(3, 10)', '(14, 10)', '(17, 9)', '(5, 16)', '(9, 14)', '(1, 3)', '(1, 12)', '(13, 14)', '(16, 10)', '(18, 16)', '(7, 16)', '(3, 3)', '(22, 16)', '(14, 12)', '(4, 11)', '(9, 16)', '(1, 5)', '(24, 16)', '(13, 16)', '(25, 15)', '(1, 14)', '(16, 12)', '(12, 8)', '(3, 5)', '(14, 14)', '(4, 13)', '(8, 13)', '(10, 10)', '(1, 7)', '(1, 16)', '(16, 14)', '(12, 10)', '(3, 7)', '(14, 16)', '(3, 16)', '(8, 6)', '(10, 12)', '(1, 9)', '(16, 16)', '(6, 8)', '(31, 16)', '(20, 16)', '(12, 12)', '(4, 8)', '(8, 8)', '(33, 16)', '(1, 11)', '(10, 14)', '(6, 10)', '(12, 14)', '(14, 11)', '(4, 10)', '(17, 13)', '(8, 10)', '(1, 4)', '(11, 6)', '(2, 3)', '(10, 16)', '(1, 13)', '(6, 3)', '(6, 12)', '(4, 3)', '(23, 16)', '(12, 16)', '(4, 12)', '(27, 16)', '(8, 12)', '(11, 8)', '(2, 5)', '(25, 16)', '(15, 8)', '(6, 5)', '(29, 16)', '(6, 14)', '(4, 5)', '(4, 14)', '(34, 15)', '(17, 8)', '(8, 14)', '(10, 11)', '(11, 10)', '(2, 7)', '(2, 16)', '(15, 10)', '(7, 6)', '(6, 16)', '(12, 11)', '(4, 7)', '(4, 16)', '(17, 10)', '(9, 6)', '(30, 16)', '(19, 16)', '(8, 16)', '(10, 13)', '(15, 12)', '(6, 9)', '(7, 8)']",17180575930,0,17180575930
130,"(7, 3)","(6, 3)",East,"[('(8, 3)', 'East', 256), ('(6, 3)', 'West', 64)]","['(7, 3)', '(19, 12)', '(34, 14)', '(25, 14)']","['(8, 3)', '(19, 12)', '(34, 14)', '(25, 14)']","['(21, 16)', '(4, 9)', '(17, 12)', '(8, 9)', '(10, 6)', '(13, 8)', '(1, 15)', '(15, 14)', '(6, 11)', '(5, 3)', '(17, 14)', '(8, 11)', '(11, 7)', '(11, 16)', '(1, 8)', '(7, 3)', '(26, 16)', '(15, 16)', '(6, 13)', '(18, 12)', '(14, 8)', '(5, 5)', '(28, 16)', '(17, 16)', '(5, 14)', '(32, 16)', '(1, 10)', '(13, 12)', '(6, 6)', '(16, 8)', '(34, 16)', '(12, 13)', '(3, 10)', '(14, 10)', '(17, 9)', '(5, 16)', '(9, 14)', '(1, 3)', '(1, 12)', '(13, 14)', '(16, 10)', '(18, 16)', '(7, 16)', '(3, 3)', '(22, 16)', '(14, 12)', '(4, 11)', '(9, 16)', '(1, 5)', '(24, 16)', '(13, 16)', '(25, 15)', '(1, 14)', '(16, 12)', '(12, 8)', '(3, 5)', '(14, 14)', '(4, 13)', '(8, 13)', '(10, 10)', '(1, 7)', '(1, 16)', '(16, 14)', '(12, 10)', '(3, 7)', '(14, 16)', '(3, 16)', '(8, 6)', '(10, 12)', '(1, 9)', '(16, 16)', '(6, 8)', '(31, 16)', '(20, 16)', '(12, 12)', '(4, 8)', '(8, 8)', '(33, 16)', '(1, 11)', '(10, 14)', '(6, 10)', '(12, 14)', '(14, 11)', '(4, 10)', '(17, 13)', '(8, 10)', '(1, 4)', '(11, 6)', '(2, 3)', '(10, 16)', '(1, 13)', '(6, 3)', '(6, 12)', '(4, 3)', '(23, 16)', '(12, 16)', '(4, 12)', '(27, 16)', '(8, 12)', '(11, 8)', '(2, 5)', '(25, 16)', '(15, 8)', '(6, 5)', '(29, 16)', '(6, 14)', '(4, 5)', '(4, 14)', '(34, 15)', '(17, 8)', '(8, 14)', '(10, 11)', '(11, 10)', '(2, 7)', '(2, 16)', '(15, 10)', '(7, 6)', '(6, 16)', '(12, 11)', '(4, 7)', '(4, 16)', '(17, 10)', '(9, 6)', '(30, 16)', '(19, 16)', '(8, 16)', '(10, 13)', '(15, 12)', '(6, 9)', '(7, 8)']",17180576058,0,17180576058
131,"(8, 3)","(7, 3)",East,"[('(8, 4)', 'North', 256), ('(7, 3)', 'West', 128)]","['(8, 3)', '(19, 12)', '(34, 14)', '(25, 14)']","['(8, 4)', '(19, 12)', '(34, 14)', '(25, 14)']","['(21, 16)', '(4, 9)', '(17, 12)', '(8, 9)', '(10, 6)', '(13, 8)', '(1, 15)', '(15, 14)', '(6, 11)', '(5, 3)', '(17, 14)', '(8, 11)', '(11, 7)', '(11, 16)', '(1, 8)', '(7, 3)', '(26, 16)', '(15, 16)', '(6, 13)', '(18, 12)', '(14, 8)', '(5, 5)', '(28, 16)', '(17, 16)', '(5, 14)', '(32, 16)', '(1, 10)', '(13, 12)', '(6, 6)', '(16, 8)', '(34, 16)', '(12, 13)', '(3, 10)', '(14, 10)', '(17, 9)', '(5, 16)', '(9, 14)', '(1, 3)', '(1, 12)', '(13, 14)', '(16, 10)', '(18, 16)', '(7, 16)', '(3, 3)', '(22, 16)', '(14, 12)', '(4, 11)', '(9, 16)', '(1, 5)', '(24, 16)', '(13, 16)', '(25, 15)', '(1, 14)', '(16, 12)', '(12, 8)', '(3, 5)', '(14, 14)', '(4, 13)', '(8, 13)', '(10, 10)', '(1, 7)', '(1, 16)', '(16, 14)', '(12, 10)', '(3, 7)', '(14, 16)', '(3, 16)', '(8, 6)', '(10, 12)', '(1, 9)', '(16, 16)', '(6, 8)', '(31, 16)', '(20, 16)', '(12, 12)', '(4, 8)', '(8, 8)', '(33, 16)', '(1, 11)', '(10, 14)', '(6, 10)', '(12, 14)', '(14, 11)', '(4, 10)', '(17, 13)', '(8, 10)', '(1, 4)', '(11, 6)', '(2, 3)', '(10, 16)', '(1, 13)', '(6, 3)', '(6, 12)', '(4, 3)', '(23, 16)', '(12, 16)', '(4, 12)', '(8, 3)', '(27, 16)', '(8, 12)', '(11, 8)', '(2, 5)', '(25, 16)', '(15, 8)', '(6, 5)', '(29, 16)', '(6, 14)', '(4, 5)', '(4, 14)', '(34, 15)', '(17, 8)', '(8, 14)', '(10, 11)', '(11, 10)', '(2, 7)', '(2, 16)', '(15, 10)', '(7, 6)', '(6, 16)', '(12, 11)', '(4, 7)', '(4, 16)', '(17, 10)', '(9, 6)', '(30, 16)', '(19, 16)', '(8, 16)', '(10, 13)', '(15, 12)', '(6, 9)', '(7, 8)']",17180576314,0,17180576314
132,"(8, 4)","(8, 3)",North,"[('(8, 3)', 'South', 256), ('(9, 4)', 'East', 512)]","['(8, 4)', '(19, 12)', '(34, 14)', '(25, 14)']","['(9, 4)', '(19, 12)', '(34, 14)', '(25, 14)']","['(21, 16)', '(4, 9)', '(17, 12)', '(8, 9)', '(10, 6)', '(13, 8)', '(1, 15)', '(15, 14)', '(6, 11)', '(5, 3)', '(17, 14)', '(8, 11)', '(11, 7)', '(11, 16)', '(1, 8)', '(7, 3)', '(26, 16)', '(15, 16)', '(6, 13)', '(18, 12)', '(14, 8)', '(5, 5)', '(8, 4)', '(28, 16)', '(17, 16)', '(5, 14)', '(32, 16)', '(1, 10)', '(13, 12)', '(6, 6)', '(16, 8)', '(34, 16)', '(12, 13)', '(3, 10)', '(14, 10)', '(17, 9)', '(5, 16)', '(9, 14)', '(1, 3)', '(1, 12)', '(13, 14)', '(16, 10)', '(18, 16)', '(7, 16)', '(3, 3)', '(22, 16)', '(14, 12)', '(4, 11)', '(9, 16)', '(1, 5)', '(24, 16)', '(13, 16)', '(25, 15)', '(1, 14)', '(16, 12)', '(12, 8)', '(3, 5)', '(14, 14)', '(4, 13)', '(8, 13)', '(10, 10)', '(1, 7)', '(1, 16)', '(16, 14)', '(12, 10)', '(3, 7)', '(14, 16)', '(3, 16)', '(8, 6)', '(10, 12)', '(1, 9)', '(16, 16)', '(6, 8)', '(31, 16)', '(20, 16)', '(12, 12)', '(4, 8)', '(8, 8)', '(33, 16)', '(1, 11)', '(10, 14)', '(6, 10)', '(12, 14)', '(14, 11)', '(4, 10)', '(17, 13)', '(8, 10)', '(1, 4)', '(11, 6)', '(2, 3)', '(10, 16)', '(1, 13)', '(6, 3)', '(6, 12)', '(4, 3)', '(23, 16)', '(12, 16)', '(4, 12)', '(8, 3)', '(27, 16)', '(8, 12)', '(11, 8)', '(2, 5)', '(25, 16)', '(15, 8)', '(6, 5)', '(29, 16)', '(6, 14)', '(4, 5)', '(4, 14)', '(34, 15)', '(17, 8)', '(8, 14)', '(10, 11)', '(11, 10)', '(2, 7)', '(2, 16)', '(15, 10)', '(7, 6)', '(6, 16)', '(12, 11)', '(4, 7)', '(4, 16)', '(17, 10)', '(9, 6)', '(30, 16)', '(19, 16)', '(8, 16)', '(10, 13)', '(15, 12)', '(6, 9)', '(7, 8)']",17180576570,0,17180576570
133,"(9, 4)","(8, 4)",East,"[('(10, 4)', 'East', 1024), ('(8, 4)', 'West', 256)]","['(9, 4)', '(19, 12)', '(34, 14)', '(25, 14)']","['(10, 4)', '(19, 12)', '(34, 14)', '(25, 14)']","['(21, 16)', '(4, 9)', '(17, 12)', '(8, 9)', '(10, 6)', '(13, 8)', '(1, 15)', '(15, 14)', '(6, 11)', '(5, 3)', '(17, 14)', '(8, 11)', '(11, 7)', '(11, 16)', '(1, 8)', '(7, 3)', '(26, 16)', '(15, 16)', '(6, 13)', '(18, 12)', '(14, 8)', '(5, 5)', '(8, 4)', '(28, 16)', '(17, 16)', '(5, 14)', '(32, 16)', '(1, 10)', '(13, 12)', '(6, 6)', '(16, 8)', '(34, 16)', '(12, 13)', '(3, 10)', '(14, 10)', '(17, 9)', '(5, 16)', '(9, 14)', '(1, 3)', '(1, 12)', '(13, 14)', '(16, 10)', '(18, 16)', '(7, 16)', '(3, 3)', '(22, 16)', '(14, 12)', '(4, 11)', '(9, 16)', '(1, 5)', '(24, 16)', '(13, 16)', '(25, 15)', '(1, 14)', '(16, 12)', '(12, 8)', '(3, 5)', '(14, 14)', '(4, 13)', '(8, 13)', '(10, 10)', '(1, 7)', '(1, 16)', '(16, 14)', '(12, 10)', '(3, 7)', '(14, 16)', '(3, 16)', '(8, 6)', '(10, 12)', '(1, 9)', '(16, 16)', '(6, 8)', '(31, 16)', '(20, 16)', '(12, 12)', '(4, 8)', '(8, 8)', '(33, 16)', '(1, 11)', '(10, 14)', '(6, 10)', '(12, 14)', '(14, 11)', '(4, 10)', '(17, 13)', '(8, 10)', '(1, 4)', '(11, 6)', '(2, 3)', '(10, 16)', '(1, 13)', '(6, 3)', '(6, 12)', '(4, 3)', '(23, 16)', '(12, 16)', '(4, 12)', '(8, 3)', '(27, 16)', '(8, 12)', '(11, 8)', '(2, 5)', '(25, 16)', '(15, 8)', '(6, 5)', '(29, 16)', '(6, 14)', '(4, 5)', '(4, 14)', '(34, 15)', '(17, 8)', '(9, 4)', '(8, 14)', '(10, 11)', '(11, 10)', '(2, 7)', '(2, 16)', '(15, 10)', '(7, 6)', '(6, 16)', '(12, 11)', '(4, 7)', '(4, 16)', '(17, 10)', '(9, 6)', '(30, 16)', '(19, 16)', '(8, 16)', '(10, 13)', '(15, 12)', '(6, 9)', '(7, 8)']",17180577082,0,17180577082
134,"(10, 4)","(9, 4)",East,"[('(11, 4)', 'East', 2048), ('(9, 4)', 'West', 512)]","['(10, 4)', '(19, 12)', '(34, 14)', '(25, 14)']","['(11, 4)', '(19, 12)', '(34, 14)', '(25, 14)']","['(21, 16)', '(4, 9)', '(17, 12)', '(8, 9)', '(10, 6)', '(13, 8)', '(1, 15)', '(15, 14)', '(6, 11)', '(5, 3)', '(17, 14)', '(8, 11)', '(11, 7)', '(11, 16)', '(1, 8)', '(7, 3)', '(26, 16)', '(15, 16)', '(6, 13)', '(18, 12)', '(14, 8)', '(5, 5)', '(8, 4)', '(28, 16)', '(17, 16)', '(5, 14)', '(32, 16)', '(1, 10)', '(13, 12)', '(6, 6)', '(16, 8)', '(34, 16)', '(12, 13)', '(3, 10)', '(14, 10)', '(17, 9)', '(5, 16)', '(9, 14)', '(1, 3)', '(1, 12)', '(13, 14)', '(16, 10)', '(18, 16)', '(7, 16)', '(3, 3)', '(22, 16)', '(14, 12)', '(4, 11)', '(9, 16)', '(1, 5)', '(24, 16)', '(13, 16)', '(25, 15)', '(1, 14)', '(16, 12)', '(12, 8)', '(3, 5)', '(14, 14)', '(4, 13)', '(8, 13)', '(10, 10)', '(1, 7)', '(1, 16)', '(16, 14)', '(12, 10)', '(3, 7)', '(14, 16)', '(3, 16)', '(8, 6)', '(10, 12)', '(1, 9)', '(16, 16)', '(6, 8)', '(31, 16)', '(20, 16)', '(12, 12)', '(4, 8)', '(8, 8)', '(33, 16)', '(1, 11)', '(10, 14)', '(6, 10)', '(12, 14)', '(14, 11)', '(4, 10)', '(17, 13)', '(8, 10)', '(1, 4)', '(11, 6)', '(2, 3)', '(10, 16)', '(1, 13)', '(6, 3)', '(6, 12)', '(4, 3)', '(23, 16)', '(12, 16)', '(4, 12)', '(8, 3)', '(27, 16)', '(8, 12)', '(11, 8)', '(2, 5)', '(25, 16)', '(15, 8)', '(6, 5)', '(29, 16)', '(6, 14)', '(4, 5)', '(4, 14)', '(34, 15)', '(17, 8)', '(9, 4)', '(8, 14)', '(10, 11)', '(11, 10)', '(2, 7)', '(2, 16)', '(15, 10)', '(7, 6)', '(6, 16)', '(12, 11)', '(4, 7)', '(4, 16)', '(17, 10)', '(10, 4)', '(9, 6)', '(30, 16)', '(19, 16)', '(8, 16)', '(10, 13)', '(15, 12)', '(6, 9)', '(7, 8)']",17180578106,0,17180578106
135,"(11, 4)","(10, 4)",East,"[('(12, 4)', 'East', 4096), ('(10, 4)', 'West', 1024)]","['(11, 4)', '(19, 12)', '(34, 14)', '(25, 14)']","['(12, 4)', '(19, 12)', '(34, 14)', '(25, 14)']","['(21, 16)', '(4, 9)', '(17, 12)', '(8, 9)', '(10, 6)', '(13, 8)', '(1, 15)', '(15, 14)', '(6, 11)', '(5, 3)', '(17, 14)', '(8, 11)', '(11, 7)', '(11, 16)', '(1, 8)', '(7, 3)', '(26, 16)', '(15, 16)', '(6, 13)', '(18, 12)', '(14, 8)', '(5, 5)', '(8, 4)', '(28, 16)', '(17, 16)', '(5, 14)', '(32, 16)', '(1, 10)', '(13, 12)', '(6, 6)', '(16, 8)', '(34, 16)', '(12, 13)', '(3, 10)', '(14, 10)', '(17, 9)', '(5, 16)', '(9, 14)', '(1, 3)', '(1, 12)', '(13, 14)', '(16, 10)', '(18, 16)', '(7, 16)', '(3, 3)', '(22, 16)', '(14, 12)', '(4, 11)', '(11, 4)', '(9, 16)', '(1, 5)', '(24, 16)', '(13, 16)', '(25, 15)', '(1, 14)', '(16, 12)', '(12, 8)', '(3, 5)', '(14, 14)', '(4, 13)', '(8, 13)', '(10, 10)', '(1, 7)', '(1, 16)', '(16, 14)', '(12, 10)', '(3, 7)', '(14, 16)', '(3, 16)', '(8, 6)', '(10, 12)', '(1, 9)', '(16, 16)', '(6, 8)', '(31, 16)', '(20, 16)', '(12, 12)', '(4, 8)', '(8, 8)', '(33, 16)', '(1, 11)', '(10, 14)', '(6, 10)', '(12, 14)', '(14, 11)', '(4, 10)', '(17, 13)', '(8, 10)', '(1, 4)', '(11, 6)', '(2, 3)', '(10, 16)', '(1, 13)', '(6, 3)', '(6, 12)', '(4, 3)', '(23, 16)', '(12, 16)', '(4, 12)', '(8, 3)', '(27, 16)', '(8, 12)', '(11, 8)', '(2, 5)', '(25, 16)', '(15, 8)', '(6, 5)', '(29, 16)', '(6, 14)', '(4, 5)', '(4, 14)', '(34, 15)', '(17, 8)', '(9, 4)', '(8, 14)', '(10, 11)', '(11, 10)', '(2, 7)', '(2, 16)', '(15, 10)', '(7, 6)', '(6, 16)', '(12, 11)', '(4, 7)', '(4, 16)', '(17, 10)', '(10, 4)', '(9, 6)', '(30, 16)', '(19, 16)', '(8, 16)', '(10, 13)', '(15, 12)', '(6, 9)', '(7, 8)']",17180580154,0,17180580154
136,"(12, 4)","(11, 4)",East,"[('(13, 4)', 'East', 8192), ('(11, 4)', 'West', 2048)]","['(12, 4)', '(19, 12)', '(34, 14)', '(25, 14)']","['(13, 4)', '(19, 12)', '(34, 14)', '(25, 14)']","['(12, 4)', '(21, 16)', '(4, 9)', '(17, 12)', '(8, 9)', '(10, 6)', '(13, 8)', '(1, 15)', '(15, 14)', '(6, 11)', '(5, 3)', '(17, 14)', '(8, 11)', '(11, 7)', '(11, 16)', '(1, 8)', '(7, 3)', '(26, 16)', '(15, 16)', '(6, 13)', '(18, 12)', '(14, 8)', '(5, 5)', '(8, 4)', '(28, 16)', '(17, 16)', '(5, 14)', '(32, 16)', '(1, 10)', '(13, 12)', '(6, 6)', '(16, 8)', '(34, 16)', '(12, 13)', '(3, 10)', '(14, 10)', '(17, 9)', '(5, 16)', '(9, 14)', '(1, 3)', '(1, 12)', '(13, 14)', '(16, 10)', '(18, 16)', '(7, 16)', '(3, 3)', '(22, 16)', '(14, 12)', '(4, 11)', '(11, 4)', '(9, 16)', '(1, 5)', '(24, 16)', '(13, 16)', '(25, 15)', '(1, 14)', '(16, 12)', '(12, 8)', '(3, 5)', '(14, 14)', '(4, 13)', '(8, 13)', '(10, 10)', '(1, 7)', '(1, 16)', '(16, 14)', '(12, 10)', '(3, 7)', '(14, 16)', '(3, 16)', '(8, 6)', '(10, 12)', '(1, 9)', '(16, 16)', '(6, 8)', '(31, 16)', '(20, 16)', '(12, 12)', '(4, 8)', '(8, 8)', '(33, 16)', '(1, 11)', '(10, 14)', '(6, 10)', '(12, 14)', '(14, 11)', '(4, 10)', '(17, 13)', '(8, 10)', '(1, 4)', '(11, 6)', '(2, 3)', '(10, 16)', '(1, 13)', '(6, 3)', '(6, 12)', '(4, 3)', '(23, 16)', '(12, 16)', '(4, 12)', '(8, 3)', '(27, 16)', '(8, 12)', '(11, 8)', '(2, 5)', '(25, 16)', '(15, 8)', '(6, 5)', '(29, 16)', '(6, 14)', '(4, 5)', '(4, 14)', '(34, 15)', '(17, 8)', '(9, 4)', '(8, 14)', '(10, 11)', '(11, 10)', '(2, 7)', '(2, 16)', '(15, 10)', '(7, 6)', '(6, 16)', '(12, 11)', '(4, 7)', '(4, 16)', '(17, 10)', '(10, 4)', '(9, 6)', '(30, 16)', '(19, 16)', '(8, 16)', '(10, 13)', '(15, 12)', '(6, 9)', '(7, 8)']",17180584250,0,17180584250
137,"(13, 4)","(12, 4)",East,"[('(13, 5)', 'North', 8192), ('(12, 4)', 'West', 4096)]","['(13, 4)', '(19, 12)', '(34, 14)', '(25, 14)']","['(13, 5)', '(19, 12)', '(34, 14)', '(25, 14)']","['(12, 4)', '(21, 16)', '(4, 9)', '(17, 12)', '(8, 9)', '(10, 6)', '(13, 8)', '(1, 15)', '(15, 14)', '(6, 11)', '(5, 3)', '(17, 14)', '(8, 11)', '(11, 7)', '(11, 16)', '(1, 8)', '(7, 3)', '(26, 16)', '(15, 16)', '(6, 13)', '(18, 12)', '(14, 8)', '(5, 5)', '(8, 4)', '(28, 16)', '(17, 16)', '(5, 14)', '(32, 16)', '(1, 10)', '(13, 12)', '(6, 6)', '(16, 8)', '(34, 16)', '(12, 13)', '(3, 10)', '(14, 10)', '(17, 9)', '(5, 16)', '(9, 14)', '(1, 3)', '(1, 12)', '(13, 14)', '(16, 10)', '(18, 16)', '(7, 16)', '(3, 3)', '(22, 16)', '(14, 12)', '(4, 11)', '(11, 4)', '(9, 16)', '(1, 5)', '(24, 16)', '(13, 16)', '(25, 15)', '(1, 14)', '(16, 12)', '(12, 8)', '(3, 5)', '(14, 14)', '(4, 13)', '(8, 13)', '(10, 10)', '(1, 7)', '(1, 16)', '(16, 14)', '(12, 10)', '(3, 7)', '(14, 16)', '(3, 16)', '(8, 6)', '(10, 12)', '(1, 9)', '(16, 16)', '(6, 8)', '(31, 16)', '(20, 16)', '(12, 12)', '(4, 8)', '(8, 8)', '(13, 4)', '(33, 16)', '(1, 11)', '(10, 14)', '(6, 10)', '(12, 14)', '(14, 11)', '(4, 10)', '(17, 13)', '(8, 10)', '(1, 4)', '(11, 6)', '(2, 3)', '(10, 16)', '(1, 13)', '(6, 3)', '(6, 12)', '(4, 3)', '(23, 16)', '(12, 16)', '(4, 12)', '(8, 3)', '(27, 16)', '(8, 12)', '(11, 8)', '(2, 5)', '(25, 16)', '(15, 8)', '(6, 5)', '(29, 16)', '(6, 14)', '(4, 5)', '(4, 14)', '(34, 15)', '(17, 8)', '(9, 4)', '(8, 14)', '(10, 11)', '(11, 10)', '(2, 7)', '(2, 16)', '(15, 10)', '(7, 6)', '(6, 16)', '(12, 11)', '(4, 7)', '(4, 16)', '(17, 10)', '(10, 4)', '(9, 6)', '(30, 16)', '(19, 16)', '(8, 16)', '(10, 13)', '(15, 12)', '(6, 9)', '(7, 8)']",17180592442,0,17180592442
138,"(13, 5)","(13, 4)",North,"[('(13, 6)', 'North', 8192), ('(13, 4)', 'South', 8192)]","['(13, 5)', '(19, 12)', '(34, 14)', '(25, 14)']","['(13, 6)', '(19, 12)', '(34, 14)', '(25, 14)']","['(12, 4)', '(21, 16)', '(4, 9)', '(17, 12)', '(8, 9)', '(10, 6)', '(13, 8)', '(1, 15)', '(15, 14)', '(6, 11)', '(5, 3)', '(17, 14)', '(8, 11)', '(11, 7)', '(11, 16)', '(1, 8)', '(7, 3)', '(26, 16)', '(15, 16)', '(6, 13)', '(18, 12)', '(14, 8)', '(5, 5)', '(8, 4)', '(28, 16)', '(17, 16)', '(5, 14)', '(32, 16)', '(1, 10)', '(13, 12)', '(6, 6)', '(16, 8)', '(34, 16)', '(12, 13)', '(3, 10)', '(14, 10)', '(17, 9)', '(5, 16)', '(9, 14)', '(1, 3)', '(13, 5)', '(1, 12)', '(13, 14)', '(16, 10)', '(18, 16)', '(7, 16)', '(3, 3)', '(22, 16)', '(14, 12)', '(4, 11)', '(11, 4)', '(9, 16)', '(1, 5)', '(24, 16)', '(13, 16)', '(25, 15)', '(1, 14)', '(16, 12)', '(12, 8)', '(3, 5)', '(14, 14)', '(4, 13)', '(8, 13)', '(10, 10)', '(1, 7)', '(1, 16)', '(16, 14)', '(12, 10)', '(3, 7)', '(14, 16)', '(3, 16)', '(8, 6)', '(10, 12)', '(1, 9)', '(16, 16)', '(6, 8)', '(31, 16)', '(20, 16)', '(12, 12)', '(4, 8)', '(8, 8)', '(13, 4)', '(33, 16)', '(1, 11)', '(10, 14)', '(6, 10)', '(12, 14)', '(14, 11)', '(4, 10)', '(17, 13)', '(8, 10)', '(1, 4)', '(11, 6)', '(2, 3)', '(10, 16)', '(1, 13)', '(6, 3)', '(6, 12)', '(4, 3)', '(23, 16)', '(12, 16)', '(4, 12)', '(8, 3)', '(27, 16)', '(8, 12)', '(11, 8)', '(2, 5)', '(25, 16)', '(15, 8)', '(6, 5)', '(29, 16)', '(6, 14)', '(4, 5)', '(4, 14)', '(34, 15)', '(17, 8)', '(9, 4)', '(8, 14)', '(10, 11)', '(11, 10)', '(2, 7)', '(2, 16)', '(15, 10)', '(7, 6)', '(6, 16)', '(12, 11)', '(4, 7)', '(4, 16)', '(17, 10)', '(10, 4)', '(9, 6)', '(30, 16)', '(19, 16)', '(8, 16)', '(10, 13)', '(15, 12)', '(6, 9)', '(7, 8)']",17180600634,0,17180600634
139,"(13, 6)","(13, 5)",North,"[('(13, 5)', 'South', 8192), ('(14, 6)', 'East', 16384)]","['(13, 6)', '(19, 12)', '(34, 14)', '(25, 14)']","['(14, 6)', '(19, 12)', '(34, 14)', '(25, 14)']","['(12, 4)', '(21, 16)', '(4, 9)', '(17, 12)', '(8, 9)', '(10, 6)', '(13, 8)', '(1, 15)', '(15, 14)', '(6, 11)', '(5, 3)', '(17, 14)', '(8, 11)', '(11, 7)', '(11, 16)', '(1, 8)', '(7, 3)', '(26, 16)', '(15, 16)', '(6, 13)', '(18, 12)', '(14, 8)', '(5, 5)', '(8, 4)', '(28, 16)', '(17, 16)', '(5, 14)', '(32, 16)', '(1, 10)', '(13, 12)', '(6, 6)', '(16, 8)', '(34, 16)', '(12, 13)', '(3, 10)', '(14, 10)', '(17, 9)', '(5, 16)', '(9, 14)', '(1, 3)', '(13, 5)', '(1, 12)', '(13, 14)', '(16, 10)', '(18, 16)', '(7, 16)', '(3, 3)', '(22, 16)', '(14, 12)', '(4, 11)', '(11, 4)', '(9, 16)', '(1, 5)', '(24, 16)', '(13, 16)', '(25, 15)', '(1, 14)', '(16, 12)', '(12, 8)', '(3, 5)', '(14, 14)', '(4, 13)', '(8, 13)', '(10, 10)', '(1, 7)', '(1, 16)', '(16, 14)', '(12, 10)', '(3, 7)', '(14, 16)', '(3, 16)', '(8, 6)', '(10, 12)', '(1, 9)', '(16, 16)', '(6, 8)', '(31, 16)', '(20, 16)', '(12, 12)', '(4, 8)', '(8, 8)', '(13, 4)', '(33, 16)', '(1, 11)', '(10, 14)', '(6, 10)', '(12, 14)', '(14, 11)', '(4, 10)', '(17, 13)', '(8, 10)', '(1, 4)', '(11, 6)', '(2, 3)', '(10, 16)', '(1, 13)', '(6, 3)', '(6, 12)', '(4, 3)', '(23, 16)', '(12, 16)', '(4, 12)', '(8, 3)', '(27, 16)', '(8, 12)', '(11, 8)', '(2, 5)', '(25, 16)', '(15, 8)', '(6, 5)', '(29, 16)', '(6, 14)', '(4, 5)', '(4, 14)', '(34, 15)', '(17, 8)', '(9, 4)', '(8, 14)', '(10, 11)', '(11, 10)', '(2, 7)', '(2, 16)', '(15, 10)', '(7, 6)', '(6, 16)', '(12, 11)', '(4, 7)', '(4, 16)', '(17, 10)', '(10, 4)', '(9, 6)', '(30, 16)', '(19, 16)', '(8, 16)', '(10, 13)', '(13, 6)', '(15, 12)', '(6, 9)', '(7, 8)']",17180608826,0,17180608826
140,"(14, 6)","(13, 6)",East,"[('(15, 6)', 'East', 32768), ('(13, 6)', 'West', 8192)]","['(14, 6)', '(19, 12)', '(34, 14)', '(25, 14)']","['(15, 6)', '(19, 12)', '(34, 14)', '(25, 14)']","['(12, 4)', '(21, 16)', '(4, 9)', '(17, 12)', '(8, 9)', '(10, 6)', '(13, 8)', '(1, 15)', '(15, 14)', '(6, 11)', '(5, 3)', '(17, 14)', '(8, 11)', '(11, 7)', '(11, 16)', '(1, 8)', '(7, 3)', '(26, 16)', '(15, 16)', '(6, 13)', '(18, 12)', '(14, 8)', '(5, 5)', '(8, 4)', '(28, 16)', '(17, 16)', '(5, 14)', '(32, 16)', '(1, 10)', '(13, 12)', '(6, 6)', '(16, 8)', '(34, 16)', '(12, 13)', '(3, 10)', '(14, 10)', '(17, 9)', '(5, 16)', '(9, 14)', '(1, 3)', '(13, 5)', '(1, 12)', '(13, 14)', '(16, 10)', '(18, 16)', '(7, 16)', '(3, 3)', '(22, 16)', '(14, 12)', '(4, 11)', '(11, 4)', '(9, 16)', '(1, 5)', '(24, 16)', '(13, 16)', '(25, 15)', '(1, 14)', '(16, 12)', '(12, 8)', '(3, 5)', '(14, 14)', '(4, 13)', '(8, 13)', '(10, 10)', '(1, 7)', '(1, 16)', '(16, 14)', '(12, 10)', '(3, 7)', '(14, 16)', '(3, 16)', '(8, 6)', '(10, 12)', '(1, 9)', '(16, 16)', '(6, 8)', '(31, 16)', '(20, 16)', '(12, 12)', '(4, 8)', '(8, 8)', '(13, 4)', '(33, 16)', '(1, 11)', '(10, 14)', '(6, 10)', '(12, 14)', '(14, 11)', '(4, 10)', '(17, 13)', '(8, 10)', '(1, 4)', '(11, 6)', '(2, 3)', '(10, 16)', '(1, 13)', '(6, 3)', '(6, 12)', '(4, 3)', '(23, 16)', '(12, 16)', '(4, 12)', '(8, 3)', '(27, 16)', '(8, 12)', '(11, 8)', '(2, 5)', '(25, 16)', '(15, 8)', '(6, 5)', '(29, 16)', '(6, 14)', '(14, 6)', '(4, 5)', '(4, 14)', '(34, 15)', '(17, 8)', '(9, 4)', '(8, 14)', '(10, 11)', '(11, 10)', '(2, 7)', '(2, 16)', '(15, 10)', '(7, 6)', '(6, 16)', '(12, 11)', '(4, 7)', '(4, 16)', '(17, 10)', '(10, 4)', '(9, 6)', '(30, 16)', '(19, 16)', '(8, 16)', '(10, 13)', '(13, 6)', '(15, 12)', '(6, 9)', '(7, 8)']",17180625210,0,17180625210
141,"(15, 6)","(14, 6)",East,"[('(16, 6)', 'East', 65536), ('(14, 6)', 'West', 16384)]","['(15, 6)', '(19, 12)', '(34, 14)', '(25, 14)']","['(16, 6)', '(19, 12)', '(34, 14)', '(25, 14)']","['(12, 4)', '(21, 16)', '(4, 9)', '(17, 12)', '(8, 9)', '(10, 6)', '(13, 8)', '(1, 15)', '(15, 14)', '(6, 11)', '(5, 3)', '(17, 14)', '(8, 11)', '(11, 7)', '(11, 16)', '(1, 8)', '(7, 3)', '(26, 16)', '(15, 16)', '(6, 13)', '(18, 12)', '(14, 8)', '(5, 5)', '(8, 4)', '(28, 16)', '(17, 16)', '(5, 14)', '(32, 16)', '(1, 10)', '(13, 12)', '(6, 6)', '(16, 8)', '(34, 16)', '(12, 13)', '(3, 10)', '(14, 10)', '(17, 9)', '(5, 16)', '(9, 14)', '(1, 3)', '(13, 5)', '(1, 12)', '(13, 14)', '(16, 10)', '(18, 16)', '(7, 16)', '(3, 3)', '(22, 16)', '(14, 12)', '(4, 11)', '(11, 4)', '(9, 16)', '(1, 5)', '(24, 16)', '(13, 16)', '(25, 15)', '(1, 14)', '(16, 12)', '(12, 8)', '(3, 5)', '(14, 14)', '(4, 13)', '(8, 13)', '(10, 10)', '(1, 7)', '(15, 6)', '(1, 16)', '(16, 14)', '(12, 10)', '(3, 7)', '(14, 16)', '(3, 16)', '(8, 6)', '(10, 12)', '(1, 9)', '(16, 16)', '(6, 8)', '(31, 16)', '(20, 16)', '(12, 12)', '(4, 8)', '(8, 8)', '(13, 4)', '(33, 16)', '(1, 11)', '(10, 14)', '(6, 10)', '(12, 14)', '(14, 11)', '(4, 10)', '(17, 13)', '(8, 10)', '(1, 4)', '(11, 6)', '(2, 3)', '(10, 16)', '(1, 13)', '(6, 3)', '(6, 12)', '(4, 3)', '(23, 16)', '(12, 16)', '(4, 12)', '(8, 3)', '(27, 16)', '(8, 12)', '(11, 8)', '(2, 5)', '(25, 16)', '(15, 8)', '(6, 5)', '(29, 16)', '(6, 14)', '(14, 6)', '(4, 5)', '(4, 14)', '(34, 15)', '(17, 8)', '(9, 4)', '(8, 14)', '(10, 11)', '(11, 10)', '(2, 7)', '(2, 16)', '(15, 10)', '(7, 6)', '(6, 16)', '(12, 11)', '(4, 7)', '(4, 16)', '(17, 10)', '(10, 4)', '(9, 6)', '(30, 16)', '(19, 16)', '(8, 16)', '(10, 13)', '(13, 6)', '(15, 12)', '(6, 9)', '(7, 8)']",17180657978,0,17180657978
142,"(16, 6)","(15, 6)",East,"[('(17, 6)', 'East', 131072), ('(15, 6)', 'West', 32768)]","['(16, 6)', '(19, 12)', '(34, 14)', '(25, 14)']","['(17, 6)', '(19, 12)', '(34, 14)', '(25, 14)']","['(12, 4)', '(21, 16)', '(4, 9)', '(17, 12)', '(8, 9)', '(10, 6)', '(13, 8)', '(1, 15)', '(15, 14)', '(6, 11)', '(5, 3)', '(17, 14)', '(8, 11)', '(11, 7)', '(11, 16)', '(1, 8)', '(16, 6)', '(7, 3)', '(26, 16)', '(15, 16)', '(6, 13)', '(18, 12)', '(14, 8)', '(5, 5)', '(8, 4)', '(28, 16)', '(17, 16)', '(5, 14)', '(32, 16)', '(1, 10)', '(13, 12)', '(6, 6)', '(16, 8)', '(34, 16)', '(12, 13)', '(3, 10)', '(14, 10)', '(17, 9)', '(5, 16)', '(9, 14)', '(1, 3)', '(13, 5)', '(1, 12)', '(13, 14)', '(16, 10)', '(18, 16)', '(7, 16)', '(3, 3)', '(22, 16)', '(14, 12)', '(4, 11)', '(11, 4)', '(9, 16)', '(1, 5)', '(24, 16)', '(13, 16)', '(25, 15)', '(1, 14)', '(16, 12)', '(12, 8)', '(3, 5)', '(14, 14)', '(4, 13)', '(8, 13)', '(10, 10)', '(1, 7)', '(15, 6)', '(1, 16)', '(16, 14)', '(12, 10)', '(3, 7)', '(14, 16)', '(3, 16)', '(8, 6)', '(10, 12)', '(1, 9)', '(16, 16)', '(6, 8)', '(31, 16)', '(20, 16)', '(12, 12)', '(4, 8)', '(8, 8)', '(13, 4)', '(33, 16)', '(1, 11)', '(10, 14)', '(6, 10)', '(12, 14)', '(14, 11)', '(4, 10)', '(17, 13)', '(8, 10)', '(1, 4)', '(11, 6)', '(2, 3)', '(10, 16)', '(1, 13)', '(6, 3)', '(6, 12)', '(4, 3)', '(23, 16)', '(12, 16)', '(4, 12)', '(8, 3)', '(27, 16)', '(8, 12)', '(11, 8)', '(2, 5)', '(25, 16)', '(15, 8)', '(6, 5)', '(29, 16)', '(6, 14)', '(14, 6)', '(4, 5)', '(4, 14)', '(34, 15)', '(17, 8)', '(9, 4)', '(8, 14)', '(10, 11)', '(11, 10)', '(2, 7)', '(2, 16)', '(15, 10)', '(7, 6)', '(6, 16)', '(12, 11)', '(4, 7)', '(4, 16)', '(17, 10)', '(10, 4)', '(9, 6)', '(30, 16)', '(19, 16)', '(8, 16)', '(10, 13)', '(13, 6)', '(15, 12)', '(6, 9)', '(7, 8)']",17180723514,0,17180723514
143,"(17, 6)","(16, 6)",East,"[('(18, 6)', 'East', 262144), ('(16, 6)', 'West', 65536)]","['(17, 6)', '(19, 12)', '(34, 14)', '(25, 14)']","['(19, 12)', '(18, 6)', '(34, 14)', '(25, 14)']","['(12, 4)', '(21, 16)', '(4, 9)', '(17, 12)', '(8, 9)', '(10, 6)', '(13, 8)', '(1, 15)', '(15, 14)', '(6, 11)', '(5, 3)', '(17, 14)', '(8, 11)', '(11, 7)', '(11, 16)', '(1, 8)', '(16, 6)', '(7, 3)', '(26, 16)', '(15, 16)', '(6, 13)', '(18, 12)', '(14, 8)', '(5, 5)', '(8, 4)', '(28, 16)', '(17, 16)', '(5, 14)', '(32, 16)', '(1, 10)', '(13, 12)', '(6, 6)', '(16, 8)', '(34, 16)', '(12, 13)', '(3, 10)', '(14, 10)', '(17, 9)', '(5, 16)', '(9, 14)', '(1, 3)', '(13, 5)', '(1, 12)', '(13, 14)', '(16, 10)', '(18, 16)', '(7, 16)', '(3, 3)', '(22, 16)', '(14, 12)', '(4, 11)', '(11, 4)', '(9, 16)', '(1, 5)', '(24, 16)', '(13, 16)', '(25, 15)', '(1, 14)', '(16, 12)', '(12, 8)', '(3, 5)', '(14, 14)', '(4, 13)', '(8, 13)', '(10, 10)', '(1, 7)', '(15, 6)', '(1, 16)', '(16, 14)', '(12, 10)', '(3, 7)', '(14, 16)', '(3, 16)', '(8, 6)', '(10, 12)', '(1, 9)', '(16, 16)', '(6, 8)', '(31, 16)', '(20, 16)', '(12, 12)', '(4, 8)', '(8, 8)', '(13, 4)', '(33, 16)', '(1, 11)', '(10, 14)', '(6, 10)', '(12, 14)', '(14, 11)', '(4, 10)', '(17, 13)', '(8, 10)', '(1, 4)', '(11, 6)', '(2, 3)', '(10, 16)', '(1, 13)', '(6, 3)', '(6, 12)', '(4, 3)', '(23, 16)', '(12, 16)', '(4, 12)', '(17, 6)', '(8, 3)', '(27, 16)', '(8, 12)', '(11, 8)', '(2, 5)', '(25, 16)', '(15, 8)', '(6, 5)', '(29, 16)', '(6, 14)', '(14, 6)', '(4, 5)', '(4, 14)', '(34, 15)', '(17, 8)', '(9, 4)', '(8, 14)', '(10, 11)', '(11, 10)', '(2, 7)', '(2, 16)', '(15, 10)', '(7, 6)', '(6, 16)', '(12, 11)', '(4, 7)', '(4, 16)', '(17, 10)', '(10, 4)', '(9, 6)', '(30, 16)', '(19, 16)', '(8, 16)', '(10, 13)', '(13, 6)', '(15, 12)', '(6, 9)', '(7, 8)']",17180854586,0,17180854586
144,"(19, 12)","(18, 12)",East,"[('(19, 11)', 'South', 524288), ('(20, 12)', 'East', 1048576), ('(18, 12)', 'West', 262144)]","['(19, 12)', '(18, 6)', '(34, 14)', '(25, 14)']","['(18, 6)', '(19, 11)', '(34, 14)', '(25, 14)', '(20, 12)']","['(12, 4)', '(21, 16)', '(4, 9)', '(17, 12)', '(8, 9)', '(10, 6)', '(13, 8)', '(1, 15)', '(15, 14)', '(6, 11)', '(5, 3)', '(17, 14)', '(8, 11)', '(11, 7)', '(11, 16)', '(1, 8)', '(16, 6)', '(7, 3)', '(26, 16)', '(15, 16)', '(6, 13)', '(18, 12)', '(14, 8)', '(5, 5)', '(8, 4)', '(28, 16)', '(17, 16)', '(5, 14)', '(32, 16)', '(1, 10)', '(13, 12)', '(6, 6)', '(16, 8)', '(34, 16)', '(12, 13)', '(3, 10)', '(14, 10)', '(17, 9)', '(5, 16)', '(9, 14)', '(1, 3)', '(13, 5)', '(1, 12)', '(13, 14)', '(16, 10)', '(18, 16)', '(7, 16)', '(3, 3)', '(22, 16)', '(14, 12)', '(4, 11)', '(11, 4)', '(9, 16)', '(1, 5)', '(24, 16)', '(13, 16)', '(25, 15)', '(1, 14)', '(16, 12)', '(12, 8)', '(3, 5)', '(14, 14)', '(4, 13)', '(8, 13)', '(10, 10)', '(1, 7)', '(15, 6)', '(1, 16)', '(16, 14)', '(12, 10)', '(3, 7)', '(14, 16)', '(3, 16)', '(8, 6)', '(10, 12)', '(1, 9)', '(16, 16)', '(6, 8)', '(31, 16)', '(20, 16)', '(12, 12)', '(4, 8)', '(8, 8)', '(13, 4)', '(33, 16)', '(1, 11)', '(10, 14)', '(6, 10)', '(12, 14)', '(14, 11)', '(4, 10)', '(17, 13)', '(8, 10)', '(1, 4)', '(11, 6)', '(2, 3)', '(10, 16)', '(1, 13)', '(6, 3)', '(6, 12)', '(4, 3)', '(23, 16)', '(12, 16)', '(4, 12)', '(17, 6)', '(8, 3)', '(27, 16)', '(8, 12)', '(19, 12)', '(11, 8)', '(2, 5)', '(25, 16)', '(15, 8)', '(6, 5)', '(29, 16)', '(6, 14)', '(14, 6)', '(4, 5)', '(4, 14)', '(34, 15)', '(17, 8)', '(9, 4)', '(8, 14)', '(10, 11)', '(11, 10)', '(2, 7)', '(2, 16)', '(15, 10)', '(7, 6)', '(6, 16)', '(12, 11)', '(4, 7)', '(4, 16)', '(17, 10)', '(10, 4)', '(9, 6)', '(30, 16)', '(19, 16)', '(8, 16)', '(10, 13)', '(13, 6)', '(15, 12)', '(6, 9)', '(7, 8)']",17180932092,0,17180932092
145,"(18, 6)","(17, 6)",East,"[('(19, 6)', 'East', 524288), ('(17, 6)', 'West', 131072)]","['(18, 6)', '(19, 11)', '(34, 14)', '(25, 14)', '(20, 12)']","['(19, 11)', '(19, 6)', '(34, 14)', '(25, 14)', '(20, 12)']","['(12, 4)', '(21, 16)', '(4, 9)', '(17, 12)', '(8, 9)', '(10, 6)', '(13, 8)', '(1, 15)', '(15, 14)', '(6, 11)', '(5, 3)', '(17, 14)', '(8, 11)', '(11, 7)', '(11, 16)', '(1, 8)', '(16, 6)', '(7, 3)', '(26, 16)', '(15, 16)', '(6, 13)', '(18, 12)', '(14, 8)', '(5, 5)', '(8, 4)', '(28, 16)', '(17, 16)', '(5, 14)', '(32, 16)', '(1, 10)', '(13, 12)', '(6, 6)', '(16, 8)', '(34, 16)', '(12, 13)', '(3, 10)', '(14, 10)', '(17, 9)', '(5, 16)', '(9, 14)', '(1, 3)', '(13, 5)', '(1, 12)', '(13, 14)', '(16, 10)', '(18, 16)', '(7, 16)', '(3, 3)', '(22, 16)', '(14, 12)', '(4, 11)', '(11, 4)', '(9, 16)', '(1, 5)', '(24, 16)', '(13, 16)', '(25, 15)', '(1, 14)', '(16, 12)', '(12, 8)', '(3, 5)', '(14, 14)', '(4, 13)', '(8, 13)', '(10, 10)', '(1, 7)', '(15, 6)', '(1, 16)', '(16, 14)', '(12, 10)', '(3, 7)', '(14, 16)', '(3, 16)', '(8, 6)', '(10, 12)', '(1, 9)', '(16, 16)', '(6, 8)', '(31, 16)', '(20, 16)', '(12, 12)', '(4, 8)', '(8, 8)', '(13, 4)', '(33, 16)', '(1, 11)', '(10, 14)', '(6, 10)', '(12, 14)', '(14, 11)', '(4, 10)', '(17, 13)', '(8, 10)', '(1, 4)', '(11, 6)', '(2, 3)', '(10, 16)', '(1, 13)', '(6, 3)', '(6, 12)', '(4, 3)', '(23, 16)', '(12, 16)', '(4, 12)', '(17, 6)', '(8, 3)', '(27, 16)', '(8, 12)', '(19, 12)', '(11, 8)', '(2, 5)', '(25, 16)', '(15, 8)', '(6, 5)', '(29, 16)', '(6, 14)', '(14, 6)', '(4, 5)', '(4, 14)', '(34, 15)', '(17, 8)', '(9, 4)', '(8, 14)', '(10, 11)', '(11, 10)', '(2, 7)', '(2, 16)', '(15, 10)', '(7, 6)', '(18, 6)', '(6, 16)', '(12, 11)', '(4, 7)', '(4, 16)', '(17, 10)', '(10, 4)', '(9, 6)', '(30, 16)', '(19, 16)', '(8, 16)', '(10, 13)', '(13, 6)', '(15, 12)', '(6, 9)', '(7, 8)']",17181116730,0,17181116730
146,"(19, 11)","(19, 12)",South,"[('(19, 12)', 'North', 524288), ('(20, 11)', 'East', 1048576)]","['(19, 11)', '(19, 6)', '(34, 14)', '(25, 14)', '(20, 12)']","['(19, 6)', '(20, 12)', '(34, 14)', '(25, 14)', '(20, 11)']","['(12, 4)', '(21, 16)', '(4, 9)', '(17, 12)', '(8, 9)', '(10, 6)', '(13, 8)', '(1, 15)', '(15, 14)', '(6, 11)', '(5, 3)', '(17, 14)', '(8, 11)', '(19, 11)', '(11, 7)', '(11, 16)', '(1, 8)', '(16, 6)', '(7, 3)', '(26, 16)', '(15, 16)', '(6, 13)', '(18, 12)', '(14, 8)', '(5, 5)', '(8, 4)', '(28, 16)', '(17, 16)', '(5, 14)', '(32, 16)', '(1, 10)', '(13, 12)', '(6, 6)', '(16, 8)', '(34, 16)', '(12, 13)', '(3, 10)', '(14, 10)', '(17, 9)', '(5, 16)', '(9, 14)', '(1, 3)', '(13, 5)', '(1, 12)', '(13, 14)', '(16, 10)', '(18, 16)', '(7, 16)', '(3, 3)', '(22, 16)', '(14, 12)', '(4, 11)', '(11, 4)', '(9, 16)', '(1, 5)', '(24, 16)', '(13, 16)', '(25, 15)', '(1, 14)', '(16, 12)', '(12, 8)', '(3, 5)', '(14, 14)', '(4, 13)', '(8, 13)', '(10, 10)', '(1, 7)', '(15, 6)', '(1, 16)', '(16, 14)', '(12, 10)', '(3, 7)', '(14, 16)', '(3, 16)', '(8, 6)', '(10, 12)', '(1, 9)', '(16, 16)', '(6, 8)', '(31, 16)', '(20, 16)', '(12, 12)', '(4, 8)', '(8, 8)', '(13, 4)', '(33, 16)', '(1, 11)', '(10, 14)', '(6, 10)', '(12, 14)', '(14, 11)', '(4, 10)', '(17, 13)', '(8, 10)', '(1, 4)', '(11, 6)', '(2, 3)', '(10, 16)', '(1, 13)', '(6, 3)', '(6, 12)', '(4, 3)', '(23, 16)', '(12, 16)', '(4, 12)', '(17, 6)', '(8, 3)', '(27, 16)', '(8, 12)', '(19, 12)', '(11, 8)', '(2, 5)', '(25, 16)', '(15, 8)', '(6, 5)', '(29, 16)', '(6, 14)', '(14, 6)', '(4, 5)', '(4, 14)', '(34, 15)', '(17, 8)', '(9, 4)', '(8, 14)', '(10, 11)', '(11, 10)', '(2, 7)', '(2, 16)', '(15, 10)', '(7, 6)', '(18, 6)', '(6, 16)', '(12, 11)', '(4, 7)', '(4, 16)', '(17, 10)', '(10, 4)', '(9, 6)', '(30, 16)', '(19, 16)', '(8, 16)', '(10, 13)', '(13, 6)', '(15, 12)', '(6, 9)', '(7, 8)']",17181456380,0,17181456380
147,"(19, 6)","(18, 6)",East,"[('(19, 7)', 'North', 524288), ('(19, 5)', 'South', 524288), ('(18, 6)', 'West', 262144)]","['(19, 6)', '(20, 12)', '(34, 14)', '(25, 14)', '(20, 11)']","['(20, 12)', '(19, 7)', '(19, 5)', '(25, 14)', '(20, 11)', '(34, 14)']","['(12, 4)', '(21, 16)', '(4, 9)', '(17, 12)', '(8, 9)', '(10, 6)', '(13, 8)', '(1, 15)', '(15, 14)', '(6, 11)', '(5, 3)', '(17, 14)', '(8, 11)', '(19, 11)', '(11, 7)', '(11, 16)', '(1, 8)', '(16, 6)', '(7, 3)', '(26, 16)', '(15, 16)', '(6, 13)', '(18, 12)', '(14, 8)', '(5, 5)', '(8, 4)', '(28, 16)', '(17, 16)', '(5, 14)', '(32, 16)', '(1, 10)', '(13, 12)', '(6, 6)', '(16, 8)', '(34, 16)', '(12, 13)', '(3, 10)', '(14, 10)', '(17, 9)', '(19, 6)', '(5, 16)', '(9, 14)', '(1, 3)', '(13, 5)', '(1, 12)', '(13, 14)', '(16, 10)', '(18, 16)', '(7, 16)', '(3, 3)', '(22, 16)', '(14, 12)', '(4, 11)', '(11, 4)', '(9, 16)', '(1, 5)', '(24, 16)', '(13, 16)', '(25, 15)', '(1, 14)', '(16, 12)', '(12, 8)', '(3, 5)', '(14, 14)', '(4, 13)', '(8, 13)', '(10, 10)', '(1, 7)', '(15, 6)', '(1, 16)', '(16, 14)', '(12, 10)', '(3, 7)', '(14, 16)', '(3, 16)', '(8, 6)', '(10, 12)', '(1, 9)', '(16, 16)', '(6, 8)', '(31, 16)', '(20, 16)', '(12, 12)', '(4, 8)', '(8, 8)', '(13, 4)', '(33, 16)', '(1, 11)', '(10, 14)', '(6, 10)', '(12, 14)', '(14, 11)', '(4, 10)', '(17, 13)', '(8, 10)', '(1, 4)', '(11, 6)', '(2, 3)', '(10, 16)', '(1, 13)', '(6, 3)', '(6, 12)', '(4, 3)', '(23, 16)', '(12, 16)', '(4, 12)', '(17, 6)', '(8, 3)', '(27, 16)', '(8, 12)', '(19, 12)', '(11, 8)', '(2, 5)', '(25, 16)', '(15, 8)', '(6, 5)', '(29, 16)', '(6, 14)', '(14, 6)', '(4, 5)', '(4, 14)', '(34, 15)', '(17, 8)', '(9, 4)', '(8, 14)', '(10, 11)', '(11, 10)', '(2, 7)', '(2, 16)', '(15, 10)', '(7, 6)', '(18, 6)', '(6, 16)', '(12, 11)', '(4, 7)', '(4, 16)', '(17, 10)', '(10, 4)', '(9, 6)', '(30, 16)', '(19, 16)', '(8, 16)', '(10, 13)', '(13, 6)', '(15, 12)', '(6, 9)', '(7, 8)']",17181641018,0,17181641018
148,"(20, 12)","(19, 12)",East,"[('(20, 11)', 'South', 1048576), ('(21, 12)', 'East', 2097152), ('(19, 12)', 'West', 524288)]","['(20, 12)', '(19, 7)', '(19, 5)', '(25, 14)', '(20, 11)', '(34, 14)']","['(19, 7)', '(20, 11)', '(19, 5)', '(25, 14)', '(34, 14)', '(21, 12)']","['(12, 4)', '(21, 16)', '(4, 9)', '(17, 12)', '(8, 9)', '(10, 6)', '(13, 8)', '(1, 15)', '(15, 14)', '(6, 11)', '(5, 3)', '(17, 14)', '(8, 11)', '(19, 11)', '(11, 7)', '(11, 16)', '(1, 8)', '(16, 6)', '(7, 3)', '(26, 16)', '(15, 16)', '(6, 13)', '(18, 12)', '(14, 8)', '(5, 5)', '(8, 4)', '(28, 16)', '(17, 16)', '(5, 14)', '(32, 16)', '(1, 10)', '(13, 12)', '(6, 6)', '(16, 8)', '(34, 16)', '(12, 13)', '(3, 10)', '(14, 10)', '(17, 9)', '(19, 6)', '(5, 16)', '(9, 14)', '(1, 3)', '(13, 5)', '(1, 12)', '(13, 14)', '(16, 10)', '(18, 16)', '(7, 16)', '(3, 3)', '(22, 16)', '(14, 12)', '(4, 11)', '(11, 4)', '(9, 16)', '(1, 5)', '(24, 16)', '(13, 16)', '(25, 15)', '(1, 14)', '(16, 12)', '(20, 12)', '(12, 8)', '(3, 5)', '(14, 14)', '(4, 13)', '(8, 13)', '(10, 10)', '(1, 7)', '(15, 6)', '(1, 16)', '(16, 14)', '(12, 10)', '(3, 7)', '(14, 16)', '(3, 16)', '(8, 6)', '(10, 12)', '(1, 9)', '(16, 16)', '(6, 8)', '(31, 16)', '(20, 16)', '(12, 12)', '(4, 8)', '(8, 8)', '(13, 4)', '(33, 16)', '(1, 11)', '(10, 14)', '(6, 10)', '(12, 14)', '(14, 11)', '(4, 10)', '(17, 13)', '(8, 10)', '(1, 4)', '(11, 6)', '(2, 3)', '(10, 16)', '(1, 13)', '(6, 3)', '(6, 12)', '(4, 3)', '(23, 16)', '(12, 16)', '(4, 12)', '(17, 6)', '(8, 3)', '(27, 16)', '(8, 12)', '(19, 12)', '(11, 8)', '(2, 5)', '(25, 16)', '(15, 8)', '(6, 5)', '(29, 16)', '(6, 14)', '(14, 6)', '(4, 5)', '(4, 14)', '(34, 15)', '(17, 8)', '(9, 4)', '(8, 14)', '(10, 11)', '(11, 10)', '(2, 7)', '(2, 16)', '(15, 10)', '(7, 6)', '(18, 6)', '(6, 16)', '(12, 11)', '(4, 7)', '(4, 16)', '(17, 10)', '(10, 4)', '(9, 6)', '(30, 16)', '(19, 16)', '(8, 16)', '(10, 13)', '(13, 6)', '(15, 12)', '(6, 9)', '(7, 8)']",17181980668,0,17181980668
149,"(19, 7)","(19, 6)",North,"[('(19, 6)', 'South', 524288), ('(20, 7)', 'East', 1048576)]","['(19, 7)', '(20, 11)', '(19, 5)', '(25, 14)', '(34, 14)', '(21, 12)']","['(19, 5)', '(20, 11)', '(20, 7)', '(25, 14)', '(34, 14)', '(21, 12)']","['(12, 4)', '(21, 16)', '(4, 9)', '(17, 12)', '(8, 9)', '(10, 6)', '(13, 8)', '(1, 15)', '(15, 14)', '(6, 11)', '(5, 3)', '(17, 14)', '(8, 11)', '(19, 11)', '(11, 7)', '(11, 16)', '(1, 8)', '(16, 6)', '(7, 3)', '(26, 16)', '(15, 16)', '(6, 13)', '(18, 12)', '(14, 8)', '(5, 5)', '(8, 4)', '(28, 16)', '(17, 16)', '(5, 14)', '(32, 16)', '(1, 10)', '(13, 12)', '(6, 6)', '(16, 8)', '(34, 16)', '(12, 13)', '(3, 10)', '(14, 10)', '(17, 9)', '(19, 6)', '(5, 16)', '(9, 14)', '(1, 3)', '(13, 5)', '(1, 12)', '(13, 14)', '(16, 10)', '(18, 16)', '(7, 16)', '(3, 3)', '(22, 16)', '(14, 12)', '(4, 11)', '(11, 4)', '(9, 16)', '(1, 5)', '(24, 16)', '(13, 16)', '(25, 15)', '(1, 14)', '(16, 12)', '(20, 12)', '(12, 8)', '(3, 5)', '(14, 14)', '(4, 13)', '(8, 13)', '(10, 10)', '(1, 7)', '(15, 6)', '(1, 16)', '(16, 14)', '(12, 10)', '(3, 7)', '(14, 16)', '(3, 16)', '(8, 6)', '(10, 12)', '(1, 9)', '(16, 16)', '(6, 8)', '(31, 16)', '(20, 16)', '(12, 12)', '(4, 8)', '(8, 8)', '(13, 4)', '(33, 16)', '(1, 11)', '(10, 14)', '(6, 10)', '(12, 14)', '(14, 11)', '(4, 10)', '(17, 13)', '(8, 10)', '(1, 4)', '(11, 6)', '(2, 3)', '(10, 16)', '(1, 13)', '(6, 3)', '(6, 12)', '(4, 3)', '(23, 16)', '(12, 16)', '(4, 12)', '(17, 6)', '(8, 3)', '(27, 16)', '(8, 12)', '(19, 12)', '(11, 8)', '(2, 5)', '(25, 16)', '(15, 8)', '(6, 5)', '(29, 16)', '(6, 14)', '(14, 6)', '(4, 5)', '(4, 14)', '(34, 15)', '(17, 8)', '(9, 4)', '(8, 14)', '(10, 11)', '(11, 10)', '(2, 7)', '(2, 16)', '(15, 10)', '(7, 6)', '(18, 6)', '(6, 16)', '(12, 11)', '(4, 7)', '(4, 16)', '(17, 10)', '(19, 7)', '(10, 4)', '(9, 6)', '(30, 16)', '(19, 16)', '(8, 16)', '(10, 13)', '(13, 6)', '(15, 12)', '(6, 9)', '(7, 8)']",17182165306,0,17182165306
150,"(19, 5)","(19, 6)",South,"[('(19, 6)', 'North', 524288), ('(19, 4)', 'South', 524288)]","['(19, 5)', '(20, 11)', '(20, 7)', '(25, 14)', '(34, 14)', '(21, 12)']","['(20, 11)', '(21, 12)', '(19, 4)', '(25, 14)', '(34, 14)', '(20, 7)']","['(12, 4)', '(21, 16)', '(4, 9)', '(17, 12)', '(8, 9)', '(10, 6)', '(13, 8)', '(1, 15)', '(15, 14)', '(6, 11)', '(5, 3)', '(17, 14)', '(8, 11)', '(19, 11)', '(11, 7)', '(11, 16)', '(1, 8)', '(16, 6)', '(7, 3)', '(26, 16)', '(15, 16)', '(6, 13)', '(18, 12)', '(14, 8)', '(5, 5)', '(8, 4)', '(28, 16)', '(17, 16)', '(5, 14)', '(32, 16)', '(1, 10)', '(13, 12)', '(6, 6)', '(16, 8)', '(34, 16)', '(12, 13)', '(3, 10)', '(14, 10)', '(17, 9)', '(19, 6)', '(5, 16)', '(9, 14)', '(1, 3)', '(13, 5)', '(1, 12)', '(13, 14)', '(16, 10)', '(18, 16)', '(7, 16)', '(3, 3)', '(22, 16)', '(14, 12)', '(4, 11)', '(11, 4)', '(9, 16)', '(1, 5)', '(24, 16)', '(13, 16)', '(25, 15)', '(1, 14)', '(16, 12)', '(20, 12)', '(12, 8)', '(3, 5)', '(14, 14)', '(4, 13)', '(8, 13)', '(10, 10)', '(1, 7)', '(15, 6)', '(1, 16)', '(16, 14)', '(12, 10)', '(3, 7)', '(14, 16)', '(3, 16)', '(8, 6)', '(10, 12)', '(1, 9)', '(16, 16)', '(6, 8)', '(31, 16)', '(20, 16)', '(12, 12)', '(4, 8)', '(8, 8)', '(13, 4)', '(33, 16)', '(1, 11)', '(10, 14)', '(6, 10)', '(12, 14)', '(14, 11)', '(4, 10)', '(17, 13)', '(8, 10)', '(1, 4)', '(11, 6)', '(2, 3)', '(10, 16)', '(1, 13)', '(6, 3)', '(6, 12)', '(4, 3)', '(23, 16)', '(12, 16)', '(4, 12)', '(17, 6)', '(8, 3)', '(27, 16)', '(8, 12)', '(19, 12)', '(11, 8)', '(2, 5)', '(25, 16)', '(15, 8)', '(6, 5)', '(29, 16)', '(6, 14)', '(14, 6)', '(4, 5)', '(4, 14)', '(34, 15)', '(17, 8)', '(19, 5)', '(9, 4)', '(8, 14)', '(10, 11)', '(11, 10)', '(2, 7)', '(2, 16)', '(15, 10)', '(7, 6)', '(18, 6)', '(6, 16)', '(12, 11)', '(4, 7)', '(4, 16)', '(17, 10)', '(19, 7)', '(10, 4)', '(9, 6)', '(30, 16)', '(19, 16)', '(8, 16)', '(10, 13)', '(13, 6)', '(15, 12)', '(6, 9)', '(7, 8)']",17182165306,0,17182165306
151,"(20, 11)","(19, 11)",East,"[('(20, 12)', 'North', 1048576), ('(20, 10)', 'South', 1048576), ('(19, 11)', 'West', 524288)]","['(20, 11)', '(21, 12)', '(19, 4)', '(25, 14)', '(34, 14)', '(20, 7)']","['(19, 4)', '(21, 12)', '(20, 7)', '(25, 14)', '(34, 14)', '(20, 10)']","['(12, 4)', '(21, 16)', '(4, 9)', '(17, 12)', '(8, 9)', '(10, 6)', '(13, 8)', '(1, 15)', '(15, 14)', '(6, 11)', '(5, 3)', '(17, 14)', '(8, 11)', '(19, 11)', '(11, 7)', '(11, 16)', '(1, 8)', '(16, 6)', '(7, 3)', '(26, 16)', '(15, 16)', '(6, 13)', '(18, 12)', '(14, 8)', '(5, 5)', '(8, 4)', '(28, 16)', '(17, 16)', '(5, 14)', '(32, 16)', '(1, 10)', '(13, 12)', '(6, 6)', '(16, 8)', '(34, 16)', '(12, 13)', '(3, 10)', '(14, 10)', '(17, 9)', '(19, 6)', '(5, 16)', '(9, 14)', '(1, 3)', '(13, 5)', '(1, 12)', '(13, 14)', '(16, 10)', '(18, 16)', '(7, 16)', '(3, 3)', '(22, 16)', '(14, 12)', '(4, 11)', '(11, 4)', '(9, 16)', '(1, 5)', '(24, 16)', '(13, 16)', '(25, 15)', '(1, 14)', '(16, 12)', '(20, 12)', '(12, 8)', '(3, 5)', '(14, 14)', '(4, 13)', '(8, 13)', '(10, 10)', '(1, 7)', '(15, 6)', '(1, 16)', '(16, 14)', '(12, 10)', '(3, 7)', '(14, 16)', '(3, 16)', '(8, 6)', '(10, 12)', '(1, 9)', '(16, 16)', '(6, 8)', '(31, 16)', '(20, 16)', '(12, 12)', '(4, 8)', '(8, 8)', '(13, 4)', '(33, 16)', '(1, 11)', '(10, 14)', '(6, 10)', '(12, 14)', '(14, 11)', '(4, 10)', '(17, 13)', '(8, 10)', '(1, 4)', '(11, 6)', '(2, 3)', '(10, 16)', '(1, 13)', '(6, 3)', '(6, 12)', '(20, 11)', '(4, 3)', '(23, 16)', '(12, 16)', '(4, 12)', '(17, 6)', '(8, 3)', '(27, 16)', '(8, 12)', '(19, 12)', '(11, 8)', '(2, 5)', '(25, 16)', '(15, 8)', '(6, 5)', '(29, 16)', '(6, 14)', '(14, 6)', '(4, 5)', '(4, 14)', '(34, 15)', '(17, 8)', '(19, 5)', '(9, 4)', '(8, 14)', '(10, 11)', '(11, 10)', '(2, 7)', '(2, 16)', '(15, 10)', '(7, 6)', '(18, 6)', '(6, 16)', '(12, 11)', '(4, 7)', '(4, 16)', '(17, 10)', '(19, 7)', '(10, 4)', '(9, 6)', '(30, 16)', '(19, 16)', '(8, 16)', '(10, 13)', '(13, 6)', '(15, 12)', '(6, 9)', '(7, 8)']",17182504956,0,17182504956
152,"(19, 4)","(19, 5)",South,"[('(19, 5)', 'North', 524288), ('(20, 4)', 'East', 1048576), ('(18, 4)', 'West', 262144)]","['(19, 4)', '(21, 12)', '(20, 7)', '(25, 14)', '(34, 14)', '(20, 10)']","['(18, 4)', '(21, 12)', '(20, 7)', '(25, 14)', '(34, 14)', '(20, 4)', '(20, 10)']","['(12, 4)', '(21, 16)', '(4, 9)', '(17, 12)', '(8, 9)', '(10, 6)', '(13, 8)', '(1, 15)', '(15, 14)', '(6, 11)', '(5, 3)', '(17, 14)', '(8, 11)', '(19, 11)', '(11, 7)', '(11, 16)', '(1, 8)', '(16, 6)', '(7, 3)', '(26, 16)', '(15, 16)', '(6, 13)', '(18, 12)', '(14, 8)', '(5, 5)', '(8, 4)', '(19, 4)', '(28, 16)', '(17, 16)', '(5, 14)', '(32, 16)', '(1, 10)', '(13, 12)', '(6, 6)', '(16, 8)', '(34, 16)', '(12, 13)', '(3, 10)', '(14, 10)', '(17, 9)', '(19, 6)', '(5, 16)', '(9, 14)', '(1, 3)', '(13, 5)', '(1, 12)', '(13, 14)', '(16, 10)', '(18, 16)', '(7, 16)', '(3, 3)', '(22, 16)', '(14, 12)', '(4, 11)', '(11, 4)', '(9, 16)', '(1, 5)', '(24, 16)', '(13, 16)', '(25, 15)', '(1, 14)', '(16, 12)', '(20, 12)', '(12, 8)', '(3, 5)', '(14, 14)', '(4, 13)', '(8, 13)', '(10, 10)', '(1, 7)', '(15, 6)', '(1, 16)', '(16, 14)', '(12, 10)', '(3, 7)', '(14, 16)', '(3, 16)', '(8, 6)', '(10, 12)', '(1, 9)', '(16, 16)', '(6, 8)', '(31, 16)', '(20, 16)', '(12, 12)', '(4, 8)', '(8, 8)', '(13, 4)', '(33, 16)', '(1, 11)', '(10, 14)', '(6, 10)', '(12, 14)', '(14, 11)', '(4, 10)', '(17, 13)', '(8, 10)', '(1, 4)', '(11, 6)', '(2, 3)', '(10, 16)', '(1, 13)', '(6, 3)', '(6, 12)', '(20, 11)', '(4, 3)', '(23, 16)', '(12, 16)', '(4, 12)', '(17, 6)', '(8, 3)', '(27, 16)', '(8, 12)', '(19, 12)', '(11, 8)', '(2, 5)', '(25, 16)', '(15, 8)', '(6, 5)', '(29, 16)', '(6, 14)', '(14, 6)', '(4, 5)', '(4, 14)', '(34, 15)', '(17, 8)', '(19, 5)', '(9, 4)', '(8, 14)', '(10, 11)', '(11, 10)', '(2, 7)', '(2, 16)', '(15, 10)', '(7, 6)', '(18, 6)', '(6, 16)', '(12, 11)', '(4, 7)', '(4, 16)', '(17, 10)', '(19, 7)', '(10, 4)', '(9, 6)', '(30, 16)', '(19, 16)', '(8, 16)', '(10, 13)', '(13, 6)', '(15, 12)', '(6, 9)', '(7, 8)']",17182689594,0,17182689594
153,"(18, 4)","(19, 4)",West,"[('(19, 4)', 'East', 524288), ('(17, 4)', 'West', 131072)]","['(18, 4)', '(21, 12)', '(20, 7)', '(25, 14)', '(34, 14)', '(20, 4)', '(20, 10)']","['(17, 4)', '(21, 12)', '(20, 7)', '(25, 14)', '(34, 14)', '(20, 4)', '(20, 10)']","['(12, 4)', '(21, 16)', '(4, 9)', '(17, 12)', '(8, 9)', '(10, 6)', '(13, 8)', '(1, 15)', '(15, 14)', '(6, 11)', '(5, 3)', '(17, 14)', '(8, 11)', '(19, 11)', '(11, 7)', '(11, 16)', '(1, 8)', '(16, 6)', '(7, 3)', '(26, 16)', '(15, 16)', '(6, 13)', '(18, 12)', '(14, 8)', '(5, 5)', '(8, 4)', '(19, 4)', '(28, 16)', '(17, 16)', '(5, 14)', '(32, 16)', '(1, 10)', '(13, 12)', '(6, 6)', '(16, 8)', '(34, 16)', '(12, 13)', '(3, 10)', '(14, 10)', '(17, 9)', '(19, 6)', '(5, 16)', '(9, 14)', '(1, 3)', '(13, 5)', '(1, 12)', '(13, 14)', '(16, 10)', '(18, 16)', '(7, 16)', '(3, 3)', '(22, 16)', '(14, 12)', '(4, 11)', '(11, 4)', '(9, 16)', '(1, 5)', '(24, 16)', '(13, 16)', '(25, 15)', '(1, 14)', '(16, 12)', '(20, 12)', '(12, 8)', '(3, 5)', '(14, 14)', '(4, 13)', '(8, 13)', '(10, 10)', '(1, 7)', '(15, 6)', '(1, 16)', '(16, 14)', '(12, 10)', '(3, 7)', '(14, 16)', '(3, 16)', '(8, 6)', '(10, 12)', '(1, 9)', '(18, 4)', '(16, 16)', '(6, 8)', '(31, 16)', '(20, 16)', '(12, 12)', '(4, 8)', '(8, 8)', '(13, 4)', '(33, 16)', '(1, 11)', '(10, 14)', '(6, 10)', '(12, 14)', '(14, 11)', '(4, 10)', '(17, 13)', '(8, 10)', '(1, 4)', '(11, 6)', '(2, 3)', '(10, 16)', '(1, 13)', '(6, 3)', '(6, 12)', '(20, 11)', '(4, 3)', '(23, 16)', '(12, 16)', '(4, 12)', '(17, 6)', '(8, 3)', '(27, 16)', '(8, 12)', '(19, 12)', '(11, 8)', '(2, 5)', '(25, 16)', '(15, 8)', '(6, 5)', '(29, 16)', '(6, 14)', '(14, 6)', '(4, 5)', '(4, 14)', '(34, 15)', '(17, 8)', '(19, 5)', '(9, 4)', '(8, 14)', '(10, 11)', '(11, 10)', '(2, 7)', '(2, 16)', '(15, 10)', '(7, 6)', '(18, 6)', '(6, 16)', '(12, 11)', '(4, 7)', '(4, 16)', '(17, 10)', '(19, 7)', '(10, 4)', '(9, 6)', '(30, 16)', '(19, 16)', '(8, 16)', '(10, 13)', '(13, 6)', '(15, 12)', '(6, 9)', '(7, 8)']",17182951738,0,17182951738
154,"(17, 4)","(18, 4)",West,"[('(18, 4)', 'East', 262144), ('(16, 4)', 'West', 65536)]","['(17, 4)', '(21, 12)', '(20, 7)', '(25, 14)', '(34, 14)', '(20, 4)', '(20, 10)']","['(16, 4)', '(21, 12)', '(20, 7)', '(25, 14)', '(34, 14)', '(20, 4)', '(20, 10)']","['(12, 4)', '(21, 16)', '(4, 9)', '(17, 12)', '(8, 9)', '(10, 6)', '(13, 8)', '(1, 15)', '(15, 14)', '(6, 11)', '(5, 3)', '(17, 14)', '(8, 11)', '(19, 11)', '(11, 7)', '(11, 16)', '(1, 8)', '(16, 6)', '(7, 3)', '(26, 16)', '(15, 16)', '(6, 13)', '(18, 12)', '(14, 8)', '(5, 5)', '(8, 4)', '(19, 4)', '(28, 16)', '(17, 16)', '(5, 14)', '(32, 16)', '(1, 10)', '(13, 12)', '(6, 6)', '(16, 8)', '(34, 16)', '(12, 13)', '(3, 10)', '(14, 10)', '(17, 9)', '(19, 6)', '(5, 16)', '(9, 14)', '(1, 3)', '(13, 5)', '(1, 12)', '(13, 14)', '(16, 10)', '(18, 16)', '(7, 16)', '(3, 3)', '(22, 16)', '(14, 12)', '(4, 11)', '(11, 4)', '(9, 16)', '(1, 5)', '(24, 16)', '(13, 16)', '(25, 15)', '(1, 14)', '(16, 12)', '(20, 12)', '(12, 8)', '(3, 5)', '(17, 4)', '(14, 14)', '(4, 13)', '(8, 13)', '(10, 10)', '(1, 7)', '(15, 6)', '(1, 16)', '(16, 14)', '(12, 10)', '(3, 7)', '(14, 16)', '(3, 16)', '(8, 6)', '(10, 12)', '(1, 9)', '(18, 4)', '(16, 16)', '(6, 8)', '(31, 16)', '(20, 16)', '(12, 12)', '(4, 8)', '(8, 8)', '(13, 4)', '(33, 16)', '(1, 11)', '(10, 14)', '(6, 10)', '(12, 14)', '(14, 11)', '(4, 10)', '(17, 13)', '(8, 10)', '(1, 4)', '(11, 6)', '(2, 3)', '(10, 16)', '(1, 13)', '(6, 3)', '(6, 12)', '(20, 11)', '(4, 3)', '(23, 16)', '(12, 16)', '(4, 12)', '(17, 6)', '(8, 3)', '(27, 16)', '(8, 12)', '(19, 12)', '(11, 8)', '(2, 5)', '(25, 16)', '(15, 8)', '(6, 5)', '(29, 16)', '(6, 14)', '(14, 6)', '(4, 5)', '(4, 14)', '(34, 15)', '(17, 8)', '(19, 5)', '(9, 4)', '(8, 14)', '(10, 11)', '(11, 10)', '(2, 7)', '(2, 16)', '(15, 10)', '(7, 6)', '(18, 6)', '(6, 16)', '(12, 11)', '(4, 7)', '(4, 16)', '(17, 10)', '(19, 7)', '(10, 4)', '(9, 6)', '(30, 16)', '(19, 16)', '(8, 16)', '(10, 13)', '(13, 6)', '(15, 12)', '(6, 9)', '(7, 8)']",17183082810,0,17183082810
155,"(16, 4)","(17, 4)",West,"[('(17, 4)', 'East', 131072), ('(15, 4)', 'West', 32768)]","['(16, 4)', '(21, 12)', '(20, 7)', '(25, 14)', '(34, 14)', '(20, 4)', '(20, 10)']","['(15, 4)', '(21, 12)', '(20, 7)', '(25, 14)', '(34, 14)', '(20, 4)', '(20, 10)']","['(12, 4)', '(21, 16)', '(4, 9)', '(17, 12)', '(8, 9)', '(10, 6)', '(13, 8)', '(1, 15)', '(15, 14)', '(6, 11)', '(5, 3)', '(17, 14)', '(8, 11)', '(19, 11)', '(11, 7)', '(11, 16)', '(1, 8)', '(16, 6)', '(7, 3)', '(26, 16)', '(15, 16)', '(6, 13)', '(18, 12)', '(14, 8)', '(5, 5)', '(8, 4)', '(19, 4)', '(28, 16)', '(17, 16)', '(5, 14)', '(32, 16)', '(1, 10)', '(13, 12)', '(6, 6)', '(16, 8)', '(34, 16)', '(12, 13)', '(3, 10)', '(14, 10)', '(17, 9)', '(19, 6)', '(5, 16)', '(9, 14)', '(1, 3)', '(13, 5)', '(1, 12)', '(13, 14)', '(16, 10)', '(18, 16)', '(7, 16)', '(3, 3)', '(22, 16)', '(14, 12)', '(4, 11)', '(11, 4)', '(9, 16)', '(1, 5)', '(24, 16)', '(13, 16)', '(25, 15)', '(1, 14)', '(16, 12)', '(20, 12)', '(12, 8)', '(3, 5)', '(17, 4)', '(14, 14)', '(4, 13)', '(8, 13)', '(10, 10)', '(1, 7)', '(15, 6)', '(1, 16)', '(16, 14)', '(12, 10)', '(3, 7)', '(14, 16)', '(3, 16)', '(8, 6)', '(10, 12)', '(1, 9)', '(18, 4)', '(16, 16)', '(6, 8)', '(31, 16)', '(20, 16)', '(12, 12)', '(4, 8)', '(8, 8)', '(13, 4)', '(33, 16)', '(1, 11)', '(10, 14)', '(6, 10)', '(12, 14)', '(14, 11)', '(4, 10)', '(17, 13)', '(8, 10)', '(1, 4)', '(11, 6)', '(2, 3)', '(10, 16)', '(1, 13)', '(6, 3)', '(6, 12)', '(20, 11)', '(4, 3)', '(23, 16)', '(12, 16)', '(4, 12)', '(17, 6)', '(8, 3)', '(27, 16)', '(8, 12)', '(19, 12)', '(11, 8)', '(2, 5)', '(16, 4)', '(25, 16)', '(15, 8)', '(6, 5)', '(29, 16)', '(6, 14)', '(14, 6)', '(4, 5)', '(4, 14)', '(34, 15)', '(17, 8)', '(19, 5)', '(9, 4)', '(8, 14)', '(10, 11)', '(11, 10)', '(2, 7)', '(2, 16)', '(15, 10)', '(7, 6)', '(18, 6)', '(6, 16)', '(12, 11)', '(4, 7)', '(4, 16)', '(17, 10)', '(19, 7)', '(10, 4)', '(9, 6)', '(30, 16)', '(19, 16)', '(8, 16)', '(10, 13)', '(13, 6)', '(15, 12)', '(6, 9)', '(7, 8)']",17183148346,0,17183148346
156,"(15, 4)","(16, 4)",West,"[('(15, 3)', 'South', 32768), ('(16, 4)', 'East', 65536)]","['(15, 4)', '(21, 12)', '(20, 7)', '(25, 14)', '(34, 14)', '(20, 4)', '(20, 10)']","['(20, 7)', '(21, 12)', '(15, 3)', '(25, 14)', '(34, 14)', '(20, 4)', '(20, 10)']","['(12, 4)', '(21, 16)', '(4, 9)', '(17, 12)', '(8, 9)', '(10, 6)', '(13, 8)', '(1, 15)', '(15, 14)', '(6, 11)', '(5, 3)', '(17, 14)', '(8, 11)', '(19, 11)', '(11, 7)', '(11, 16)', '(1, 8)', '(16, 6)', '(7, 3)', '(26, 16)', '(15, 16)', '(6, 13)', '(18, 12)', '(14, 8)', '(5, 5)', '(8, 4)', '(19, 4)', '(28, 16)', '(17, 16)', '(5, 14)', '(32, 16)', '(1, 10)', '(13, 12)', '(6, 6)', '(16, 8)', '(34, 16)', '(12, 13)', '(3, 10)', '(14, 10)', '(17, 9)', '(19, 6)', '(5, 16)', '(9, 14)', '(1, 3)', '(13, 5)', '(1, 12)', '(13, 14)', '(16, 10)', '(18, 16)', '(7, 16)', '(3, 3)', '(22, 16)', '(14, 12)', '(4, 11)', '(11, 4)', '(9, 16)', '(1, 5)', '(15, 4)', '(24, 16)', '(13, 16)', '(25, 15)', '(1, 14)', '(16, 12)', '(20, 12)', '(12, 8)', '(3, 5)', '(17, 4)', '(14, 14)', '(4, 13)', '(8, 13)', '(10, 10)', '(1, 7)', '(15, 6)', '(1, 16)', '(16, 14)', '(12, 10)', '(3, 7)', '(14, 16)', '(3, 16)', '(8, 6)', '(10, 12)', '(1, 9)', '(18, 4)', '(16, 16)', '(6, 8)', '(31, 16)', '(20, 16)', '(12, 12)', '(4, 8)', '(8, 8)', '(13, 4)', '(33, 16)', '(1, 11)', '(10, 14)', '(6, 10)', '(12, 14)', '(14, 11)', '(4, 10)', '(17, 13)', '(8, 10)', '(1, 4)', '(11, 6)', '(2, 3)', '(10, 16)', '(1, 13)', '(6, 3)', '(6, 12)', '(20, 11)', '(4, 3)', '(23, 16)', '(12, 16)', '(4, 12)', '(17, 6)', '(8, 3)', '(27, 16)', '(8, 12)', '(19, 12)', '(11, 8)', '(2, 5)', '(16, 4)', '(25, 16)', '(15, 8)', '(6, 5)', '(29, 16)', '(6, 14)', '(14, 6)', '(4, 5)', '(4, 14)', '(34, 15)', '(17, 8)', '(19, 5)', '(9, 4)', '(8, 14)', '(10, 11)', '(11, 10)', '(2, 7)', '(2, 16)', '(15, 10)', '(7, 6)', '(18, 6)', '(6, 16)', '(12, 11)', '(4, 7)', '(4, 16)', '(17, 10)', '(19, 7)', '(10, 4)', '(9, 6)', '(30, 16)', '(19, 16)', '(8, 16)', '(10, 13)', '(13, 6)', '(15, 12)', '(6, 9)', '(7, 8)']",17183181114,0,17183181114
157,"(20, 7)","(19, 7)",East,"[('(21, 7)', 'East', 2097152), ('(19, 7)', 'West', 524288)]","['(20, 7)', '(21, 12)', '(15, 3)', '(25, 14)', '(34, 14)', '(20, 4)', '(20, 10)']","['(15, 3)', '(21, 12)', '(20, 10)', '(25, 14)', '(34, 14)', '(20, 4)', '(21, 7)']","['(12, 4)', '(21, 16)', '(4, 9)', '(17, 12)', '(8, 9)', '(10, 6)', '(13, 8)', '(1, 15)', '(15, 14)', '(6, 11)', '(5, 3)', '(17, 14)', '(8, 11)', '(19, 11)', '(11, 7)', '(11, 16)', '(1, 8)', '(16, 6)', '(7, 3)', '(26, 16)', '(15, 16)', '(6, 13)', '(18, 12)', '(14, 8)', '(5, 5)', '(8, 4)', '(19, 4)', '(28, 16)', '(17, 16)', '(5, 14)', '(32, 16)', '(1, 10)', '(13, 12)', '(6, 6)', '(16, 8)', '(34, 16)', '(12, 13)', '(3, 10)', '(14, 10)', '(17, 9)', '(19, 6)', '(5, 16)', '(9, 14)', '(1, 3)', '(13, 5)', '(1, 12)', '(13, 14)', '(16, 10)', '(18, 16)', '(7, 16)', '(3, 3)', '(22, 16)', '(14, 12)', '(4, 11)', '(11, 4)', '(9, 16)', '(1, 5)', '(15, 4)', '(24, 16)', '(13, 16)', '(25, 15)', '(1, 14)', '(16, 12)', '(20, 12)', '(12, 8)', '(3, 5)', '(17, 4)', '(14, 14)', '(4, 13)', '(8, 13)', '(10, 10)', '(1, 7)', '(15, 6)', '(1, 16)', '(16, 14)', '(12, 10)', '(3, 7)', '(14, 16)', '(3, 16)', '(8, 6)', '(10, 12)', '(1, 9)', '(18, 4)', '(16, 16)', '(6, 8)', '(20, 7)', '(31, 16)', '(20, 16)', '(12, 12)', '(4, 8)', '(8, 8)', '(13, 4)', '(33, 16)', '(1, 11)', '(10, 14)', '(6, 10)', '(12, 14)', '(14, 11)', '(4, 10)', '(17, 13)', '(8, 10)', '(1, 4)', '(11, 6)', '(2, 3)', '(10, 16)', '(1, 13)', '(6, 3)', '(6, 12)', '(20, 11)', '(4, 3)', '(23, 16)', '(12, 16)', '(4, 12)', '(17, 6)', '(8, 3)', '(27, 16)', '(8, 12)', '(19, 12)', '(11, 8)', '(2, 5)', '(16, 4)', '(25, 16)', '(15, 8)', '(6, 5)', '(29, 16)', '(6, 14)', '(14, 6)', '(4, 5)', '(4, 14)', '(34, 15)', '(17, 8)', '(19, 5)', '(9, 4)', '(8, 14)', '(10, 11)', '(11, 10)', '(2, 7)', '(2, 16)', '(15, 10)', '(7, 6)', '(18, 6)', '(6, 16)', '(12, 11)', '(4, 7)', '(4, 16)', '(17, 10)', '(19, 7)', '(10, 4)', '(9, 6)', '(30, 16)', '(19, 16)', '(8, 16)', '(10, 13)', '(13, 6)', '(15, 12)', '(6, 9)', '(7, 8)']",17183213882,0,17183213882
158,"(15, 3)","(15, 4)",South,"[('(15, 4)', 'North', 32768), ('(15, 2)', 'South', 32768)]","['(15, 3)', '(21, 12)', '(20, 10)', '(25, 14)', '(34, 14)', '(20, 4)', '(21, 7)']","['(15, 2)', '(21, 12)', '(20, 10)', '(25, 14)', '(34, 14)', '(21, 7)', '(20, 4)']","['(12, 4)', '(21, 16)', '(4, 9)', '(17, 12)', '(8, 9)', '(10, 6)', '(13, 8)', '(1, 15)', '(15, 14)', '(6, 11)', '(5, 3)', '(17, 14)', '(8, 11)', '(19, 11)', '(11, 7)', '(11, 16)', '(1, 8)', '(16, 6)', '(7, 3)', '(26, 16)', '(15, 16)', '(6, 13)', '(18, 12)', '(14, 8)', '(5, 5)', '(8, 4)', '(19, 4)', '(28, 16)', '(17, 16)', '(5, 14)', '(32, 16)', '(1, 10)', '(13, 12)', '(6, 6)', '(16, 8)', '(34, 16)', '(12, 13)', '(3, 10)', '(14, 10)', '(17, 9)', '(19, 6)', '(5, 16)', '(9, 14)', '(1, 3)', '(13, 5)', '(1, 12)', '(13, 14)', '(16, 10)', '(18, 16)', '(7, 16)', '(3, 3)', '(22, 16)', '(14, 12)', '(4, 11)', '(11, 4)', '(9, 16)', '(1, 5)', '(15, 4)', '(24, 16)', '(13, 16)', '(25, 15)', '(1, 14)', '(16, 12)', '(20, 12)', '(12, 8)', '(3, 5)', '(17, 4)', '(14, 14)', '(4, 13)', '(8, 13)', '(10, 10)', '(1, 7)', '(15, 6)', '(1, 16)', '(16, 14)', '(12, 10)', '(3, 7)', '(14, 16)', '(3, 16)', '(8, 6)', '(10, 12)', '(1, 9)', '(18, 4)', '(16, 16)', '(6, 8)', '(20, 7)', '(31, 16)', '(20, 16)', '(12, 12)', '(4, 8)', '(8, 8)', '(13, 4)', '(33, 16)', '(1, 11)', '(10, 14)', '(6, 10)', '(12, 14)', '(14, 11)', '(4, 10)', '(17, 13)', '(8, 10)', '(1, 4)', '(11, 6)', '(2, 3)', '(10, 16)', '(1, 13)', '(6, 3)', '(6, 12)', '(20, 11)', '(4, 3)', '(23, 16)', '(12, 16)', '(4, 12)', '(17, 6)', '(8, 3)', '(27, 16)', '(8, 12)', '(19, 12)', '(11, 8)', '(2, 5)', '(16, 4)', '(25, 16)', '(15, 8)', '(6, 5)', '(29, 16)', '(6, 14)', '(14, 6)', '(4, 5)', '(4, 14)', '(34, 15)', '(17, 8)', '(19, 5)', '(9, 4)', '(8, 14)', '(10, 11)', '(11, 10)', '(2, 7)', '(2, 16)', '(15, 10)', '(7, 6)', '(18, 6)', '(6, 16)', '(12, 11)', '(4, 7)', '(4, 16)', '(17, 10)', '(19, 7)', '(10, 4)', '(9, 6)', '(30, 16)', '(19, 16)', '(8, 16)', '(10, 13)', '(13, 6)', '(15, 3)', '(15, 12)', '(6, 9)', '(7, 8)']",17183213882,0,17183213882
159,"(15, 2)","(15, 3)",South,"[('(15, 3)', 'North', 32768), ('(16, 2)', 'East', 65536), ('(14, 2)', 'West', 16384)]","['(15, 2)', '(21, 12)', '(20, 10)', '(25, 14)', '(34, 14)', '(21, 7)', '(20, 4)']","['(14, 2)', '(16, 2)', '(20, 10)', '(21, 12)', '(34, 14)', '(21, 7)', '(20, 4)', '(25, 14)']","['(12, 4)', '(21, 16)', '(4, 9)', '(17, 12)', '(8, 9)', '(10, 6)', '(13, 8)', '(1, 15)', '(15, 14)', '(6, 11)', '(5, 3)', '(17, 14)', '(8, 11)', '(19, 11)', '(11, 7)', '(11, 16)', '(1, 8)', '(16, 6)', '(7, 3)', '(26, 16)', '(15, 16)', '(6, 13)', '(18, 12)', '(14, 8)', '(5, 5)', '(8, 4)', '(19, 4)', '(28, 16)', '(17, 16)', '(5, 14)', '(32, 16)', '(1, 10)', '(13, 12)', '(6, 6)', '(16, 8)', '(34, 16)', '(12, 13)', '(3, 10)', '(14, 10)', '(17, 9)', '(19, 6)', '(5, 16)', '(9, 14)', '(1, 3)', '(13, 5)', '(15, 2)', '(1, 12)', '(13, 14)', '(16, 10)', '(18, 16)', '(7, 16)', '(3, 3)', '(22, 16)', '(14, 12)', '(4, 11)', '(11, 4)', '(9, 16)', '(1, 5)', '(15, 4)', '(24, 16)', '(13, 16)', '(25, 15)', '(1, 14)', '(16, 12)', '(20, 12)', '(12, 8)', '(3, 5)', '(17, 4)', '(14, 14)', '(4, 13)', '(8, 13)', '(10, 10)', '(1, 7)', '(15, 6)', '(1, 16)', '(16, 14)', '(12, 10)', '(3, 7)', '(14, 16)', '(3, 16)', '(8, 6)', '(10, 12)', '(1, 9)', '(18, 4)', '(16, 16)', '(6, 8)', '(20, 7)', '(31, 16)', '(20, 16)', '(12, 12)', '(4, 8)', '(8, 8)', '(13, 4)', '(33, 16)', '(1, 11)', '(10, 14)', '(6, 10)', '(12, 14)', '(14, 11)', '(4, 10)', '(17, 13)', '(8, 10)', '(1, 4)', '(11, 6)', '(2, 3)', '(10, 16)', '(1, 13)', '(6, 3)', '(6, 12)', '(20, 11)', '(4, 3)', '(23, 16)', '(12, 16)', '(4, 12)', '(17, 6)', '(8, 3)', '(27, 16)', '(8, 12)', '(19, 12)', '(11, 8)', '(2, 5)', '(16, 4)', '(25, 16)', '(15, 8)', '(6, 5)', '(29, 16)', '(6, 14)', '(14, 6)', '(4, 5)', '(4, 14)', '(34, 15)', '(17, 8)', '(19, 5)', '(9, 4)', '(8, 14)', '(10, 11)', '(11, 10)', '(2, 7)', '(2, 16)', '(15, 10)', '(7, 6)', '(18, 6)', '(6, 16)', '(12, 11)', '(4, 7)', '(4, 16)', '(17, 10)', '(19, 7)', '(10, 4)', '(9, 6)', '(30, 16)', '(19, 16)', '(8, 16)', '(10, 13)', '(13, 6)', '(15, 3)', '(15, 12)', '(6, 9)', '(7, 8)']",17183246650,0,17183246650
160,"(14, 2)","(15, 2)",West,"[('(15, 2)', 'East', 32768), ('(13, 2)', 'West', 8192)]","['(14, 2)', '(16, 2)', '(20, 10)', '(21, 12)', '(34, 14)', '(21, 7)', '(20, 4)', '(25, 14)']","['(13, 2)', '(16, 2)', '(20, 10)', '(21, 12)', '(34, 14)', '(21, 7)', '(20, 4)', '(25, 14)']","['(12, 4)', '(21, 16)', '(4, 9)', '(17, 12)', '(8, 9)', '(10, 6)', '(13, 8)', '(1, 15)', '(15, 14)', '(6, 11)', '(5, 3)', '(17, 14)', '(8, 11)', '(19, 11)', '(11, 7)', '(11, 16)', '(1, 8)', '(16, 6)', '(7, 3)', '(26, 16)', '(15, 16)', '(6, 13)', '(18, 12)', '(14, 8)', '(5, 5)', '(8, 4)', '(19, 4)', '(28, 16)', '(17, 16)', '(5, 14)', '(32, 16)', '(1, 10)', '(13, 12)', '(6, 6)', '(16, 8)', '(34, 16)', '(12, 13)', '(3, 10)', '(14, 10)', '(17, 9)', '(19, 6)', '(5, 16)', '(9, 14)', '(1, 3)', '(13, 5)', '(15, 2)', '(1, 12)', '(13, 14)', '(16, 10)', '(18, 16)', '(7, 16)', '(3, 3)', '(22, 16)', '(14, 12)', '(4, 11)', '(11, 4)', '(9, 16)', '(1, 5)', '(15, 4)', '(24, 16)', '(13, 16)', '(25, 15)', '(1, 14)', '(16, 12)', '(20, 12)', '(12, 8)', '(3, 5)', '(17, 4)', '(14, 14)', '(4, 13)', '(8, 13)', '(10, 10)', '(1, 7)', '(15, 6)', '(1, 16)', '(16, 14)', '(12, 10)', '(3, 7)', '(14, 16)', '(3, 16)', '(8, 6)', '(10, 12)', '(1, 9)', '(18, 4)', '(16, 16)', '(6, 8)', '(20, 7)', '(31, 16)', '(20, 16)', '(12, 12)', '(4, 8)', '(8, 8)', '(13, 4)', '(33, 16)', '(1, 11)', '(10, 14)', '(6, 10)', '(14, 2)', '(12, 14)', '(14, 11)', '(4, 10)', '(17, 13)', '(8, 10)', '(1, 4)', '(11, 6)', '(2, 3)', '(10, 16)', '(1, 13)', '(6, 3)', '(6, 12)', '(20, 11)', '(4, 3)', '(23, 16)', '(12, 16)', '(4, 12)', '(17, 6)', '(8, 3)', '(27, 16)', '(8, 12)', '(19, 12)', '(11, 8)', '(2, 5)', '(16, 4)', '(25, 16)', '(15, 8)', '(6, 5)', '(29, 16)', '(6, 14)', '(14, 6)', '(4, 5)', '(4, 14)', '(34, 15)', '(17, 8)', '(19, 5)', '(9, 4)', '(8, 14)', '(10, 11)', '(11, 10)', '(2, 7)', '(2, 16)', '(15, 10)', '(7, 6)', '(18, 6)', '(6, 16)', '(12, 11)', '(4, 7)', '(4, 16)', '(17, 10)', '(19, 7)', '(10, 4)', '(9, 6)', '(30, 16)', '(19, 16)', '(8, 16)', '(10, 13)', '(13, 6)', '(15, 3)', '(15, 12)', '(6, 9)', '(7, 8)']",17183263034,0,17183263034
161,"(13, 2)","(14, 2)",West,"[('(14, 2)', 'East', 16384), ('(12, 2)', 'West', 4096)]","['(13, 2)', '(16, 2)', '(20, 10)', '(21, 12)', '(34, 14)', '(21, 7)', '(20, 4)', '(25, 14)']","['(12, 2)', '(16, 2)', '(20, 10)', '(21, 12)', '(34, 14)', '(21, 7)', '(20, 4)', '(25, 14)']","['(12, 4)', '(21, 16)', '(4, 9)', '(17, 12)', '(8, 9)', '(10, 6)', '(13, 8)', '(1, 15)', '(15, 14)', '(6, 11)', '(5, 3)', '(17, 14)', '(8, 11)', '(19, 11)', '(11, 7)', '(11, 16)', '(1, 8)', '(16, 6)', '(7, 3)', '(26, 16)', '(15, 16)', '(6, 13)', '(18, 12)', '(14, 8)', '(5, 5)', '(8, 4)', '(19, 4)', '(28, 16)', '(17, 16)', '(5, 14)', '(32, 16)', '(1, 10)', '(13, 12)', '(6, 6)', '(16, 8)', '(34, 16)', '(12, 13)', '(3, 10)', '(14, 10)', '(17, 9)', '(19, 6)', '(5, 16)', '(9, 14)', '(1, 3)', '(13, 5)', '(15, 2)', '(1, 12)', '(13, 14)', '(16, 10)', '(18, 16)', '(7, 16)', '(3, 3)', '(22, 16)', '(14, 12)', '(4, 11)', '(11, 4)', '(9, 16)', '(1, 5)', '(15, 4)', '(24, 16)', '(13, 16)', '(25, 15)', '(1, 14)', '(16, 12)', '(20, 12)', '(12, 8)', '(3, 5)', '(17, 4)', '(14, 14)', '(4, 13)', '(8, 13)', '(10, 10)', '(1, 7)', '(15, 6)', '(1, 16)', '(16, 14)', '(12, 10)', '(3, 7)', '(14, 16)', '(3, 16)', '(8, 6)', '(13, 2)', '(10, 12)', '(1, 9)', '(18, 4)', '(16, 16)', '(6, 8)', '(20, 7)', '(31, 16)', '(20, 16)', '(12, 12)', '(4, 8)', '(8, 8)', '(13, 4)', '(33, 16)', '(1, 11)', '(10, 14)', '(6, 10)', '(14, 2)', '(12, 14)', '(14, 11)', '(4, 10)', '(17, 13)', '(8, 10)', '(1, 4)', '(11, 6)', '(2, 3)', '(10, 16)', '(1, 13)', '(6, 3)', '(6, 12)', '(20, 11)', '(4, 3)', '(23, 16)', '(12, 16)', '(4, 12)', '(17, 6)', '(8, 3)', '(27, 16)', '(8, 12)', '(19, 12)', '(11, 8)', '(2, 5)', '(16, 4)', '(25, 16)', '(15, 8)', '(6, 5)', '(29, 16)', '(6, 14)', '(14, 6)', '(4, 5)', '(4, 14)', '(34, 15)', '(17, 8)', '(19, 5)', '(9, 4)', '(8, 14)', '(10, 11)', '(11, 10)', '(2, 7)', '(2, 16)', '(15, 10)', '(7, 6)', '(18, 6)', '(6, 16)', '(12, 11)', '(4, 7)', '(4, 16)', '(17, 10)', '(19, 7)', '(10, 4)', '(9, 6)', '(30, 16)', '(19, 16)', '(8, 16)', '(10, 13)', '(13, 6)', '(15, 3)', '(15, 12)', '(6, 9)', '(7, 8)']",17183271226,0,17183271226
162,"(12, 2)","(13, 2)",West,"[('(13, 2)', 'East', 8192), ('(11, 2)', 'West', 2048)]","['(12, 2)', '(16, 2)', '(20, 10)', '(21, 12)', '(34, 14)', '(21, 7)', '(20, 4)', '(25, 14)']","['(11, 2)', '(16, 2)', '(20, 10)', '(21, 12)', '(34, 14)', '(21, 7)', '(20, 4)', '(25, 14)']","['(12, 4)', '(21, 16)', '(4, 9)', '(17, 12)', '(8, 9)', '(10, 6)', '(13, 8)', '(1, 15)', '(15, 14)', '(6, 11)', '(5, 3)', '(17, 14)', '(8, 11)', '(19, 11)', '(11, 7)', '(11, 16)', '(1, 8)', '(16, 6)', '(7, 3)', '(26, 16)', '(15, 16)', '(6, 13)', '(18, 12)', '(14, 8)', '(5, 5)', '(8, 4)', '(19, 4)', '(28, 16)', '(17, 16)', '(5, 14)', '(32, 16)', '(1, 10)', '(13, 12)', '(6, 6)', '(16, 8)', '(34, 16)', '(12, 13)', '(3, 10)', '(14, 10)', '(17, 9)', '(19, 6)', '(5, 16)', '(9, 14)', '(1, 3)', '(13, 5)', '(15, 2)', '(1, 12)', '(13, 14)', '(16, 10)', '(18, 16)', '(7, 16)', '(3, 3)', '(22, 16)', '(14, 12)', '(4, 11)', '(11, 4)', '(9, 16)', '(1, 5)', '(15, 4)', '(24, 16)', '(13, 16)', '(25, 15)', '(1, 14)', '(16, 12)', '(20, 12)', '(12, 8)', '(3, 5)', '(17, 4)', '(14, 14)', '(4, 13)', '(8, 13)', '(10, 10)', '(1, 7)', '(15, 6)', '(1, 16)', '(16, 14)', '(12, 10)', '(3, 7)', '(14, 16)', '(3, 16)', '(8, 6)', '(13, 2)', '(10, 12)', '(1, 9)', '(18, 4)', '(16, 16)', '(6, 8)', '(20, 7)', '(31, 16)', '(20, 16)', '(12, 12)', '(4, 8)', '(8, 8)', '(13, 4)', '(33, 16)', '(1, 11)', '(10, 14)', '(6, 10)', '(14, 2)', '(12, 14)', '(14, 11)', '(4, 10)', '(17, 13)', '(8, 10)', '(1, 4)', '(11, 6)', '(2, 3)', '(10, 16)', '(1, 13)', '(6, 3)', '(6, 12)', '(20, 11)', '(4, 3)', '(23, 16)', '(12, 16)', '(4, 12)', '(17, 6)', '(8, 3)', '(27, 16)', '(8, 12)', '(19, 12)', '(11, 8)', '(2, 5)', '(16, 4)', '(25, 16)', '(15, 8)', '(6, 5)', '(29, 16)', '(6, 14)', '(14, 6)', '(4, 5)', '(4, 14)', '(34, 15)', '(17, 8)', '(19, 5)', '(9, 4)', '(8, 14)', '(10, 11)', '(11, 10)', '(2, 7)', '(2, 16)', '(15, 10)', '(7, 6)', '(18, 6)', '(12, 2)', '(6, 16)', '(12, 11)', '(4, 7)', '(4, 16)', '(17, 10)', '(19, 7)', '(10, 4)', '(9, 6)', '(30, 16)', '(19, 16)', '(8, 16)', '(10, 13)', '(13, 6)', '(15, 3)', '(15, 12)', '(6, 9)', '(7, 8)']",17183275322,0,17183275322
163,"(11, 2)","(12, 2)",West,"[('(12, 2)', 'East', 4096), ('(10, 2)', 'West', 1024)]","['(11, 2)', '(16, 2)', '(20, 10)', '(21, 12)', '(34, 14)', '(21, 7)', '(20, 4)', '(25, 14)']","['(10, 2)', '(16, 2)', '(20, 10)', '(21, 12)', '(34, 14)', '(21, 7)', '(20, 4)', '(25, 14)']","['(12, 4)', '(21, 16)', '(4, 9)', '(17, 12)', '(8, 9)', '(10, 6)', '(13, 8)', '(1, 15)', '(15, 14)', '(6, 11)', '(5, 3)', '(17, 14)', '(8, 11)', '(19, 11)', '(11, 7)', '(11, 16)', '(1, 8)', '(16, 6)', '(7, 3)', '(26, 16)', '(15, 16)', '(6, 13)', '(18, 12)', '(14, 8)', '(5, 5)', '(8, 4)', '(19, 4)', '(28, 16)', '(17, 16)', '(5, 14)', '(32, 16)', '(1, 10)', '(13, 12)', '(6, 6)', '(16, 8)', '(34, 16)', '(12, 13)', '(3, 10)', '(14, 10)', '(17, 9)', '(19, 6)', '(11, 2)', '(5, 16)', '(9, 14)', '(1, 3)', '(13, 5)', '(15, 2)', '(1, 12)', '(13, 14)', '(16, 10)', '(18, 16)', '(7, 16)', '(3, 3)', '(22, 16)', '(14, 12)', '(4, 11)', '(11, 4)', '(9, 16)', '(1, 5)', '(15, 4)', '(24, 16)', '(13, 16)', '(25, 15)', '(1, 14)', '(16, 12)', '(20, 12)', '(12, 8)', '(3, 5)', '(17, 4)', '(14, 14)', '(4, 13)', '(8, 13)', '(10, 10)', '(1, 7)', '(15, 6)', '(1, 16)', '(16, 14)', '(12, 10)', '(3, 7)', '(14, 16)', '(3, 16)', '(8, 6)', '(13, 2)', '(10, 12)', '(1, 9)', '(18, 4)', '(16, 16)', '(6, 8)', '(20, 7)', '(31, 16)', '(20, 16)', '(12, 12)', '(4, 8)', '(8, 8)', '(13, 4)', '(33, 16)', '(1, 11)', '(10, 14)', '(6, 10)', '(14, 2)', '(12, 14)', '(14, 11)', '(4, 10)', '(17, 13)', '(8, 10)', '(1, 4)', '(11, 6)', '(2, 3)', '(10, 16)', '(1, 13)', '(6, 3)', '(6, 12)', '(20, 11)', '(4, 3)', '(23, 16)', '(12, 16)', '(4, 12)', '(17, 6)', '(8, 3)', '(27, 16)', '(8, 12)', '(19, 12)', '(11, 8)', '(2, 5)', '(16, 4)', '(25, 16)', '(15, 8)', '(6, 5)', '(29, 16)', '(6, 14)', '(14, 6)', '(4, 5)', '(4, 14)', '(34, 15)', '(17, 8)', '(19, 5)', '(9, 4)', '(8, 14)', '(10, 11)', '(11, 10)', '(2, 7)', '(2, 16)', '(15, 10)', '(7, 6)', '(18, 6)', '(12, 2)', '(6, 16)', '(12, 11)', '(4, 7)', '(4, 16)', '(17, 10)', '(19, 7)', '(10, 4)', '(9, 6)', '(30, 16)', '(19, 16)', '(8, 16)', '(10, 13)', '(13, 6)', '(15, 3)', '(15, 12)', '(6, 9)', '(7, 8)']",17183277370,0,17183277370
164,"(10, 2)","(11, 2)",West,"[('(10, 1)', 'South', 1024), ('(11, 2)', 'East', 2048)]","['(10, 2)', '(16, 2)', '(20, 10)', '(21, 12)', '(34, 14)', '(21, 7)', '(20, 4)', '(25, 14)']","['(10, 1)', '(16, 2)', '(20, 10)', '(21, 12)', '(34, 14)', '(21, 7)', '(20, 4)', '(25, 14)']","['(12, 4)', '(21, 16)', '(4, 9)', '(17, 12)', '(8, 9)', '(10, 6)', '(13, 8)', '(1, 15)', '(15, 14)', '(6, 11)', '(5, 3)', '(17, 14)', '(8, 11)', '(19, 11)', '(11, 7)', '(11, 16)', '(1, 8)', '(16, 6)', '(7, 3)', '(26, 16)', '(15, 16)', '(6, 13)', '(18, 12)', '(14, 8)', '(5, 5)', '(8, 4)', '(19, 4)', '(28, 16)', '(17, 16)', '(5, 14)', '(32, 16)', '(1, 10)', '(13, 12)', '(6, 6)', '(16, 8)', '(34, 16)', '(12, 13)', '(3, 10)', '(14, 10)', '(17, 9)', '(19, 6)', '(11, 2)', '(5, 16)', '(9, 14)', '(1, 3)', '(13, 5)', '(15, 2)', '(1, 12)', '(13, 14)', '(16, 10)', '(18, 16)', '(7, 16)', '(3, 3)', '(22, 16)', '(14, 12)', '(4, 11)', '(11, 4)', '(9, 16)', '(1, 5)', '(15, 4)', '(24, 16)', '(13, 16)', '(25, 15)', '(1, 14)', '(16, 12)', '(20, 12)', '(12, 8)', '(3, 5)', '(17, 4)', '(14, 14)', '(4, 13)', '(8, 13)', '(10, 10)', '(1, 7)', '(15, 6)', '(1, 16)', '(16, 14)', '(12, 10)', '(3, 7)', '(14, 16)', '(3, 16)', '(8, 6)', '(13, 2)', '(10, 12)', '(1, 9)', '(18, 4)', '(16, 16)', '(6, 8)', '(20, 7)', '(31, 16)', '(20, 16)', '(12, 12)', '(4, 8)', '(8, 8)', '(13, 4)', '(33, 16)', '(1, 11)', '(10, 14)', '(6, 10)', '(14, 2)', '(12, 14)', '(14, 11)', '(4, 10)', '(17, 13)', '(8, 10)', '(1, 4)', '(11, 6)', '(2, 3)', '(10, 16)', '(1, 13)', '(6, 3)', '(6, 12)', '(20, 11)', '(4, 3)', '(23, 16)', '(12, 16)', '(4, 12)', '(17, 6)', '(8, 3)', '(27, 16)', '(8, 12)', '(19, 12)', '(11, 8)', '(2, 5)', '(16, 4)', '(25, 16)', '(15, 8)', '(6, 5)', '(29, 16)', '(6, 14)', '(14, 6)', '(4, 5)', '(4, 14)', '(34, 15)', '(17, 8)', '(19, 5)', '(10, 2)', '(9, 4)', '(8, 14)', '(10, 11)', '(11, 10)', '(2, 7)', '(2, 16)', '(15, 10)', '(7, 6)', '(18, 6)', '(12, 2)', '(6, 16)', '(12, 11)', '(4, 7)', '(4, 16)', '(17, 10)', '(19, 7)', '(10, 4)', '(9, 6)', '(30, 16)', '(19, 16)', '(8, 16)', '(10, 13)', '(13, 6)', '(15, 3)', '(15, 12)', '(6, 9)', '(7, 8)']",17183278394,0,17183278394
165,"(10, 1)","(10, 2)",South,"[('(10, 2)', 'North', 1024), ('(9, 1)', 'West', 512)]","['(10, 1)', '(16, 2)', '(20, 10)', '(21, 12)', '(34, 14)', '(21, 7)', '(20, 4)', '(25, 14)']","['(9, 1)', '(16, 2)', '(20, 10)', '(21, 12)', '(34, 14)', '(21, 7)', '(20, 4)', '(25, 14)']","['(12, 4)', '(21, 16)', '(4, 9)', '(17, 12)', '(8, 9)', '(10, 6)', '(13, 8)', '(1, 15)', '(15, 14)', '(6, 11)', '(5, 3)', '(17, 14)', '(8, 11)', '(19, 11)', '(11, 7)', '(11, 16)', '(1, 8)', '(16, 6)', '(7, 3)', '(26, 16)', '(15, 16)', '(6, 13)', '(18, 12)', '(14, 8)', '(5, 5)', '(8, 4)', '(19, 4)', '(28, 16)', '(17, 16)', '(5, 14)', '(32, 16)', '(1, 10)', '(13, 12)', '(6, 6)', '(16, 8)', '(34, 16)', '(12, 13)', '(3, 10)', '(14, 10)', '(17, 9)', '(19, 6)', '(11, 2)', '(5, 16)', '(9, 14)', '(1, 3)', '(13, 5)', '(15, 2)', '(1, 12)', '(13, 14)', '(16, 10)', '(18, 16)', '(7, 16)', '(3, 3)', '(22, 16)', '(14, 12)', '(4, 11)', '(11, 4)', '(9, 16)', '(1, 5)', '(15, 4)', '(24, 16)', '(13, 16)', '(25, 15)', '(1, 14)', '(16, 12)', '(20, 12)', '(12, 8)', '(3, 5)', '(17, 4)', '(14, 14)', '(4, 13)', '(10, 1)', '(8, 13)', '(10, 10)', '(1, 7)', '(15, 6)', '(1, 16)', '(16, 14)', '(12, 10)', '(3, 7)', '(14, 16)', '(3, 16)', '(8, 6)', '(13, 2)', '(10, 12)', '(1, 9)', '(18, 4)', '(16, 16)', '(6, 8)', '(20, 7)', '(31, 16)', '(20, 16)', '(12, 12)', '(4, 8)', '(8, 8)', '(13, 4)', '(33, 16)', '(1, 11)', '(10, 14)', '(6, 10)', '(14, 2)', '(12, 14)', '(14, 11)', '(4, 10)', '(17, 13)', '(8, 10)', '(1, 4)', '(11, 6)', '(2, 3)', '(10, 16)', '(1, 13)', '(6, 3)', '(6, 12)', '(20, 11)', '(4, 3)', '(23, 16)', '(12, 16)', '(4, 12)', '(17, 6)', '(8, 3)', '(27, 16)', '(8, 12)', '(19, 12)', '(11, 8)', '(2, 5)', '(16, 4)', '(25, 16)', '(15, 8)', '(6, 5)', '(29, 16)', '(6, 14)', '(14, 6)', '(4, 5)', '(4, 14)', '(34, 15)', '(17, 8)', '(19, 5)', '(10, 2)', '(9, 4)', '(8, 14)', '(10, 11)', '(11, 10)', '(2, 7)', '(2, 16)', '(15, 10)', '(7, 6)', '(18, 6)', '(12, 2)', '(6, 16)', '(12, 11)', '(4, 7)', '(4, 16)', '(17, 10)', '(19, 7)', '(10, 4)', '(9, 6)', '(30, 16)', '(19, 16)', '(8, 16)', '(10, 13)', '(13, 6)', '(15, 3)', '(15, 12)', '(6, 9)', '(7, 8)']",17183279418,0,17183279418
166,"(9, 1)","(10, 1)",West,"[('(10, 1)', 'East', 1024), ('(8, 1)', 'West', 256)]","['(9, 1)', '(16, 2)', '(20, 10)', '(21, 12)', '(34, 14)', '(21, 7)', '(20, 4)', '(25, 14)']","['(8, 1)', '(16, 2)', '(20, 10)', '(21, 12)', '(34, 14)', '(21, 7)', '(20, 4)', '(25, 14)']","['(12, 4)', '(21, 16)', '(4, 9)', '(17, 12)', '(8, 9)', '(10, 6)', '(13, 8)', '(1, 15)', '(15, 14)', '(6, 11)', '(5, 3)', '(9, 1)', '(17, 14)', '(8, 11)', '(19, 11)', '(11, 7)', '(11, 16)', '(1, 8)', '(16, 6)', '(7, 3)', '(26, 16)', '(15, 16)', '(6, 13)', '(18, 12)', '(14, 8)', '(5, 5)', '(8, 4)', '(19, 4)', '(28, 16)', '(17, 16)', '(5, 14)', '(32, 16)', '(1, 10)', '(13, 12)', '(6, 6)', '(16, 8)', '(34, 16)', '(12, 13)', '(3, 10)', '(14, 10)', '(17, 9)', '(19, 6)', '(11, 2)', '(5, 16)', '(9, 14)', '(1, 3)', '(13, 5)', '(15, 2)', '(1, 12)', '(13, 14)', '(16, 10)', '(18, 16)', '(7, 16)', '(3, 3)', '(22, 16)', '(14, 12)', '(4, 11)', '(11, 4)', '(9, 16)', '(1, 5)', '(15, 4)', '(24, 16)', '(13, 16)', '(25, 15)', '(1, 14)', '(16, 12)', '(20, 12)', '(12, 8)', '(3, 5)', '(17, 4)', '(14, 14)', '(4, 13)', '(10, 1)', '(8, 13)', '(10, 10)', '(1, 7)', '(15, 6)', '(1, 16)', '(16, 14)', '(12, 10)', '(3, 7)', '(14, 16)', '(3, 16)', '(8, 6)', '(13, 2)', '(10, 12)', '(1, 9)', '(18, 4)', '(16, 16)', '(6, 8)', '(20, 7)', '(31, 16)', '(20, 16)', '(12, 12)', '(4, 8)', '(8, 8)', '(13, 4)', '(33, 16)', '(1, 11)', '(10, 14)', '(6, 10)', '(14, 2)', '(12, 14)', '(14, 11)', '(4, 10)', '(17, 13)', '(8, 10)', '(1, 4)', '(11, 6)', '(2, 3)', '(10, 16)', '(1, 13)', '(6, 3)', '(6, 12)', '(20, 11)', '(4, 3)', '(23, 16)', '(12, 16)', '(4, 12)', '(17, 6)', '(8, 3)', '(27, 16)', '(8, 12)', '(19, 12)', '(11, 8)', '(2, 5)', '(16, 4)', '(25, 16)', '(15, 8)', '(6, 5)', '(29, 16)', '(6, 14)', '(14, 6)', '(4, 5)', '(4, 14)', '(34, 15)', '(17, 8)', '(19, 5)', '(10, 2)', '(9, 4)', '(8, 14)', '(10, 11)', '(11, 10)', '(2, 7)', '(2, 16)', '(15, 10)', '(7, 6)', '(18, 6)', '(12, 2)', '(6, 16)', '(12, 11)', '(4, 7)', '(4, 16)', '(17, 10)', '(19, 7)', '(10, 4)', '(9, 6)', '(30, 16)', '(19, 16)', '(8, 16)', '(10, 13)', '(13, 6)', '(15, 3)', '(15, 12)', '(6, 9)', '(7, 8)']",17183279930,0,17183279930
167,"(8, 1)","(9, 1)",West,"[('(9, 1)', 'East', 512), ('(7, 1)', 'West', 128)]","['(8, 1)', '(16, 2)', '(20, 10)', '(21, 12)', '(34, 14)', '(21, 7)', '(20, 4)', '(25, 14)']","['(7, 1)', '(16, 2)', '(20, 10)', '(21, 12)', '(34, 14)', '(21, 7)', '(20, 4)', '(25, 14)']","['(12, 4)', '(21, 16)', '(4, 9)', '(17, 12)', '(8, 9)', '(10, 6)', '(13, 8)', '(1, 15)', '(15, 14)', '(6, 11)', '(5, 3)', '(9, 1)', '(17, 14)', '(8, 11)', '(19, 11)', '(11, 7)', '(11, 16)', '(1, 8)', '(16, 6)', '(7, 3)', '(26, 16)', '(15, 16)', '(6, 13)', '(18, 12)', '(14, 8)', '(5, 5)', '(8, 4)', '(19, 4)', '(28, 16)', '(17, 16)', '(5, 14)', '(32, 16)', '(1, 10)', '(13, 12)', '(6, 6)', '(16, 8)', '(34, 16)', '(12, 13)', '(3, 10)', '(14, 10)', '(17, 9)', '(19, 6)', '(11, 2)', '(5, 16)', '(9, 14)', '(1, 3)', '(13, 5)', '(15, 2)', '(1, 12)', '(13, 14)', '(16, 10)', '(18, 16)', '(7, 16)', '(3, 3)', '(22, 16)', '(14, 12)', '(4, 11)', '(11, 4)', '(9, 16)', '(1, 5)', '(15, 4)', '(24, 16)', '(13, 16)', '(25, 15)', '(1, 14)', '(16, 12)', '(20, 12)', '(12, 8)', '(3, 5)', '(17, 4)', '(14, 14)', '(4, 13)', '(10, 1)', '(8, 13)', '(10, 10)', '(1, 7)', '(15, 6)', '(1, 16)', '(16, 14)', '(12, 10)', '(3, 7)', '(14, 16)', '(3, 16)', '(8, 6)', '(13, 2)', '(10, 12)', '(1, 9)', '(18, 4)', '(16, 16)', '(6, 8)', '(20, 7)', '(31, 16)', '(20, 16)', '(12, 12)', '(4, 8)', '(8, 8)', '(13, 4)', '(33, 16)', '(1, 11)', '(10, 14)', '(6, 10)', '(14, 2)', '(12, 14)', '(14, 11)', '(4, 10)', '(8, 1)', '(17, 13)', '(8, 10)', '(1, 4)', '(11, 6)', '(2, 3)', '(10, 16)', '(1, 13)', '(6, 3)', '(6, 12)', '(20, 11)', '(4, 3)', '(23, 16)', '(12, 16)', '(4, 12)', '(17, 6)', '(8, 3)', '(27, 16)', '(8, 12)', '(19, 12)', '(11, 8)', '(2, 5)', '(16, 4)', '(25, 16)', '(15, 8)', '(6, 5)', '(29, 16)', '(6, 14)', '(14, 6)', '(4, 5)', '(4, 14)', '(34, 15)', '(17, 8)', '(19, 5)', '(10, 2)', '(9, 4)', '(8, 14)', '(10, 11)', '(11, 10)', '(2, 7)', '(2, 16)', '(15, 10)', '(7, 6)', '(18, 6)', '(12, 2)', '(6, 16)', '(12, 11)', '(4, 7)', '(4, 16)', '(17, 10)', '(19, 7)', '(10, 4)', '(9, 6)', '(30, 16)', '(19, 16)', '(8, 16)', '(10, 13)', '(13, 6)', '(15, 3)', '(15, 12)', '(6, 9)', '(7, 8)']",17183280186,0,17183280186
168,"(7, 1)","(8, 1)",West,"[('(8, 1)', 'East', 256), ('(6, 1)', 'West', 64)]","['(7, 1)', '(16, 2)', '(20, 10)', '(21, 12)', '(34, 14)', '(21, 7)', '(20, 4)', '(25, 14)']","['(6, 1)', '(16, 2)', '(20, 10)', '(21, 12)', '(34, 14)', '(21, 7)', '(20, 4)', '(25, 14)']","['(12, 4)', '(21, 16)', '(4, 9)', '(17, 12)', '(8, 9)', '(10, 6)', '(13, 8)', '(7, 1)', '(1, 15)', '(15, 14)', '(6, 11)', '(5, 3)', '(9, 1)', '(17, 14)', '(8, 11)', '(19, 11)', '(11, 7)', '(11, 16)', '(1, 8)', '(16, 6)', '(7, 3)', '(26, 16)', '(15, 16)', '(6, 13)', '(18, 12)', '(14, 8)', '(5, 5)', '(8, 4)', '(19, 4)', '(28, 16)', '(17, 16)', '(5, 14)', '(32, 16)', '(1, 10)', '(13, 12)', '(6, 6)', '(16, 8)', '(34, 16)', '(12, 13)', '(3, 10)', '(14, 10)', '(17, 9)', '(19, 6)', '(11, 2)', '(5, 16)', '(9, 14)', '(1, 3)', '(13, 5)', '(15, 2)', '(1, 12)', '(13, 14)', '(16, 10)', '(18, 16)', '(7, 16)', '(3, 3)', '(22, 16)', '(14, 12)', '(4, 11)', '(11, 4)', '(9, 16)', '(1, 5)', '(15, 4)', '(24, 16)', '(13, 16)', '(25, 15)', '(1, 14)', '(16, 12)', '(20, 12)', '(12, 8)', '(3, 5)', '(17, 4)', '(14, 14)', '(4, 13)', '(10, 1)', '(8, 13)', '(10, 10)', '(1, 7)', '(15, 6)', '(1, 16)', '(16, 14)', '(12, 10)', '(3, 7)', '(14, 16)', '(3, 16)', '(8, 6)', '(13, 2)', '(10, 12)', '(1, 9)', '(18, 4)', '(16, 16)', '(6, 8)', '(20, 7)', '(31, 16)', '(20, 16)', '(12, 12)', '(4, 8)', '(8, 8)', '(13, 4)', '(33, 16)', '(1, 11)', '(10, 14)', '(6, 10)', '(14, 2)', '(12, 14)', '(14, 11)', '(4, 10)', '(8, 1)', '(17, 13)', '(8, 10)', '(1, 4)', '(11, 6)', '(2, 3)', '(10, 16)', '(1, 13)', '(6, 3)', '(6, 12)', '(20, 11)', '(4, 3)', '(23, 16)', '(12, 16)', '(4, 12)', '(17, 6)', '(8, 3)', '(27, 16)', '(8, 12)', '(19, 12)', '(11, 8)', '(2, 5)', '(16, 4)', '(25, 16)', '(15, 8)', '(6, 5)', '(29, 16)', '(6, 14)', '(14, 6)', '(4, 5)', '(4, 14)', '(34, 15)', '(17, 8)', '(19, 5)', '(10, 2)', '(9, 4)', '(8, 14)', '(10, 11)', '(11, 10)', '(2, 7)', '(2, 16)', '(15, 10)', '(7, 6)', '(18, 6)', '(12, 2)', '(6, 16)', '(12, 11)', '(4, 7)', '(4, 16)', '(17, 10)', '(19, 7)', '(10, 4)', '(9, 6)', '(30, 16)', '(19, 16)', '(8, 16)', '(10, 13)', '(13, 6)', '(15, 3)', '(15, 12)', '(6, 9)', '(7, 8)']",17183280314,0,17183280314
169,"(6, 1)","(7, 1)",West,"[('(7, 1)', 'East', 128), ('(5, 1)', 'West', 32)]","['(6, 1)', '(16, 2)', '(20, 10)', '(21, 12)', '(34, 14)', '(21, 7)', '(20, 4)', '(25, 14)']","['(5, 1)', '(16, 2)', '(20, 10)', '(21, 12)', '(34, 14)', '(21, 7)', '(20, 4)', '(25, 14)']","['(12, 4)', '(21, 16)', '(4, 9)', '(17, 12)', '(8, 9)', '(10, 6)', '(13, 8)', '(7, 1)', '(1, 15)', '(15, 14)', '(6, 11)', '(5, 3)', '(9, 1)', '(17, 14)', '(8, 11)', '(19, 11)', '(11, 7)', '(11, 16)', '(1, 8)', '(16, 6)', '(7, 3)', '(26, 16)', '(15, 16)', '(6, 13)', '(18, 12)', '(14, 8)', '(5, 5)', '(8, 4)', '(19, 4)', '(28, 16)', '(17, 16)', '(5, 14)', '(32, 16)', '(1, 10)', '(13, 12)', '(6, 6)', '(16, 8)', '(34, 16)', '(12, 13)', '(3, 10)', '(14, 10)', '(17, 9)', '(19, 6)', '(11, 2)', '(5, 16)', '(9, 14)', '(1, 3)', '(13, 5)', '(15, 2)', '(1, 12)', '(13, 14)', '(16, 10)', '(18, 16)', '(7, 16)', '(3, 3)', '(22, 16)', '(14, 12)', '(4, 11)', '(11, 4)', '(9, 16)', '(1, 5)', '(15, 4)', '(6, 1)', '(24, 16)', '(13, 16)', '(25, 15)', '(1, 14)', '(16, 12)', '(20, 12)', '(12, 8)', '(3, 5)', '(17, 4)', '(14, 14)', '(4, 13)', '(10, 1)', '(8, 13)', '(10, 10)', '(1, 7)', '(15, 6)', '(1, 16)', '(16, 14)', '(12, 10)', '(3, 7)', '(14, 16)', '(3, 16)', '(8, 6)', '(13, 2)', '(10, 12)', '(1, 9)', '(18, 4)', '(16, 16)', '(6, 8)', '(20, 7)', '(31, 16)', '(20, 16)', '(12, 12)', '(4, 8)', '(8, 8)', '(13, 4)', '(33, 16)', '(1, 11)', '(10, 14)', '(6, 10)', '(14, 2)', '(12, 14)', '(14, 11)', '(4, 10)', '(8, 1)', '(17, 13)', '(8, 10)', '(1, 4)', '(11, 6)', '(2, 3)', '(10, 16)', '(1, 13)', '(6, 3)', '(6, 12)', '(20, 11)', '(4, 3)', '(23, 16)', '(12, 16)', '(4, 12)', '(17, 6)', '(8, 3)', '(27, 16)', '(8, 12)', '(19, 12)', '(11, 8)', '(2, 5)', '(16, 4)', '(25, 16)', '(15, 8)', '(6, 5)', '(29, 16)', '(6, 14)', '(14, 6)', '(4, 5)', '(4, 14)', '(34, 15)', '(17, 8)', '(19, 5)', '(10, 2)', '(9, 4)', '(8, 14)', '(10, 11)', '(11, 10)', '(2, 7)', '(2, 16)', '(15, 10)', '(7, 6)', '(18, 6)', '(12, 2)', '(6, 16)', '(12, 11)', '(4, 7)', '(4, 16)', '(17, 10)', '(19, 7)', '(10, 4)', '(9, 6)', '(30, 16)', '(19, 16)', '(8, 16)', '(10, 13)', '(13, 6)', '(15, 3)', '(15, 12)', '(6, 9)', '(7, 8)']",17183280378,0,17183280378
170,"(5, 1)","(6, 1)",West,"[('(6, 1)', 'East', 64), ('(4, 1)', 'West', 16)]","['(5, 1)', '(16, 2)', '(20, 10)', '(21, 12)', '(34, 14)', '(21, 7)', '(20, 4)', '(25, 14)']","['(4, 1)', '(16, 2)', '(20, 10)', '(21, 12)', '(34, 14)', '(21, 7)', '(20, 4)', '(25, 14)']","['(12, 4)', '(21, 16)', '(4, 9)', '(5, 1)', '(17, 12)', '(8, 9)', '(10, 6)', '(13, 8)', '(7, 1)', '(1, 15)', '(15, 14)', '(6, 11)', '(5, 3)', '(9, 1)', '(17, 14)', '(8, 11)', '(19, 11)', '(11, 7)', '(11, 16)', '(1, 8)', '(16, 6)', '(7, 3)', '(26, 16)', '(15, 16)', '(6, 13)', '(18, 12)', '(14, 8)', '(5, 5)', '(8, 4)', '(19, 4)', '(28, 16)', '(17, 16)', '(5, 14)', '(32, 16)', '(1, 10)', '(13, 12)', '(6, 6)', '(16, 8)', '(34, 16)', '(12, 13)', '(3, 10)', '(14, 10)', '(17, 9)', '(19, 6)', '(11, 2)', '(5, 16)', '(9, 14)', '(1, 3)', '(13, 5)', '(15, 2)', '(1, 12)', '(13, 14)', '(16, 10)', '(18, 16)', '(7, 16)', '(3, 3)', '(22, 16)', '(14, 12)', '(4, 11)', '(11, 4)', '(9, 16)', '(1, 5)', '(15, 4)', '(6, 1)', '(24, 16)', '(13, 16)', '(25, 15)', '(1, 14)', '(16, 12)', '(20, 12)', '(12, 8)', '(3, 5)', '(17, 4)', '(14, 14)', '(4, 13)', '(10, 1)', '(8, 13)', '(10, 10)', '(1, 7)', '(15, 6)', '(1, 16)', '(16, 14)', '(12, 10)', '(3, 7)', '(14, 16)', '(3, 16)', '(8, 6)', '(13, 2)', '(10, 12)', '(1, 9)', '(18, 4)', '(16, 16)', '(6, 8)', '(20, 7)', '(31, 16)', '(20, 16)', '(12, 12)', '(4, 8)', '(8, 8)', '(13, 4)', '(33, 16)', '(1, 11)', '(10, 14)', '(6, 10)', '(14, 2)', '(12, 14)', '(14, 11)', '(4, 10)', '(8, 1)', '(17, 13)', '(8, 10)', '(1, 4)', '(11, 6)', '(2, 3)', '(10, 16)', '(1, 13)', '(6, 3)', '(6, 12)', '(20, 11)', '(4, 3)', '(23, 16)', '(12, 16)', '(4, 12)', '(17, 6)', '(8, 3)', '(27, 16)', '(8, 12)', '(19, 12)', '(11, 8)', '(2, 5)', '(16, 4)', '(25, 16)', '(15, 8)', '(6, 5)', '(29, 16)', '(6, 14)', '(14, 6)', '(4, 5)', '(4, 14)', '(34, 15)', '(17, 8)', '(19, 5)', '(10, 2)', '(9, 4)', '(8, 14)', '(10, 11)', '(11, 10)', '(2, 7)', '(2, 16)', '(15, 10)', '(7, 6)', '(18, 6)', '(12, 2)', '(6, 16)', '(12, 11)', '(4, 7)', '(4, 16)', '(17, 10)', '(19, 7)', '(10, 4)', '(9, 6)', '(30, 16)', '(19, 16)', '(8, 16)', '(10, 13)', '(13, 6)', '(15, 3)', '(15, 12)', '(6, 9)', '(7, 8)']",17183280410,0,17183280410
171,"(4, 1)","(5, 1)",West,"[('(5, 1)', 'East', 32), ('(3, 1)', 'West', 8)]","['(4, 1)', '(16, 2)', '(20, 10)', '(21, 12)', '(34, 14)', '(21, 7)', '(20, 4)', '(25, 14)']","['(3, 1)', '(16, 2)', '(20, 10)', '(21, 12)', '(34, 14)', '(21, 7)', '(20, 4)', '(25, 14)']","['(12, 4)', '(21, 16)', '(4, 9)', '(5, 1)', '(17, 12)', '(8, 9)', '(10, 6)', '(13, 8)', '(7, 1)', '(1, 15)', '(15, 14)', '(6, 11)', '(5, 3)', '(9, 1)', '(17, 14)', '(8, 11)', '(19, 11)', '(11, 7)', '(11, 16)', '(1, 8)', '(16, 6)', '(7, 3)', '(26, 16)', '(15, 16)', '(6, 13)', '(18, 12)', '(14, 8)', '(5, 5)', '(8, 4)', '(19, 4)', '(28, 16)', '(17, 16)', '(5, 14)', '(32, 16)', '(1, 10)', '(13, 12)', '(6, 6)', '(16, 8)', '(34, 16)', '(12, 13)', '(3, 10)', '(14, 10)', '(17, 9)', '(19, 6)', '(11, 2)', '(5, 16)', '(9, 14)', '(1, 3)', '(13, 5)', '(15, 2)', '(1, 12)', '(13, 14)', '(16, 10)', '(18, 16)', '(7, 16)', '(3, 3)', '(22, 16)', '(14, 12)', '(4, 11)', '(11, 4)', '(9, 16)', '(1, 5)', '(15, 4)', '(6, 1)', '(24, 16)', '(13, 16)', '(25, 15)', '(1, 14)', '(16, 12)', '(20, 12)', '(12, 8)', '(3, 5)', '(17, 4)', '(14, 14)', '(4, 13)', '(10, 1)', '(8, 13)', '(10, 10)', '(1, 7)', '(15, 6)', '(1, 16)', '(16, 14)', '(12, 10)', '(3, 7)', '(14, 16)', '(3, 16)', '(8, 6)', '(13, 2)', '(10, 12)', '(1, 9)', '(18, 4)', '(16, 16)', '(6, 8)', '(20, 7)', '(31, 16)', '(20, 16)', '(12, 12)', '(4, 8)', '(8, 8)', '(13, 4)', '(33, 16)', '(1, 11)', '(10, 14)', '(6, 10)', '(14, 2)', '(4, 1)', '(12, 14)', '(14, 11)', '(4, 10)', '(8, 1)', '(17, 13)', '(8, 10)', '(1, 4)', '(11, 6)', '(2, 3)', '(10, 16)', '(1, 13)', '(6, 3)', '(6, 12)', '(20, 11)', '(4, 3)', '(23, 16)', '(12, 16)', '(4, 12)', '(17, 6)', '(8, 3)', '(27, 16)', '(8, 12)', '(19, 12)', '(11, 8)', '(2, 5)', '(16, 4)', '(25, 16)', '(15, 8)', '(6, 5)', '(29, 16)', '(6, 14)', '(14, 6)', '(4, 5)', '(4, 14)', '(34, 15)', '(17, 8)', '(19, 5)', '(10, 2)', '(9, 4)', '(8, 14)', '(10, 11)', '(11, 10)', '(2, 7)', '(2, 16)', '(15, 10)', '(7, 6)', '(18, 6)', '(12, 2)', '(6, 16)', '(12, 11)', '(4, 7)', '(4, 16)', '(17, 10)', '(19, 7)', '(10, 4)', '(9, 6)', '(30, 16)', '(19, 16)', '(8, 16)', '(10, 13)', '(13, 6)', '(15, 3)', '(15, 12)', '(6, 9)', '(7, 8)']",17183280426,0,17183280426
172,"(3, 1)","(4, 1)",West,"[('(4, 1)', 'East', 16), ('(2, 1)', 'West', 4)]","['(3, 1)', '(16, 2)', '(20, 10)', '(21, 12)', '(34, 14)', '(21, 7)', '(20, 4)', '(25, 14)']","['(2, 1)', '(16, 2)', '(20, 10)', '(21, 12)', '(34, 14)', '(21, 7)', '(20, 4)', '(25, 14)']","['(12, 4)', '(21, 16)', '(4, 9)', '(5, 1)', '(17, 12)', '(8, 9)', '(10, 6)', '(13, 8)', '(7, 1)', '(1, 15)', '(15, 14)', '(6, 11)', '(5, 3)', '(9, 1)', '(17, 14)', '(8, 11)', '(19, 11)', '(11, 7)', '(11, 16)', '(1, 8)', '(16, 6)', '(7, 3)', '(26, 16)', '(15, 16)', '(6, 13)', '(18, 12)', '(14, 8)', '(5, 5)', '(8, 4)', '(19, 4)', '(28, 16)', '(17, 16)', '(5, 14)', '(32, 16)', '(1, 10)', '(13, 12)', '(6, 6)', '(16, 8)', '(3, 1)', '(34, 16)', '(12, 13)', '(3, 10)', '(14, 10)', '(17, 9)', '(19, 6)', '(11, 2)', '(5, 16)', '(9, 14)', '(1, 3)', '(13, 5)', '(15, 2)', '(1, 12)', '(13, 14)', '(16, 10)', '(18, 16)', '(7, 16)', '(3, 3)', '(22, 16)', '(14, 12)', '(4, 11)', '(11, 4)', '(9, 16)', '(1, 5)', '(15, 4)', '(6, 1)', '(24, 16)', '(13, 16)', '(25, 15)', '(1, 14)', '(16, 12)', '(20, 12)', '(12, 8)', '(3, 5)', '(17, 4)', '(14, 14)', '(4, 13)', '(10, 1)', '(8, 13)', '(10, 10)', '(1, 7)', '(15, 6)', '(1, 16)', '(16, 14)', '(12, 10)', '(3, 7)', '(14, 16)', '(3, 16)', '(8, 6)', '(13, 2)', '(10, 12)', '(1, 9)', '(18, 4)', '(16, 16)', '(6, 8)', '(20, 7)', '(31, 16)', '(20, 16)', '(12, 12)', '(4, 8)', '(8, 8)', '(13, 4)', '(33, 16)', '(1, 11)', '(10, 14)', '(6, 10)', '(14, 2)', '(4, 1)', '(12, 14)', '(14, 11)', '(4, 10)', '(8, 1)', '(17, 13)', '(8, 10)', '(1, 4)', '(11, 6)', '(2, 3)', '(10, 16)', '(1, 13)', '(6, 3)', '(6, 12)', '(20, 11)', '(4, 3)', '(23, 16)', '(12, 16)', '(4, 12)', '(17, 6)', '(8, 3)', '(27, 16)', '(8, 12)', '(19, 12)', '(11, 8)', '(2, 5)', '(16, 4)', '(25, 16)', '(15, 8)', '(6, 5)', '(29, 16)', '(6, 14)', '(14, 6)', '(4, 5)', '(4, 14)', '(34, 15)', '(17, 8)', '(19, 5)', '(10, 2)', '(9, 4)', '(8, 14)', '(10, 11)', '(11, 10)', '(2, 7)', '(2, 16)', '(15, 10)', '(7, 6)', '(18, 6)', '(12, 2)', '(6, 16)', '(12, 11)', '(4, 7)', '(4, 16)', '(17, 10)', '(19, 7)', '(10, 4)', '(9, 6)', '(30, 16)', '(19, 16)', '(8, 16)', '(10, 13)', '(13, 6)', '(15, 3)', '(15, 12)', '(6, 9)', '(7, 8)']",17183280434,0,17183280434
173,"(2, 1)","(3, 1)",West,"[('(3, 1)', 'East', 8), ('(1, 1)', 'West', 2)]","['(2, 1)', '(16, 2)', '(20, 10)', '(21, 12)', '(34, 14)', '(21, 7)', '(20, 4)', '(25, 14)']","['(1, 1)', '(16, 2)', '(20, 10)', '(21, 12)', '(34, 14)', '(21, 7)', '(20, 4)', '(25, 14)']","['(12, 4)', '(21, 16)', '(4, 9)', '(5, 1)', '(17, 12)', '(8, 9)', '(10, 6)', '(13, 8)', '(7, 1)', '(1, 15)', '(15, 14)', '(6, 11)', '(5, 3)', '(9, 1)', '(17, 14)', '(8, 11)', '(19, 11)', '(11, 7)', '(11, 16)', '(1, 8)', '(16, 6)', '(7, 3)', '(26, 16)', '(15, 16)', '(6, 13)', '(18, 12)', '(14, 8)', '(5, 5)', '(8, 4)', '(19, 4)', '(28, 16)', '(17, 16)', '(5, 14)', '(32, 16)', '(1, 10)', '(13, 12)', '(6, 6)', '(16, 8)', '(3, 1)', '(34, 16)', '(12, 13)', '(3, 10)', '(14, 10)', '(17, 9)', '(19, 6)', '(11, 2)', '(5, 16)', '(9, 14)', '(1, 3)', '(13, 5)', '(15, 2)', '(1, 12)', '(13, 14)', '(16, 10)', '(18, 16)', '(7, 16)', '(3, 3)', '(22, 16)', '(14, 12)', '(4, 11)', '(11, 4)', '(9, 16)', '(1, 5)', '(15, 4)', '(6, 1)', '(24, 16)', '(13, 16)', '(25, 15)', '(1, 14)', '(16, 12)', '(20, 12)', '(12, 8)', '(3, 5)', '(17, 4)', '(14, 14)', '(4, 13)', '(10, 1)', '(8, 13)', '(10, 10)', '(1, 7)', '(15, 6)', '(1, 16)', '(16, 14)', '(12, 10)', '(3, 7)', '(14, 16)', '(3, 16)', '(8, 6)', '(13, 2)', '(10, 12)', '(1, 9)', '(18, 4)', '(16, 16)', '(6, 8)', '(20, 7)', '(31, 16)', '(20, 16)', '(12, 12)', '(4, 8)', '(8, 8)', '(13, 4)', '(2, 1)', '(33, 16)', '(1, 11)', '(10, 14)', '(6, 10)', '(14, 2)', '(4, 1)', '(12, 14)', '(14, 11)', '(4, 10)', '(8, 1)', '(17, 13)', '(8, 10)', '(1, 4)', '(11, 6)', '(2, 3)', '(10, 16)', '(1, 13)', '(6, 3)', '(6, 12)', '(20, 11)', '(4, 3)', '(23, 16)', '(12, 16)', '(4, 12)', '(17, 6)', '(8, 3)', '(27, 16)', '(8, 12)', '(19, 12)', '(11, 8)', '(2, 5)', '(16, 4)', '(25, 16)', '(15, 8)', '(6, 5)', '(29, 16)', '(6, 14)', '(14, 6)', '(4, 5)', '(4, 14)', '(34, 15)', '(17, 8)', '(19, 5)', '(10, 2)', '(9, 4)', '(8, 14)', '(10, 11)', '(11, 10)', '(2, 7)', '(2, 16)', '(15, 10)', '(7, 6)', '(18, 6)', '(12, 2)', '(6, 16)', '(12, 11)', '(4, 7)', '(4, 16)', '(17, 10)', '(19, 7)', '(10, 4)', '(9, 6)', '(30, 16)', '(19, 16)', '(8, 16)', '(10, 13)', '(13, 6)', '(15, 3)', '(15, 12)', '(6, 9)', '(7, 8)']",17183280438,0,17183280438
174,"(1, 1)","(2, 1)",West,[],"['(1, 1)', '(16, 2)', '(20, 10)', '(21, 12)', '(34, 14)', '(21, 7)', '(20, 4)', '(25, 14)']","['(16, 2)', '(21, 12)', '(20, 10)', '(25, 14)', '(34, 14)', '(21, 7)', '(20, 4)']","['(12, 4)', '(21, 16)', '(4, 9)', '(5, 1)', '(17, 12)', '(8, 9)', '(10, 6)', '(13, 8)', '(7, 1)', '(1, 15)', '(15, 14)', '(6, 11)', '(5, 3)', '(9, 1)', '(17, 14)', '(8, 11)', '(19, 11)', '(11, 7)', '(11, 16)', '(1, 8)', '(16, 6)', '(7, 3)', '(26, 16)', '(15, 16)', '(6, 13)', '(18, 12)', '(14, 8)', '(5, 5)', '(8, 4)', '(19, 4)', '(28, 16)', '(17, 16)', '(5, 14)', '(32, 16)', '(1, 10)', '(13, 12)', '(6, 6)', '(16, 8)', '(3, 1)', '(34, 16)', '(12, 13)', '(3, 10)', '(14, 10)', '(17, 9)', '(19, 6)', '(11, 2)', '(5, 16)', '(9, 14)', '(1, 3)', '(13, 5)', '(15, 2)', '(1, 12)', '(13, 14)', '(16, 10)', '(18, 16)', '(7, 16)', '(3, 3)', '(22, 16)', '(14, 12)', '(4, 11)', '(11, 4)', '(9, 16)', '(1, 5)', '(15, 4)', '(6, 1)', '(24, 16)', '(13, 16)', '(25, 15)', '(1, 14)', '(16, 12)', '(20, 12)', '(12, 8)', '(3, 5)', '(17, 4)', '(14, 14)', '(4, 13)', '(10, 1)', '(8, 13)', '(10, 10)', '(1, 7)', '(15, 6)', '(1, 16)', '(16, 14)', '(12, 10)', '(3, 7)', '(14, 16)', '(3, 16)', '(8, 6)', '(13, 2)', '(10, 12)', '(1, 9)', '(18, 4)', '(16, 16)', '(6, 8)', '(20, 7)', '(31, 16)', '(20, 16)', '(12, 12)', '(4, 8)', '(8, 8)', '(13, 4)', '(2, 1)', '(33, 16)', '(1, 11)', '(10, 14)', '(6, 10)', '(14, 2)', '(4, 1)', '(12, 14)', '(14, 11)', '(4, 10)', '(8, 1)', '(17, 13)', '(8, 10)', '(1, 4)', '(11, 6)', '(2, 3)', '(10, 16)', '(1, 13)', '(6, 3)', '(6, 12)', '(20, 11)', '(4, 3)', '(23, 16)', '(12, 16)', '(4, 12)', '(17, 6)', '(8, 3)', '(27, 16)', '(8, 12)', '(19, 12)', '(11, 8)', '(2, 5)', '(16, 4)', '(25, 16)', '(15, 8)', '(6, 5)', '(29, 16)', '(6, 14)', '(14, 6)', '(4, 5)', '(4, 14)', '(34, 15)', '(17, 8)', '(19, 5)', '(10, 2)', '(9, 4)', '(8, 14)', '(10, 11)', '(11, 10)', '(2, 7)', '(2, 16)', '(15, 10)', '(7, 6)', '(18, 6)', '(12, 2)', '(6, 16)', '(12, 11)', '(4, 7)', '(4, 16)', '(17, 10)', '(19, 7)', '(10, 4)', '(9, 6)', '(30, 16)', '(19, 16)', '(8, 16)', '(10, 13)', '(13, 6)', '(15, 3)', '(15, 12)', '(6, 9)', '(7, 8)']",17183280440,0,17183280440
=======
1,"(10, 7)",START,None,"[('(11, 7)', 'East', 1), ('(9, 7)', 'West', 1)]","['(10, 7)']","['(11, 7)', '(9, 7)']","['(10, 7)']",0,0,0
2,"(11, 7)","(10, 7)",East,"[('(11, 6)', 'South', 1), ('(10, 7)', 'West', 1)]","['(11, 7)', '(9, 7)']","['(9, 7)', '(11, 6)']","['(11, 7)', '(10, 7)']",1,0,1
3,"(9, 7)","(10, 7)",West,"[('(10, 7)', 'East', 1), ('(8, 7)', 'West', 1)]","['(9, 7)', '(11, 6)']","['(11, 6)', '(8, 7)']","['(11, 7)', '(9, 7)', '(10, 7)']",1,0,1
4,"(11, 6)","(11, 7)",South,"[('(11, 7)', 'North', 1), ('(11, 5)', 'South', 1)]","['(11, 6)', '(8, 7)']","['(8, 7)', '(11, 5)']","['(11, 7)', '(9, 7)', '(10, 7)', '(11, 6)']",2,0,2
5,"(8, 7)","(9, 7)",West,"[('(9, 7)', 'East', 1), ('(7, 7)', 'West', 1)]","['(8, 7)', '(11, 5)']","['(11, 5)', '(7, 7)']","['(11, 7)', '(8, 7)', '(10, 7)', '(11, 6)', '(9, 7)']",2,0,2
6,"(11, 5)","(11, 6)",South,"[('(11, 6)', 'North', 1), ('(11, 4)', 'South', 1)]","['(11, 5)', '(7, 7)']","['(7, 7)', '(11, 4)']","['(11, 7)', '(8, 7)', '(10, 7)', '(11, 6)', '(11, 5)', '(9, 7)']",3,0,3
7,"(7, 7)","(8, 7)",West,"[('(7, 8)', 'North', 1), ('(8, 7)', 'East', 1)]","['(7, 7)', '(11, 4)']","['(11, 4)', '(7, 8)']","['(11, 7)', '(7, 7)', '(8, 7)', '(10, 7)', '(11, 6)', '(11, 5)', '(9, 7)']",3,0,3
8,"(11, 4)","(11, 5)",South,"[('(11, 5)', 'North', 1), ('(11, 3)', 'South', 1)]","['(11, 4)', '(7, 8)']","['(7, 8)', '(11, 3)']","['(11, 7)', '(7, 7)', '(8, 7)', '(10, 7)', '(11, 6)', '(11, 5)', '(9, 7)', '(11, 4)']",4,0,4
9,"(7, 8)","(7, 7)",North,"[('(7, 9)', 'North', 1), ('(7, 7)', 'South', 1)]","['(7, 8)', '(11, 3)']","['(11, 3)', '(7, 9)']","['(11, 7)', '(7, 7)', '(8, 7)', '(10, 7)', '(11, 6)', '(11, 5)', '(9, 7)', '(11, 4)', '(7, 8)']",4,0,4
10,"(11, 3)","(11, 4)",South,"[('(11, 4)', 'North', 1), ('(11, 2)', 'South', 1)]","['(11, 3)', '(7, 9)']","['(7, 9)', '(11, 2)']","['(11, 7)', '(7, 7)', '(8, 7)', '(11, 3)', '(10, 7)', '(11, 6)', '(11, 5)', '(9, 7)', '(11, 4)', '(7, 8)']",5,0,5
11,"(7, 9)","(7, 8)",North,"[('(7, 8)', 'South', 1), ('(6, 9)', 'West', 1)]","['(7, 9)', '(11, 2)']","['(11, 2)', '(6, 9)']","['(11, 7)', '(7, 7)', '(8, 7)', '(11, 3)', '(10, 7)', '(11, 6)', '(7, 9)', '(11, 5)', '(9, 7)', '(11, 4)', '(7, 8)']",5,0,5
12,"(11, 2)","(11, 3)",South,"[('(11, 3)', 'North', 1), ('(11, 1)', 'South', 1)]","['(11, 2)', '(6, 9)']","['(6, 9)', '(11, 1)']","['(11, 7)', '(7, 7)', '(8, 7)', '(11, 3)', '(10, 7)', '(11, 6)', '(7, 9)', '(11, 2)', '(11, 5)', '(9, 7)', '(11, 4)', '(7, 8)']",6,0,6
13,"(6, 9)","(7, 9)",West,"[('(7, 9)', 'East', 1), ('(5, 9)', 'West', 1)]","['(6, 9)', '(11, 1)']","['(11, 1)', '(5, 9)']","['(11, 7)', '(7, 7)', '(6, 9)', '(8, 7)', '(11, 3)', '(10, 7)', '(11, 6)', '(7, 9)', '(11, 2)', '(11, 5)', '(9, 7)', '(11, 4)', '(7, 8)']",6,0,6
14,"(11, 1)","(11, 2)",South,"[('(11, 2)', 'North', 1), ('(10, 1)', 'West', 1)]","['(11, 1)', '(5, 9)']","['(5, 9)', '(10, 1)']","['(11, 1)', '(11, 7)', '(7, 7)', '(6, 9)', '(8, 7)', '(11, 3)', '(10, 7)', '(11, 6)', '(7, 9)', '(11, 2)', '(11, 5)', '(9, 7)', '(11, 4)', '(7, 8)']",7,0,7
15,"(5, 9)","(6, 9)",West,"[('(6, 9)', 'East', 1), ('(4, 9)', 'West', 1)]","['(5, 9)', '(10, 1)']","['(10, 1)', '(4, 9)']","['(11, 1)', '(11, 7)', '(7, 7)', '(6, 9)', '(8, 7)', '(11, 3)', '(10, 7)', '(11, 6)', '(7, 9)', '(11, 2)', '(11, 5)', '(5, 9)', '(9, 7)', '(11, 4)', '(7, 8)']",7,0,7
16,"(10, 1)","(11, 1)",West,"[('(11, 1)', 'East', 1), ('(9, 1)', 'West', 1)]","['(10, 1)', '(4, 9)']","['(4, 9)', '(9, 1)']","['(11, 1)', '(11, 7)', '(7, 7)', '(6, 9)', '(8, 7)', '(11, 3)', '(10, 1)', '(10, 7)', '(11, 6)', '(7, 9)', '(11, 2)', '(11, 5)', '(5, 9)', '(9, 7)', '(11, 4)', '(7, 8)']",8,0,8
17,"(4, 9)","(5, 9)",West,"[('(4, 10)', 'North', 1), ('(5, 9)', 'East', 1)]","['(4, 9)', '(9, 1)']","['(9, 1)', '(4, 10)']","['(11, 1)', '(11, 7)', '(7, 7)', '(6, 9)', '(8, 7)', '(4, 9)', '(11, 3)', '(10, 1)', '(10, 7)', '(11, 6)', '(7, 9)', '(11, 2)', '(11, 5)', '(5, 9)', '(9, 7)', '(11, 4)', '(7, 8)']",8,0,8
18,"(9, 1)","(10, 1)",West,"[('(10, 1)', 'East', 1), ('(8, 1)', 'West', 1)]","['(9, 1)', '(4, 10)']","['(4, 10)', '(8, 1)']","['(11, 1)', '(11, 7)', '(7, 7)', '(6, 9)', '(8, 7)', '(4, 9)', '(11, 3)', '(10, 1)', '(10, 7)', '(11, 6)', '(7, 9)', '(11, 2)', '(11, 5)', '(5, 9)', '(9, 1)', '(9, 7)', '(11, 4)', '(7, 8)']",9,0,9
19,"(4, 10)","(4, 9)",North,"[('(4, 9)', 'South', 1)]","['(4, 10)', '(8, 1)']","['(8, 1)']","['(4, 9)', '(11, 2)', '(11, 5)', '(7, 7)', '(5, 9)', '(9, 1)', '(9, 7)', '(11, 4)', '(11, 1)', '(11, 7)', '(7, 9)', '(4, 10)', '(8, 7)', '(11, 3)', '(10, 1)', '(10, 7)', '(11, 6)', '(6, 9)', '(7, 8)']",9,0,9
20,"(8, 1)","(9, 1)",West,"[('(8, 2)', 'North', 1), ('(9, 1)', 'East', 1), ('(7, 1)', 'West', 1)]","['(8, 1)']","['(8, 2)', '(7, 1)']","['(4, 9)', '(11, 2)', '(11, 5)', '(7, 7)', '(5, 9)', '(9, 1)', '(9, 7)', '(11, 4)', '(11, 1)', '(11, 7)', '(7, 9)', '(4, 10)', '(8, 1)', '(8, 7)', '(11, 3)', '(10, 1)', '(10, 7)', '(11, 6)', '(6, 9)', '(7, 8)']",10,0,10
21,"(8, 2)","(8, 1)",North,"[('(8, 3)', 'North', 1), ('(8, 1)', 'South', 1)]","['(8, 2)', '(7, 1)']","['(7, 1)', '(8, 3)']","['(4, 9)', '(11, 2)', '(11, 5)', '(7, 7)', '(5, 9)', '(8, 2)', '(9, 1)', '(9, 7)', '(11, 4)', '(11, 1)', '(11, 7)', '(7, 9)', '(4, 10)', '(8, 1)', '(8, 7)', '(11, 3)', '(10, 1)', '(10, 7)', '(11, 6)', '(6, 9)', '(7, 8)']",11,0,11
22,"(7, 1)","(8, 1)",West,"[('(8, 1)', 'East', 1), ('(6, 1)', 'West', 1)]","['(7, 1)', '(8, 3)']","['(8, 3)', '(6, 1)']","['(4, 9)', '(11, 2)', '(11, 5)', '(7, 1)', '(7, 7)', '(5, 9)', '(8, 2)', '(9, 1)', '(9, 7)', '(11, 4)', '(11, 1)', '(11, 7)', '(7, 9)', '(4, 10)', '(8, 1)', '(8, 7)', '(11, 3)', '(10, 1)', '(10, 7)', '(11, 6)', '(6, 9)', '(7, 8)']",11,0,11
23,"(8, 3)","(8, 2)",North,"[('(8, 2)', 'South', 1)]","['(8, 3)', '(6, 1)']","['(6, 1)']","['(4, 9)', '(11, 2)', '(8, 3)', '(11, 5)', '(7, 1)', '(7, 7)', '(5, 9)', '(8, 2)', '(9, 1)', '(9, 7)', '(11, 4)', '(11, 1)', '(11, 7)', '(7, 9)', '(4, 10)', '(8, 1)', '(8, 7)', '(11, 3)', '(10, 1)', '(10, 7)', '(11, 6)', '(6, 9)', '(7, 8)']",12,0,12
24,"(6, 1)","(7, 1)",West,"[('(7, 1)', 'East', 1), ('(5, 1)', 'West', 1)]","['(6, 1)']","['(5, 1)']","['(4, 9)', '(11, 2)', '(8, 3)', '(11, 5)', '(7, 1)', '(7, 7)', '(5, 9)', '(8, 2)', '(9, 1)', '(9, 7)', '(11, 4)', '(11, 1)', '(11, 7)', '(6, 1)', '(7, 9)', '(4, 10)', '(8, 1)', '(8, 7)', '(11, 3)', '(10, 1)', '(10, 7)', '(11, 6)', '(6, 9)', '(7, 8)']",12,0,12
25,"(5, 1)","(6, 1)",West,"[('(6, 1)', 'East', 1), ('(4, 1)', 'West', 1)]","['(5, 1)']","['(4, 1)']","['(4, 9)', '(5, 1)', '(11, 2)', '(8, 3)', '(11, 5)', '(7, 1)', '(7, 7)', '(5, 9)', '(8, 2)', '(9, 1)', '(9, 7)', '(11, 4)', '(11, 1)', '(11, 7)', '(6, 1)', '(7, 9)', '(4, 10)', '(8, 1)', '(8, 7)', '(11, 3)', '(10, 1)', '(10, 7)', '(11, 6)', '(6, 9)', '(7, 8)']",13,0,13
26,"(4, 1)","(5, 1)",West,"[('(5, 1)', 'East', 1), ('(3, 1)', 'West', 1)]","['(4, 1)']","['(3, 1)']","['(4, 9)', '(5, 1)', '(11, 2)', '(8, 3)', '(11, 5)', '(7, 1)', '(7, 7)', '(5, 9)', '(8, 2)', '(9, 1)', '(9, 7)', '(11, 4)', '(11, 1)', '(11, 7)', '(6, 1)', '(7, 9)', '(4, 1)', '(4, 10)', '(8, 1)', '(8, 7)', '(11, 3)', '(10, 1)', '(10, 7)', '(11, 6)', '(6, 9)', '(7, 8)']",14,0,14
27,"(3, 1)","(4, 1)",West,"[('(4, 1)', 'East', 1), ('(2, 1)', 'West', 1)]","['(3, 1)']","['(2, 1)']","['(4, 9)', '(3, 1)', '(5, 1)', '(11, 2)', '(8, 3)', '(11, 5)', '(7, 1)', '(7, 7)', '(5, 9)', '(8, 2)', '(9, 1)', '(9, 7)', '(11, 4)', '(11, 1)', '(11, 7)', '(6, 1)', '(7, 9)', '(4, 1)', '(4, 10)', '(8, 1)', '(8, 7)', '(11, 3)', '(10, 1)', '(10, 7)', '(11, 6)', '(6, 9)', '(7, 8)']",15,0,15
28,"(2, 1)","(3, 1)",West,"[('(3, 1)', 'East', 1), ('(1, 1)', 'West', 1)]","['(2, 1)']","['(1, 1)']","['(4, 9)', '(3, 1)', '(5, 1)', '(11, 2)', '(8, 3)', '(11, 5)', '(7, 1)', '(7, 7)', '(5, 9)', '(8, 2)', '(9, 1)', '(9, 7)', '(11, 4)', '(11, 1)', '(11, 7)', '(2, 1)', '(6, 1)', '(7, 9)', '(4, 1)', '(4, 10)', '(8, 1)', '(8, 7)', '(11, 3)', '(10, 1)', '(10, 7)', '(11, 6)', '(6, 9)', '(7, 8)']",16,0,16
29,"(1, 1)","(2, 1)",West,[],"['(1, 1)']",[],"['(4, 9)', '(3, 1)', '(5, 1)', '(11, 2)', '(8, 3)', '(11, 5)', '(7, 1)', '(7, 7)', '(5, 9)', '(8, 2)', '(9, 1)', '(9, 7)', '(11, 4)', '(11, 1)', '(11, 7)', '(2, 1)', '(6, 1)', '(7, 9)', '(4, 1)', '(4, 10)', '(8, 1)', '(8, 7)', '(11, 3)', '(10, 1)', '(10, 7)', '(11, 6)', '(6, 9)', '(7, 8)']",17,0,17
>>>>>>> main
